ID,Plant ID,image_path,capture_date,No of days until bloom
25_707_1,25,data/raw/20260731/20260731_1705_image144_bdw.jpg,20260731,0
52_1115_8,52,data/raw/20260804/20260804_1716_image272_sdw.jpg,20260804,10
34_294_7,34,data/raw/20260727/20260727_1710_image51_rot60.jpg,20260727,17
38_715_5,38,data/raw/20260731/20260731_1706_image152_rot30.jpg,20260731,11
28_776_0,28,data/raw/20260731/20260731_1712_image213.jpg,20260731,11
2_96_4,2,data/raw/20260720/20260720_1504_image8_cup.jpg,20260720,9
3_28_7,3,data/raw/20260715/20260715_1554_image2_rot60.jpg,20260715,0
17_120_5,17,data/raw/20260722/20260722_1700_image24_rot30.jpg,20260722,17
43_817_9,43,data/raw/20260731/20260731_1716_image255_sup.jpg,20260731,0
22_859_3,22,data/raw/20260804/20260804_1652_image16_cdw.jpg,20260804,9
33_572_4,33,data/raw/20260731/20260731_1653_image9_cup.jpg,20260731,8
8_64_2,8,data/raw/20260715/20260715_1557_image43_bup.jpg,20260715,0
1_13_6,1,data/raw/20260712/20260712_0855_image9_rot45.jpg,20260712,3
24_685_0,24,data/raw/20260731/20260731_1702_image122.jpg,20260731,0
2_557_6,2,data/raw/20260729/20260729_1700_image24_rot45.jpg,20260729,0
20_682_8,20,data/raw/20260731/20260731_1701_image119_sdw.jpg,20260731,7
1_1_9,1,data/raw/20260712/20260712_0854_image1_sup.jpg,20260712,3
28_783_3,28,data/raw/20260731/20260731_1713_image220_cdw.jpg,20260731,11
50_1037_5,50,data/raw/20260804/20260804_1710_image194_rot30.jpg,20260804,15
27_196_8,27,data/raw/20260722/20260722_1803_image101_sdw.jpg,20260722,0
13_109_8,13,data/raw/20260722/20260722_1658_image14_sdw.jpg,20260722,8
11_84_2,11,data/raw/20260715/20260715_1600_image63_bup.jpg,20260715,4
14_213_3,14,data/raw/20260722/20260722_1808_image117_cdw.jpg,20260722,9
38_1126_5,38,data/raw/20260804/20260804_1716_image283_rot30.jpg,20260804,7
19_582_8,19,data/raw/20260731/20260731_1654_image19_sdw.jpg,20260731,0
39_1160_3,39,data/raw/20260804/20260804_1719_image317_cdw.jpg,20260804,0
13_113_0,13,data/raw/20260722/20260722_1658_image9.jpg,20260722,8
50_1039_2,50,data/raw/20260804/20260804_1711_image196_bup.jpg,20260804,15
26_193_2,26,data/raw/20260722/20260722_1802_image97_bup.jpg,20260722,5
18_132_8,18,data/raw/20260722/20260722_1742_image36_sdw.jpg,20260722,5
39_1162_4,39,data/raw/20260804/20260804_1719_image319_cup.jpg,20260804,0
39_449_6,39,data/raw/20260727/20260727_1730_image206_rot45.jpg,20260727,4
25_708_3,25,data/raw/20260731/20260731_1705_image145_cdw.jpg,20260731,0
2_239_2,2,data/raw/20260726/20260726_1336_image5_bup.jpg,20260726,3
22_613_0,22,data/raw/20260731/20260731_1656_image50.jpg,20260731,13
2_256_0,2,data/raw/20260727/20260727_1556_image12.jpg,20260727,2
25_714_9,25,data/raw/20260731/20260731_1706_image151_sup.jpg,20260731,0
1_12_8,1,data/raw/20260712/20260712_0855_image8_sdw.jpg,20260712,3
28_1062_5,28,data/raw/20260804/20260804_1712_image219_rot30.jpg,20260804,7
44_516_1,44,data/raw/20260727/20260727_1737_image273_bdw.jpg,20260727,15
14_437_4,14,data/raw/20260727/20260727_1726_image194_cup.jpg,20260727,4
10_79_3,10,data/raw/20260715/20260715_1600_image58_cdw.jpg,20260715,5
50_1028_9,50,data/raw/20260804/20260804_1710_image185_sup.jpg,20260804,15
2_236_0,2,data/raw/20260726/20260726_1336_image2.jpg,20260726,3
29_1066_4,29,data/raw/20260804/20260804_1712_image223_cup.jpg,20260804,0
42_832_7,42,data/raw/20260731/20260731_1717_image270_rot60.jpg,20260731,5
9_70_8,9,data/raw/20260715/20260715_1557_image49_sdw.jpg,20260715,16
26_189_7,26,data/raw/20260722/20260722_1802_image93_rot60.jpg,20260722,5
1_1_5,1,data/raw/20260712/20260712_0854_image1_rot30.jpg,20260712,3
42_838_0,42,data/raw/20260731/20260731_1718_image276.jpg,20260731,5
26_191_2,26,data/raw/20260722/20260722_1802_image95_bup.jpg,20260722,5
22_611_9,22,data/raw/20260731/20260731_1656_image48_sup.jpg,20260731,13
49_982_6,49,data/raw/20260804/20260804_1703_image139_rot45.jpg,20260804,17
53_1196_0,53,data/raw/20260804/20260804_1722_image353.jpg,20260804,4
42_488_6,42,data/raw/20260727/20260727_1736_image245_rot45.jpg,20260727,9
2_229_7,2,data/raw/20260725/20260725_1759_image1_rot60.jpg,20260725,4
9_658_3,9,data/raw/20260731/20260731_1700_image95_cdw.jpg,20260731,0
2_17_6,2,data/raw/20260714/20260714_1017_image4_rot45.jpg,20260714,15
10_79_6,10,data/raw/20260715/20260715_1600_image58_rot45.jpg,20260715,5
20_335_7,20,data/raw/20260727/20260727_1712_image92_rot60.jpg,20260727,11
14_438_3,14,data/raw/20260727/20260727_1727_image195_cdw.jpg,20260727,4
4_24_4,4,data/raw/20260715/20260715_1554_image11_cup.jpg,20260715,9
25_1144_4,25,data/raw/20260804/20260804_1717_image301_cup.jpg,20260804,0
37_631_3,37,data/raw/20260731/20260731_1658_image68_cdw.jpg,20260731,4
20_167_7,20,data/raw/20260722/20260722_1744_image71_rot60.jpg,20260722,16
37_370_0,37,data/raw/20260727/20260727_1717_image127.jpg,20260727,8
22_863_8,22,data/raw/20260804/20260804_1653_image20_sdw.jpg,20260804,9
5_38_2,5,data/raw/20260715/20260715_1555_image17_bup.jpg,20260715,12
14_212_5,14,data/raw/20260722/20260722_1808_image116_rot30.jpg,20260722,9
39_476_0,39,data/raw/20260727/20260727_1733_image233.jpg,20260727,4
34_603_6,34,data/raw/20260731/20260731_1655_image40_rot45.jpg,20260731,13
22_615_4,22,data/raw/20260731/20260731_1656_image52_cup.jpg,20260731,13
22_373_4,22,data/raw/20260727/20260727_1718_image130_cup.jpg,20260727,17
28_200_0,28,data/raw/20260722/20260722_1803_image105.jpg,20260722,20
9_650_6,9,data/raw/20260731/20260731_1659_image87_rot45.jpg,20260731,0
36_357_8,36,data/raw/20260727/20260727_1716_image114_sdw.jpg,20260727,4
2_94_4,2,data/raw/20260720/20260720_1503_image6_cup.jpg,20260720,9
19_303_1,19,data/raw/20260727/20260727_1710_image60_bdw.jpg,20260727,4
40_470_3,40,data/raw/20260727/20260727_1731_image227_cdw.jpg,20260727,6
24_342_7,24,data/raw/20260727/20260727_1713_image99_rot60.jpg,20260727,3
2_536_0,2,data/raw/20260729/20260729_1659_image3.jpg,20260729,0
14_436_6,14,data/raw/20260727/20260727_1726_image193_rot45.jpg,20260727,4
14_433_2,14,data/raw/20260727/20260727_1726_image190_bup.jpg,20260727,4
44_522_3,44,data/raw/20260727/20260727_1738_image279_cdw.jpg,20260727,15
25_714_6,25,data/raw/20260731/20260731_1706_image151_rot45.jpg,20260731,0
24_179_4,24,data/raw/20260722/20260722_1757_image83_cup.jpg,20260722,8
25_1143_5,25,data/raw/20260804/20260804_1717_image300_rot30.jpg,20260804,0
9_953_1,9,data/raw/20260804/20260804_1702_image110_bdw.jpg,20260804,0
49_965_1,49,data/raw/20260804/20260804_1703_image122_bdw.jpg,20260804,17
7_50_1,7,data/raw/20260715/20260715_1556_image29_bdw.jpg,20260715,0
42_1225_4,42,data/raw/20260804/20260804_1724_image382_cup.jpg,20260804,1
42_835_9,42,data/raw/20260731/20260731_1717_image273_sup.jpg,20260731,5
4_146_6,4,data/raw/20260722/20260722_1743_image50_rot45.jpg,20260722,2
4_281_3,4,data/raw/20260727/20260727_1709_image38_cdw.jpg,20260727,0
20_330_6,20,data/raw/20260727/20260727_1712_image87_rot45.jpg,20260727,11
33_574_5,33,data/raw/20260731/20260731_1653_image11_rot30.jpg,20260731,8
44_519_5,44,data/raw/20260727/20260727_1737_image276_rot30.jpg,20260727,15
47_1101_4,47,data/raw/20260804/20260804_1714_image258_cup.jpg,20260804,11
37_369_9,37,data/raw/20260727/20260727_1717_image126_sup.jpg,20260727,8
9_153_3,9,data/raw/20260722/20260722_1743_image57_cdw.jpg,20260722,9
20_948_3,20,data/raw/20260804/20260804_1702_image105_cdw.jpg,20260804,3
28_424_0,28,data/raw/20260727/20260727_1725_image181.jpg,20260727,15
39_476_7,39,data/raw/20260727/20260727_1733_image233_rot60.jpg,20260727,4
43_500_4,43,data/raw/20260727/20260727_1736_image257_cup.jpg,20260727,2
31_525_0,31,data/raw/20260727/20260727_1738_image282.jpg,20260727,0
40_742_8,40,data/raw/20260731/20260731_1709_image179_sdw.jpg,20260731,2
34_300_4,34,data/raw/20260727/20260727_1710_image57_cup.jpg,20260727,17
4_289_2,4,data/raw/20260727/20260727_1709_image46_bup.jpg,20260727,0
44_518_2,44,data/raw/20260727/20260727_1737_image275_bup.jpg,20260727,15
46_692_9,46,data/raw/20260731/20260731_1703_image129_sup.jpg,20260731,2
28_1063_0,28,data/raw/20260804/20260804_1712_image220.jpg,20260804,7
6_58_1,6,data/raw/20260715/20260715_1556_image37_bdw.jpg,20260715,5
45_644_4,45,data/raw/20260731/20260731_1659_image81_cup.jpg,20260731,11
45_643_0,45,data/raw/20260731/20260731_1659_image80.jpg,20260731,11
28_778_9,28,data/raw/20260731/20260731_1713_image215_sup.jpg,20260731,11
42_827_8,42,data/raw/20260731/20260731_1717_image265_sdw.jpg,20260731,5
34_608_3,34,data/raw/20260731/20260731_1656_image45_cdw.jpg,20260731,13
12_99_5,12,data/raw/20260722/20260722_1656_image3_rot30.jpg,20260722,16
24_687_5,24,data/raw/20260731/20260731_1702_image124_rot30.jpg,20260731,0
47_1101_1,47,data/raw/20260804/20260804_1714_image258_bdw.jpg,20260804,11
43_506_6,43,data/raw/20260727/20260727_1736_image263_rot45.jpg,20260727,2
49_961_8,49,data/raw/20260804/20260804_1702_image118_sdw.jpg,20260804,17
26_190_0,26,data/raw/20260722/20260722_1802_image94.jpg,20260722,5
30_221_3,30,data/raw/20260722/20260722_1814_image125_cdw.jpg,20260722,5
49_964_7,49,data/raw/20260804/20260804_1703_image121_rot60.jpg,20260804,17
1_1_6,1,data/raw/20260712/20260712_0854_image1_rot45.jpg,20260712,3
22_172_2,22,data/raw/20260722/20260722_1746_image76_bup.jpg,20260722,22
22_870_1,22,data/raw/20260804/20260804_1654_image27_bdw.jpg,20260804,9
31_218_2,31,data/raw/20260722/20260722_1814_image122_bup.jpg,20260722,5
43_811_5,43,data/raw/20260731/20260731_1716_image249_rot30.jpg,20260731,0
33_564_9,33,data/raw/20260731/20260731_1653_image1_sup.jpg,20260731,8
26_391_2,26,data/raw/20260727/20260727_1722_image148_bup.jpg,20260727,0
45_913_9,45,data/raw/20260804/20260804_1658_image70_sup.jpg,20260804,7
33_568_4,33,data/raw/20260731/20260731_1653_image5_cup.jpg,20260731,8
19_151_9,19,data/raw/20260722/20260722_1743_image55_sup.jpg,20260722,9
20_681_3,20,data/raw/20260731/20260731_1701_image118_cdw.jpg,20260731,7
3_29_2,3,data/raw/20260715/20260715_1554_image3_bup.jpg,20260715,0
20_166_9,20,data/raw/20260722/20260722_1744_image70_sup.jpg,20260722,16
45_646_5,45,data/raw/20260731/20260731_1659_image83_rot30.jpg,20260731,11
47_757_4,47,data/raw/20260731/20260731_1711_image194_cup.jpg,20260731,15
5_142_2,5,data/raw/20260722/20260722_1743_image46_bup.jpg,20260722,5
38_407_9,38,data/raw/20260727/20260727_1723_image164_sup.jpg,20260727,15
42_1214_1,42,data/raw/20260804/20260804_1723_image371_bdw.jpg,20260804,1
15_112_9,15,data/raw/20260722/20260722_1658_image17_sup.jpg,20260722,0
38_401_9,38,data/raw/20260727/20260727_1723_image158_sup.jpg,20260727,15
26_394_7,26,data/raw/20260727/20260727_1722_image151_rot60.jpg,20260727,0
36_361_1,36,data/raw/20260727/20260727_1716_image118_bdw.jpg,20260727,4
4_24_5,4,data/raw/20260715/20260715_1554_image11_rot30.jpg,20260715,9
3_33_6,3,data/raw/20260715/20260715_1554_image7_rot45.jpg,20260715,0
6_58_0,6,data/raw/20260715/20260715_1556_image37.jpg,20260715,5
20_662_6,20,data/raw/20260731/20260731_1700_image99_rot45.jpg,20260731,7
9_651_5,9,data/raw/20260731/20260731_1700_image88_rot30.jpg,20260731,0
20_667_7,20,data/raw/20260731/20260731_1701_image104_rot60.jpg,20260731,7
2_256_4,2,data/raw/20260727/20260727_1556_image12_cup.jpg,20260727,2
28_427_1,28,data/raw/20260727/20260727_1725_image184_bdw.jpg,20260727,15
38_410_2,38,data/raw/20260727/20260727_1724_image167_bup.jpg,20260727,15
49_966_0,49,data/raw/20260804/20260804_1703_image123.jpg,20260804,17
33_274_2,33,data/raw/20260727/20260727_1708_image30_bup.jpg,20260727,12
34_872_6,34,data/raw/20260804/20260804_1654_image29_rot45.jpg,20260804,9
29_1077_0,29,data/raw/20260804/20260804_1713_image234.jpg,20260804,0
2_21_4,2,data/raw/20260714/20260714_1017_image8_cup.jpg,20260714,15
39_458_9,39,data/raw/20260727/20260727_1730_image215_sup.jpg,20260727,4
2_240_7,2,data/raw/20260726/20260726_1337_image6_rot60.jpg,20260726,3
25_703_5,25,data/raw/20260731/20260731_1705_image140_rot30.jpg,20260731,0
28_431_0,28,data/raw/20260727/20260727_1726_image188.jpg,20260727,15
2_543_9,2,data/raw/20260729/20260729_1659_image10_sup.jpg,20260729,0
28_770_9,28,data/raw/20260731/20260731_1712_image207_sup.jpg,20260731,11
30_214_4,30,data/raw/20260722/20260722_1813_image118_cup.jpg,20260722,5
37_628_0,37,data/raw/20260731/20260731_1657_image65.jpg,20260731,4
43_824_9,43,data/raw/20260731/20260731_1717_image262_sup.jpg,20260731,0
14_748_7,14,data/raw/20260731/20260731_1710_image185_rot60.jpg,20260731,15
25_1140_9,25,data/raw/20260804/20260804_1717_image297_sup.jpg,20260804,0
51_1083_2,51,data/raw/20260804/20260804_1713_image240_bup.jpg,20260804,0
53_1185_6,53,data/raw/20260804/20260804_1722_image342_rot45.jpg,20260804,4
44_520_4,44,data/raw/20260727/20260727_1737_image277_cup.jpg,20260727,15
40_737_8,40,data/raw/20260731/20260731_1708_image174_sdw.jpg,20260731,2
3_32_5,3,data/raw/20260715/20260715_1554_image6_rot30.jpg,20260715,0
5_138_6,5,data/raw/20260722/20260722_1742_image42_rot45.jpg,20260722,5
22_372_3,22,data/raw/20260727/20260727_1718_image129_cdw.jpg,20260727,17
28_779_8,28,data/raw/20260731/20260731_1713_image216_sdw.jpg,20260731,11
12_102_9,12,data/raw/20260722/20260722_1656_image6_sup.jpg,20260722,16
33_854_5,33,data/raw/20260804/20260804_1651_image11_rot30.jpg,20260804,4
31_526_2,31,data/raw/20260727/20260727_1738_image283_bup.jpg,20260727,0
45_908_2,45,data/raw/20260804/20260804_1657_image65_bup.jpg,20260804,7
24_1009_5,24,data/raw/20260804/20260804_1705_image166_rot30.jpg,20260804,0
53_1184_7,53,data/raw/20260804/20260804_1722_image341_rot60.jpg,20260804,4
29_414_5,29,data/raw/20260727/20260727_1724_image171_rot30.jpg,20260727,0
28_431_6,28,data/raw/20260727/20260727_1726_image188_rot45.jpg,20260727,15
29_205_9,29,data/raw/20260722/20260722_1804_image109_sup.jpg,20260722,0
20_995_3,20,data/raw/20260804/20260804_1704_image152_cdw.jpg,20260804,3
20_331_8,20,data/raw/20260727/20260727_1712_image88_sdw.jpg,20260727,11
43_1201_0,43,data/raw/20260804/20260804_1722_image358.jpg,20260804,0
37_623_1,37,data/raw/20260731/20260731_1657_image60_bdw.jpg,20260731,4
4_292_4,4,data/raw/20260727/20260727_1709_image49_cup.jpg,20260727,0
11_88_3,11,data/raw/20260715/20260715_1601_image67_cdw.jpg,20260715,4
28_779_7,28,data/raw/20260731/20260731_1713_image216_rot60.jpg,20260731,11
22_636_1,22,data/raw/20260731/20260731_1658_image73_bdw.jpg,20260731,13
46_696_9,46,data/raw/20260731/20260731_1703_image133_sup.jpg,20260731,2
39_455_7,39,data/raw/20260727/20260727_1730_image212_rot60.jpg,20260727,4
10_82_3,10,data/raw/20260715/20260715_1600_image61_cdw.jpg,20260715,5
2_223_9,2,data/raw/20260724/20260724_1627_image1_sup.jpg,20260724,5
33_267_6,33,data/raw/20260727/20260727_1707_image23_rot45.jpg,20260727,12
49_980_9,49,data/raw/20260804/20260804_1703_image137_sup.jpg,20260804,17
20_946_6,20,data/raw/20260804/20260804_1702_image103_rot45.jpg,20260804,3
50_1023_8,50,data/raw/20260804/20260804_1710_image180_sdw.jpg,20260804,15
49_971_9,49,data/raw/20260804/20260804_1703_image128_sup.jpg,20260804,17
20_334_3,20,data/raw/20260727/20260727_1712_image91_cdw.jpg,20260727,11
20_682_0,20,data/raw/20260731/20260731_1701_image119.jpg,20260731,7
27_196_7,27,data/raw/20260722/20260722_1803_image101_rot60.jpg,20260722,0
30_531_5,30,data/raw/20260727/20260727_1739_image288_rot30.jpg,20260727,0
45_906_4,45,data/raw/20260804/20260804_1657_image63_cup.jpg,20260804,7
34_602_0,34,data/raw/20260731/20260731_1655_image39.jpg,20260731,13
14_443_4,14,data/raw/20260727/20260727_1727_image200_cup.jpg,20260727,4
4_292_6,4,data/raw/20260727/20260727_1709_image49_rot45.jpg,20260727,0
2_254_8,2,data/raw/20260727/20260727_1555_image10_sdw.jpg,20260727,2
24_685_4,24,data/raw/20260731/20260731_1702_image122_cup.jpg,20260731,0
28_1042_4,28,data/raw/20260804/20260804_1711_image199_cup.jpg,20260804,7
33_268_9,33,data/raw/20260727/20260727_1708_image24_sup.jpg,20260727,12
29_1076_2,29,data/raw/20260804/20260804_1713_image233_bup.jpg,20260804,0
40_741_3,40,data/raw/20260731/20260731_1709_image178_cdw.jpg,20260731,2
43_1205_7,43,data/raw/20260804/20260804_1723_image362_rot60.jpg,20260804,0
47_1102_6,47,data/raw/20260804/20260804_1714_image259_rot45.jpg,20260804,11
36_355_2,36,data/raw/20260727/20260727_1716_image112_bup.jpg,20260727,4
43_1201_7,43,data/raw/20260804/20260804_1722_image358_rot60.jpg,20260804,0
38_405_8,38,data/raw/20260727/20260727_1723_image162_sdw.jpg,20260727,15
46_697_7,46,data/raw/20260731/20260731_1703_image134_rot60.jpg,20260731,2
39_446_3,39,data/raw/20260727/20260727_1730_image203_cdw.jpg,20260727,4
4_278_4,4,data/raw/20260727/20260727_1708_image35_cup.jpg,20260727,0
25_702_3,25,data/raw/20260731/20260731_1705_image139_cdw.jpg,20260731,0
20_328_8,20,data/raw/20260727/20260727_1712_image85_sdw.jpg,20260727,11
2_244_8,2,data/raw/20260726/20260726_1337_image10_sdw.jpg,20260726,3
48_804_3,48,data/raw/20260731/20260731_1716_image242_cdw.jpg,20260731,4
50_1035_4,50,data/raw/20260804/20260804_1710_image192_cup.jpg,20260804,15
24_340_4,24,data/raw/20260727/20260727_1713_image97_cup.jpg,20260727,3
38_403_4,38,data/raw/20260727/20260727_1723_image160_cup.jpg,20260727,15
12_102_4,12,data/raw/20260722/20260722_1656_image6_cup.jpg,20260722,16
33_854_6,33,data/raw/20260804/20260804_1651_image11_rot45.jpg,20260804,4
45_907_7,45,data/raw/20260804/20260804_1657_image64_rot60.jpg,20260804,7
27_195_4,27,data/raw/20260722/20260722_1803_image100_cup.jpg,20260722,0
25_1146_1,25,data/raw/20260804/20260804_1717_image303_bdw.jpg,20260804,0
45_905_1,45,data/raw/20260804/20260804_1657_image62_bdw.jpg,20260804,7
22_867_2,22,data/raw/20260804/20260804_1653_image24_bup.jpg,20260804,9
44_522_2,44,data/raw/20260727/20260727_1738_image279_bup.jpg,20260727,15
20_984_8,20,data/raw/20260804/20260804_1704_image141_sdw.jpg,20260804,3
26_392_3,26,data/raw/20260727/20260727_1722_image149_cdw.jpg,20260727,0
53_1188_8,53,data/raw/20260804/20260804_1722_image345_sdw.jpg,20260804,4
42_839_2,42,data/raw/20260731/20260731_1718_image277_bup.jpg,20260731,5
2_245_8,2,data/raw/20260727/20260727_1555_image1_sdw.jpg,20260727,2
9_318_3,9,data/raw/20260727/20260727_1711_image75_cdw.jpg,20260727,4
42_1216_4,42,data/raw/20260804/20260804_1723_image373_cup.jpg,20260804,1
34_295_8,34,data/raw/20260727/20260727_1710_image52_sdw.jpg,20260727,17
29_416_2,29,data/raw/20260727/20260727_1724_image173_bup.jpg,20260727,0
5_137_4,5,data/raw/20260722/20260722_1742_image41_cup.jpg,20260722,5
17_122_1,17,data/raw/20260722/20260722_1700_image26_bdw.jpg,20260722,17
29_1069_7,29,data/raw/20260804/20260804_1712_image226_rot60.jpg,20260804,0
29_1068_5,29,data/raw/20260804/20260804_1712_image225_rot30.jpg,20260804,0
50_1031_2,50,data/raw/20260804/20260804_1710_image188_bup.jpg,20260804,15
19_892_1,19,data/raw/20260804/20260804_1655_image49_bdw.jpg,20260804,0
20_984_0,20,data/raw/20260804/20260804_1704_image141.jpg,20260804,3
47_752_4,47,data/raw/20260731/20260731_1710_image189_cup.jpg,20260731,15
29_203_9,29,data/raw/20260722/20260722_1803_image108_sup.jpg,20260722,0
51_1086_1,51,data/raw/20260804/20260804_1713_image243_bdw.jpg,20260804,0
20_1012_7,20,data/raw/20260804/20260804_1705_image169_rot60.jpg,20260804,3
2_535_2,2,data/raw/20260729/20260729_1659_image2_bup.jpg,20260729,0
28_199_7,28,data/raw/20260722/20260722_1803_image104_rot60.jpg,20260722,20
38_399_3,38,data/raw/20260727/20260727_1723_image156_cdw.jpg,20260727,15
42_1221_9,42,data/raw/20260804/20260804_1724_image378_sup.jpg,20260804,1
37_616_3,37,data/raw/20260731/20260731_1656_image53_cdw.jpg,20260731,4
37_616_6,37,data/raw/20260731/20260731_1656_image53_rot45.jpg,20260731,4
20_660_6,20,data/raw/20260731/20260731_1700_image97_rot45.jpg,20260731,7
45_912_6,45,data/raw/20260804/20260804_1658_image69_rot45.jpg,20260804,7
47_757_1,47,data/raw/20260731/20260731_1711_image194_bdw.jpg,20260731,15
48_808_5,48,data/raw/20260731/20260731_1716_image246_rot30.jpg,20260731,4
50_1041_3,50,data/raw/20260804/20260804_1711_image198_cdw.jpg,20260804,15
39_1167_1,39,data/raw/20260804/20260804_1720_image324_bdw.jpg,20260804,0
2_17_4,2,data/raw/20260714/20260714_1017_image4_cup.jpg,20260714,15
14_438_0,14,data/raw/20260727/20260727_1727_image195.jpg,20260727,4
28_420_8,28,data/raw/20260727/20260727_1725_image177_sdw.jpg,20260727,15
36_357_2,36,data/raw/20260727/20260727_1716_image114_bup.jpg,20260727,4
25_185_5,25,data/raw/20260722/20260722_1802_image89_rot30.jpg,20260722,9
25_1145_7,25,data/raw/20260804/20260804_1717_image302_rot60.jpg,20260804,0
33_564_5,33,data/raw/20260731/20260731_1653_image1_rot30.jpg,20260731,8
38_1129_7,38,data/raw/20260804/20260804_1716_image286_rot60.jpg,20260804,7
42_843_4,42,data/raw/20260731/20260731_1718_image281_cup.jpg,20260731,5
30_217_5,30,data/raw/20260722/20260722_1813_image121_rot30.jpg,20260722,5
20_660_3,20,data/raw/20260731/20260731_1700_image97_cdw.jpg,20260731,7
4_290_6,4,data/raw/20260727/20260727_1709_image47_rot45.jpg,20260727,0
29_1079_5,29,data/raw/20260804/20260804_1713_image236_rot30.jpg,20260804,0
16_115_1,16,data/raw/20260722/20260722_1659_image19_bdw.jpg,20260722,8
37_926_8,37,data/raw/20260804/20260804_1659_image83_sdw.jpg,20260804,0
4_290_5,4,data/raw/20260727/20260727_1709_image47_rot30.jpg,20260727,0
43_508_7,43,data/raw/20260727/20260727_1737_image265_rot60.jpg,20260727,2
18_257_4,18,data/raw/20260727/20260727_1707_image13_cup.jpg,20260727,0
51_1085_0,51,data/raw/20260804/20260804_1713_image242.jpg,20260804,0
29_798_6,29,data/raw/20260731/20260731_1714_image235_rot45.jpg,20260731,0
34_873_5,34,data/raw/20260804/20260804_1654_image30_rot30.jpg,20260804,9
45_646_8,45,data/raw/20260731/20260731_1659_image83_sdw.jpg,20260731,11
28_781_3,28,data/raw/20260731/20260731_1713_image218_cdw.jpg,20260731,11
20_353_4,20,data/raw/20260727/20260727_1714_image110_cup.jpg,20260727,11
53_1193_1,53,data/raw/20260804/20260804_1722_image350_bdw.jpg,20260804,4
38_719_8,38,data/raw/20260731/20260731_1706_image156_sdw.jpg,20260731,11
29_1069_5,29,data/raw/20260804/20260804_1712_image226_rot30.jpg,20260804,0
38_725_7,38,data/raw/20260731/20260731_1707_image162_rot60.jpg,20260731,11
17_123_3,17,data/raw/20260722/20260722_1700_image27_cdw.jpg,20260722,17
20_667_6,20,data/raw/20260731/20260731_1701_image104_rot45.jpg,20260731,7
19_899_3,19,data/raw/20260804/20260804_1655_image56_cdw.jpg,20260804,0
47_1101_9,47,data/raw/20260804/20260804_1714_image258_sup.jpg,20260804,11
11_87_1,11,data/raw/20260715/20260715_1600_image66_bdw.jpg,20260715,4
43_818_7,43,data/raw/20260731/20260731_1716_image256_rot60.jpg,20260731,0
52_1105_0,52,data/raw/20260804/20260804_1715_image262.jpg,20260804,10
7_46_1,7,data/raw/20260715/20260715_1555_image25_bdw.jpg,20260715,0
20_997_5,20,data/raw/20260804/20260804_1704_image154_rot30.jpg,20260804,3
33_857_5,33,data/raw/20260804/20260804_1652_image14_rot30.jpg,20260804,4
38_407_5,38,data/raw/20260727/20260727_1723_image164_rot30.jpg,20260727,15
28_1051_5,28,data/raw/20260804/20260804_1711_image208_rot30.jpg,20260804,7
42_1218_3,42,data/raw/20260804/20260804_1724_image375_cdw.jpg,20260804,1
20_949_1,20,data/raw/20260804/20260804_1702_image106_bdw.jpg,20260804,3
5_40_3,5,data/raw/20260715/20260715_1555_image19_cdw.jpg,20260715,12
38_402_4,38,data/raw/20260727/20260727_1723_image159_cup.jpg,20260727,15
19_151_3,19,data/raw/20260722/20260722_1743_image55_cdw.jpg,20260722,9
40_1168_5,40,data/raw/20260804/20260804_1720_image325_rot30.jpg,20260804,0
14_445_3,14,data/raw/20260727/20260727_1727_image202_cdw.jpg,20260727,4
2_247_7,2,data/raw/20260727/20260727_1555_image3_rot60.jpg,20260727,2
9_956_9,9,data/raw/20260804/20260804_1702_image113_sup.jpg,20260804,0
4_281_5,4,data/raw/20260727/20260727_1709_image38_rot30.jpg,20260727,0
39_460_9,39,data/raw/20260727/20260727_1730_image217_sup.jpg,20260727,4
27_195_5,27,data/raw/20260722/20260722_1803_image100_rot30.jpg,20260722,0
52_1106_0,52,data/raw/20260804/20260804_1715_image263.jpg,20260804,10
1_3_3,1,data/raw/20260712/20260712_0854_image3_cdw.jpg,20260712,3
14_212_2,14,data/raw/20260722/20260722_1808_image116_bup.jpg,20260722,9
37_620_6,37,data/raw/20260731/20260731_1656_image57_rot45.jpg,20260731,4
5_41_7,5,data/raw/20260715/20260715_1555_image20_rot60.jpg,20260715,12
37_622_8,37,data/raw/20260731/20260731_1657_image59_sdw.jpg,20260731,4
9_648_1,9,data/raw/20260731/20260731_1659_image85_bdw.jpg,20260731,0
22_635_9,22,data/raw/20260731/20260731_1658_image72_sup.jpg,20260731,13
17_120_9,17,data/raw/20260722/20260722_1700_image24_sup.jpg,20260722,17
40_1171_1,40,data/raw/20260804/20260804_1720_image328_bdw.jpg,20260804,0
28_775_2,28,data/raw/20260731/20260731_1712_image212_bup.jpg,20260731,11
37_627_4,37,data/raw/20260731/20260731_1657_image64_cup.jpg,20260731,4
10_80_4,10,data/raw/20260715/20260715_1600_image59_cup.jpg,20260715,5
28_780_0,28,data/raw/20260731/20260731_1713_image217.jpg,20260731,11
39_460_6,39,data/raw/20260727/20260727_1730_image217_rot45.jpg,20260727,4
31_220_6,31,data/raw/20260722/20260722_1814_image124_rot45.jpg,20260722,5
2_559_1,2,data/raw/20260729/20260729_1700_image26_bdw.jpg,20260729,0
48_809_5,48,data/raw/20260731/20260731_1716_image247_rot30.jpg,20260731,4
25_706_0,25,data/raw/20260731/20260731_1705_image143.jpg,20260731,0
19_896_3,19,data/raw/20260804/20260804_1655_image53_cdw.jpg,20260804,0
25_1143_6,25,data/raw/20260804/20260804_1717_image300_rot45.jpg,20260804,0
29_1070_8,29,data/raw/20260804/20260804_1712_image227_sdw.jpg,20260804,0
13_107_5,13,data/raw/20260722/20260722_1658_image12_rot30.jpg,20260722,8
20_1012_4,20,data/raw/20260804/20260804_1705_image169_cup.jpg,20260804,3
25_702_1,25,data/raw/20260731/20260731_1705_image139_bdw.jpg,20260731,0
38_405_2,38,data/raw/20260727/20260727_1723_image162_bup.jpg,20260727,15
19_583_7,19,data/raw/20260731/20260731_1654_image20_rot60.jpg,20260731,0
31_219_2,31,data/raw/20260722/20260722_1814_image123_bup.jpg,20260722,5
25_1144_3,25,data/raw/20260804/20260804_1717_image301_cdw.jpg,20260804,0
34_877_3,34,data/raw/20260804/20260804_1654_image34_cdw.jpg,20260804,9
45_643_6,45,data/raw/20260731/20260731_1659_image80_rot45.jpg,20260731,11
36_356_2,36,data/raw/20260727/20260727_1716_image113_bup.jpg,20260727,4
28_762_7,28,data/raw/20260731/20260731_1711_image199_rot60.jpg,20260731,11
1_3_6,1,data/raw/20260712/20260712_0854_image3_rot45.jpg,20260712,3
37_631_5,37,data/raw/20260731/20260731_1658_image68_rot30.jpg,20260731,4
4_147_1,4,data/raw/20260722/20260722_1743_image51_bdw.jpg,20260722,2
38_715_3,38,data/raw/20260731/20260731_1706_image152_cdw.jpg,20260731,11
22_863_4,22,data/raw/20260804/20260804_1653_image20_cup.jpg,20260804,9
37_927_9,37,data/raw/20260804/20260804_1700_image84_sup.jpg,20260804,0
52_1112_7,52,data/raw/20260804/20260804_1715_image269_rot60.jpg,20260804,10
28_773_8,28,data/raw/20260731/20260731_1712_image210_sdw.jpg,20260731,11
42_1225_8,42,data/raw/20260804/20260804_1724_image382_sdw.jpg,20260804,1
48_809_1,48,data/raw/20260731/20260731_1716_image247_bdw.jpg,20260731,4
24_1002_8,24,data/raw/20260804/20260804_1704_image159_sdw.jpg,20260804,0
25_185_8,25,data/raw/20260722/20260722_1802_image89_sdw.jpg,20260722,9
33_855_7,33,data/raw/20260804/20260804_1652_image12_rot60.jpg,20260804,4
36_363_3,36,data/raw/20260727/20260727_1717_image120_cdw.jpg,20260727,4
52_1106_5,52,data/raw/20260804/20260804_1715_image263_rot30.jpg,20260804,10
42_830_3,42,data/raw/20260731/20260731_1717_image268_cdw.jpg,20260731,5
2_539_0,2,data/raw/20260729/20260729_1659_image6.jpg,20260729,0
2_231_6,2,data/raw/20260725/20260725_1759_image3_rot45.jpg,20260725,4
28_1047_5,28,data/raw/20260804/20260804_1711_image204_rot30.jpg,20260804,7
22_930_7,22,data/raw/20260804/20260804_1700_image87_rot60.jpg,20260804,9
28_782_1,28,data/raw/20260731/20260731_1713_image219_bdw.jpg,20260731,11
22_614_8,22,data/raw/20260731/20260731_1656_image51_sdw.jpg,20260731,13
44_524_5,44,data/raw/20260727/20260727_1738_image281_rot30.jpg,20260727,15
45_910_2,45,data/raw/20260804/20260804_1658_image67_bup.jpg,20260804,7
50_1034_8,50,data/raw/20260804/20260804_1710_image191_sdw.jpg,20260804,15
33_266_9,33,data/raw/20260727/20260727_1707_image22_sup.jpg,20260727,12
22_615_0,22,data/raw/20260731/20260731_1656_image52.jpg,20260731,13
19_900_0,19,data/raw/20260804/20260804_1655_image57.jpg,20260804,0
50_1024_4,50,data/raw/20260804/20260804_1710_image181_cup.jpg,20260804,15
24_1007_8,24,data/raw/20260804/20260804_1705_image164_sdw.jpg,20260804,0
24_1011_3,24,data/raw/20260804/20260804_1705_image168_cdw.jpg,20260804,0
16_118_2,16,data/raw/20260722/20260722_1659_image22_bup.jpg,20260722,8
43_500_3,43,data/raw/20260727/20260727_1736_image257_cdw.jpg,20260727,2
2_539_3,2,data/raw/20260729/20260729_1659_image6_cdw.jpg,20260729,0
33_853_4,33,data/raw/20260804/20260804_1651_image10_cup.jpg,20260804,4
46_699_4,46,data/raw/20260731/20260731_1703_image136_cup.jpg,20260731,2
2_16_9,2,data/raw/20260714/20260714_1016_image3_sup.jpg,20260714,15
19_580_1,19,data/raw/20260731/20260731_1654_image17_bdw.jpg,20260731,0
20_949_2,20,data/raw/20260804/20260804_1702_image106_bup.jpg,20260804,3
29_1065_7,29,data/raw/20260804/20260804_1712_image222_rot60.jpg,20260804,0
39_1156_0,39,data/raw/20260804/20260804_1719_image313.jpg,20260804,0
14_439_6,14,data/raw/20260727/20260727_1727_image196_rot45.jpg,20260727,4
40_1171_2,40,data/raw/20260804/20260804_1720_image328_bup.jpg,20260804,0
37_632_8,37,data/raw/20260731/20260731_1658_image69_sdw.jpg,20260731,4
42_494_1,42,data/raw/20260727/20260727_1736_image251_bdw.jpg,20260727,9
5_139_6,5,data/raw/20260722/20260722_1742_image43_rot45.jpg,20260722,5
8_158_8,8,data/raw/20260722/20260722_1743_image62_sdw.jpg,20260722,0
50_1020_5,50,data/raw/20260804/20260804_1710_image177_rot30.jpg,20260804,15
9_152_0,9,data/raw/20260722/20260722_1743_image56.jpg,20260722,9
52_1107_2,52,data/raw/20260804/20260804_1715_image264_bup.jpg,20260804,10
43_501_2,43,data/raw/20260727/20260727_1736_image258_bup.jpg,20260727,2
9_156_6,9,data/raw/20260722/20260722_1743_image60_rot45.jpg,20260722,9
45_918_3,45,data/raw/20260804/20260804_1659_image75_cdw.jpg,20260804,7
28_763_8,28,data/raw/20260731/20260731_1712_image200_sdw.jpg,20260731,11
9_656_7,9,data/raw/20260731/20260731_1700_image93_rot60.jpg,20260731,0
38_410_4,38,data/raw/20260727/20260727_1724_image167_cup.jpg,20260727,15
40_739_1,40,data/raw/20260731/20260731_1709_image176_bdw.jpg,20260731,2
47_759_6,47,data/raw/20260731/20260731_1711_image196_rot45.jpg,20260731,15
2_233_5,2,data/raw/20260725/20260725_1759_image5_rot30.jpg,20260725,4
37_618_8,37,data/raw/20260731/20260731_1656_image55_sdw.jpg,20260731,4
19_310_4,19,data/raw/20260727/20260727_1710_image67_cup.jpg,20260727,4
34_599_0,34,data/raw/20260731/20260731_1655_image36.jpg,20260731,13
49_980_8,49,data/raw/20260804/20260804_1703_image137_sdw.jpg,20260804,17
20_333_6,20,data/raw/20260727/20260727_1712_image90_rot45.jpg,20260727,11
34_600_1,34,data/raw/20260731/20260731_1655_image37_bdw.jpg,20260731,13
22_614_3,22,data/raw/20260731/20260731_1656_image51_cdw.jpg,20260731,13
33_575_5,33,data/raw/20260731/20260731_1653_image12_rot30.jpg,20260731,8
33_568_5,33,data/raw/20260731/20260731_1653_image5_rot30.jpg,20260731,8
20_995_9,20,data/raw/20260804/20260804_1704_image152_sup.jpg,20260804,3
29_791_5,29,data/raw/20260731/20260731_1713_image228_rot30.jpg,20260731,0
36_357_4,36,data/raw/20260727/20260727_1716_image114_cup.jpg,20260727,4
42_496_7,42,data/raw/20260727/20260727_1736_image253_rot60.jpg,20260727,9
24_1008_5,24,data/raw/20260804/20260804_1705_image165_rot30.jpg,20260804,0
40_466_6,40,data/raw/20260727/20260727_1731_image223_rot45.jpg,20260727,6
19_591_5,19,data/raw/20260731/20260731_1654_image28_rot30.jpg,20260731,0
20_333_3,20,data/raw/20260727/20260727_1712_image90_cdw.jpg,20260727,11
43_826_8,43,data/raw/20260731/20260731_1717_image264_sdw.jpg,20260731,0
20_679_4,20,data/raw/20260731/20260731_1701_image116_cup.jpg,20260731,7
9_650_7,9,data/raw/20260731/20260731_1659_image87_rot60.jpg,20260731,0
33_266_0,33,data/raw/20260727/20260727_1707_image22.jpg,20260727,12
38_403_6,38,data/raw/20260727/20260727_1723_image160_rot45.jpg,20260727,15
37_926_6,37,data/raw/20260804/20260804_1659_image83_rot45.jpg,20260804,0
25_1141_8,25,data/raw/20260804/20260804_1717_image298_sdw.jpg,20260804,0
22_861_0,22,data/raw/20260804/20260804_1652_image18.jpg,20260804,9
14_744_5,14,data/raw/20260731/20260731_1709_image181_rot30.jpg,20260731,15
31_528_8,31,data/raw/20260727/20260727_1738_image285_sdw.jpg,20260727,0
20_991_5,20,data/raw/20260804/20260804_1704_image148_rot30.jpg,20260804,3
3_30_2,3,data/raw/20260715/20260715_1554_image4_bup.jpg,20260715,0
52_1119_1,52,data/raw/20260804/20260804_1716_image276_bdw.jpg,20260804,10
38_1139_5,38,data/raw/20260804/20260804_1717_image296_rot30.jpg,20260804,7
48_805_7,48,data/raw/20260731/20260731_1716_image243_rot60.jpg,20260731,4
42_490_4,42,data/raw/20260727/20260727_1736_image247_cup.jpg,20260727,9
29_792_3,29,data/raw/20260731/20260731_1713_image229_cdw.jpg,20260731,0
43_823_4,43,data/raw/20260731/20260731_1717_image261_cup.jpg,20260731,0
48_801_4,48,data/raw/20260731/20260731_1715_image239_cup.jpg,20260731,4
14_749_7,14,data/raw/20260731/20260731_1710_image186_rot60.jpg,20260731,15
4_35_3,4,data/raw/20260715/20260715_1554_image9_cdw.jpg,20260715,9
18_260_0,18,data/raw/20260727/20260727_1707_image16.jpg,20260727,0
33_847_5,33,data/raw/20260804/20260804_1651_image4_rot30.jpg,20260804,4
38_409_4,38,data/raw/20260727/20260727_1724_image166_cup.jpg,20260727,15
44_515_8,44,data/raw/20260727/20260727_1737_image272_sdw.jpg,20260727,15
1_8_4,1,data/raw/20260712/20260712_0855_image12_cup.jpg,20260712,3
34_594_2,34,data/raw/20260731/20260731_1655_image31_bup.jpg,20260731,13
28_418_8,28,data/raw/20260727/20260727_1725_image175_sdw.jpg,20260727,15
11_85_2,11,data/raw/20260715/20260715_1600_image64_bup.jpg,20260715,4
19_151_6,19,data/raw/20260722/20260722_1743_image55_rot45.jpg,20260722,9
32_210_2,32,data/raw/20260722/20260722_1808_image114_bup.jpg,20260722,12
43_817_1,43,data/raw/20260731/20260731_1716_image255_bdw.jpg,20260731,0
47_1090_7,47,data/raw/20260804/20260804_1713_image247_rot60.jpg,20260804,11
25_380_4,25,data/raw/20260727/20260727_1722_image137_cup.jpg,20260727,4
2_239_6,2,data/raw/20260726/20260726_1336_image5_rot45.jpg,20260726,3
42_832_8,42,data/raw/20260731/20260731_1717_image270_sdw.jpg,20260731,5
2_242_3,2,data/raw/20260726/20260726_1337_image8_cdw.jpg,20260726,3
28_431_9,28,data/raw/20260727/20260727_1726_image188_sup.jpg,20260727,15
34_297_9,34,data/raw/20260727/20260727_1710_image54_sup.jpg,20260727,17
34_597_2,34,data/raw/20260731/20260731_1655_image34_bup.jpg,20260731,13
20_941_3,20,data/raw/20260804/20260804_1701_image98_cdw.jpg,20260804,3
20_674_8,20,data/raw/20260731/20260731_1701_image111_sdw.jpg,20260731,7
4_277_8,4,data/raw/20260727/20260727_1708_image34_sdw.jpg,20260727,0
29_791_6,29,data/raw/20260731/20260731_1713_image228_rot45.jpg,20260731,0
38_1135_1,38,data/raw/20260804/20260804_1717_image292_bdw.jpg,20260804,7
1_4_6,1,data/raw/20260712/20260712_0854_image4_rot45.jpg,20260712,3
8_158_3,8,data/raw/20260722/20260722_1743_image62_cdw.jpg,20260722,0
28_1044_7,28,data/raw/20260804/20260804_1711_image201_rot60.jpg,20260804,7
9_72_9,9,data/raw/20260715/20260715_1557_image51_sup.jpg,20260715,16
20_336_6,20,data/raw/20260727/20260727_1712_image93_rot45.jpg,20260727,11
38_1120_0,38,data/raw/20260804/20260804_1716_image277.jpg,20260804,7
38_398_3,38,data/raw/20260727/20260727_1723_image155_cdw.jpg,20260727,15
4_281_1,4,data/raw/20260727/20260727_1709_image38_bdw.jpg,20260727,0
14_437_9,14,data/raw/20260727/20260727_1726_image194_sup.jpg,20260727,4
16_117_5,16,data/raw/20260722/20260722_1659_image21_rot30.jpg,20260722,8
29_1067_2,29,data/raw/20260804/20260804_1712_image224_bup.jpg,20260804,0
19_306_4,19,data/raw/20260727/20260727_1710_image63_cup.jpg,20260727,4
20_660_8,20,data/raw/20260731/20260731_1700_image97_sdw.jpg,20260731,7
19_149_8,19,data/raw/20260722/20260722_1743_image53_sdw.jpg,20260722,9
19_897_9,19,data/raw/20260804/20260804_1655_image54_sup.jpg,20260804,0
43_811_8,43,data/raw/20260731/20260731_1716_image249_sdw.jpg,20260731,0
19_588_3,19,data/raw/20260731/20260731_1654_image25_cdw.jpg,20260731,0
50_1029_7,50,data/raw/20260804/20260804_1710_image186_rot60.jpg,20260804,15
7_49_0,7,data/raw/20260715/20260715_1556_image28.jpg,20260715,0
32_211_3,32,data/raw/20260722/20260722_1808_image115_cdw.jpg,20260722,12
34_878_4,34,data/raw/20260804/20260804_1654_image35_cup.jpg,20260804,9
37_622_4,37,data/raw/20260731/20260731_1657_image59_cup.jpg,20260731,4
25_384_4,25,data/raw/20260727/20260727_1722_image141_cup.jpg,20260727,4
8_64_8,8,data/raw/20260715/20260715_1557_image43_sdw.jpg,20260715,0
28_764_1,28,data/raw/20260731/20260731_1712_image201_bdw.jpg,20260731,11
33_853_2,33,data/raw/20260804/20260804_1651_image10_bup.jpg,20260804,4
45_903_2,45,data/raw/20260804/20260804_1657_image60_bup.jpg,20260804,7
20_943_0,20,data/raw/20260804/20260804_1701_image100.jpg,20260804,3
17_120_2,17,data/raw/20260722/20260722_1700_image24_bup.jpg,20260722,17
38_724_6,38,data/raw/20260731/20260731_1707_image161_rot45.jpg,20260731,11
50_1022_5,50,data/raw/20260804/20260804_1710_image179_rot30.jpg,20260804,15
28_1049_2,28,data/raw/20260804/20260804_1711_image206_bup.jpg,20260804,7
17_121_4,17,data/raw/20260722/20260722_1700_image25_cup.jpg,20260722,17
43_814_7,43,data/raw/20260731/20260731_1716_image252_rot60.jpg,20260731,0
28_1048_2,28,data/raw/20260804/20260804_1711_image205_bup.jpg,20260804,7
49_975_9,49,data/raw/20260804/20260804_1703_image132_sup.jpg,20260804,17
9_659_9,9,data/raw/20260731/20260731_1700_image96_sup.jpg,20260731,0
29_1073_7,29,data/raw/20260804/20260804_1712_image230_rot60.jpg,20260804,0
19_591_4,19,data/raw/20260731/20260731_1654_image28_cup.jpg,20260731,0
37_617_4,37,data/raw/20260731/20260731_1656_image54_cup.jpg,20260731,4
20_1000_5,20,data/raw/20260804/20260804_1704_image157_rot30.jpg,20260804,3
48_809_3,48,data/raw/20260731/20260731_1716_image247_cdw.jpg,20260731,4
33_852_5,33,data/raw/20260804/20260804_1651_image9_rot30.jpg,20260804,4
45_913_7,45,data/raw/20260804/20260804_1658_image70_rot60.jpg,20260804,7
2_544_6,2,data/raw/20260729/20260729_1659_image11_rot45.jpg,20260729,0
13_108_3,13,data/raw/20260722/20260722_1658_image13_cdw.jpg,20260722,8
2_546_0,2,data/raw/20260729/20260729_1659_image13.jpg,20260729,0
4_292_8,4,data/raw/20260727/20260727_1709_image49_sdw.jpg,20260727,0
51_1081_3,51,data/raw/20260804/20260804_1713_image238_cdw.jpg,20260804,0
38_1133_6,38,data/raw/20260804/20260804_1717_image290_rot45.jpg,20260804,7
4_54_5,4,data/raw/20260715/20260715_1556_image33_rot30.jpg,20260715,9
36_361_0,36,data/raw/20260727/20260727_1716_image118.jpg,20260727,4
49_959_5,49,data/raw/20260804/20260804_1702_image116_rot30.jpg,20260804,17
28_776_9,28,data/raw/20260731/20260731_1712_image213_sup.jpg,20260731,11
28_1043_4,28,data/raw/20260804/20260804_1711_image200_cup.jpg,20260804,7
38_718_8,38,data/raw/20260731/20260731_1706_image155_sdw.jpg,20260731,11
43_500_0,43,data/raw/20260727/20260727_1736_image257.jpg,20260727,2
4_23_2,4,data/raw/20260715/20260715_1554_image10_bup.jpg,20260715,9
47_751_9,47,data/raw/20260731/20260731_1710_image188_sup.jpg,20260731,15
52_1105_1,52,data/raw/20260804/20260804_1715_image262_bdw.jpg,20260804,10
13_106_5,13,data/raw/20260722/20260722_1658_image11_rot30.jpg,20260722,8
35_325_2,35,data/raw/20260727/20260727_1712_image82_bup.jpg,20260727,22
43_506_1,43,data/raw/20260727/20260727_1736_image263_bdw.jpg,20260727,2
24_182_0,24,data/raw/20260722/20260722_1758_image86.jpg,20260722,8
47_1098_6,47,data/raw/20260804/20260804_1714_image255_rot45.jpg,20260804,11
22_928_8,22,data/raw/20260804/20260804_1700_image85_sdw.jpg,20260804,9
38_1127_1,38,data/raw/20260804/20260804_1716_image284_bdw.jpg,20260804,7
50_1025_1,50,data/raw/20260804/20260804_1710_image182_bdw.jpg,20260804,15
42_828_0,42,data/raw/20260731/20260731_1717_image266.jpg,20260731,5
19_308_3,19,data/raw/20260727/20260727_1710_image65_cdw.jpg,20260727,4
48_803_6,48,data/raw/20260731/20260731_1715_image241_rot45.jpg,20260731,4
34_876_2,34,data/raw/20260804/20260804_1654_image33_bup.jpg,20260804,9
37_626_0,37,data/raw/20260731/20260731_1657_image63.jpg,20260731,4
21_312_2,21,data/raw/20260727/20260727_1711_image69_bup.jpg,20260727,0
9_67_4,9,data/raw/20260715/20260715_1557_image46_cup.jpg,20260715,16
26_192_8,26,data/raw/20260722/20260722_1802_image96_sdw.jpg,20260722,5
25_383_6,25,data/raw/20260727/20260727_1722_image140_rot45.jpg,20260727,4
34_871_1,34,data/raw/20260804/20260804_1654_image28_bdw.jpg,20260804,9
29_1074_9,29,data/raw/20260804/20260804_1712_image231_sup.jpg,20260804,0
26_194_2,26,data/raw/20260722/20260722_1802_image98_bup.jpg,20260722,5
28_1064_8,28,data/raw/20260804/20260804_1712_image221_sdw.jpg,20260804,7
34_887_7,34,data/raw/20260804/20260804_1654_image44_rot60.jpg,20260804,9
49_983_9,49,data/raw/20260804/20260804_1703_image140_sup.jpg,20260804,17
20_672_4,20,data/raw/20260731/20260731_1701_image109_cup.jpg,20260731,7
28_1044_5,28,data/raw/20260804/20260804_1711_image201_rot30.jpg,20260804,7
46_700_3,46,data/raw/20260731/20260731_1703_image137_cdw.jpg,20260731,2
18_263_8,18,data/raw/20260727/20260727_1707_image19_sdw.jpg,20260727,0
47_755_6,47,data/raw/20260731/20260731_1711_image192_rot45.jpg,20260731,15
19_584_4,19,data/raw/20260731/20260731_1654_image21_cup.jpg,20260731,0
46_700_5,46,data/raw/20260731/20260731_1703_image137_rot30.jpg,20260731,2
34_300_6,34,data/raw/20260727/20260727_1710_image57_rot45.jpg,20260727,17
43_504_4,43,data/raw/20260727/20260727_1736_image261_cup.jpg,20260727,2
22_611_4,22,data/raw/20260731/20260731_1656_image48_cup.jpg,20260731,13
30_485_1,30,data/raw/20260727/20260727_1735_image242_bdw.jpg,20260727,0
45_907_8,45,data/raw/20260804/20260804_1657_image64_sdw.jpg,20260804,7
9_659_0,9,data/raw/20260731/20260731_1700_image96.jpg,20260731,0
8_160_1,8,data/raw/20260722/20260722_1744_image64_bdw.jpg,20260722,0
20_350_4,20,data/raw/20260727/20260727_1714_image107_cup.jpg,20260727,11
36_362_6,36,data/raw/20260727/20260727_1716_image119_rot45.jpg,20260727,4
43_509_0,43,data/raw/20260727/20260727_1737_image266.jpg,20260727,2
43_813_9,43,data/raw/20260731/20260731_1716_image251_sup.jpg,20260731,0
18_131_9,18,data/raw/20260722/20260722_1742_image35_sup.jpg,20260722,5
24_177_3,24,data/raw/20260722/20260722_1757_image81_cdw.jpg,20260722,8
34_882_7,34,data/raw/20260804/20260804_1654_image39_rot60.jpg,20260804,9
33_569_2,33,data/raw/20260731/20260731_1653_image6_bup.jpg,20260731,8
1_7_0,1,data/raw/20260712/20260712_0855_image11.jpg,20260712,3
14_746_6,14,data/raw/20260731/20260731_1710_image183_rot45.jpg,20260731,15
2_234_0,2,data/raw/20260725/20260725_1759_image6.jpg,20260725,4
32_211_0,32,data/raw/20260722/20260722_1808_image115.jpg,20260722,12
38_718_9,38,data/raw/20260731/20260731_1706_image155_sup.jpg,20260731,11
45_908_9,45,data/raw/20260804/20260804_1657_image65_sup.jpg,20260804,7
47_1092_6,47,data/raw/20260804/20260804_1713_image249_rot45.jpg,20260804,11
43_505_6,43,data/raw/20260727/20260727_1736_image262_rot45.jpg,20260727,2
2_96_5,2,data/raw/20260720/20260720_1504_image8_rot30.jpg,20260720,9
33_270_9,33,data/raw/20260727/20260727_1708_image26_sup.jpg,20260727,12
25_381_4,25,data/raw/20260727/20260727_1722_image138_cup.jpg,20260727,4
28_421_1,28,data/raw/20260727/20260727_1725_image178_bdw.jpg,20260727,15
52_1105_9,52,data/raw/20260804/20260804_1715_image262_sup.jpg,20260804,10
33_850_8,33,data/raw/20260804/20260804_1651_image7_sdw.jpg,20260804,4
28_788_5,28,data/raw/20260731/20260731_1713_image225_rot30.jpg,20260731,11
14_747_5,14,data/raw/20260731/20260731_1710_image184_rot30.jpg,20260731,15
20_330_3,20,data/raw/20260727/20260727_1712_image87_cdw.jpg,20260727,11
1_5_5,1,data/raw/20260712/20260712_0854_image5_rot30.jpg,20260712,3
38_1123_0,38,data/raw/20260804/20260804_1716_image280.jpg,20260804,7
48_804_7,48,data/raw/20260731/20260731_1716_image242_rot60.jpg,20260731,4
45_916_1,45,data/raw/20260804/20260804_1659_image73_bdw.jpg,20260804,7
4_42_6,4,data/raw/20260715/20260715_1555_image21_rot45.jpg,20260715,9
28_423_6,28,data/raw/20260727/20260727_1725_image180_rot45.jpg,20260727,15
45_912_5,45,data/raw/20260804/20260804_1658_image69_rot30.jpg,20260804,7
42_491_8,42,data/raw/20260727/20260727_1736_image248_sdw.jpg,20260727,9
38_400_0,38,data/raw/20260727/20260727_1723_image157.jpg,20260727,15
9_652_9,9,data/raw/20260731/20260731_1700_image89_sup.jpg,20260731,0
25_703_1,25,data/raw/20260731/20260731_1705_image140_bdw.jpg,20260731,0
25_702_5,25,data/raw/20260731/20260731_1705_image139_rot30.jpg,20260731,0
42_489_4,42,data/raw/20260727/20260727_1736_image246_cup.jpg,20260727,9
26_392_9,26,data/raw/20260727/20260727_1722_image149_sup.jpg,20260727,0
31_218_7,31,data/raw/20260722/20260722_1814_image122_rot60.jpg,20260722,5
40_1171_3,40,data/raw/20260804/20260804_1720_image328_cdw.jpg,20260804,0
2_21_9,2,data/raw/20260714/20260714_1017_image8_sup.jpg,20260714,15
20_332_3,20,data/raw/20260727/20260727_1712_image89_cdw.jpg,20260727,11
30_486_6,30,data/raw/20260727/20260727_1735_image243_rot45.jpg,20260727,0
29_795_1,29,data/raw/20260731/20260731_1714_image232_bdw.jpg,20260731,0
51_1089_2,51,data/raw/20260804/20260804_1713_image246_bup.jpg,20260804,0
40_737_7,40,data/raw/20260731/20260731_1708_image174_rot60.jpg,20260731,2
24_1011_0,24,data/raw/20260804/20260804_1705_image168.jpg,20260804,0
35_325_5,35,data/raw/20260727/20260727_1712_image82_rot30.jpg,20260727,22
28_1051_4,28,data/raw/20260804/20260804_1711_image208_cup.jpg,20260804,7
4_27_4,4,data/raw/20260715/20260715_1554_image14_cup.jpg,20260715,9
18_262_6,18,data/raw/20260727/20260727_1707_image18_rot45.jpg,20260727,0
39_473_6,39,data/raw/20260727/20260727_1731_image230_rot45.jpg,20260727,4
19_580_6,19,data/raw/20260731/20260731_1654_image17_rot45.jpg,20260731,0
7_51_5,7,data/raw/20260715/20260715_1556_image30_rot30.jpg,20260715,0
2_549_7,2,data/raw/20260729/20260729_1700_image16_rot60.jpg,20260729,0
37_621_0,37,data/raw/20260731/20260731_1657_image58.jpg,20260731,4
20_676_8,20,data/raw/20260731/20260731_1701_image113_sdw.jpg,20260731,7
29_1076_0,29,data/raw/20260804/20260804_1713_image233.jpg,20260804,0
20_935_9,20,data/raw/20260804/20260804_1701_image92_sup.jpg,20260804,3
2_252_2,2,data/raw/20260727/20260727_1555_image8_bup.jpg,20260727,2
40_466_9,40,data/raw/20260727/20260727_1731_image223_sup.jpg,20260727,6
22_867_4,22,data/raw/20260804/20260804_1653_image24_cup.jpg,20260804,9
38_717_2,38,data/raw/20260731/20260731_1706_image154_bup.jpg,20260731,11
18_258_5,18,data/raw/20260727/20260727_1707_image14_rot30.jpg,20260727,0
24_341_2,24,data/raw/20260727/20260727_1713_image98_bup.jpg,20260727,3
22_171_7,22,data/raw/20260722/20260722_1746_image75_rot60.jpg,20260722,22
24_690_2,24,data/raw/20260731/20260731_1702_image127_bup.jpg,20260731,0
50_1041_6,50,data/raw/20260804/20260804_1711_image198_rot45.jpg,20260804,15
17_126_9,17,data/raw/20260722/20260722_1702_image30_sup.jpg,20260722,17
2_240_8,2,data/raw/20260726/20260726_1337_image6_sdw.jpg,20260726,3
49_964_8,49,data/raw/20260804/20260804_1703_image121_sdw.jpg,20260804,17
29_1070_3,29,data/raw/20260804/20260804_1712_image227_cdw.jpg,20260804,0
9_954_5,9,data/raw/20260804/20260804_1702_image111_rot30.jpg,20260804,0
34_602_7,34,data/raw/20260731/20260731_1655_image39_rot60.jpg,20260731,13
50_1017_0,50,data/raw/20260804/20260804_1710_image174.jpg,20260804,15
1_12_5,1,data/raw/20260712/20260712_0855_image8_rot30.jpg,20260712,3
2_243_3,2,data/raw/20260726/20260726_1337_image9_cdw.jpg,20260726,3
14_435_5,14,data/raw/20260727/20260727_1726_image192_rot30.jpg,20260727,4
2_228_7,2,data/raw/20260724/20260724_1628_image6_rot60.jpg,20260724,5
42_834_9,42,data/raw/20260731/20260731_1717_image272_sup.jpg,20260731,5
28_1055_0,28,data/raw/20260804/20260804_1711_image212.jpg,20260804,7
29_1073_2,29,data/raw/20260804/20260804_1712_image230_bup.jpg,20260804,0
20_678_7,20,data/raw/20260731/20260731_1701_image115_rot60.jpg,20260731,7
1_6_1,1,data/raw/20260712/20260712_0855_image10_bdw.jpg,20260712,3
19_588_2,19,data/raw/20260731/20260731_1654_image25_bup.jpg,20260731,0
34_599_4,34,data/raw/20260731/20260731_1655_image36_cup.jpg,20260731,13
28_1052_4,28,data/raw/20260804/20260804_1711_image209_cup.jpg,20260804,7
49_978_6,49,data/raw/20260804/20260804_1703_image135_rot45.jpg,20260804,17
28_783_8,28,data/raw/20260731/20260731_1713_image220_sdw.jpg,20260731,11
8_63_8,8,data/raw/20260715/20260715_1557_image42_sdw.jpg,20260715,0
16_115_6,16,data/raw/20260722/20260722_1659_image19_rot45.jpg,20260722,8
17_121_2,17,data/raw/20260722/20260722_1700_image25_bup.jpg,20260722,17
2_228_6,2,data/raw/20260724/20260724_1628_image6_rot45.jpg,20260724,5
43_505_2,43,data/raw/20260727/20260727_1736_image262_bup.jpg,20260727,2
45_902_2,45,data/raw/20260804/20260804_1657_image59_bup.jpg,20260804,7
33_265_8,33,data/raw/20260727/20260727_1707_image21_sdw.jpg,20260727,12
18_261_6,18,data/raw/20260727/20260727_1707_image17_rot45.jpg,20260727,0
25_386_9,25,data/raw/20260727/20260727_1722_image143_sup.jpg,20260727,4
33_845_5,33,data/raw/20260804/20260804_1651_image2_rot30.jpg,20260804,4
42_832_0,42,data/raw/20260731/20260731_1717_image270.jpg,20260731,5
42_839_4,42,data/raw/20260731/20260731_1718_image277_cup.jpg,20260731,5
25_709_5,25,data/raw/20260731/20260731_1705_image146_rot30.jpg,20260731,0
22_636_9,22,data/raw/20260731/20260731_1658_image73_sup.jpg,20260731,13
4_26_2,4,data/raw/20260715/20260715_1554_image13_bup.jpg,20260715,9
1_6_4,1,data/raw/20260712/20260712_0855_image10_cup.jpg,20260712,3
2_544_1,2,data/raw/20260729/20260729_1659_image11_bdw.jpg,20260729,0
20_992_6,20,data/raw/20260804/20260804_1704_image149_rot45.jpg,20260804,3
34_886_5,34,data/raw/20260804/20260804_1654_image43_rot30.jpg,20260804,9
28_1044_8,28,data/raw/20260804/20260804_1711_image201_sdw.jpg,20260804,7
44_516_8,44,data/raw/20260727/20260727_1737_image273_sdw.jpg,20260727,15
53_1180_5,53,data/raw/20260804/20260804_1721_image337_rot30.jpg,20260804,4
25_713_5,25,data/raw/20260731/20260731_1706_image150_rot30.jpg,20260731,0
28_782_8,28,data/raw/20260731/20260731_1713_image219_sdw.jpg,20260731,11
33_576_2,33,data/raw/20260731/20260731_1653_image13_bup.jpg,20260731,8
20_164_0,20,data/raw/20260722/20260722_1744_image68.jpg,20260722,16
20_986_2,20,data/raw/20260804/20260804_1704_image143_bup.jpg,20260804,3
49_972_7,49,data/raw/20260804/20260804_1703_image129_rot60.jpg,20260804,17
43_1210_6,43,data/raw/20260804/20260804_1723_image367_rot45.jpg,20260804,0
5_286_9,5,data/raw/20260727/20260727_1709_image43_sup.jpg,20260727,0
39_1166_1,39,data/raw/20260804/20260804_1719_image323_bdw.jpg,20260804,0
21_169_4,21,data/raw/20260722/20260722_1746_image73_cup.jpg,20260722,3
30_483_6,30,data/raw/20260727/20260727_1735_image240_rot45.jpg,20260727,0
14_442_6,14,data/raw/20260727/20260727_1727_image199_rot45.jpg,20260727,4
28_771_9,28,data/raw/20260731/20260731_1712_image208_sup.jpg,20260731,11
52_1112_0,52,data/raw/20260804/20260804_1715_image269.jpg,20260804,10
36_362_9,36,data/raw/20260727/20260727_1716_image119_sup.jpg,20260727,4
51_1085_1,51,data/raw/20260804/20260804_1713_image242_bdw.jpg,20260804,0
39_453_6,39,data/raw/20260727/20260727_1730_image210_rot45.jpg,20260727,4
28_1059_5,28,data/raw/20260804/20260804_1711_image216_rot30.jpg,20260804,7
20_946_2,20,data/raw/20260804/20260804_1702_image103_bup.jpg,20260804,3
26_391_5,26,data/raw/20260727/20260727_1722_image148_rot30.jpg,20260727,0
22_612_4,22,data/raw/20260731/20260731_1656_image49_cup.jpg,20260731,13
20_999_2,20,data/raw/20260804/20260804_1704_image156_bup.jpg,20260804,3
25_382_3,25,data/raw/20260727/20260727_1722_image139_cdw.jpg,20260727,4
26_193_5,26,data/raw/20260722/20260722_1802_image97_rot30.jpg,20260722,5
45_908_7,45,data/raw/20260804/20260804_1657_image65_rot60.jpg,20260804,7
3_33_5,3,data/raw/20260715/20260715_1554_image7_rot30.jpg,20260715,0
20_936_0,20,data/raw/20260804/20260804_1701_image93.jpg,20260804,3
35_327_0,35,data/raw/20260727/20260727_1712_image84.jpg,20260727,22
53_1195_2,53,data/raw/20260804/20260804_1722_image352_bup.jpg,20260804,4
9_318_5,9,data/raw/20260727/20260727_1711_image75_rot30.jpg,20260727,4
19_583_4,19,data/raw/20260731/20260731_1654_image20_cup.jpg,20260731,0
39_726_7,39,data/raw/20260731/20260731_1707_image163_rot60.jpg,20260731,0
4_289_8,4,data/raw/20260727/20260727_1709_image46_sdw.jpg,20260727,0
25_386_3,25,data/raw/20260727/20260727_1722_image143_cdw.jpg,20260727,4
9_69_5,9,data/raw/20260715/20260715_1557_image48_rot30.jpg,20260715,16
17_119_9,17,data/raw/20260722/20260722_1659_image23_sup.jpg,20260722,17
29_793_3,29,data/raw/20260731/20260731_1713_image230_cdw.jpg,20260731,0
43_1197_7,43,data/raw/20260804/20260804_1722_image354_rot60.jpg,20260804,0
47_1094_0,47,data/raw/20260804/20260804_1714_image251.jpg,20260804,11
38_1126_6,38,data/raw/20260804/20260804_1716_image283_rot45.jpg,20260804,7
10_83_4,10,data/raw/20260715/20260715_1600_image62_cup.jpg,20260715,5
15_110_4,15,data/raw/20260722/20260722_1658_image15_cup.jpg,20260722,0
46_694_7,46,data/raw/20260731/20260731_1703_image131_rot60.jpg,20260731,2
4_54_1,4,data/raw/20260715/20260715_1556_image33_bdw.jpg,20260715,9
12_97_9,12,data/raw/20260722/20260722_1656_image1_sup.jpg,20260722,16
43_508_0,43,data/raw/20260727/20260727_1737_image265.jpg,20260727,2
28_760_3,28,data/raw/20260731/20260731_1711_image197_cdw.jpg,20260731,11
17_125_8,17,data/raw/20260722/20260722_1702_image29_sdw.jpg,20260722,17
19_149_0,19,data/raw/20260722/20260722_1743_image53.jpg,20260722,9
45_912_4,45,data/raw/20260804/20260804_1658_image69_cup.jpg,20260804,7
2_16_4,2,data/raw/20260714/20260714_1016_image3_cup.jpg,20260714,15
39_476_3,39,data/raw/20260727/20260727_1733_image233_cdw.jpg,20260727,4
38_406_5,38,data/raw/20260727/20260727_1723_image163_rot30.jpg,20260727,15
33_276_2,33,data/raw/20260727/20260727_1708_image32_bup.jpg,20260727,12
37_617_1,37,data/raw/20260731/20260731_1656_image54_bdw.jpg,20260731,4
26_390_1,26,data/raw/20260727/20260727_1722_image147_bdw.jpg,20260727,0
20_334_2,20,data/raw/20260727/20260727_1712_image91_bup.jpg,20260727,11
18_258_4,18,data/raw/20260727/20260727_1707_image14_cup.jpg,20260727,0
52_1106_9,52,data/raw/20260804/20260804_1715_image263_sup.jpg,20260804,10
39_734_8,39,data/raw/20260731/20260731_1708_image171_sdw.jpg,20260731,0
28_1049_5,28,data/raw/20260804/20260804_1711_image206_rot30.jpg,20260804,7
33_573_5,33,data/raw/20260731/20260731_1653_image10_rot30.jpg,20260731,8
36_366_6,36,data/raw/20260727/20260727_1717_image123_rot45.jpg,20260727,4
39_1155_6,39,data/raw/20260804/20260804_1719_image312_rot45.jpg,20260804,0
28_1051_7,28,data/raw/20260804/20260804_1711_image208_rot60.jpg,20260804,7
38_1136_6,38,data/raw/20260804/20260804_1717_image293_rot45.jpg,20260804,7
28_419_7,28,data/raw/20260727/20260727_1725_image176_rot60.jpg,20260727,15
24_1006_2,24,data/raw/20260804/20260804_1705_image163_bup.jpg,20260804,0
34_873_6,34,data/raw/20260804/20260804_1654_image30_rot45.jpg,20260804,9
50_1022_6,50,data/raw/20260804/20260804_1710_image179_rot45.jpg,20260804,15
40_741_8,40,data/raw/20260731/20260731_1709_image178_sdw.jpg,20260731,2
38_1135_5,38,data/raw/20260804/20260804_1717_image292_rot30.jpg,20260804,7
25_706_9,25,data/raw/20260731/20260731_1705_image143_sup.jpg,20260731,0
19_896_9,19,data/raw/20260804/20260804_1655_image53_sup.jpg,20260804,0
46_692_2,46,data/raw/20260731/20260731_1703_image129_bup.jpg,20260731,2
39_1158_1,39,data/raw/20260804/20260804_1719_image315_bdw.jpg,20260804,0
2_253_8,2,data/raw/20260727/20260727_1555_image9_sdw.jpg,20260727,2
20_942_4,20,data/raw/20260804/20260804_1701_image99_cup.jpg,20260804,3
19_894_9,19,data/raw/20260804/20260804_1655_image51_sup.jpg,20260804,0
2_548_5,2,data/raw/20260729/20260729_1700_image15_rot30.jpg,20260729,0
38_1122_9,38,data/raw/20260804/20260804_1716_image279_sup.jpg,20260804,7
48_803_4,48,data/raw/20260731/20260731_1715_image241_cup.jpg,20260731,4
40_739_3,40,data/raw/20260731/20260731_1709_image176_cdw.jpg,20260731,2
25_185_6,25,data/raw/20260722/20260722_1802_image89_rot45.jpg,20260722,9
29_791_1,29,data/raw/20260731/20260731_1713_image228_bdw.jpg,20260731,0
19_587_5,19,data/raw/20260731/20260731_1654_image24_rot30.jpg,20260731,0
28_424_2,28,data/raw/20260727/20260727_1725_image181_bup.jpg,20260727,15
28_765_7,28,data/raw/20260731/20260731_1712_image202_rot60.jpg,20260731,11
47_1101_8,47,data/raw/20260804/20260804_1714_image258_sdw.jpg,20260804,11
2_249_1,2,data/raw/20260727/20260727_1555_image5_bdw.jpg,20260727,2
24_344_6,24,data/raw/20260727/20260727_1713_image101_rot45.jpg,20260727,3
50_1034_9,50,data/raw/20260804/20260804_1710_image191_sup.jpg,20260804,15
47_759_4,47,data/raw/20260731/20260731_1711_image196_cup.jpg,20260731,15
45_644_1,45,data/raw/20260731/20260731_1659_image81_bdw.jpg,20260731,11
45_638_3,45,data/raw/20260731/20260731_1658_image75_cdw.jpg,20260731,11
29_1065_2,29,data/raw/20260804/20260804_1712_image222_bup.jpg,20260804,0
5_37_2,5,data/raw/20260715/20260715_1555_image16_bup.jpg,20260715,12
42_1214_0,42,data/raw/20260804/20260804_1723_image371.jpg,20260804,1
46_699_1,46,data/raw/20260731/20260731_1703_image136_bdw.jpg,20260731,2
28_768_6,28,data/raw/20260731/20260731_1712_image205_rot45.jpg,20260731,11
8_65_9,8,data/raw/20260715/20260715_1557_image44_sup.jpg,20260715,0
30_216_2,30,data/raw/20260722/20260722_1813_image120_bup.jpg,20260722,5
17_123_5,17,data/raw/20260722/20260722_1700_image27_rot30.jpg,20260722,17
48_806_1,48,data/raw/20260731/20260731_1716_image244_bdw.jpg,20260731,4
29_1071_6,29,data/raw/20260804/20260804_1712_image228_rot45.jpg,20260804,0
17_128_4,17,data/raw/20260722/20260722_1703_image32_cup.jpg,20260722,17
14_745_2,14,data/raw/20260731/20260731_1709_image182_bup.jpg,20260731,15
2_20_7,2,data/raw/20260714/20260714_1017_image7_rot60.jpg,20260714,15
37_921_9,37,data/raw/20260804/20260804_1659_image78_sup.jpg,20260804,0
11_84_7,11,data/raw/20260715/20260715_1600_image63_rot60.jpg,20260715,4
43_500_1,43,data/raw/20260727/20260727_1736_image257_bdw.jpg,20260727,2
42_843_9,42,data/raw/20260731/20260731_1718_image281_sup.jpg,20260731,5
4_277_1,4,data/raw/20260727/20260727_1708_image34_bdw.jpg,20260727,0
37_633_4,37,data/raw/20260731/20260731_1658_image70_cup.jpg,20260731,4
20_996_7,20,data/raw/20260804/20260804_1704_image153_rot60.jpg,20260804,3
7_51_4,7,data/raw/20260715/20260715_1556_image30_cup.jpg,20260715,0
30_484_4,30,data/raw/20260727/20260727_1735_image241_cup.jpg,20260727,0
20_935_4,20,data/raw/20260804/20260804_1701_image92_cup.jpg,20260804,3
28_764_0,28,data/raw/20260731/20260731_1712_image201.jpg,20260731,11
19_304_5,19,data/raw/20260727/20260727_1710_image61_rot30.jpg,20260727,4
43_826_4,43,data/raw/20260731/20260731_1717_image264_cup.jpg,20260731,0
50_1024_9,50,data/raw/20260804/20260804_1710_image181_sup.jpg,20260804,15
28_787_7,28,data/raw/20260731/20260731_1713_image224_rot60.jpg,20260731,11
25_188_3,25,data/raw/20260722/20260722_1802_image92_cdw.jpg,20260722,9
22_860_1,22,data/raw/20260804/20260804_1652_image17_bdw.jpg,20260804,9
20_947_2,20,data/raw/20260804/20260804_1702_image104_bup.jpg,20260804,3
38_1125_0,38,data/raw/20260804/20260804_1716_image282.jpg,20260804,7
39_454_9,39,data/raw/20260727/20260727_1730_image211_sup.jpg,20260727,4
4_278_3,4,data/raw/20260727/20260727_1708_image35_cdw.jpg,20260727,0
17_130_7,17,data/raw/20260722/20260722_1703_image34_rot60.jpg,20260722,17
12_101_7,12,data/raw/20260722/20260722_1656_image5_rot60.jpg,20260722,16
52_1117_0,52,data/raw/20260804/20260804_1716_image274.jpg,20260804,10
2_547_5,2,data/raw/20260729/20260729_1700_image14_rot30.jpg,20260729,0
20_945_7,20,data/raw/20260804/20260804_1701_image102_rot60.jpg,20260804,3
43_819_1,43,data/raw/20260731/20260731_1716_image257_bdw.jpg,20260731,0
30_215_0,30,data/raw/20260722/20260722_1813_image119.jpg,20260722,5
2_537_8,2,data/raw/20260729/20260729_1659_image4_sdw.jpg,20260729,0
28_419_2,28,data/raw/20260727/20260727_1725_image176_bup.jpg,20260727,15
25_709_3,25,data/raw/20260731/20260731_1705_image146_cdw.jpg,20260731,0
49_975_6,49,data/raw/20260804/20260804_1703_image132_rot45.jpg,20260804,17
42_833_9,42,data/raw/20260731/20260731_1717_image271_sup.jpg,20260731,5
28_198_5,28,data/raw/20260722/20260722_1803_image103_rot30.jpg,20260722,20
39_729_7,39,data/raw/20260731/20260731_1707_image166_rot60.jpg,20260731,0
45_647_8,45,data/raw/20260731/20260731_1659_image84_sdw.jpg,20260731,11
42_838_6,42,data/raw/20260731/20260731_1718_image276_rot45.jpg,20260731,5
20_353_5,20,data/raw/20260727/20260727_1714_image110_rot30.jpg,20260727,11
34_883_7,34,data/raw/20260804/20260804_1654_image40_rot60.jpg,20260804,9
50_1035_7,50,data/raw/20260804/20260804_1710_image192_rot60.jpg,20260804,15
28_765_3,28,data/raw/20260731/20260731_1712_image202_cdw.jpg,20260731,11
9_67_1,9,data/raw/20260715/20260715_1557_image46_bdw.jpg,20260715,16
43_504_7,43,data/raw/20260727/20260727_1736_image261_rot60.jpg,20260727,2
28_1054_3,28,data/raw/20260804/20260804_1711_image211_cdw.jpg,20260804,7
38_1124_1,38,data/raw/20260804/20260804_1716_image281_bdw.jpg,20260804,7
37_630_4,37,data/raw/20260731/20260731_1657_image67_cup.jpg,20260731,4
9_322_1,9,data/raw/20260727/20260727_1711_image79_bdw.jpg,20260727,4
43_506_3,43,data/raw/20260727/20260727_1736_image263_cdw.jpg,20260727,2
29_1069_6,29,data/raw/20260804/20260804_1712_image226_rot45.jpg,20260804,0
43_1197_6,43,data/raw/20260804/20260804_1722_image354_rot45.jpg,20260804,0
22_868_8,22,data/raw/20260804/20260804_1653_image25_sdw.jpg,20260804,9
39_1162_0,39,data/raw/20260804/20260804_1719_image319.jpg,20260804,0
38_717_3,38,data/raw/20260731/20260731_1706_image154_cdw.jpg,20260731,11
13_107_3,13,data/raw/20260722/20260722_1658_image12_cdw.jpg,20260722,8
35_327_3,35,data/raw/20260727/20260727_1712_image84_cdw.jpg,20260727,22
28_785_8,28,data/raw/20260731/20260731_1713_image222_sdw.jpg,20260731,11
34_599_3,34,data/raw/20260731/20260731_1655_image36_cdw.jpg,20260731,13
31_219_6,31,data/raw/20260722/20260722_1814_image123_rot45.jpg,20260722,5
28_779_5,28,data/raw/20260731/20260731_1713_image216_rot30.jpg,20260731,11
25_705_5,25,data/raw/20260731/20260731_1705_image142_rot30.jpg,20260731,0
10_81_8,10,data/raw/20260715/20260715_1600_image60_sdw.jpg,20260715,5
25_204_5,25,data/raw/20260722/20260722_1803_image99_rot30.jpg,20260722,9
45_638_0,45,data/raw/20260731/20260731_1658_image75.jpg,20260731,11
43_1207_8,43,data/raw/20260804/20260804_1723_image364_sdw.jpg,20260804,0
38_721_2,38,data/raw/20260731/20260731_1706_image158_bup.jpg,20260731,11
45_905_3,45,data/raw/20260804/20260804_1657_image62_cdw.jpg,20260804,7
2_244_2,2,data/raw/20260726/20260726_1337_image10_bup.jpg,20260726,3
25_708_6,25,data/raw/20260731/20260731_1705_image145_rot45.jpg,20260731,0
28_779_3,28,data/raw/20260731/20260731_1713_image216_cdw.jpg,20260731,11
43_1211_1,43,data/raw/20260804/20260804_1723_image368_bdw.jpg,20260804,0
33_844_4,33,data/raw/20260804/20260804_1651_image1_cup.jpg,20260804,4
26_191_3,26,data/raw/20260722/20260722_1802_image95_cdw.jpg,20260722,5
50_1024_7,50,data/raw/20260804/20260804_1710_image181_rot60.jpg,20260804,15
39_732_3,39,data/raw/20260731/20260731_1708_image169_cdw.jpg,20260731,0
19_379_3,19,data/raw/20260727/20260727_1720_image136_cdw.jpg,20260727,4
30_532_3,30,data/raw/20260727/20260727_1739_image289_cdw.jpg,20260727,0
33_857_6,33,data/raw/20260804/20260804_1652_image14_rot45.jpg,20260804,4
24_691_9,24,data/raw/20260731/20260731_1702_image128_sup.jpg,20260731,0
25_704_0,25,data/raw/20260731/20260731_1705_image141.jpg,20260731,0
20_352_5,20,data/raw/20260727/20260727_1714_image109_rot30.jpg,20260727,11
31_525_3,31,data/raw/20260727/20260727_1738_image282_cdw.jpg,20260727,0
2_545_1,2,data/raw/20260729/20260729_1659_image12_bdw.jpg,20260729,0
2_544_7,2,data/raw/20260729/20260729_1659_image11_rot60.jpg,20260729,0
50_1030_2,50,data/raw/20260804/20260804_1710_image187_bup.jpg,20260804,15
9_319_6,9,data/raw/20260727/20260727_1711_image76_rot45.jpg,20260727,4
31_525_4,31,data/raw/20260727/20260727_1738_image282_cup.jpg,20260727,0
38_1136_1,38,data/raw/20260804/20260804_1717_image293_bdw.jpg,20260804,7
33_845_1,33,data/raw/20260804/20260804_1651_image2_bdw.jpg,20260804,4
2_546_5,2,data/raw/20260729/20260729_1659_image13_rot30.jpg,20260729,0
52_1109_3,52,data/raw/20260804/20260804_1715_image266_cdw.jpg,20260804,10
28_1049_7,28,data/raw/20260804/20260804_1711_image206_rot60.jpg,20260804,7
39_474_6,39,data/raw/20260727/20260727_1731_image231_rot45.jpg,20260727,4
9_68_4,9,data/raw/20260715/20260715_1557_image47_cup.jpg,20260715,16
4_282_9,4,data/raw/20260727/20260727_1709_image39_sup.jpg,20260727,0
28_1044_1,28,data/raw/20260804/20260804_1711_image201_bdw.jpg,20260804,7
28_1057_2,28,data/raw/20260804/20260804_1711_image214_bup.jpg,20260804,7
38_411_7,38,data/raw/20260727/20260727_1724_image168_rot60.jpg,20260727,15
20_175_1,20,data/raw/20260722/20260722_1757_image79_bdw.jpg,20260722,5
9_953_3,9,data/raw/20260804/20260804_1702_image110_cdw.jpg,20260804,0
37_634_2,37,data/raw/20260731/20260731_1658_image71_bup.jpg,20260731,4
13_105_3,13,data/raw/20260722/20260722_1658_image10_cdw.jpg,20260722,8
43_819_2,43,data/raw/20260731/20260731_1716_image257_bup.jpg,20260731,0
22_930_3,22,data/raw/20260804/20260804_1700_image87_cdw.jpg,20260804,9
39_457_3,39,data/raw/20260727/20260727_1730_image214_cdw.jpg,20260727,4
46_697_4,46,data/raw/20260731/20260731_1703_image134_cup.jpg,20260731,2
43_503_6,43,data/raw/20260727/20260727_1736_image260_rot45.jpg,20260727,2
17_130_1,17,data/raw/20260722/20260722_1703_image34_bdw.jpg,20260722,17
43_504_5,43,data/raw/20260727/20260727_1736_image261_rot30.jpg,20260727,2
50_1036_7,50,data/raw/20260804/20260804_1710_image193_rot60.jpg,20260804,15
33_565_7,33,data/raw/20260731/20260731_1653_image2_rot60.jpg,20260731,8
43_508_2,43,data/raw/20260727/20260727_1737_image265_bup.jpg,20260727,2
2_226_7,2,data/raw/20260724/20260724_1628_image4_rot60.jpg,20260724,5
45_910_1,45,data/raw/20260804/20260804_1658_image67_bdw.jpg,20260804,7
3_34_1,3,data/raw/20260715/20260715_1554_image8_bdw.jpg,20260715,0
49_981_1,49,data/raw/20260804/20260804_1703_image138_bdw.jpg,20260804,17
42_827_0,42,data/raw/20260731/20260731_1717_image265.jpg,20260731,5
33_564_3,33,data/raw/20260731/20260731_1653_image1_cdw.jpg,20260731,8
28_774_5,28,data/raw/20260731/20260731_1712_image211_rot30.jpg,20260731,11
5_286_8,5,data/raw/20260727/20260727_1709_image43_sdw.jpg,20260727,0
42_490_8,42,data/raw/20260727/20260727_1736_image247_sdw.jpg,20260727,9
39_465_0,39,data/raw/20260727/20260727_1730_image222.jpg,20260727,4
39_734_6,39,data/raw/20260731/20260731_1708_image171_rot45.jpg,20260731,0
38_1134_6,38,data/raw/20260804/20260804_1717_image291_rot45.jpg,20260804,7
51_1084_0,51,data/raw/20260804/20260804_1713_image241.jpg,20260804,0
33_568_8,33,data/raw/20260731/20260731_1653_image5_sdw.jpg,20260731,8
28_1050_8,28,data/raw/20260804/20260804_1711_image207_sdw.jpg,20260804,7
45_644_6,45,data/raw/20260731/20260731_1659_image81_rot45.jpg,20260731,11
38_717_0,38,data/raw/20260731/20260731_1706_image154.jpg,20260731,11
19_590_9,19,data/raw/20260731/20260731_1654_image27_sup.jpg,20260731,0
4_25_2,4,data/raw/20260715/20260715_1554_image12_bup.jpg,20260715,9
21_168_7,21,data/raw/20260722/20260722_1745_image72_rot60.jpg,20260722,3
53_1185_2,53,data/raw/20260804/20260804_1722_image342_bup.jpg,20260804,4
2_251_7,2,data/raw/20260727/20260727_1555_image7_rot60.jpg,20260727,2
24_683_8,24,data/raw/20260731/20260731_1702_image120_sdw.jpg,20260731,0
20_335_6,20,data/raw/20260727/20260727_1712_image92_rot45.jpg,20260727,11
20_664_7,20,data/raw/20260731/20260731_1700_image101_rot60.jpg,20260731,7
24_688_1,24,data/raw/20260731/20260731_1702_image125_bdw.jpg,20260731,0
43_813_8,43,data/raw/20260731/20260731_1716_image251_sdw.jpg,20260731,0
24_339_8,24,data/raw/20260727/20260727_1713_image96_sdw.jpg,20260727,3
2_91_5,2,data/raw/20260720/20260720_1503_image3_rot30.jpg,20260720,9
31_527_4,31,data/raw/20260727/20260727_1738_image284_cup.jpg,20260727,0
2_18_6,2,data/raw/20260714/20260714_1017_image5_rot45.jpg,20260714,15
20_670_5,20,data/raw/20260731/20260731_1701_image107_rot30.jpg,20260731,7
28_1044_4,28,data/raw/20260804/20260804_1711_image201_cup.jpg,20260804,7
19_891_3,19,data/raw/20260804/20260804_1655_image48_cdw.jpg,20260804,0
18_134_1,18,data/raw/20260722/20260722_1742_image38_bdw.jpg,20260722,5
2_20_0,2,data/raw/20260714/20260714_1017_image7.jpg,20260714,15
19_890_2,19,data/raw/20260804/20260804_1655_image47_bup.jpg,20260804,0
2_536_6,2,data/raw/20260729/20260729_1659_image3_rot45.jpg,20260729,0
14_433_9,14,data/raw/20260727/20260727_1726_image190_sup.jpg,20260727,4
38_404_4,38,data/raw/20260727/20260727_1723_image161_cup.jpg,20260727,15
20_947_3,20,data/raw/20260804/20260804_1702_image104_cdw.jpg,20260804,3
20_939_2,20,data/raw/20260804/20260804_1701_image96_bup.jpg,20260804,3
2_248_6,2,data/raw/20260727/20260727_1555_image4_rot45.jpg,20260727,2
26_191_0,26,data/raw/20260722/20260722_1802_image95.jpg,20260722,5
9_652_4,9,data/raw/20260731/20260731_1700_image89_cup.jpg,20260731,0
2_95_2,2,data/raw/20260720/20260720_1503_image7_bup.jpg,20260720,9
38_1124_2,38,data/raw/20260804/20260804_1716_image281_bup.jpg,20260804,7
20_662_3,20,data/raw/20260731/20260731_1700_image99_cdw.jpg,20260731,7
43_1201_3,43,data/raw/20260804/20260804_1722_image358_cdw.jpg,20260804,0
24_685_2,24,data/raw/20260731/20260731_1702_image122_bup.jpg,20260731,0
9_314_5,9,data/raw/20260727/20260727_1711_image71_rot30.jpg,20260727,4
24_1005_5,24,data/raw/20260804/20260804_1705_image162_rot30.jpg,20260804,0
28_428_5,28,data/raw/20260727/20260727_1725_image185_rot30.jpg,20260727,15
9_956_5,9,data/raw/20260804/20260804_1702_image113_rot30.jpg,20260804,0
2_535_5,2,data/raw/20260729/20260729_1659_image2_rot30.jpg,20260729,0
33_267_5,33,data/raw/20260727/20260727_1707_image23_rot30.jpg,20260727,12
31_528_1,31,data/raw/20260727/20260727_1738_image285_bdw.jpg,20260727,0
30_484_6,30,data/raw/20260727/20260727_1735_image241_rot45.jpg,20260727,0
9_317_2,9,data/raw/20260727/20260727_1711_image74_bup.jpg,20260727,4
31_525_6,31,data/raw/20260727/20260727_1738_image282_rot45.jpg,20260727,0
42_489_5,42,data/raw/20260727/20260727_1736_image246_rot30.jpg,20260727,9
42_1219_0,42,data/raw/20260804/20260804_1724_image376.jpg,20260804,1
25_187_9,25,data/raw/20260722/20260722_1802_image91_sup.jpg,20260722,9
19_376_5,19,data/raw/20260727/20260727_1720_image133_rot30.jpg,20260727,4
39_459_9,39,data/raw/20260727/20260727_1730_image216_sup.jpg,20260727,4
43_499_0,43,data/raw/20260727/20260727_1736_image256.jpg,20260727,2
31_528_3,31,data/raw/20260727/20260727_1738_image285_cdw.jpg,20260727,0
39_1166_5,39,data/raw/20260804/20260804_1719_image323_rot30.jpg,20260804,0
43_1206_4,43,data/raw/20260804/20260804_1723_image363_cup.jpg,20260804,0
2_247_6,2,data/raw/20260727/20260727_1555_image3_rot45.jpg,20260727,2
43_1213_0,43,data/raw/20260804/20260804_1723_image370.jpg,20260804,0
51_1080_8,51,data/raw/20260804/20260804_1713_image237_sdw.jpg,20260804,0
24_181_3,24,data/raw/20260722/20260722_1758_image85_cdw.jpg,20260722,8
9_318_9,9,data/raw/20260727/20260727_1711_image75_sup.jpg,20260727,4
6_57_1,6,data/raw/20260715/20260715_1556_image36_bdw.jpg,20260715,5
37_631_8,37,data/raw/20260731/20260731_1658_image68_sdw.jpg,20260731,4
8_158_5,8,data/raw/20260722/20260722_1743_image62_rot30.jpg,20260722,0
25_706_1,25,data/raw/20260731/20260731_1705_image143_bdw.jpg,20260731,0
38_1152_1,38,data/raw/20260804/20260804_1718_image309_bdw.jpg,20260804,7
46_699_5,46,data/raw/20260731/20260731_1703_image136_rot30.jpg,20260731,2
33_845_8,33,data/raw/20260804/20260804_1651_image2_sdw.jpg,20260804,4
34_300_9,34,data/raw/20260727/20260727_1710_image57_sup.jpg,20260727,17
45_910_3,45,data/raw/20260804/20260804_1658_image67_cdw.jpg,20260804,7
42_1217_2,42,data/raw/20260804/20260804_1723_image374_bup.jpg,20260804,1
34_298_4,34,data/raw/20260727/20260727_1710_image55_cup.jpg,20260727,17
37_920_6,37,data/raw/20260804/20260804_1659_image77_rot45.jpg,20260804,0
48_809_6,48,data/raw/20260731/20260731_1716_image247_rot45.jpg,20260731,4
37_370_4,37,data/raw/20260727/20260727_1717_image127_cup.jpg,20260727,8
22_172_4,22,data/raw/20260722/20260722_1746_image76_cup.jpg,20260722,22
38_407_2,38,data/raw/20260727/20260727_1723_image164_bup.jpg,20260727,15
47_1097_2,47,data/raw/20260804/20260804_1714_image254_bup.jpg,20260804,11
20_946_4,20,data/raw/20260804/20260804_1702_image103_cup.jpg,20260804,3
24_689_7,24,data/raw/20260731/20260731_1702_image126_rot60.jpg,20260731,0
11_87_3,11,data/raw/20260715/20260715_1600_image66_cdw.jpg,20260715,4
31_529_3,31,data/raw/20260727/20260727_1738_image286_cdw.jpg,20260727,0
42_495_1,42,data/raw/20260727/20260727_1736_image252_bdw.jpg,20260727,9
39_733_3,39,data/raw/20260731/20260731_1708_image170_cdw.jpg,20260731,0
33_565_6,33,data/raw/20260731/20260731_1653_image2_rot45.jpg,20260731,8
39_1167_0,39,data/raw/20260804/20260804_1720_image324.jpg,20260804,0
3_29_5,3,data/raw/20260715/20260715_1554_image3_rot30.jpg,20260715,0
42_840_1,42,data/raw/20260731/20260731_1718_image278_bdw.jpg,20260731,5
49_966_4,49,data/raw/20260804/20260804_1703_image123_cup.jpg,20260804,17
44_515_3,44,data/raw/20260727/20260727_1737_image272_cdw.jpg,20260727,15
29_1071_7,29,data/raw/20260804/20260804_1712_image228_rot60.jpg,20260804,0
30_487_4,30,data/raw/20260727/20260727_1735_image244_cup.jpg,20260727,0
47_754_2,47,data/raw/20260731/20260731_1711_image191_bup.jpg,20260731,15
24_691_1,24,data/raw/20260731/20260731_1702_image128_bdw.jpg,20260731,0
48_807_0,48,data/raw/20260731/20260731_1716_image245.jpg,20260731,4
24_1009_7,24,data/raw/20260804/20260804_1705_image166_rot60.jpg,20260804,0
34_607_9,34,data/raw/20260731/20260731_1656_image44_sup.jpg,20260731,13
28_425_3,28,data/raw/20260727/20260727_1725_image182_cdw.jpg,20260727,15
24_1008_8,24,data/raw/20260804/20260804_1705_image165_sdw.jpg,20260804,0
46_700_6,46,data/raw/20260731/20260731_1703_image137_rot45.jpg,20260731,2
14_443_0,14,data/raw/20260727/20260727_1727_image200.jpg,20260727,4
2_546_1,2,data/raw/20260729/20260729_1659_image13_bdw.jpg,20260729,0
34_881_8,34,data/raw/20260804/20260804_1654_image38_sdw.jpg,20260804,9
52_1119_8,52,data/raw/20260804/20260804_1716_image276_sdw.jpg,20260804,10
30_533_4,30,data/raw/20260727/20260727_1739_image290_cup.jpg,20260727,0
28_429_8,28,data/raw/20260727/20260727_1726_image186_sdw.jpg,20260727,15
20_934_0,20,data/raw/20260804/20260804_1701_image91.jpg,20260804,3
28_432_0,28,data/raw/20260727/20260727_1726_image189.jpg,20260727,15
2_243_5,2,data/raw/20260726/20260726_1337_image9_rot30.jpg,20260726,3
37_632_1,37,data/raw/20260731/20260731_1658_image69_bdw.jpg,20260731,4
52_1116_5,52,data/raw/20260804/20260804_1716_image273_rot30.jpg,20260804,10
20_940_8,20,data/raw/20260804/20260804_1701_image97_sdw.jpg,20260804,3
22_612_2,22,data/raw/20260731/20260731_1656_image49_bup.jpg,20260731,13
25_380_2,25,data/raw/20260727/20260727_1722_image137_bup.jpg,20260727,4
2_18_5,2,data/raw/20260714/20260714_1017_image5_rot30.jpg,20260714,15
40_742_1,40,data/raw/20260731/20260731_1709_image179_bdw.jpg,20260731,2
42_829_0,42,data/raw/20260731/20260731_1717_image267.jpg,20260731,5
39_461_3,39,data/raw/20260727/20260727_1730_image218_cdw.jpg,20260727,4
33_564_1,33,data/raw/20260731/20260731_1653_image1_bdw.jpg,20260731,8
9_655_2,9,data/raw/20260731/20260731_1700_image92_bup.jpg,20260731,0
20_984_4,20,data/raw/20260804/20260804_1704_image141_cup.jpg,20260804,3
39_460_0,39,data/raw/20260727/20260727_1730_image217.jpg,20260727,4
28_783_6,28,data/raw/20260731/20260731_1713_image220_rot45.jpg,20260731,11
25_185_0,25,data/raw/20260722/20260722_1802_image89.jpg,20260722,9
1_4_4,1,data/raw/20260712/20260712_0854_image4_cup.jpg,20260712,3
2_15_1,2,data/raw/20260714/20260714_1016_image2_bdw.jpg,20260714,15
17_127_5,17,data/raw/20260722/20260722_1702_image31_rot30.jpg,20260722,17
51_1081_2,51,data/raw/20260804/20260804_1713_image238_bup.jpg,20260804,0
5_287_7,5,data/raw/20260727/20260727_1709_image44_rot60.jpg,20260727,0
51_1084_1,51,data/raw/20260804/20260804_1713_image241_bdw.jpg,20260804,0
38_719_7,38,data/raw/20260731/20260731_1706_image156_rot60.jpg,20260731,11
42_827_4,42,data/raw/20260731/20260731_1717_image265_cup.jpg,20260731,5
17_130_4,17,data/raw/20260722/20260722_1703_image34_cup.jpg,20260722,17
19_310_9,19,data/raw/20260727/20260727_1710_image67_sup.jpg,20260727,4
14_436_0,14,data/raw/20260727/20260727_1726_image193.jpg,20260727,4
9_953_5,9,data/raw/20260804/20260804_1702_image110_rot30.jpg,20260804,0
40_469_7,40,data/raw/20260727/20260727_1731_image226_rot60.jpg,20260727,6
38_1138_9,38,data/raw/20260804/20260804_1717_image295_sup.jpg,20260804,7
53_1194_3,53,data/raw/20260804/20260804_1722_image351_cdw.jpg,20260804,4
29_412_8,29,data/raw/20260727/20260727_1724_image169_sdw.jpg,20260727,0
43_815_5,43,data/raw/20260731/20260731_1716_image253_rot30.jpg,20260731,0
24_354_2,24,data/raw/20260727/20260727_1714_image111_bup.jpg,20260727,3
2_549_6,2,data/raw/20260729/20260729_1700_image16_rot45.jpg,20260729,0
38_408_6,38,data/raw/20260727/20260727_1723_image165_rot45.jpg,20260727,15
5_142_7,5,data/raw/20260722/20260722_1743_image46_rot60.jpg,20260722,5
40_1171_0,40,data/raw/20260804/20260804_1720_image328.jpg,20260804,0
20_662_1,20,data/raw/20260731/20260731_1700_image99_bdw.jpg,20260731,7
33_846_9,33,data/raw/20260804/20260804_1651_image3_sup.jpg,20260804,4
50_1022_0,50,data/raw/20260804/20260804_1710_image179.jpg,20260804,15
4_54_9,4,data/raw/20260715/20260715_1556_image33_sup.jpg,20260715,9
24_1008_4,24,data/raw/20260804/20260804_1705_image165_cup.jpg,20260804,0
18_131_2,18,data/raw/20260722/20260722_1742_image35_bup.jpg,20260722,5
19_890_3,19,data/raw/20260804/20260804_1655_image47_cdw.jpg,20260804,0
28_198_4,28,data/raw/20260722/20260722_1803_image103_cup.jpg,20260722,20
40_740_2,40,data/raw/20260731/20260731_1709_image177_bup.jpg,20260731,2
42_494_9,42,data/raw/20260727/20260727_1736_image251_sup.jpg,20260727,9
33_852_4,33,data/raw/20260804/20260804_1651_image9_cup.jpg,20260804,4
4_145_5,4,data/raw/20260722/20260722_1743_image49_rot30.jpg,20260722,2
2_553_3,2,data/raw/20260729/20260729_1700_image20_cdw.jpg,20260729,0
21_312_7,21,data/raw/20260727/20260727_1711_image69_rot60.jpg,20260727,0
29_412_3,29,data/raw/20260727/20260727_1724_image169_cdw.jpg,20260727,0
33_848_6,33,data/raw/20260804/20260804_1651_image5_rot45.jpg,20260804,4
19_898_3,19,data/raw/20260804/20260804_1655_image55_cdw.jpg,20260804,0
4_42_9,4,data/raw/20260715/20260715_1555_image21_sup.jpg,20260715,9
20_1000_3,20,data/raw/20260804/20260804_1704_image157_cdw.jpg,20260804,3
34_871_0,34,data/raw/20260804/20260804_1654_image28.jpg,20260804,9
26_389_4,26,data/raw/20260727/20260727_1722_image146_cup.jpg,20260727,0
8_157_1,8,data/raw/20260722/20260722_1743_image61_bdw.jpg,20260722,0
37_926_0,37,data/raw/20260804/20260804_1659_image83.jpg,20260804,0
33_264_9,33,data/raw/20260727/20260727_1707_image20_sup.jpg,20260727,12
20_1001_6,20,data/raw/20260804/20260804_1704_image158_rot45.jpg,20260804,3
28_428_4,28,data/raw/20260727/20260727_1725_image185_cup.jpg,20260727,15
20_334_6,20,data/raw/20260727/20260727_1712_image91_rot45.jpg,20260727,11
20_175_9,20,data/raw/20260722/20260722_1757_image79_sup.jpg,20260722,5
34_301_0,34,data/raw/20260727/20260727_1710_image58.jpg,20260727,17
38_411_2,38,data/raw/20260727/20260727_1724_image168_bup.jpg,20260727,15
51_1087_8,51,data/raw/20260804/20260804_1713_image244_sdw.jpg,20260804,0
29_794_1,29,data/raw/20260731/20260731_1714_image231_bdw.jpg,20260731,0
50_1032_4,50,data/raw/20260804/20260804_1710_image189_cup.jpg,20260804,15
28_430_3,28,data/raw/20260727/20260727_1726_image187_cdw.jpg,20260727,15
19_590_1,19,data/raw/20260731/20260731_1654_image27_bdw.jpg,20260731,0
2_549_4,2,data/raw/20260729/20260729_1700_image16_cup.jpg,20260729,0
24_1006_8,24,data/raw/20260804/20260804_1705_image163_sdw.jpg,20260804,0
50_1021_1,50,data/raw/20260804/20260804_1710_image178_bdw.jpg,20260804,15
4_24_9,4,data/raw/20260715/20260715_1554_image11_sup.jpg,20260715,9
28_1048_3,28,data/raw/20260804/20260804_1711_image205_cdw.jpg,20260804,7
18_261_4,18,data/raw/20260727/20260727_1707_image17_cup.jpg,20260727,0
25_1146_3,25,data/raw/20260804/20260804_1717_image303_cdw.jpg,20260804,0
20_948_6,20,data/raw/20260804/20260804_1702_image105_rot45.jpg,20260804,3
2_561_3,2,data/raw/20260729/20260729_1701_image28_cdw.jpg,20260729,0
20_999_6,20,data/raw/20260804/20260804_1704_image156_rot45.jpg,20260804,3
2_561_5,2,data/raw/20260729/20260729_1701_image28_rot30.jpg,20260729,0
20_940_1,20,data/raw/20260804/20260804_1701_image97_bdw.jpg,20260804,3
36_366_7,36,data/raw/20260727/20260727_1717_image123_rot60.jpg,20260727,4
42_1216_8,42,data/raw/20260804/20260804_1723_image373_sdw.jpg,20260804,1
28_200_3,28,data/raw/20260722/20260722_1803_image105_cdw.jpg,20260722,20
2_542_0,2,data/raw/20260729/20260729_1659_image9.jpg,20260729,0
2_547_6,2,data/raw/20260729/20260729_1700_image14_rot45.jpg,20260729,0
1_4_2,1,data/raw/20260712/20260712_0854_image4_bup.jpg,20260712,3
28_1057_0,28,data/raw/20260804/20260804_1711_image214.jpg,20260804,7
38_1133_1,38,data/raw/20260804/20260804_1717_image290_bdw.jpg,20260804,7
44_523_2,44,data/raw/20260727/20260727_1738_image280_bup.jpg,20260727,15
20_176_6,20,data/raw/20260722/20260722_1757_image80_rot45.jpg,20260722,5
2_545_6,2,data/raw/20260729/20260729_1659_image12_rot45.jpg,20260729,0
45_641_9,45,data/raw/20260731/20260731_1658_image78_sup.jpg,20260731,11
38_718_6,38,data/raw/20260731/20260731_1706_image155_rot45.jpg,20260731,11
11_85_7,11,data/raw/20260715/20260715_1600_image64_rot60.jpg,20260715,4
28_427_8,28,data/raw/20260727/20260727_1725_image184_sdw.jpg,20260727,15
47_1098_8,47,data/raw/20260804/20260804_1714_image255_sdw.jpg,20260804,11
8_158_4,8,data/raw/20260722/20260722_1743_image62_cup.jpg,20260722,0
20_680_4,20,data/raw/20260731/20260731_1701_image117_cup.jpg,20260731,7
49_974_3,49,data/raw/20260804/20260804_1703_image131_cdw.jpg,20260804,17
39_446_8,39,data/raw/20260727/20260727_1730_image203_sdw.jpg,20260727,4
47_755_3,47,data/raw/20260731/20260731_1711_image192_cdw.jpg,20260731,15
25_386_1,25,data/raw/20260727/20260727_1722_image143_bdw.jpg,20260727,4
20_352_6,20,data/raw/20260727/20260727_1714_image109_rot45.jpg,20260727,11
32_209_2,32,data/raw/20260722/20260722_1807_image113_bup.jpg,20260722,12
17_126_8,17,data/raw/20260722/20260722_1702_image30_sdw.jpg,20260722,17
24_1007_6,24,data/raw/20260804/20260804_1705_image164_rot45.jpg,20260804,0
39_446_5,39,data/raw/20260727/20260727_1730_image203_rot30.jpg,20260727,4
33_267_8,33,data/raw/20260727/20260727_1707_image23_sdw.jpg,20260727,12
52_1107_8,52,data/raw/20260804/20260804_1715_image264_sdw.jpg,20260804,10
21_168_0,21,data/raw/20260722/20260722_1745_image72.jpg,20260722,3
4_291_1,4,data/raw/20260727/20260727_1709_image48_bdw.jpg,20260727,0
38_1128_2,38,data/raw/20260804/20260804_1716_image285_bup.jpg,20260804,7
50_1020_2,50,data/raw/20260804/20260804_1710_image177_bup.jpg,20260804,15
24_182_9,24,data/raw/20260722/20260722_1758_image86_sup.jpg,20260722,8
36_360_8,36,data/raw/20260727/20260727_1716_image117_sdw.jpg,20260727,4
50_1035_5,50,data/raw/20260804/20260804_1710_image192_rot30.jpg,20260804,15
29_1079_6,29,data/raw/20260804/20260804_1713_image236_rot45.jpg,20260804,0
13_109_1,13,data/raw/20260722/20260722_1658_image14_bdw.jpg,20260722,8
8_160_4,8,data/raw/20260722/20260722_1744_image64_cup.jpg,20260722,0
24_1004_0,24,data/raw/20260804/20260804_1705_image161.jpg,20260804,0
42_494_0,42,data/raw/20260727/20260727_1736_image251.jpg,20260727,9
45_647_6,45,data/raw/20260731/20260731_1659_image84_rot45.jpg,20260731,11
26_388_6,26,data/raw/20260727/20260727_1722_image145_rot45.jpg,20260727,0
19_590_6,19,data/raw/20260731/20260731_1654_image27_rot45.jpg,20260731,0
53_1186_2,53,data/raw/20260804/20260804_1722_image343_bup.jpg,20260804,4
17_123_0,17,data/raw/20260722/20260722_1700_image27.jpg,20260722,17
24_1005_1,24,data/raw/20260804/20260804_1705_image162_bdw.jpg,20260804,0
28_422_5,28,data/raw/20260727/20260727_1725_image179_rot30.jpg,20260727,15
28_427_7,28,data/raw/20260727/20260727_1725_image184_rot60.jpg,20260727,15
2_92_1,2,data/raw/20260720/20260720_1503_image4_bdw.jpg,20260720,9
39_453_3,39,data/raw/20260727/20260727_1730_image210_cdw.jpg,20260727,4
47_1096_2,47,data/raw/20260804/20260804_1714_image253_bup.jpg,20260804,11
33_565_8,33,data/raw/20260731/20260731_1653_image2_sdw.jpg,20260731,8
52_1115_6,52,data/raw/20260804/20260804_1716_image272_rot45.jpg,20260804,10
43_502_0,43,data/raw/20260727/20260727_1736_image259.jpg,20260727,2
28_1045_6,28,data/raw/20260804/20260804_1711_image202_rot45.jpg,20260804,7
51_1084_4,51,data/raw/20260804/20260804_1713_image241_cup.jpg,20260804,0
43_816_3,43,data/raw/20260731/20260731_1716_image254_cdw.jpg,20260731,0
8_157_4,8,data/raw/20260722/20260722_1743_image61_cup.jpg,20260722,0
20_664_3,20,data/raw/20260731/20260731_1700_image101_cdw.jpg,20260731,7
36_367_3,36,data/raw/20260727/20260727_1717_image124_cdw.jpg,20260727,4
40_737_3,40,data/raw/20260731/20260731_1708_image174_cdw.jpg,20260731,2
2_562_8,2,data/raw/20260729/20260729_1701_image29_sdw.jpg,20260729,0
9_951_4,9,data/raw/20260804/20260804_1702_image108_cup.jpg,20260804,0
39_733_2,39,data/raw/20260731/20260731_1708_image170_bup.jpg,20260731,0
20_334_0,20,data/raw/20260727/20260727_1712_image91.jpg,20260727,11
33_267_7,33,data/raw/20260727/20260727_1707_image23_rot60.jpg,20260727,12
27_196_6,27,data/raw/20260722/20260722_1803_image101_rot45.jpg,20260722,0
11_88_2,11,data/raw/20260715/20260715_1601_image67_bup.jpg,20260715,4
40_467_4,40,data/raw/20260727/20260727_1731_image224_cup.jpg,20260727,6
22_637_0,22,data/raw/20260731/20260731_1658_image74.jpg,20260731,13
28_773_7,28,data/raw/20260731/20260731_1712_image210_rot60.jpg,20260731,11
32_208_2,32,data/raw/20260722/20260722_1807_image112_bup.jpg,20260722,12
20_660_1,20,data/raw/20260731/20260731_1700_image97_bdw.jpg,20260731,7
29_796_0,29,data/raw/20260731/20260731_1714_image233.jpg,20260731,0
43_811_2,43,data/raw/20260731/20260731_1716_image249_bup.jpg,20260731,0
2_255_5,2,data/raw/20260727/20260727_1556_image11_rot30.jpg,20260727,2
19_889_7,19,data/raw/20260804/20260804_1655_image46_rot60.jpg,20260804,0
3_29_3,3,data/raw/20260715/20260715_1554_image3_cdw.jpg,20260715,0
14_748_1,14,data/raw/20260731/20260731_1710_image185_bdw.jpg,20260731,15
28_1053_5,28,data/raw/20260804/20260804_1711_image210_rot30.jpg,20260804,7
44_517_5,44,data/raw/20260727/20260727_1737_image274_rot30.jpg,20260727,15
36_364_4,36,data/raw/20260727/20260727_1717_image121_cup.jpg,20260727,4
1_13_0,1,data/raw/20260712/20260712_0855_image9.jpg,20260712,3
45_639_1,45,data/raw/20260731/20260731_1658_image76_bdw.jpg,20260731,11
34_294_0,34,data/raw/20260727/20260727_1710_image51.jpg,20260727,17
50_1019_9,50,data/raw/20260804/20260804_1710_image176_sup.jpg,20260804,15
49_964_4,49,data/raw/20260804/20260804_1703_image121_cup.jpg,20260804,17
29_1066_9,29,data/raw/20260804/20260804_1712_image223_sup.jpg,20260804,0
38_1127_3,38,data/raw/20260804/20260804_1716_image284_cdw.jpg,20260804,7
25_1148_2,25,data/raw/20260804/20260804_1717_image305_bup.jpg,20260804,0
33_274_0,33,data/raw/20260727/20260727_1708_image30.jpg,20260727,12
14_213_5,14,data/raw/20260722/20260722_1808_image117_rot30.jpg,20260722,9
28_427_2,28,data/raw/20260727/20260727_1725_image184_bup.jpg,20260727,15
43_819_4,43,data/raw/20260731/20260731_1716_image257_cup.jpg,20260731,0
29_794_4,29,data/raw/20260731/20260731_1714_image231_cup.jpg,20260731,0
25_381_3,25,data/raw/20260727/20260727_1722_image138_cdw.jpg,20260727,4
20_352_3,20,data/raw/20260727/20260727_1714_image109_cdw.jpg,20260727,11
5_284_1,5,data/raw/20260727/20260727_1709_image41_bdw.jpg,20260727,0
2_239_3,2,data/raw/20260726/20260726_1336_image5_cdw.jpg,20260726,3
39_476_1,39,data/raw/20260727/20260727_1733_image233_bdw.jpg,20260727,4
22_865_9,22,data/raw/20260804/20260804_1653_image22_sup.jpg,20260804,9
52_1112_1,52,data/raw/20260804/20260804_1715_image269_bdw.jpg,20260804,10
1_1_7,1,data/raw/20260712/20260712_0854_image1_rot60.jpg,20260712,3
39_1158_5,39,data/raw/20260804/20260804_1719_image315_rot30.jpg,20260804,0
4_293_6,4,data/raw/20260727/20260727_1709_image50_rot45.jpg,20260727,0
2_252_8,2,data/raw/20260727/20260727_1555_image8_sdw.jpg,20260727,2
24_347_6,24,data/raw/20260727/20260727_1713_image104_rot45.jpg,20260727,3
9_69_0,9,data/raw/20260715/20260715_1557_image48.jpg,20260715,16
28_429_1,28,data/raw/20260727/20260727_1726_image186_bdw.jpg,20260727,15
30_532_9,30,data/raw/20260727/20260727_1739_image289_sup.jpg,20260727,0
26_190_9,26,data/raw/20260722/20260722_1802_image94_sup.jpg,20260722,5
2_241_3,2,data/raw/20260726/20260726_1337_image7_cdw.jpg,20260726,3
28_770_8,28,data/raw/20260731/20260731_1712_image207_sdw.jpg,20260731,11
29_796_3,29,data/raw/20260731/20260731_1714_image233_cdw.jpg,20260731,0
49_967_4,49,data/raw/20260804/20260804_1703_image124_cup.jpg,20260804,17
33_844_7,33,data/raw/20260804/20260804_1651_image1_rot60.jpg,20260804,4
26_392_2,26,data/raw/20260727/20260727_1722_image149_bup.jpg,20260727,0
19_578_1,19,data/raw/20260731/20260731_1654_image15_bdw.jpg,20260731,0
29_1079_3,29,data/raw/20260804/20260804_1713_image236_cdw.jpg,20260804,0
28_202_5,28,data/raw/20260722/20260722_1803_image107_rot30.jpg,20260722,20
28_1064_3,28,data/raw/20260804/20260804_1712_image221_cdw.jpg,20260804,7
34_598_9,34,data/raw/20260731/20260731_1655_image35_sup.jpg,20260731,13
25_1141_5,25,data/raw/20260804/20260804_1717_image298_rot30.jpg,20260804,0
12_102_3,12,data/raw/20260722/20260722_1656_image6_cdw.jpg,20260722,16
29_799_9,29,data/raw/20260731/20260731_1714_image236_sup.jpg,20260731,0
39_1165_5,39,data/raw/20260804/20260804_1719_image322_rot30.jpg,20260804,0
22_929_5,22,data/raw/20260804/20260804_1700_image86_rot30.jpg,20260804,9
49_981_0,49,data/raw/20260804/20260804_1703_image138.jpg,20260804,17
9_950_3,9,data/raw/20260804/20260804_1702_image107_cdw.jpg,20260804,0
40_1172_5,40,data/raw/20260804/20260804_1720_image329_rot30.jpg,20260804,0
14_443_7,14,data/raw/20260727/20260727_1727_image200_rot60.jpg,20260727,4
42_491_7,42,data/raw/20260727/20260727_1736_image248_rot60.jpg,20260727,9
33_269_3,33,data/raw/20260727/20260727_1708_image25_cdw.jpg,20260727,12
19_890_7,19,data/raw/20260804/20260804_1655_image47_rot60.jpg,20260804,0
19_149_5,19,data/raw/20260722/20260722_1743_image53_rot30.jpg,20260722,9
43_1208_0,43,data/raw/20260804/20260804_1723_image365.jpg,20260804,0
52_1109_5,52,data/raw/20260804/20260804_1715_image266_rot30.jpg,20260804,10
34_600_6,34,data/raw/20260731/20260731_1655_image37_rot45.jpg,20260731,13
39_735_1,39,data/raw/20260731/20260731_1708_image172_bdw.jpg,20260731,0
38_1120_3,38,data/raw/20260804/20260804_1716_image277_cdw.jpg,20260804,7
28_780_5,28,data/raw/20260731/20260731_1713_image217_rot30.jpg,20260731,11
39_448_0,39,data/raw/20260727/20260727_1730_image205.jpg,20260727,4
45_906_7,45,data/raw/20260804/20260804_1657_image63_rot60.jpg,20260804,7
14_747_8,14,data/raw/20260731/20260731_1710_image184_sdw.jpg,20260731,15
5_141_3,5,data/raw/20260722/20260722_1743_image45_cdw.jpg,20260722,5
37_925_0,37,data/raw/20260804/20260804_1659_image82.jpg,20260804,0
52_1106_7,52,data/raw/20260804/20260804_1715_image263_rot60.jpg,20260804,10
25_702_6,25,data/raw/20260731/20260731_1705_image139_rot45.jpg,20260731,0
11_84_6,11,data/raw/20260715/20260715_1600_image63_rot45.jpg,20260715,4
20_663_0,20,data/raw/20260731/20260731_1700_image100.jpg,20260731,7
28_1059_0,28,data/raw/20260804/20260804_1711_image216.jpg,20260804,7
28_771_0,28,data/raw/20260731/20260731_1712_image208.jpg,20260731,11
28_1057_1,28,data/raw/20260804/20260804_1711_image214_bdw.jpg,20260804,7
43_823_8,43,data/raw/20260731/20260731_1717_image261_sdw.jpg,20260731,0
20_662_0,20,data/raw/20260731/20260731_1700_image99.jpg,20260731,7
9_76_9,9,data/raw/20260715/20260715_1558_image55_sup.jpg,20260715,16
50_1034_4,50,data/raw/20260804/20260804_1710_image191_cup.jpg,20260804,15
51_1082_3,51,data/raw/20260804/20260804_1713_image239_cdw.jpg,20260804,0
14_436_9,14,data/raw/20260727/20260727_1726_image193_sup.jpg,20260727,4
14_750_0,14,data/raw/20260731/20260731_1710_image187.jpg,20260731,15
45_639_5,45,data/raw/20260731/20260731_1658_image76_rot30.jpg,20260731,11
25_1141_3,25,data/raw/20260804/20260804_1717_image298_cdw.jpg,20260804,0
37_632_4,37,data/raw/20260731/20260731_1658_image69_cup.jpg,20260731,4
50_1027_2,50,data/raw/20260804/20260804_1710_image184_bup.jpg,20260804,15
48_1175_2,48,data/raw/20260804/20260804_1721_image332_bup.jpg,20260804,0
53_1196_2,53,data/raw/20260804/20260804_1722_image353_bup.jpg,20260804,4
12_100_6,12,data/raw/20260722/20260722_1656_image4_rot45.jpg,20260722,16
4_25_4,4,data/raw/20260715/20260715_1554_image12_cup.jpg,20260715,9
20_933_8,20,data/raw/20260804/20260804_1701_image90_sdw.jpg,20260804,3
26_393_5,26,data/raw/20260727/20260727_1722_image150_rot30.jpg,20260727,0
33_571_5,33,data/raw/20260731/20260731_1653_image8_rot30.jpg,20260731,8
45_902_9,45,data/raw/20260804/20260804_1657_image59_sup.jpg,20260804,7
43_1211_2,43,data/raw/20260804/20260804_1723_image368_bup.jpg,20260804,0
52_1108_3,52,data/raw/20260804/20260804_1715_image265_cdw.jpg,20260804,10
22_868_2,22,data/raw/20260804/20260804_1653_image25_bup.jpg,20260804,9
47_754_0,47,data/raw/20260731/20260731_1711_image191.jpg,20260731,15
4_282_6,4,data/raw/20260727/20260727_1709_image39_rot45.jpg,20260727,0
39_459_7,39,data/raw/20260727/20260727_1730_image216_rot60.jpg,20260727,4
7_47_9,7,data/raw/20260715/20260715_1555_image26_sup.jpg,20260715,0
24_1011_4,24,data/raw/20260804/20260804_1705_image168_cup.jpg,20260804,0
2_544_9,2,data/raw/20260729/20260729_1659_image11_sup.jpg,20260729,0
17_125_0,17,data/raw/20260722/20260722_1702_image29.jpg,20260722,17
49_982_3,49,data/raw/20260804/20260804_1703_image139_cdw.jpg,20260804,17
24_689_9,24,data/raw/20260731/20260731_1702_image126_sup.jpg,20260731,0
37_631_2,37,data/raw/20260731/20260731_1658_image68_bup.jpg,20260731,4
9_75_5,9,data/raw/20260715/20260715_1558_image54_rot30.jpg,20260715,16
38_400_4,38,data/raw/20260727/20260727_1723_image157_cup.jpg,20260727,15
5_288_3,5,data/raw/20260727/20260727_1709_image45_cdw.jpg,20260727,0
19_889_1,19,data/raw/20260804/20260804_1655_image46_bdw.jpg,20260804,0
29_798_7,29,data/raw/20260731/20260731_1714_image235_rot60.jpg,20260731,0
25_380_8,25,data/raw/20260727/20260727_1722_image137_sdw.jpg,20260727,4
39_1160_0,39,data/raw/20260804/20260804_1719_image317.jpg,20260804,0
42_490_5,42,data/raw/20260727/20260727_1736_image247_rot30.jpg,20260727,9
34_886_3,34,data/raw/20260804/20260804_1654_image43_cdw.jpg,20260804,9
49_970_1,49,data/raw/20260804/20260804_1703_image127_bdw.jpg,20260804,17
25_1143_8,25,data/raw/20260804/20260804_1717_image300_sdw.jpg,20260804,0
47_1102_9,47,data/raw/20260804/20260804_1714_image259_sup.jpg,20260804,11
45_918_9,45,data/raw/20260804/20260804_1659_image75_sup.jpg,20260804,7
10_83_7,10,data/raw/20260715/20260715_1600_image62_rot60.jpg,20260715,5
2_539_6,2,data/raw/20260729/20260729_1659_image6_rot45.jpg,20260729,0
50_1040_2,50,data/raw/20260804/20260804_1711_image197_bup.jpg,20260804,15
37_630_1,37,data/raw/20260731/20260731_1657_image67_bdw.jpg,20260731,4
26_390_9,26,data/raw/20260727/20260727_1722_image147_sup.jpg,20260727,0
2_547_7,2,data/raw/20260729/20260729_1700_image14_rot60.jpg,20260729,0
30_533_2,30,data/raw/20260727/20260727_1739_image290_bup.jpg,20260727,0
29_796_5,29,data/raw/20260731/20260731_1714_image233_rot30.jpg,20260731,0
39_461_4,39,data/raw/20260727/20260727_1730_image218_cup.jpg,20260727,4
23_173_8,23,data/raw/20260722/20260722_1746_image77_sdw.jpg,20260722,11
8_157_0,8,data/raw/20260722/20260722_1743_image61.jpg,20260722,0
33_265_1,33,data/raw/20260727/20260727_1707_image21_bdw.jpg,20260727,12
28_1057_9,28,data/raw/20260804/20260804_1711_image214_sup.jpg,20260804,7
27_196_2,27,data/raw/20260722/20260722_1803_image101_bup.jpg,20260722,0
42_496_0,42,data/raw/20260727/20260727_1736_image253.jpg,20260727,9
29_1067_8,29,data/raw/20260804/20260804_1712_image224_sdw.jpg,20260804,0
28_420_3,28,data/raw/20260727/20260727_1725_image177_cdw.jpg,20260727,15
34_605_8,34,data/raw/20260731/20260731_1655_image42_sdw.jpg,20260731,13
48_802_7,48,data/raw/20260731/20260731_1715_image240_rot60.jpg,20260731,4
24_348_8,24,data/raw/20260727/20260727_1713_image105_sdw.jpg,20260727,3
29_1078_6,29,data/raw/20260804/20260804_1713_image235_rot45.jpg,20260804,0
28_1052_0,28,data/raw/20260804/20260804_1711_image209.jpg,20260804,7
49_966_1,49,data/raw/20260804/20260804_1703_image123_bdw.jpg,20260804,17
43_511_5,43,data/raw/20260727/20260727_1737_image268_rot30.jpg,20260727,2
33_276_3,33,data/raw/20260727/20260727_1708_image32_cdw.jpg,20260727,12
31_219_7,31,data/raw/20260722/20260722_1814_image123_rot60.jpg,20260722,5
24_1010_5,24,data/raw/20260804/20260804_1705_image167_rot30.jpg,20260804,0
47_1093_6,47,data/raw/20260804/20260804_1713_image250_rot45.jpg,20260804,11
14_433_6,14,data/raw/20260727/20260727_1726_image190_rot45.jpg,20260727,4
43_508_8,43,data/raw/20260727/20260727_1737_image265_sdw.jpg,20260727,2
3_32_6,3,data/raw/20260715/20260715_1554_image6_rot45.jpg,20260715,0
4_293_3,4,data/raw/20260727/20260727_1709_image50_cdw.jpg,20260727,0
39_731_1,39,data/raw/20260731/20260731_1708_image168_bdw.jpg,20260731,0
21_312_5,21,data/raw/20260727/20260727_1711_image69_rot30.jpg,20260727,0
20_991_7,20,data/raw/20260804/20260804_1704_image148_rot60.jpg,20260804,3
17_126_4,17,data/raw/20260722/20260722_1702_image30_cup.jpg,20260722,17
33_568_7,33,data/raw/20260731/20260731_1653_image5_rot60.jpg,20260731,8
19_896_7,19,data/raw/20260804/20260804_1655_image53_rot60.jpg,20260804,0
34_296_5,34,data/raw/20260727/20260727_1710_image53_rot30.jpg,20260727,17
28_762_6,28,data/raw/20260731/20260731_1711_image199_rot45.jpg,20260731,11
53_1191_4,53,data/raw/20260804/20260804_1722_image348_cup.jpg,20260804,4
24_686_6,24,data/raw/20260731/20260731_1702_image123_rot45.jpg,20260731,0
30_484_1,30,data/raw/20260727/20260727_1735_image241_bdw.jpg,20260727,0
29_1069_3,29,data/raw/20260804/20260804_1712_image226_cdw.jpg,20260804,0
39_477_3,39,data/raw/20260727/20260727_1733_image234_cdw.jpg,20260727,4
43_511_6,43,data/raw/20260727/20260727_1737_image268_rot45.jpg,20260727,2
43_1213_7,43,data/raw/20260804/20260804_1723_image370_rot60.jpg,20260804,0
39_1158_7,39,data/raw/20260804/20260804_1719_image315_rot60.jpg,20260804,0
29_203_8,29,data/raw/20260722/20260722_1803_image108_sdw.jpg,20260722,0
40_741_0,40,data/raw/20260731/20260731_1709_image178.jpg,20260731,2
45_908_3,45,data/raw/20260804/20260804_1657_image65_cdw.jpg,20260804,7
10_79_5,10,data/raw/20260715/20260715_1600_image58_rot30.jpg,20260715,5
12_101_4,12,data/raw/20260722/20260722_1656_image5_cup.jpg,20260722,16
26_390_5,26,data/raw/20260727/20260727_1722_image147_rot30.jpg,20260727,0
11_84_5,11,data/raw/20260715/20260715_1600_image63_rot30.jpg,20260715,4
26_192_9,26,data/raw/20260722/20260722_1802_image96_sup.jpg,20260722,5
2_537_3,2,data/raw/20260729/20260729_1659_image4_cdw.jpg,20260729,0
42_1221_1,42,data/raw/20260804/20260804_1724_image378_bdw.jpg,20260804,1
4_293_8,4,data/raw/20260727/20260727_1709_image50_sdw.jpg,20260727,0
19_376_7,19,data/raw/20260727/20260727_1720_image133_rot60.jpg,20260727,4
20_933_9,20,data/raw/20260804/20260804_1701_image90_sup.jpg,20260804,3
4_289_9,4,data/raw/20260727/20260727_1709_image46_sup.jpg,20260727,0
20_997_4,20,data/raw/20260804/20260804_1704_image154_cup.jpg,20260804,3
2_254_7,2,data/raw/20260727/20260727_1555_image10_rot60.jpg,20260727,2
2_545_5,2,data/raw/20260729/20260729_1659_image12_rot30.jpg,20260729,0
1_11_0,1,data/raw/20260712/20260712_0855_image7.jpg,20260712,3
24_686_2,24,data/raw/20260731/20260731_1702_image123_bup.jpg,20260731,0
9_950_2,9,data/raw/20260804/20260804_1702_image107_bup.jpg,20260804,0
25_1144_6,25,data/raw/20260804/20260804_1717_image301_rot45.jpg,20260804,0
28_200_6,28,data/raw/20260722/20260722_1803_image105_rot45.jpg,20260722,20
10_83_0,10,data/raw/20260715/20260715_1600_image62.jpg,20260715,5
29_416_6,29,data/raw/20260727/20260727_1724_image173_rot45.jpg,20260727,0
34_874_8,34,data/raw/20260804/20260804_1654_image31_sdw.jpg,20260804,9
37_629_6,37,data/raw/20260731/20260731_1657_image66_rot45.jpg,20260731,4
28_772_1,28,data/raw/20260731/20260731_1712_image209_bdw.jpg,20260731,11
39_478_6,39,data/raw/20260727/20260727_1733_image235_rot45.jpg,20260727,4
9_650_3,9,data/raw/20260731/20260731_1659_image87_cdw.jpg,20260731,0
53_1196_1,53,data/raw/20260804/20260804_1722_image353_bdw.jpg,20260804,4
20_336_0,20,data/raw/20260727/20260727_1712_image93.jpg,20260727,11
37_621_8,37,data/raw/20260731/20260731_1657_image58_sdw.jpg,20260731,4
52_1116_4,52,data/raw/20260804/20260804_1716_image273_cup.jpg,20260804,10
7_46_3,7,data/raw/20260715/20260715_1555_image25_cdw.jpg,20260715,0
14_744_1,14,data/raw/20260731/20260731_1709_image181_bdw.jpg,20260731,15
49_972_0,49,data/raw/20260804/20260804_1703_image129.jpg,20260804,17
3_29_6,3,data/raw/20260715/20260715_1554_image3_rot45.jpg,20260715,0
5_287_0,5,data/raw/20260727/20260727_1709_image44.jpg,20260727,0
30_532_5,30,data/raw/20260727/20260727_1739_image289_rot30.jpg,20260727,0
27_195_7,27,data/raw/20260722/20260722_1803_image100_rot60.jpg,20260722,0
49_958_1,49,data/raw/20260804/20260804_1702_image115_bdw.jpg,20260804,17
14_749_8,14,data/raw/20260731/20260731_1710_image186_sdw.jpg,20260731,15
47_757_6,47,data/raw/20260731/20260731_1711_image194_rot45.jpg,20260731,15
51_1081_0,51,data/raw/20260804/20260804_1713_image238.jpg,20260804,0
29_1065_6,29,data/raw/20260804/20260804_1712_image222_rot45.jpg,20260804,0
2_238_8,2,data/raw/20260726/20260726_1336_image4_sdw.jpg,20260726,3
14_213_4,14,data/raw/20260722/20260722_1808_image117_cup.jpg,20260722,9
2_559_5,2,data/raw/20260729/20260729_1700_image26_rot30.jpg,20260729,0
13_108_9,13,data/raw/20260722/20260722_1658_image13_sup.jpg,20260722,8
34_606_6,34,data/raw/20260731/20260731_1656_image43_rot45.jpg,20260731,13
8_158_2,8,data/raw/20260722/20260722_1743_image62_bup.jpg,20260722,0
17_120_4,17,data/raw/20260722/20260722_1700_image24_cup.jpg,20260722,17
20_675_4,20,data/raw/20260731/20260731_1701_image112_cup.jpg,20260731,7
19_151_2,19,data/raw/20260722/20260722_1743_image55_bup.jpg,20260722,9
51_1086_7,51,data/raw/20260804/20260804_1713_image243_rot60.jpg,20260804,0
2_538_1,2,data/raw/20260729/20260729_1659_image5_bdw.jpg,20260729,0
50_1033_7,50,data/raw/20260804/20260804_1710_image190_rot60.jpg,20260804,15
33_566_5,33,data/raw/20260731/20260731_1653_image3_rot30.jpg,20260731,8
5_40_1,5,data/raw/20260715/20260715_1555_image19_bdw.jpg,20260715,12
2_558_9,2,data/raw/20260729/20260729_1700_image25_sup.jpg,20260729,0
40_468_0,40,data/raw/20260727/20260727_1731_image225.jpg,20260727,6
29_1072_9,29,data/raw/20260804/20260804_1712_image229_sup.jpg,20260804,0
44_522_4,44,data/raw/20260727/20260727_1738_image279_cup.jpg,20260727,15
2_230_6,2,data/raw/20260725/20260725_1759_image2_rot45.jpg,20260725,4
37_922_9,37,data/raw/20260804/20260804_1659_image79_sup.jpg,20260804,0
2_251_1,2,data/raw/20260727/20260727_1555_image7_bdw.jpg,20260727,2
39_1156_2,39,data/raw/20260804/20260804_1719_image313_bup.jpg,20260804,0
2_547_4,2,data/raw/20260729/20260729_1700_image14_cup.jpg,20260729,0
33_856_7,33,data/raw/20260804/20260804_1652_image13_rot60.jpg,20260804,4
37_622_7,37,data/raw/20260731/20260731_1657_image59_rot60.jpg,20260731,4
28_780_8,28,data/raw/20260731/20260731_1713_image217_sdw.jpg,20260731,11
4_23_9,4,data/raw/20260715/20260715_1554_image10_sup.jpg,20260715,9
7_50_6,7,data/raw/20260715/20260715_1556_image29_rot45.jpg,20260715,0
19_583_8,19,data/raw/20260731/20260731_1654_image20_sdw.jpg,20260731,0
28_763_9,28,data/raw/20260731/20260731_1712_image200_sup.jpg,20260731,11
21_169_7,21,data/raw/20260722/20260722_1746_image73_rot60.jpg,20260722,3
39_1158_3,39,data/raw/20260804/20260804_1719_image315_cdw.jpg,20260804,0
39_477_6,39,data/raw/20260727/20260727_1733_image234_rot45.jpg,20260727,4
20_333_4,20,data/raw/20260727/20260727_1712_image90_cup.jpg,20260727,11
53_1189_8,53,data/raw/20260804/20260804_1722_image346_sdw.jpg,20260804,4
39_450_4,39,data/raw/20260727/20260727_1730_image207_cup.jpg,20260727,4
29_1076_9,29,data/raw/20260804/20260804_1713_image233_sup.jpg,20260804,0
53_1184_4,53,data/raw/20260804/20260804_1722_image341_cup.jpg,20260804,4
34_592_9,34,data/raw/20260731/20260731_1655_image29_sup.jpg,20260731,13
12_99_2,12,data/raw/20260722/20260722_1656_image3_bup.jpg,20260722,16
2_254_6,2,data/raw/20260727/20260727_1555_image10_rot45.jpg,20260727,2
25_708_9,25,data/raw/20260731/20260731_1705_image145_sup.jpg,20260731,0
45_910_7,45,data/raw/20260804/20260804_1658_image67_rot60.jpg,20260804,7
42_493_9,42,data/raw/20260727/20260727_1736_image250_sup.jpg,20260727,9
20_934_2,20,data/raw/20260804/20260804_1701_image91_bup.jpg,20260804,3
33_850_4,33,data/raw/20260804/20260804_1651_image7_cup.jpg,20260804,4
49_983_7,49,data/raw/20260804/20260804_1703_image140_rot60.jpg,20260804,17
38_1130_0,38,data/raw/20260804/20260804_1716_image287.jpg,20260804,7
34_884_2,34,data/raw/20260804/20260804_1654_image41_bup.jpg,20260804,9
49_975_0,49,data/raw/20260804/20260804_1703_image132.jpg,20260804,17
28_770_4,28,data/raw/20260731/20260731_1712_image207_cup.jpg,20260731,11
20_944_3,20,data/raw/20260804/20260804_1701_image101_cdw.jpg,20260804,3
14_743_5,14,data/raw/20260731/20260731_1709_image180_rot30.jpg,20260731,15
26_395_9,26,data/raw/20260727/20260727_1722_image152_sup.jpg,20260727,0
20_992_8,20,data/raw/20260804/20260804_1704_image149_sdw.jpg,20260804,3
28_1062_9,28,data/raw/20260804/20260804_1712_image219_sup.jpg,20260804,7
2_241_7,2,data/raw/20260726/20260726_1337_image7_rot60.jpg,20260726,3
9_952_0,9,data/raw/20260804/20260804_1702_image109.jpg,20260804,0
28_432_4,28,data/raw/20260727/20260727_1726_image189_cup.jpg,20260727,15
29_795_6,29,data/raw/20260731/20260731_1714_image232_rot45.jpg,20260731,0
44_520_1,44,data/raw/20260727/20260727_1737_image277_bdw.jpg,20260727,15
19_899_5,19,data/raw/20260804/20260804_1655_image56_rot30.jpg,20260804,0
52_1116_9,52,data/raw/20260804/20260804_1716_image273_sup.jpg,20260804,10
31_528_2,31,data/raw/20260727/20260727_1738_image285_bup.jpg,20260727,0
2_14_6,2,data/raw/20260714/20260714_1016_image1_rot45.jpg,20260714,15
39_729_9,39,data/raw/20260731/20260731_1707_image166_sup.jpg,20260731,0
37_622_0,37,data/raw/20260731/20260731_1657_image59.jpg,20260731,4
20_935_3,20,data/raw/20260804/20260804_1701_image92_cdw.jpg,20260804,3
1_5_8,1,data/raw/20260712/20260712_0854_image5_sdw.jpg,20260712,3
33_575_6,33,data/raw/20260731/20260731_1653_image12_rot45.jpg,20260731,8
24_1002_5,24,data/raw/20260804/20260804_1704_image159_rot30.jpg,20260804,0
19_586_2,19,data/raw/20260731/20260731_1654_image23_bup.jpg,20260731,0
25_382_2,25,data/raw/20260727/20260727_1722_image139_bup.jpg,20260727,4
20_672_2,20,data/raw/20260731/20260731_1701_image109_bup.jpg,20260731,7
4_55_5,4,data/raw/20260715/20260715_1556_image34_rot30.jpg,20260715,9
2_224_1,2,data/raw/20260724/20260724_1628_image2_bdw.jpg,20260724,5
2_90_1,2,data/raw/20260720/20260720_1503_image2_bdw.jpg,20260720,9
22_867_0,22,data/raw/20260804/20260804_1653_image24.jpg,20260804,9
38_721_8,38,data/raw/20260731/20260731_1706_image158_sdw.jpg,20260731,11
29_1072_8,29,data/raw/20260804/20260804_1712_image229_sdw.jpg,20260804,0
36_362_4,36,data/raw/20260727/20260727_1716_image119_cup.jpg,20260727,4
49_978_8,49,data/raw/20260804/20260804_1703_image135_sdw.jpg,20260804,17
39_457_1,39,data/raw/20260727/20260727_1730_image214_bdw.jpg,20260727,4
2_228_1,2,data/raw/20260724/20260724_1628_image6_bdw.jpg,20260724,5
47_1096_8,47,data/raw/20260804/20260804_1714_image253_sdw.jpg,20260804,11
18_263_0,18,data/raw/20260727/20260727_1707_image19.jpg,20260727,0
19_580_3,19,data/raw/20260731/20260731_1654_image17_cdw.jpg,20260731,0
35_327_7,35,data/raw/20260727/20260727_1712_image84_rot60.jpg,20260727,22
17_119_5,17,data/raw/20260722/20260722_1659_image23_rot30.jpg,20260722,17
29_790_9,29,data/raw/20260731/20260731_1713_image227_sup.jpg,20260731,0
14_436_1,14,data/raw/20260727/20260727_1726_image193_bdw.jpg,20260727,4
5_136_7,5,data/raw/20260722/20260722_1742_image40_rot60.jpg,20260722,5
19_588_6,19,data/raw/20260731/20260731_1654_image25_rot45.jpg,20260731,0
29_1073_8,29,data/raw/20260804/20260804_1712_image230_sdw.jpg,20260804,0
20_349_1,20,data/raw/20260727/20260727_1714_image106_bdw.jpg,20260727,11
42_833_6,42,data/raw/20260731/20260731_1717_image271_rot45.jpg,20260731,5
2_546_9,2,data/raw/20260729/20260729_1659_image13_sup.jpg,20260729,0
22_374_6,22,data/raw/20260727/20260727_1718_image131_rot45.jpg,20260727,17
4_42_5,4,data/raw/20260715/20260715_1555_image21_rot30.jpg,20260715,9
30_487_9,30,data/raw/20260727/20260727_1735_image244_sup.jpg,20260727,0
28_429_4,28,data/raw/20260727/20260727_1726_image186_cup.jpg,20260727,15
20_938_7,20,data/raw/20260804/20260804_1701_image95_rot60.jpg,20260804,3
43_1202_1,43,data/raw/20260804/20260804_1722_image359_bdw.jpg,20260804,0
20_681_4,20,data/raw/20260731/20260731_1701_image118_cup.jpg,20260731,7
5_38_6,5,data/raw/20260715/20260715_1555_image17_rot45.jpg,20260715,12
23_174_8,23,data/raw/20260722/20260722_1746_image78_sdw.jpg,20260722,11
38_722_1,38,data/raw/20260731/20260731_1706_image159_bdw.jpg,20260731,11
4_44_9,4,data/raw/20260715/20260715_1555_image23_sup.jpg,20260715,9
16_117_4,16,data/raw/20260722/20260722_1659_image21_cup.jpg,20260722,8
32_211_6,32,data/raw/20260722/20260722_1808_image115_rot45.jpg,20260722,12
4_143_9,4,data/raw/20260722/20260722_1743_image47_sup.jpg,20260722,2
20_994_0,20,data/raw/20260804/20260804_1704_image151.jpg,20260804,3
45_641_8,45,data/raw/20260731/20260731_1658_image78_sdw.jpg,20260731,11
42_489_3,42,data/raw/20260727/20260727_1736_image246_cdw.jpg,20260727,9
7_45_6,7,data/raw/20260715/20260715_1555_image24_rot45.jpg,20260715,0
42_829_7,42,data/raw/20260731/20260731_1717_image267_rot60.jpg,20260731,5
2_538_7,2,data/raw/20260729/20260729_1659_image5_rot60.jpg,20260729,0
53_1186_7,53,data/raw/20260804/20260804_1722_image343_rot60.jpg,20260804,4
2_546_7,2,data/raw/20260729/20260729_1659_image13_rot60.jpg,20260729,0
43_822_2,43,data/raw/20260731/20260731_1717_image260_bup.jpg,20260731,0
19_894_7,19,data/raw/20260804/20260804_1655_image51_rot60.jpg,20260804,0
51_1082_9,51,data/raw/20260804/20260804_1713_image239_sup.jpg,20260804,0
28_1048_7,28,data/raw/20260804/20260804_1711_image205_rot60.jpg,20260804,7
47_1091_3,47,data/raw/20260804/20260804_1713_image248_cdw.jpg,20260804,11
19_305_9,19,data/raw/20260727/20260727_1710_image62_sup.jpg,20260727,4
46_694_4,46,data/raw/20260731/20260731_1703_image131_cup.jpg,20260731,2
47_752_3,47,data/raw/20260731/20260731_1710_image189_cdw.jpg,20260731,15
12_104_0,12,data/raw/20260722/20260722_1657_image8.jpg,20260722,16
17_122_8,17,data/raw/20260722/20260722_1700_image26_sdw.jpg,20260722,17
52_1111_6,52,data/raw/20260804/20260804_1715_image268_rot45.jpg,20260804,10
4_290_3,4,data/raw/20260727/20260727_1709_image47_cdw.jpg,20260727,0
24_179_8,24,data/raw/20260722/20260722_1757_image83_sdw.jpg,20260722,8
42_497_2,42,data/raw/20260727/20260727_1736_image254_bup.jpg,20260727,9
36_360_1,36,data/raw/20260727/20260727_1716_image117_bdw.jpg,20260727,4
38_721_5,38,data/raw/20260731/20260731_1706_image158_rot30.jpg,20260731,11
9_955_1,9,data/raw/20260804/20260804_1702_image112_bdw.jpg,20260804,0
24_347_3,24,data/raw/20260727/20260727_1713_image104_cdw.jpg,20260727,3
20_941_6,20,data/raw/20260804/20260804_1701_image98_rot45.jpg,20260804,3
25_1142_5,25,data/raw/20260804/20260804_1717_image299_rot30.jpg,20260804,0
53_1181_4,53,data/raw/20260804/20260804_1721_image338_cup.jpg,20260804,4
10_82_7,10,data/raw/20260715/20260715_1600_image61_rot60.jpg,20260715,5
41_481_9,41,data/raw/20260727/20260727_1734_image238_sup.jpg,20260727,15
34_594_6,34,data/raw/20260731/20260731_1655_image31_rot45.jpg,20260731,13
29_1068_6,29,data/raw/20260804/20260804_1712_image225_rot45.jpg,20260804,0
25_703_7,25,data/raw/20260731/20260731_1705_image140_rot60.jpg,20260731,0
47_753_4,47,data/raw/20260731/20260731_1710_image190_cup.jpg,20260731,15
24_177_2,24,data/raw/20260722/20260722_1757_image81_bup.jpg,20260722,8
33_270_2,33,data/raw/20260727/20260727_1708_image26_bup.jpg,20260727,12
40_736_6,40,data/raw/20260731/20260731_1708_image173_rot45.jpg,20260731,2
45_638_5,45,data/raw/20260731/20260731_1658_image75_rot30.jpg,20260731,11
29_413_3,29,data/raw/20260727/20260727_1724_image170_cdw.jpg,20260727,0
17_122_2,17,data/raw/20260722/20260722_1700_image26_bup.jpg,20260722,17
26_193_8,26,data/raw/20260722/20260722_1802_image97_sdw.jpg,20260722,5
20_999_4,20,data/raw/20260804/20260804_1704_image156_cup.jpg,20260804,3
52_1110_5,52,data/raw/20260804/20260804_1715_image267_rot30.jpg,20260804,10
7_52_4,7,data/raw/20260715/20260715_1556_image31_cup.jpg,20260715,0
44_514_2,44,data/raw/20260727/20260727_1737_image271_bup.jpg,20260727,15
48_1179_7,48,data/raw/20260804/20260804_1721_image336_rot60.jpg,20260804,0
4_292_7,4,data/raw/20260727/20260727_1709_image49_rot60.jpg,20260727,0
24_179_7,24,data/raw/20260722/20260722_1757_image83_rot60.jpg,20260722,8
20_331_6,20,data/raw/20260727/20260727_1712_image88_rot45.jpg,20260727,11
45_917_5,45,data/raw/20260804/20260804_1659_image74_rot30.jpg,20260804,7
2_92_9,2,data/raw/20260720/20260720_1503_image4_sup.jpg,20260720,9
38_1138_7,38,data/raw/20260804/20260804_1717_image295_rot60.jpg,20260804,7
2_95_8,2,data/raw/20260720/20260720_1503_image7_sdw.jpg,20260720,9
14_435_0,14,data/raw/20260727/20260727_1726_image192.jpg,20260727,4
9_72_0,9,data/raw/20260715/20260715_1557_image51.jpg,20260715,16
46_697_9,46,data/raw/20260731/20260731_1703_image134_sup.jpg,20260731,2
48_1176_1,48,data/raw/20260804/20260804_1721_image333_bdw.jpg,20260804,0
17_129_9,17,data/raw/20260722/20260722_1703_image33_sup.jpg,20260722,17
14_438_7,14,data/raw/20260727/20260727_1727_image195_rot60.jpg,20260727,4
52_1118_3,52,data/raw/20260804/20260804_1716_image275_cdw.jpg,20260804,10
29_1070_9,29,data/raw/20260804/20260804_1712_image227_sup.jpg,20260804,0
44_514_8,44,data/raw/20260727/20260727_1737_image271_sdw.jpg,20260727,15
34_605_9,34,data/raw/20260731/20260731_1655_image42_sup.jpg,20260731,13
22_375_7,22,data/raw/20260727/20260727_1718_image132_rot60.jpg,20260727,17
2_538_6,2,data/raw/20260729/20260729_1659_image5_rot45.jpg,20260729,0
14_749_3,14,data/raw/20260731/20260731_1710_image186_cdw.jpg,20260731,15
2_558_5,2,data/raw/20260729/20260729_1700_image25_rot30.jpg,20260729,0
45_908_0,45,data/raw/20260804/20260804_1657_image65.jpg,20260804,7
16_117_9,16,data/raw/20260722/20260722_1659_image21_sup.jpg,20260722,8
2_538_5,2,data/raw/20260729/20260729_1659_image5_rot30.jpg,20260729,0
3_78_4,3,data/raw/20260715/20260715_1559_image57_cup.jpg,20260715,0
31_218_3,31,data/raw/20260722/20260722_1814_image122_cdw.jpg,20260722,5
1_12_1,1,data/raw/20260712/20260712_0855_image8_bdw.jpg,20260712,3
25_204_2,25,data/raw/20260722/20260722_1803_image99_bup.jpg,20260722,9
37_625_5,37,data/raw/20260731/20260731_1657_image62_rot30.jpg,20260731,4
2_94_3,2,data/raw/20260720/20260720_1503_image6_cdw.jpg,20260720,9
42_1214_8,42,data/raw/20260804/20260804_1723_image371_sdw.jpg,20260804,1
17_121_6,17,data/raw/20260722/20260722_1700_image25_rot45.jpg,20260722,17
49_973_9,49,data/raw/20260804/20260804_1703_image130_sup.jpg,20260804,17
4_42_1,4,data/raw/20260715/20260715_1555_image21_bdw.jpg,20260715,9
2_225_9,2,data/raw/20260724/20260724_1628_image3_sup.jpg,20260724,5
8_157_3,8,data/raw/20260722/20260722_1743_image61_cdw.jpg,20260722,0
39_1161_6,39,data/raw/20260804/20260804_1719_image318_rot45.jpg,20260804,0
28_1058_4,28,data/raw/20260804/20260804_1711_image215_cup.jpg,20260804,7
36_357_7,36,data/raw/20260727/20260727_1716_image114_rot60.jpg,20260727,4
35_324_2,35,data/raw/20260727/20260727_1712_image81_bup.jpg,20260727,22
39_478_1,39,data/raw/20260727/20260727_1733_image235_bdw.jpg,20260727,4
20_338_3,20,data/raw/20260727/20260727_1713_image95_cdw.jpg,20260727,11
34_876_0,34,data/raw/20260804/20260804_1654_image33.jpg,20260804,9
4_24_8,4,data/raw/20260715/20260715_1554_image11_sdw.jpg,20260715,9
50_1039_1,50,data/raw/20260804/20260804_1711_image196_bdw.jpg,20260804,15
20_993_0,20,data/raw/20260804/20260804_1704_image150.jpg,20260804,3
25_1141_9,25,data/raw/20260804/20260804_1717_image298_sup.jpg,20260804,0
39_734_5,39,data/raw/20260731/20260731_1708_image171_rot30.jpg,20260731,0
25_714_3,25,data/raw/20260731/20260731_1706_image151_cdw.jpg,20260731,0
2_556_6,2,data/raw/20260729/20260729_1700_image23_rot45.jpg,20260729,0
2_557_7,2,data/raw/20260729/20260729_1700_image24_rot60.jpg,20260729,0
20_665_6,20,data/raw/20260731/20260731_1700_image102_rot45.jpg,20260731,7
28_1064_1,28,data/raw/20260804/20260804_1712_image221_bdw.jpg,20260804,7
20_680_2,20,data/raw/20260731/20260731_1701_image117_bup.jpg,20260731,7
34_879_0,34,data/raw/20260804/20260804_1654_image36.jpg,20260804,9
34_872_8,34,data/raw/20260804/20260804_1654_image29_sdw.jpg,20260804,9
39_473_4,39,data/raw/20260727/20260727_1731_image230_cup.jpg,20260727,4
34_884_9,34,data/raw/20260804/20260804_1654_image41_sup.jpg,20260804,9
45_646_6,45,data/raw/20260731/20260731_1659_image83_rot45.jpg,20260731,11
36_356_4,36,data/raw/20260727/20260727_1716_image113_cup.jpg,20260727,4
40_469_5,40,data/raw/20260727/20260727_1731_image226_rot30.jpg,20260727,6
39_1167_9,39,data/raw/20260804/20260804_1720_image324_sup.jpg,20260804,0
20_987_3,20,data/raw/20260804/20260804_1704_image144_cdw.jpg,20260804,3
5_283_6,5,data/raw/20260727/20260727_1709_image40_rot45.jpg,20260727,0
19_580_7,19,data/raw/20260731/20260731_1654_image17_rot60.jpg,20260731,0
24_181_2,24,data/raw/20260722/20260722_1758_image85_bup.jpg,20260722,8
29_415_0,29,data/raw/20260727/20260727_1724_image172.jpg,20260727,0
34_883_9,34,data/raw/20260804/20260804_1654_image40_sup.jpg,20260804,9
29_417_0,29,data/raw/20260727/20260727_1725_image174.jpg,20260727,0
47_1099_1,47,data/raw/20260804/20260804_1714_image256_bdw.jpg,20260804,11
2_231_0,2,data/raw/20260725/20260725_1759_image3.jpg,20260725,4
26_194_1,26,data/raw/20260722/20260722_1802_image98_bdw.jpg,20260722,5
48_810_0,48,data/raw/20260731/20260731_1716_image248.jpg,20260731,4
52_1106_8,52,data/raw/20260804/20260804_1715_image263_sdw.jpg,20260804,10
49_970_7,49,data/raw/20260804/20260804_1703_image127_rot60.jpg,20260804,17
2_232_1,2,data/raw/20260725/20260725_1759_image4_bdw.jpg,20260725,4
49_976_7,49,data/raw/20260804/20260804_1703_image133_rot60.jpg,20260804,17
28_761_9,28,data/raw/20260731/20260731_1711_image198_sup.jpg,20260731,11
52_1113_9,52,data/raw/20260804/20260804_1715_image270_sup.jpg,20260804,10
24_691_6,24,data/raw/20260731/20260731_1702_image128_rot45.jpg,20260731,0
43_812_1,43,data/raw/20260731/20260731_1716_image250_bdw.jpg,20260731,0
24_340_1,24,data/raw/20260727/20260727_1713_image97_bdw.jpg,20260727,3
9_74_4,9,data/raw/20260715/20260715_1558_image53_cup.jpg,20260715,16
34_871_9,34,data/raw/20260804/20260804_1654_image28_sup.jpg,20260804,9
47_1095_6,47,data/raw/20260804/20260804_1714_image252_rot45.jpg,20260804,11
25_385_2,25,data/raw/20260727/20260727_1722_image142_bup.jpg,20260727,4
2_242_2,2,data/raw/20260726/20260726_1337_image8_bup.jpg,20260726,3
25_1140_4,25,data/raw/20260804/20260804_1717_image297_cup.jpg,20260804,0
51_1087_9,51,data/raw/20260804/20260804_1713_image244_sup.jpg,20260804,0
25_713_1,25,data/raw/20260731/20260731_1706_image150_bdw.jpg,20260731,0
20_675_5,20,data/raw/20260731/20260731_1701_image112_rot30.jpg,20260731,7
40_737_6,40,data/raw/20260731/20260731_1708_image174_rot45.jpg,20260731,2
43_826_1,43,data/raw/20260731/20260731_1717_image264_bdw.jpg,20260731,0
25_1149_2,25,data/raw/20260804/20260804_1718_image306_bup.jpg,20260804,0
22_375_5,22,data/raw/20260727/20260727_1718_image132_rot30.jpg,20260727,17
47_754_3,47,data/raw/20260731/20260731_1711_image191_cdw.jpg,20260731,15
9_73_9,9,data/raw/20260715/20260715_1557_image52_sup.jpg,20260715,16
19_589_6,19,data/raw/20260731/20260731_1654_image26_rot45.jpg,20260731,0
39_463_7,39,data/raw/20260727/20260727_1730_image220_rot60.jpg,20260727,4
24_345_2,24,data/raw/20260727/20260727_1713_image102_bup.jpg,20260727,3
28_423_7,28,data/raw/20260727/20260727_1725_image180_rot60.jpg,20260727,15
39_1161_7,39,data/raw/20260804/20260804_1719_image318_rot60.jpg,20260804,0
24_181_6,24,data/raw/20260722/20260722_1758_image85_rot45.jpg,20260722,8
28_788_1,28,data/raw/20260731/20260731_1713_image225_bdw.jpg,20260731,11
45_646_2,45,data/raw/20260731/20260731_1659_image83_bup.jpg,20260731,11
20_949_7,20,data/raw/20260804/20260804_1702_image106_rot60.jpg,20260804,3
20_669_6,20,data/raw/20260731/20260731_1701_image106_rot45.jpg,20260731,7
53_1193_2,53,data/raw/20260804/20260804_1722_image350_bup.jpg,20260804,4
28_763_3,28,data/raw/20260731/20260731_1712_image200_cdw.jpg,20260731,11
43_815_2,43,data/raw/20260731/20260731_1716_image253_bup.jpg,20260731,0
37_624_5,37,data/raw/20260731/20260731_1657_image61_rot30.jpg,20260731,4
28_1053_7,28,data/raw/20260804/20260804_1711_image210_rot60.jpg,20260804,7
42_493_8,42,data/raw/20260727/20260727_1736_image250_sdw.jpg,20260727,9
19_900_2,19,data/raw/20260804/20260804_1655_image57_bup.jpg,20260804,0
8_63_7,8,data/raw/20260715/20260715_1557_image42_rot60.jpg,20260715,0
15_110_6,15,data/raw/20260722/20260722_1658_image15_rot45.jpg,20260722,0
2_19_8,2,data/raw/20260714/20260714_1017_image6_sdw.jpg,20260714,15
20_671_6,20,data/raw/20260731/20260731_1701_image108_rot45.jpg,20260731,7
9_315_2,9,data/raw/20260727/20260727_1711_image72_bup.jpg,20260727,4
28_1059_8,28,data/raw/20260804/20260804_1711_image216_sdw.jpg,20260804,7
28_430_4,28,data/raw/20260727/20260727_1726_image187_cup.jpg,20260727,15
45_645_1,45,data/raw/20260731/20260731_1659_image82_bdw.jpg,20260731,11
29_414_0,29,data/raw/20260727/20260727_1724_image171.jpg,20260727,0
25_710_5,25,data/raw/20260731/20260731_1706_image147_rot30.jpg,20260731,0
49_965_9,49,data/raw/20260804/20260804_1703_image122_sup.jpg,20260804,17
4_293_4,4,data/raw/20260727/20260727_1709_image50_cup.jpg,20260727,0
26_393_0,26,data/raw/20260727/20260727_1722_image150.jpg,20260727,0
29_417_3,29,data/raw/20260727/20260727_1725_image174_cdw.jpg,20260727,0
38_1121_9,38,data/raw/20260804/20260804_1716_image278_sup.jpg,20260804,7
25_384_9,25,data/raw/20260727/20260727_1722_image141_sup.jpg,20260727,4
47_1094_7,47,data/raw/20260804/20260804_1714_image251_rot60.jpg,20260804,11
29_792_0,29,data/raw/20260731/20260731_1713_image229.jpg,20260731,0
30_214_7,30,data/raw/20260722/20260722_1813_image118_rot60.jpg,20260722,5
8_160_6,8,data/raw/20260722/20260722_1744_image64_rot45.jpg,20260722,0
49_983_6,49,data/raw/20260804/20260804_1703_image140_rot45.jpg,20260804,17
45_907_1,45,data/raw/20260804/20260804_1657_image64_bdw.jpg,20260804,7
21_169_2,21,data/raw/20260722/20260722_1746_image73_bup.jpg,20260722,3
13_106_2,13,data/raw/20260722/20260722_1658_image11_bup.jpg,20260722,8
19_591_3,19,data/raw/20260731/20260731_1654_image28_cdw.jpg,20260731,0
37_623_7,37,data/raw/20260731/20260731_1657_image60_rot60.jpg,20260731,4
43_811_7,43,data/raw/20260731/20260731_1716_image249_rot60.jpg,20260731,0
36_358_9,36,data/raw/20260727/20260727_1716_image115_sup.jpg,20260727,4
40_468_3,40,data/raw/20260727/20260727_1731_image225_cdw.jpg,20260727,6
39_735_5,39,data/raw/20260731/20260731_1708_image172_rot30.jpg,20260731,0
37_924_6,37,data/raw/20260804/20260804_1659_image81_rot45.jpg,20260804,0
49_978_9,49,data/raw/20260804/20260804_1703_image135_sup.jpg,20260804,17
53_1184_0,53,data/raw/20260804/20260804_1722_image341.jpg,20260804,4
9_74_0,9,data/raw/20260715/20260715_1558_image53.jpg,20260715,16
41_479_1,41,data/raw/20260727/20260727_1734_image236_bdw.jpg,20260727,15
20_946_7,20,data/raw/20260804/20260804_1702_image103_rot60.jpg,20260804,3
43_813_1,43,data/raw/20260731/20260731_1716_image251_bdw.jpg,20260731,0
20_995_8,20,data/raw/20260804/20260804_1704_image152_sdw.jpg,20260804,3
43_1207_3,43,data/raw/20260804/20260804_1723_image364_cdw.jpg,20260804,0
19_895_6,19,data/raw/20260804/20260804_1655_image52_rot45.jpg,20260804,0
23_173_7,23,data/raw/20260722/20260722_1746_image77_rot60.jpg,20260722,11
49_980_5,49,data/raw/20260804/20260804_1703_image137_rot30.jpg,20260804,17
31_526_1,31,data/raw/20260727/20260727_1738_image283_bdw.jpg,20260727,0
5_140_5,5,data/raw/20260722/20260722_1742_image44_rot30.jpg,20260722,5
38_1132_7,38,data/raw/20260804/20260804_1717_image289_rot60.jpg,20260804,7
3_34_4,3,data/raw/20260715/20260715_1554_image8_cup.jpg,20260715,0
15_111_8,15,data/raw/20260722/20260722_1658_image16_sdw.jpg,20260722,0
8_60_9,8,data/raw/20260715/20260715_1556_image39_sup.jpg,20260715,0
2_238_1,2,data/raw/20260726/20260726_1336_image4_bdw.jpg,20260726,3
30_487_2,30,data/raw/20260727/20260727_1735_image244_bup.jpg,20260727,0
42_491_6,42,data/raw/20260727/20260727_1736_image248_rot45.jpg,20260727,9
25_384_3,25,data/raw/20260727/20260727_1722_image141_cdw.jpg,20260727,4
42_1219_1,42,data/raw/20260804/20260804_1724_image376_bdw.jpg,20260804,1
17_126_6,17,data/raw/20260722/20260722_1702_image30_rot45.jpg,20260722,17
20_333_5,20,data/raw/20260727/20260727_1712_image90_rot30.jpg,20260727,11
34_299_3,34,data/raw/20260727/20260727_1710_image56_cdw.jpg,20260727,17
20_1013_5,20,data/raw/20260804/20260804_1705_image170_rot30.jpg,20260804,3
20_669_5,20,data/raw/20260731/20260731_1701_image106_rot30.jpg,20260731,7
33_568_9,33,data/raw/20260731/20260731_1653_image5_sup.jpg,20260731,8
39_1163_9,39,data/raw/20260804/20260804_1719_image320_sup.jpg,20260804,0
20_336_9,20,data/raw/20260727/20260727_1712_image93_sup.jpg,20260727,11
44_521_9,44,data/raw/20260727/20260727_1737_image278_sup.jpg,20260727,15
52_1117_9,52,data/raw/20260804/20260804_1716_image274_sup.jpg,20260804,10
22_372_6,22,data/raw/20260727/20260727_1718_image129_rot45.jpg,20260727,17
4_144_6,4,data/raw/20260722/20260722_1743_image48_rot45.jpg,20260722,2
39_460_1,39,data/raw/20260727/20260727_1730_image217_bdw.jpg,20260727,4
4_35_9,4,data/raw/20260715/20260715_1554_image9_sup.jpg,20260715,9
29_1068_1,29,data/raw/20260804/20260804_1712_image225_bdw.jpg,20260804,0
7_48_7,7,data/raw/20260715/20260715_1556_image27_rot60.jpg,20260715,0
28_1061_1,28,data/raw/20260804/20260804_1711_image218_bdw.jpg,20260804,7
20_937_1,20,data/raw/20260804/20260804_1701_image94_bdw.jpg,20260804,3
49_971_8,49,data/raw/20260804/20260804_1703_image128_sdw.jpg,20260804,17
43_816_6,43,data/raw/20260731/20260731_1716_image254_rot45.jpg,20260731,0
24_354_7,24,data/raw/20260727/20260727_1714_image111_rot60.jpg,20260727,3
48_1176_5,48,data/raw/20260804/20260804_1721_image333_rot30.jpg,20260804,0
29_1070_5,29,data/raw/20260804/20260804_1712_image227_rot30.jpg,20260804,0
9_317_5,9,data/raw/20260727/20260727_1711_image74_rot30.jpg,20260727,4
39_1164_0,39,data/raw/20260804/20260804_1719_image321.jpg,20260804,0
53_1193_3,53,data/raw/20260804/20260804_1722_image350_cdw.jpg,20260804,4
26_190_6,26,data/raw/20260722/20260722_1802_image94_rot45.jpg,20260722,5
28_778_1,28,data/raw/20260731/20260731_1713_image215_bdw.jpg,20260731,11
20_931_0,20,data/raw/20260804/20260804_1701_image88.jpg,20260804,3
46_695_6,46,data/raw/20260731/20260731_1703_image132_rot45.jpg,20260731,2
20_676_5,20,data/raw/20260731/20260731_1701_image113_rot30.jpg,20260731,7
2_245_2,2,data/raw/20260727/20260727_1555_image1_bup.jpg,20260727,2
9_73_2,9,data/raw/20260715/20260715_1557_image52_bup.jpg,20260715,16
38_404_6,38,data/raw/20260727/20260727_1723_image161_rot45.jpg,20260727,15
38_409_7,38,data/raw/20260727/20260727_1724_image166_rot60.jpg,20260727,15
40_736_1,40,data/raw/20260731/20260731_1708_image173_bdw.jpg,20260731,2
29_796_7,29,data/raw/20260731/20260731_1714_image233_rot60.jpg,20260731,0
43_1202_4,43,data/raw/20260804/20260804_1722_image359_cup.jpg,20260804,0
22_637_1,22,data/raw/20260731/20260731_1658_image74_bdw.jpg,20260731,13
48_810_7,48,data/raw/20260731/20260731_1716_image248_rot60.jpg,20260731,4
25_704_6,25,data/raw/20260731/20260731_1705_image141_rot45.jpg,20260731,0
2_91_9,2,data/raw/20260720/20260720_1503_image3_sup.jpg,20260720,9
46_698_4,46,data/raw/20260731/20260731_1703_image135_cup.jpg,20260731,2
22_374_7,22,data/raw/20260727/20260727_1718_image131_rot60.jpg,20260727,17
34_301_1,34,data/raw/20260727/20260727_1710_image58_bdw.jpg,20260727,17
7_52_7,7,data/raw/20260715/20260715_1556_image31_rot60.jpg,20260715,0
43_509_8,43,data/raw/20260727/20260727_1737_image266_sdw.jpg,20260727,2
38_402_9,38,data/raw/20260727/20260727_1723_image159_sup.jpg,20260727,15
43_825_9,43,data/raw/20260731/20260731_1717_image263_sup.jpg,20260731,0
20_1000_1,20,data/raw/20260804/20260804_1704_image157_bdw.jpg,20260804,3
29_789_6,29,data/raw/20260731/20260731_1713_image226_rot45.jpg,20260731,0
24_1003_0,24,data/raw/20260804/20260804_1705_image160.jpg,20260804,0
40_470_5,40,data/raw/20260727/20260727_1731_image227_rot30.jpg,20260727,6
20_660_9,20,data/raw/20260731/20260731_1700_image97_sup.jpg,20260731,7
26_392_7,26,data/raw/20260727/20260727_1722_image149_rot60.jpg,20260727,0
9_68_5,9,data/raw/20260715/20260715_1557_image47_rot30.jpg,20260715,16
24_1004_9,24,data/raw/20260804/20260804_1705_image161_sup.jpg,20260804,0
53_1191_5,53,data/raw/20260804/20260804_1722_image348_rot30.jpg,20260804,4
38_724_8,38,data/raw/20260731/20260731_1707_image161_sdw.jpg,20260731,11
49_977_2,49,data/raw/20260804/20260804_1703_image134_bup.jpg,20260804,17
25_710_7,25,data/raw/20260731/20260731_1706_image147_rot60.jpg,20260731,0
34_603_3,34,data/raw/20260731/20260731_1655_image40_cdw.jpg,20260731,13
34_607_0,34,data/raw/20260731/20260731_1656_image44.jpg,20260731,13
36_360_4,36,data/raw/20260727/20260727_1716_image117_cup.jpg,20260727,4
42_835_0,42,data/raw/20260731/20260731_1717_image273.jpg,20260731,5
20_939_4,20,data/raw/20260804/20260804_1701_image96_cup.jpg,20260804,3
20_331_7,20,data/raw/20260727/20260727_1712_image88_rot60.jpg,20260727,11
30_486_9,30,data/raw/20260727/20260727_1735_image243_sup.jpg,20260727,0
2_562_1,2,data/raw/20260729/20260729_1701_image29_bdw.jpg,20260729,0
9_152_9,9,data/raw/20260722/20260722_1743_image56_sup.jpg,20260722,9
20_671_9,20,data/raw/20260731/20260731_1701_image108_sup.jpg,20260731,7
14_444_7,14,data/raw/20260727/20260727_1727_image201_rot60.jpg,20260727,4
51_1087_2,51,data/raw/20260804/20260804_1713_image244_bup.jpg,20260804,0
4_282_7,4,data/raw/20260727/20260727_1709_image39_rot60.jpg,20260727,0
38_1124_6,38,data/raw/20260804/20260804_1716_image281_rot45.jpg,20260804,7
21_313_5,21,data/raw/20260727/20260727_1711_image70_rot30.jpg,20260727,0
45_915_2,45,data/raw/20260804/20260804_1659_image72_bup.jpg,20260804,7
9_652_7,9,data/raw/20260731/20260731_1700_image89_rot60.jpg,20260731,0
28_1045_0,28,data/raw/20260804/20260804_1711_image202.jpg,20260804,7
19_901_2,19,data/raw/20260804/20260804_1655_image58_bup.jpg,20260804,0
20_338_9,20,data/raw/20260727/20260727_1713_image95_sup.jpg,20260727,11
25_711_6,25,data/raw/20260731/20260731_1706_image148_rot45.jpg,20260731,0
14_743_0,14,data/raw/20260731/20260731_1709_image180.jpg,20260731,15
2_246_8,2,data/raw/20260727/20260727_1555_image2_sdw.jpg,20260727,2
28_426_5,28,data/raw/20260727/20260727_1725_image183_rot30.jpg,20260727,15
20_165_4,20,data/raw/20260722/20260722_1744_image69_cup.jpg,20260722,16
20_943_2,20,data/raw/20260804/20260804_1701_image100_bup.jpg,20260804,3
2_16_8,2,data/raw/20260714/20260714_1016_image3_sdw.jpg,20260714,15
22_858_0,22,data/raw/20260804/20260804_1652_image15.jpg,20260804,9
25_188_4,25,data/raw/20260722/20260722_1802_image92_cup.jpg,20260722,9
34_607_5,34,data/raw/20260731/20260731_1656_image44_rot30.jpg,20260731,13
2_547_0,2,data/raw/20260729/20260729_1700_image14.jpg,20260729,0
47_1098_5,47,data/raw/20260804/20260804_1714_image255_rot30.jpg,20260804,11
42_838_4,42,data/raw/20260731/20260731_1718_image276_cup.jpg,20260731,5
49_971_7,49,data/raw/20260804/20260804_1703_image128_rot60.jpg,20260804,17
43_512_9,43,data/raw/20260727/20260727_1737_image269_sup.jpg,20260727,2
29_1073_4,29,data/raw/20260804/20260804_1712_image230_cup.jpg,20260804,0
11_88_7,11,data/raw/20260715/20260715_1601_image67_rot60.jpg,20260715,4
45_642_8,45,data/raw/20260731/20260731_1659_image79_sdw.jpg,20260731,11
20_77_5,20,data/raw/20260715/20260715_1558_image56_rot30.jpg,20260715,23
50_1034_6,50,data/raw/20260804/20260804_1710_image191_rot45.jpg,20260804,15
45_644_8,45,data/raw/20260731/20260731_1659_image81_sdw.jpg,20260731,11
20_987_5,20,data/raw/20260804/20260804_1704_image144_rot30.jpg,20260804,3
4_280_7,4,data/raw/20260727/20260727_1709_image37_rot60.jpg,20260727,0
3_31_0,3,data/raw/20260715/20260715_1554_image5.jpg,20260715,0
34_886_7,34,data/raw/20260804/20260804_1654_image43_rot60.jpg,20260804,9
43_1203_3,43,data/raw/20260804/20260804_1723_image360_cdw.jpg,20260804,0
9_655_0,9,data/raw/20260731/20260731_1700_image92.jpg,20260731,0
20_163_4,20,data/raw/20260722/20260722_1744_image67_cup.jpg,20260722,16
4_279_2,4,data/raw/20260727/20260727_1709_image36_bup.jpg,20260727,0
25_380_7,25,data/raw/20260727/20260727_1722_image137_rot60.jpg,20260727,4
47_1100_6,47,data/raw/20260804/20260804_1714_image257_rot45.jpg,20260804,11
25_710_8,25,data/raw/20260731/20260731_1706_image147_sdw.jpg,20260731,0
24_689_8,24,data/raw/20260731/20260731_1702_image126_sdw.jpg,20260731,0
33_857_9,33,data/raw/20260804/20260804_1652_image14_sup.jpg,20260804,4
34_878_1,34,data/raw/20260804/20260804_1654_image35_bdw.jpg,20260804,9
28_766_9,28,data/raw/20260731/20260731_1712_image203_sup.jpg,20260731,11
53_1181_0,53,data/raw/20260804/20260804_1721_image338.jpg,20260804,4
3_33_3,3,data/raw/20260715/20260715_1554_image7_cdw.jpg,20260715,0
29_414_2,29,data/raw/20260727/20260727_1724_image171_bup.jpg,20260727,0
28_1048_8,28,data/raw/20260804/20260804_1711_image205_sdw.jpg,20260804,7
29_1077_9,29,data/raw/20260804/20260804_1713_image234_sup.jpg,20260804,0
43_826_6,43,data/raw/20260731/20260731_1717_image264_rot45.jpg,20260731,0
53_1184_3,53,data/raw/20260804/20260804_1722_image341_cdw.jpg,20260804,4
42_494_2,42,data/raw/20260727/20260727_1736_image251_bup.jpg,20260727,9
50_1021_6,50,data/raw/20260804/20260804_1710_image178_rot45.jpg,20260804,15
2_552_7,2,data/raw/20260729/20260729_1700_image19_rot60.jpg,20260729,0
49_959_9,49,data/raw/20260804/20260804_1702_image116_sup.jpg,20260804,17
22_861_4,22,data/raw/20260804/20260804_1652_image18_cup.jpg,20260804,9
34_884_6,34,data/raw/20260804/20260804_1654_image41_rot45.jpg,20260804,9
33_576_1,33,data/raw/20260731/20260731_1653_image13_bdw.jpg,20260731,8
43_820_9,43,data/raw/20260731/20260731_1717_image258_sup.jpg,20260731,0
28_429_2,28,data/raw/20260727/20260727_1726_image186_bup.jpg,20260727,15
37_625_3,37,data/raw/20260731/20260731_1657_image62_cdw.jpg,20260731,4
33_851_6,33,data/raw/20260804/20260804_1651_image8_rot45.jpg,20260804,4
22_171_3,22,data/raw/20260722/20260722_1746_image75_cdw.jpg,20260722,22
29_1068_3,29,data/raw/20260804/20260804_1712_image225_cdw.jpg,20260804,0
13_107_0,13,data/raw/20260722/20260722_1658_image12.jpg,20260722,8
26_390_0,26,data/raw/20260727/20260727_1722_image147.jpg,20260727,0
17_124_9,17,data/raw/20260722/20260722_1700_image28_sup.jpg,20260722,17
2_539_5,2,data/raw/20260729/20260729_1659_image6_rot30.jpg,20260729,0
4_44_8,4,data/raw/20260715/20260715_1555_image23_sdw.jpg,20260715,9
3_78_9,3,data/raw/20260715/20260715_1559_image57_sup.jpg,20260715,0
52_1115_4,52,data/raw/20260804/20260804_1716_image272_cup.jpg,20260804,10
14_439_3,14,data/raw/20260727/20260727_1727_image196_cdw.jpg,20260727,4
50_1024_6,50,data/raw/20260804/20260804_1710_image181_rot45.jpg,20260804,15
42_1219_7,42,data/raw/20260804/20260804_1724_image376_rot60.jpg,20260804,1
33_845_2,33,data/raw/20260804/20260804_1651_image2_bup.jpg,20260804,4
20_662_2,20,data/raw/20260731/20260731_1700_image99_bup.jpg,20260731,7
42_833_1,42,data/raw/20260731/20260731_1717_image271_bdw.jpg,20260731,5
14_747_1,14,data/raw/20260731/20260731_1710_image184_bdw.jpg,20260731,15
28_199_3,28,data/raw/20260722/20260722_1803_image104_cdw.jpg,20260722,20
20_1014_3,20,data/raw/20260804/20260804_1705_image171_cdw.jpg,20260804,3
22_868_9,22,data/raw/20260804/20260804_1653_image25_sup.jpg,20260804,9
2_237_7,2,data/raw/20260726/20260726_1336_image3_rot60.jpg,20260726,3
2_94_6,2,data/raw/20260720/20260720_1503_image6_rot45.jpg,20260720,9
22_930_4,22,data/raw/20260804/20260804_1700_image87_cup.jpg,20260804,9
35_323_8,35,data/raw/20260727/20260727_1712_image80_sdw.jpg,20260727,22
39_1159_4,39,data/raw/20260804/20260804_1719_image316_cup.jpg,20260804,0
5_141_6,5,data/raw/20260722/20260722_1743_image45_rot45.jpg,20260722,5
45_638_9,45,data/raw/20260731/20260731_1658_image75_sup.jpg,20260731,11
39_450_6,39,data/raw/20260727/20260727_1730_image207_rot45.jpg,20260727,4
2_553_5,2,data/raw/20260729/20260729_1700_image20_rot30.jpg,20260729,0
26_397_1,26,data/raw/20260727/20260727_1723_image154_bdw.jpg,20260727,0
4_23_4,4,data/raw/20260715/20260715_1554_image10_cup.jpg,20260715,9
18_260_7,18,data/raw/20260727/20260727_1707_image16_rot60.jpg,20260727,0
45_646_4,45,data/raw/20260731/20260731_1659_image83_cup.jpg,20260731,11
33_850_9,33,data/raw/20260804/20260804_1651_image7_sup.jpg,20260804,4
37_631_6,37,data/raw/20260731/20260731_1658_image68_rot45.jpg,20260731,4
28_1063_6,28,data/raw/20260804/20260804_1712_image220_rot45.jpg,20260804,7
46_694_5,46,data/raw/20260731/20260731_1703_image131_rot30.jpg,20260731,2
2_96_7,2,data/raw/20260720/20260720_1504_image8_rot60.jpg,20260720,9
7_47_0,7,data/raw/20260715/20260715_1555_image26.jpg,20260715,0
2_550_6,2,data/raw/20260729/20260729_1700_image17_rot45.jpg,20260729,0
6_58_2,6,data/raw/20260715/20260715_1556_image37_bup.jpg,20260715,5
34_597_6,34,data/raw/20260731/20260731_1655_image34_rot45.jpg,20260731,13
48_1178_6,48,data/raw/20260804/20260804_1721_image335_rot45.jpg,20260804,0
10_79_4,10,data/raw/20260715/20260715_1600_image58_cup.jpg,20260715,5
50_1025_2,50,data/raw/20260804/20260804_1710_image182_bup.jpg,20260804,15
39_472_5,39,data/raw/20260727/20260727_1731_image229_rot30.jpg,20260727,4
2_252_5,2,data/raw/20260727/20260727_1555_image8_rot30.jpg,20260727,2
37_625_6,37,data/raw/20260731/20260731_1657_image62_rot45.jpg,20260731,4
47_1093_4,47,data/raw/20260804/20260804_1713_image250_cup.jpg,20260804,11
2_247_8,2,data/raw/20260727/20260727_1555_image3_sdw.jpg,20260727,2
43_812_5,43,data/raw/20260731/20260731_1716_image250_rot30.jpg,20260731,0
4_292_3,4,data/raw/20260727/20260727_1709_image49_cdw.jpg,20260727,0
39_456_5,39,data/raw/20260727/20260727_1730_image213_rot30.jpg,20260727,4
43_812_8,43,data/raw/20260731/20260731_1716_image250_sdw.jpg,20260731,0
44_518_6,44,data/raw/20260727/20260727_1737_image275_rot45.jpg,20260727,15
8_159_5,8,data/raw/20260722/20260722_1744_image63_rot30.jpg,20260722,0
20_985_8,20,data/raw/20260804/20260804_1704_image142_sdw.jpg,20260804,3
51_1082_5,51,data/raw/20260804/20260804_1713_image239_rot30.jpg,20260804,0
51_1086_4,51,data/raw/20260804/20260804_1713_image243_cup.jpg,20260804,0
20_944_9,20,data/raw/20260804/20260804_1701_image101_sup.jpg,20260804,3
22_613_8,22,data/raw/20260731/20260731_1656_image50_sdw.jpg,20260731,13
5_141_4,5,data/raw/20260722/20260722_1743_image45_cup.jpg,20260722,5
24_689_5,24,data/raw/20260731/20260731_1702_image126_rot30.jpg,20260731,0
2_16_1,2,data/raw/20260714/20260714_1016_image3_bdw.jpg,20260714,15
39_451_5,39,data/raw/20260727/20260727_1730_image208_rot30.jpg,20260727,4
19_893_8,19,data/raw/20260804/20260804_1655_image50_sdw.jpg,20260804,0
28_769_0,28,data/raw/20260731/20260731_1712_image206.jpg,20260731,11
39_449_5,39,data/raw/20260727/20260727_1730_image206_rot30.jpg,20260727,4
37_923_1,37,data/raw/20260804/20260804_1659_image80_bdw.jpg,20260804,0
20_674_2,20,data/raw/20260731/20260731_1701_image111_bup.jpg,20260731,7
42_833_7,42,data/raw/20260731/20260731_1717_image271_rot60.jpg,20260731,5
42_1214_9,42,data/raw/20260804/20260804_1723_image371_sup.jpg,20260804,1
18_262_2,18,data/raw/20260727/20260727_1707_image18_bup.jpg,20260727,0
42_493_4,42,data/raw/20260727/20260727_1736_image250_cup.jpg,20260727,9
19_893_9,19,data/raw/20260804/20260804_1655_image50_sup.jpg,20260804,0
1_6_2,1,data/raw/20260712/20260712_0855_image10_bup.jpg,20260712,3
37_170_9,37,data/raw/20260722/20260722_1746_image74_sup.jpg,20260722,13
38_407_6,38,data/raw/20260727/20260727_1723_image164_rot45.jpg,20260727,15
42_1218_1,42,data/raw/20260804/20260804_1724_image375_bdw.jpg,20260804,1
39_456_2,39,data/raw/20260727/20260727_1730_image213_bup.jpg,20260727,4
19_150_4,19,data/raw/20260722/20260722_1743_image54_cup.jpg,20260722,9
22_374_8,22,data/raw/20260727/20260727_1718_image131_sdw.jpg,20260727,17
45_916_5,45,data/raw/20260804/20260804_1659_image73_rot30.jpg,20260804,7
33_264_1,33,data/raw/20260727/20260727_1707_image20_bdw.jpg,20260727,12
22_865_7,22,data/raw/20260804/20260804_1653_image22_rot60.jpg,20260804,9
50_1018_9,50,data/raw/20260804/20260804_1710_image175_sup.jpg,20260804,15
48_802_2,48,data/raw/20260731/20260731_1715_image240_bup.jpg,20260731,4
4_279_3,4,data/raw/20260727/20260727_1709_image36_cdw.jpg,20260727,0
20_945_0,20,data/raw/20260804/20260804_1701_image102.jpg,20260804,3
2_226_3,2,data/raw/20260724/20260724_1628_image4_cdw.jpg,20260724,5
49_979_9,49,data/raw/20260804/20260804_1703_image136_sup.jpg,20260804,17
45_917_2,45,data/raw/20260804/20260804_1659_image74_bup.jpg,20260804,7
50_1037_2,50,data/raw/20260804/20260804_1710_image194_bup.jpg,20260804,15
28_765_0,28,data/raw/20260731/20260731_1712_image202.jpg,20260731,11
7_51_9,7,data/raw/20260715/20260715_1556_image30_sup.jpg,20260715,0
32_209_4,32,data/raw/20260722/20260722_1807_image113_cup.jpg,20260722,12
43_1197_0,43,data/raw/20260804/20260804_1722_image354.jpg,20260804,0
34_609_2,34,data/raw/20260731/20260731_1656_image46_bup.jpg,20260731,13
4_280_4,4,data/raw/20260727/20260727_1709_image37_cup.jpg,20260727,0
22_614_9,22,data/raw/20260731/20260731_1656_image51_sup.jpg,20260731,13
51_1086_6,51,data/raw/20260804/20260804_1713_image243_rot45.jpg,20260804,0
49_957_0,49,data/raw/20260804/20260804_1702_image114.jpg,20260804,17
20_947_7,20,data/raw/20260804/20260804_1702_image104_rot60.jpg,20260804,3
42_839_5,42,data/raw/20260731/20260731_1718_image277_rot30.jpg,20260731,5
17_125_4,17,data/raw/20260722/20260722_1702_image29_cup.jpg,20260722,17
9_321_2,9,data/raw/20260727/20260727_1711_image78_bup.jpg,20260727,4
1_10_4,1,data/raw/20260712/20260712_0855_image6_cup.jpg,20260712,3
25_188_0,25,data/raw/20260722/20260722_1802_image92.jpg,20260722,9
20_1001_5,20,data/raw/20260804/20260804_1704_image158_rot30.jpg,20260804,3
34_298_3,34,data/raw/20260727/20260727_1710_image55_cdw.jpg,20260727,17
38_399_1,38,data/raw/20260727/20260727_1723_image156_bdw.jpg,20260727,15
28_1047_8,28,data/raw/20260804/20260804_1711_image204_sdw.jpg,20260804,7
51_1082_4,51,data/raw/20260804/20260804_1713_image239_cup.jpg,20260804,0
25_186_5,25,data/raw/20260722/20260722_1802_image90_rot30.jpg,20260722,9
45_638_1,45,data/raw/20260731/20260731_1658_image75_bdw.jpg,20260731,11
28_420_9,28,data/raw/20260727/20260727_1725_image177_sup.jpg,20260727,15
49_976_9,49,data/raw/20260804/20260804_1703_image133_sup.jpg,20260804,17
15_110_8,15,data/raw/20260722/20260722_1658_image15_sdw.jpg,20260722,0
43_811_3,43,data/raw/20260731/20260731_1716_image249_cdw.jpg,20260731,0
17_121_0,17,data/raw/20260722/20260722_1700_image25.jpg,20260722,17
40_1173_3,40,data/raw/20260804/20260804_1720_image330_cdw.jpg,20260804,0
43_1203_0,43,data/raw/20260804/20260804_1723_image360.jpg,20260804,0
40_471_8,40,data/raw/20260727/20260727_1731_image228_sdw.jpg,20260727,6
2_249_8,2,data/raw/20260727/20260727_1555_image5_sdw.jpg,20260727,2
25_1148_8,25,data/raw/20260804/20260804_1717_image305_sdw.jpg,20260804,0
9_652_5,9,data/raw/20260731/20260731_1700_image89_rot30.jpg,20260731,0
5_287_5,5,data/raw/20260727/20260727_1709_image44_rot30.jpg,20260727,0
24_1002_3,24,data/raw/20260804/20260804_1704_image159_cdw.jpg,20260804,0
4_44_7,4,data/raw/20260715/20260715_1555_image23_rot60.jpg,20260715,9
4_289_1,4,data/raw/20260727/20260727_1709_image46_bdw.jpg,20260727,0
2_21_2,2,data/raw/20260714/20260714_1017_image8_bup.jpg,20260714,15
24_687_7,24,data/raw/20260731/20260731_1702_image124_rot60.jpg,20260731,0
30_533_3,30,data/raw/20260727/20260727_1739_image290_cdw.jpg,20260727,0
22_612_7,22,data/raw/20260731/20260731_1656_image49_rot60.jpg,20260731,13
27_195_9,27,data/raw/20260722/20260722_1803_image100_sup.jpg,20260722,0
28_771_7,28,data/raw/20260731/20260731_1712_image208_rot60.jpg,20260731,11
48_1177_5,48,data/raw/20260804/20260804_1721_image334_rot30.jpg,20260804,0
4_42_3,4,data/raw/20260715/20260715_1555_image21_cdw.jpg,20260715,9
22_615_5,22,data/raw/20260731/20260731_1656_image52_rot30.jpg,20260731,13
42_488_8,42,data/raw/20260727/20260727_1736_image245_sdw.jpg,20260727,9
28_760_2,28,data/raw/20260731/20260731_1711_image197_bup.jpg,20260731,11
29_205_1,29,data/raw/20260722/20260722_1804_image109_bdw.jpg,20260722,0
26_396_2,26,data/raw/20260727/20260727_1722_image153_bup.jpg,20260727,0
28_425_1,28,data/raw/20260727/20260727_1725_image182_bdw.jpg,20260727,15
9_68_0,9,data/raw/20260715/20260715_1557_image47.jpg,20260715,16
34_295_6,34,data/raw/20260727/20260727_1710_image52_rot45.jpg,20260727,17
39_446_6,39,data/raw/20260727/20260727_1730_image203_rot45.jpg,20260727,4
2_227_7,2,data/raw/20260724/20260724_1628_image5_rot60.jpg,20260724,5
19_149_2,19,data/raw/20260722/20260722_1743_image53_bup.jpg,20260722,9
20_662_5,20,data/raw/20260731/20260731_1700_image99_rot30.jpg,20260731,7
34_601_2,34,data/raw/20260731/20260731_1655_image38_bup.jpg,20260731,13
20_937_7,20,data/raw/20260804/20260804_1701_image94_rot60.jpg,20260804,3
2_537_4,2,data/raw/20260729/20260729_1659_image4_cup.jpg,20260729,0
52_1110_1,52,data/raw/20260804/20260804_1715_image267_bdw.jpg,20260804,10
37_619_2,37,data/raw/20260731/20260731_1656_image56_bup.jpg,20260731,4
34_302_0,34,data/raw/20260727/20260727_1710_image59.jpg,20260727,17
24_341_6,24,data/raw/20260727/20260727_1713_image98_rot45.jpg,20260727,3
42_828_4,42,data/raw/20260731/20260731_1717_image266_cup.jpg,20260731,5
12_100_4,12,data/raw/20260722/20260722_1656_image4_cup.jpg,20260722,16
20_677_7,20,data/raw/20260731/20260731_1701_image114_rot60.jpg,20260731,7
34_302_2,34,data/raw/20260727/20260727_1710_image59_bup.jpg,20260727,17
14_437_1,14,data/raw/20260727/20260727_1726_image194_bdw.jpg,20260727,4
2_535_4,2,data/raw/20260729/20260729_1659_image2_cup.jpg,20260729,0
48_806_2,48,data/raw/20260731/20260731_1716_image244_bup.jpg,20260731,4
16_116_4,16,data/raw/20260722/20260722_1659_image20_cup.jpg,20260722,8
20_175_2,20,data/raw/20260722/20260722_1757_image79_bup.jpg,20260722,5
37_920_8,37,data/raw/20260804/20260804_1659_image77_sdw.jpg,20260804,0
4_27_5,4,data/raw/20260715/20260715_1554_image14_rot30.jpg,20260715,9
33_275_6,33,data/raw/20260727/20260727_1708_image31_rot45.jpg,20260727,12
37_920_2,37,data/raw/20260804/20260804_1659_image77_bup.jpg,20260804,0
47_758_5,47,data/raw/20260731/20260731_1711_image195_rot30.jpg,20260731,15
43_506_9,43,data/raw/20260727/20260727_1736_image263_sup.jpg,20260727,2
4_279_4,4,data/raw/20260727/20260727_1709_image36_cup.jpg,20260727,0
22_863_7,22,data/raw/20260804/20260804_1653_image20_rot60.jpg,20260804,9
22_372_2,22,data/raw/20260727/20260727_1718_image129_bup.jpg,20260727,17
43_821_1,43,data/raw/20260731/20260731_1717_image259_bdw.jpg,20260731,0
50_1036_3,50,data/raw/20260804/20260804_1710_image193_cdw.jpg,20260804,15
13_109_7,13,data/raw/20260722/20260722_1658_image14_rot60.jpg,20260722,8
25_204_8,25,data/raw/20260722/20260722_1803_image99_sdw.jpg,20260722,9
5_284_2,5,data/raw/20260727/20260727_1709_image41_bup.jpg,20260727,0
2_563_5,2,data/raw/20260729/20260729_1701_image30_rot30.jpg,20260729,0
39_1162_1,39,data/raw/20260804/20260804_1719_image319_bdw.jpg,20260804,0
8_160_2,8,data/raw/20260722/20260722_1744_image64_bup.jpg,20260722,0
33_857_7,33,data/raw/20260804/20260804_1652_image14_rot60.jpg,20260804,4
1_11_8,1,data/raw/20260712/20260712_0855_image7_sdw.jpg,20260712,3
38_1129_6,38,data/raw/20260804/20260804_1716_image286_rot45.jpg,20260804,7
2_237_8,2,data/raw/20260726/20260726_1336_image3_sdw.jpg,20260726,3
37_616_7,37,data/raw/20260731/20260731_1656_image53_rot60.jpg,20260731,4
49_981_6,49,data/raw/20260804/20260804_1703_image138_rot45.jpg,20260804,17
43_1208_8,43,data/raw/20260804/20260804_1723_image365_sdw.jpg,20260804,0
47_1098_2,47,data/raw/20260804/20260804_1714_image255_bup.jpg,20260804,11
9_71_7,9,data/raw/20260715/20260715_1557_image50_rot60.jpg,20260715,16
12_102_7,12,data/raw/20260722/20260722_1656_image6_rot60.jpg,20260722,16
28_770_1,28,data/raw/20260731/20260731_1712_image207_bdw.jpg,20260731,11
29_1078_4,29,data/raw/20260804/20260804_1713_image235_cup.jpg,20260804,0
46_698_6,46,data/raw/20260731/20260731_1703_image135_rot45.jpg,20260731,2
33_271_4,33,data/raw/20260727/20260727_1708_image27_cup.jpg,20260727,12
37_626_6,37,data/raw/20260731/20260731_1657_image63_rot45.jpg,20260731,4
24_1006_6,24,data/raw/20260804/20260804_1705_image163_rot45.jpg,20260804,0
37_621_6,37,data/raw/20260731/20260731_1657_image58_rot45.jpg,20260731,4
14_435_3,14,data/raw/20260727/20260727_1726_image192_cdw.jpg,20260727,4
24_1010_9,24,data/raw/20260804/20260804_1705_image167_sup.jpg,20260804,0
40_741_2,40,data/raw/20260731/20260731_1709_image178_bup.jpg,20260731,2
34_880_0,34,data/raw/20260804/20260804_1654_image37.jpg,20260804,9
28_782_4,28,data/raw/20260731/20260731_1713_image219_cup.jpg,20260731,11
44_523_0,44,data/raw/20260727/20260727_1738_image280.jpg,20260727,15
25_183_7,25,data/raw/20260722/20260722_1802_image87_rot60.jpg,20260722,9
22_615_1,22,data/raw/20260731/20260731_1656_image52_bdw.jpg,20260731,13
34_594_5,34,data/raw/20260731/20260731_1655_image31_rot30.jpg,20260731,13
52_1112_6,52,data/raw/20260804/20260804_1715_image269_rot45.jpg,20260804,10
29_792_6,29,data/raw/20260731/20260731_1713_image229_rot45.jpg,20260731,0
37_619_4,37,data/raw/20260731/20260731_1656_image56_cup.jpg,20260731,4
34_882_2,34,data/raw/20260804/20260804_1654_image39_bup.jpg,20260804,9
32_211_8,32,data/raw/20260722/20260722_1808_image115_sdw.jpg,20260722,12
16_118_1,16,data/raw/20260722/20260722_1659_image22_bdw.jpg,20260722,8
30_216_8,30,data/raw/20260722/20260722_1813_image120_sdw.jpg,20260722,5
1_1_4,1,data/raw/20260712/20260712_0854_image1_cup.jpg,20260712,3
37_631_0,37,data/raw/20260731/20260731_1658_image68.jpg,20260731,4
22_635_2,22,data/raw/20260731/20260731_1658_image72_bup.jpg,20260731,13
4_279_8,4,data/raw/20260727/20260727_1709_image36_sdw.jpg,20260727,0
20_984_1,20,data/raw/20260804/20260804_1704_image141_bdw.jpg,20260804,3
29_1074_5,29,data/raw/20260804/20260804_1712_image231_rot30.jpg,20260804,0
2_540_3,2,data/raw/20260729/20260729_1659_image7_cdw.jpg,20260729,0
39_451_4,39,data/raw/20260727/20260727_1730_image208_cup.jpg,20260727,4
52_1115_3,52,data/raw/20260804/20260804_1716_image272_cdw.jpg,20260804,10
22_862_7,22,data/raw/20260804/20260804_1652_image19_rot60.jpg,20260804,9
47_1097_9,47,data/raw/20260804/20260804_1714_image254_sup.jpg,20260804,11
33_855_2,33,data/raw/20260804/20260804_1652_image12_bup.jpg,20260804,4
34_298_2,34,data/raw/20260727/20260727_1710_image55_bup.jpg,20260727,17
42_1225_6,42,data/raw/20260804/20260804_1724_image382_rot45.jpg,20260804,1
43_1201_4,43,data/raw/20260804/20260804_1722_image358_cup.jpg,20260804,0
2_540_7,2,data/raw/20260729/20260729_1659_image7_rot60.jpg,20260729,0
37_626_1,37,data/raw/20260731/20260731_1657_image63_bdw.jpg,20260731,4
20_332_8,20,data/raw/20260727/20260727_1712_image89_sdw.jpg,20260727,11
30_486_4,30,data/raw/20260727/20260727_1735_image243_cup.jpg,20260727,0
26_394_2,26,data/raw/20260727/20260727_1722_image151_bup.jpg,20260727,0
46_698_0,46,data/raw/20260731/20260731_1703_image135.jpg,20260731,2
29_796_2,29,data/raw/20260731/20260731_1714_image233_bup.jpg,20260731,0
22_869_7,22,data/raw/20260804/20260804_1653_image26_rot60.jpg,20260804,9
26_390_4,26,data/raw/20260727/20260727_1722_image147_cup.jpg,20260727,0
19_578_2,19,data/raw/20260731/20260731_1654_image15_bup.jpg,20260731,0
45_908_1,45,data/raw/20260804/20260804_1657_image65_bdw.jpg,20260804,7
28_786_9,28,data/raw/20260731/20260731_1713_image223_sup.jpg,20260731,11
9_955_5,9,data/raw/20260804/20260804_1702_image112_rot30.jpg,20260804,0
38_1121_4,38,data/raw/20260804/20260804_1716_image278_cup.jpg,20260804,7
43_812_6,43,data/raw/20260731/20260731_1716_image250_rot45.jpg,20260731,0
43_812_9,43,data/raw/20260731/20260731_1716_image250_sup.jpg,20260731,0
41_481_3,41,data/raw/20260727/20260727_1734_image238_cdw.jpg,20260727,15
52_1103_1,52,data/raw/20260804/20260804_1715_image260_bdw.jpg,20260804,10
39_1155_3,39,data/raw/20260804/20260804_1719_image312_cdw.jpg,20260804,0
39_1163_2,39,data/raw/20260804/20260804_1719_image320_bup.jpg,20260804,0
39_1160_7,39,data/raw/20260804/20260804_1719_image317_rot60.jpg,20260804,0
38_402_5,38,data/raw/20260727/20260727_1723_image159_rot30.jpg,20260727,15
20_166_8,20,data/raw/20260722/20260722_1744_image70_sdw.jpg,20260722,16
21_313_1,21,data/raw/20260727/20260727_1711_image70_bdw.jpg,20260727,0
29_1078_7,29,data/raw/20260804/20260804_1713_image235_rot60.jpg,20260804,0
33_565_1,33,data/raw/20260731/20260731_1653_image2_bdw.jpg,20260731,8
20_673_7,20,data/raw/20260731/20260731_1701_image110_rot60.jpg,20260731,7
47_753_8,47,data/raw/20260731/20260731_1710_image190_sdw.jpg,20260731,15
34_608_4,34,data/raw/20260731/20260731_1656_image45_cup.jpg,20260731,13
20_946_5,20,data/raw/20260804/20260804_1702_image103_rot30.jpg,20260804,3
19_589_7,19,data/raw/20260731/20260731_1654_image26_rot60.jpg,20260731,0
25_703_2,25,data/raw/20260731/20260731_1705_image140_bup.jpg,20260731,0
29_789_1,29,data/raw/20260731/20260731_1713_image226_bdw.jpg,20260731,0
29_799_0,29,data/raw/20260731/20260731_1714_image236.jpg,20260731,0
2_247_5,2,data/raw/20260727/20260727_1555_image3_rot30.jpg,20260727,2
20_988_8,20,data/raw/20260804/20260804_1704_image145_sdw.jpg,20260804,3
20_334_4,20,data/raw/20260727/20260727_1712_image91_cup.jpg,20260727,11
5_135_0,5,data/raw/20260722/20260722_1742_image39.jpg,20260722,5
48_810_6,48,data/raw/20260731/20260731_1716_image248_rot45.jpg,20260731,4
29_206_0,29,data/raw/20260722/20260722_1804_image110.jpg,20260722,0
46_700_7,46,data/raw/20260731/20260731_1703_image137_rot60.jpg,20260731,2
42_1221_0,42,data/raw/20260804/20260804_1724_image378.jpg,20260804,1
26_394_8,26,data/raw/20260727/20260727_1722_image151_sdw.jpg,20260727,0
39_1155_1,39,data/raw/20260804/20260804_1719_image312_bdw.jpg,20260804,0
53_1190_2,53,data/raw/20260804/20260804_1722_image347_bup.jpg,20260804,4
33_270_0,33,data/raw/20260727/20260727_1708_image26.jpg,20260727,12
19_587_2,19,data/raw/20260731/20260731_1654_image24_bup.jpg,20260731,0
43_1211_6,43,data/raw/20260804/20260804_1723_image368_rot45.jpg,20260804,0
39_1156_8,39,data/raw/20260804/20260804_1719_image313_sdw.jpg,20260804,0
9_656_5,9,data/raw/20260731/20260731_1700_image93_rot30.jpg,20260731,0
4_144_1,4,data/raw/20260722/20260722_1743_image48_bdw.jpg,20260722,2
48_800_7,48,data/raw/20260731/20260731_1715_image238_rot60.jpg,20260731,4
52_1117_7,52,data/raw/20260804/20260804_1716_image274_rot60.jpg,20260804,10
19_148_7,19,data/raw/20260722/20260722_1743_image52_rot60.jpg,20260722,9
43_1210_2,43,data/raw/20260804/20260804_1723_image367_bup.jpg,20260804,0
39_461_7,39,data/raw/20260727/20260727_1730_image218_rot60.jpg,20260727,4
34_887_9,34,data/raw/20260804/20260804_1654_image44_sup.jpg,20260804,9
1_6_8,1,data/raw/20260712/20260712_0855_image10_sdw.jpg,20260712,3
38_400_7,38,data/raw/20260727/20260727_1723_image157_rot60.jpg,20260727,15
39_1159_5,39,data/raw/20260804/20260804_1719_image316_rot30.jpg,20260804,0
47_1099_5,47,data/raw/20260804/20260804_1714_image256_rot30.jpg,20260804,11
1_13_9,1,data/raw/20260712/20260712_0855_image9_sup.jpg,20260712,3
38_407_4,38,data/raw/20260727/20260727_1723_image164_cup.jpg,20260727,15
22_612_6,22,data/raw/20260731/20260731_1656_image49_rot45.jpg,20260731,13
20_163_7,20,data/raw/20260722/20260722_1744_image67_rot60.jpg,20260722,16
34_879_7,34,data/raw/20260804/20260804_1654_image36_rot60.jpg,20260804,9
24_1005_8,24,data/raw/20260804/20260804_1705_image162_sdw.jpg,20260804,0
49_969_4,49,data/raw/20260804/20260804_1703_image126_cup.jpg,20260804,17
39_1164_5,39,data/raw/20260804/20260804_1719_image321_rot30.jpg,20260804,0
17_123_8,17,data/raw/20260722/20260722_1700_image27_sdw.jpg,20260722,17
43_503_8,43,data/raw/20260727/20260727_1736_image260_sdw.jpg,20260727,2
37_622_2,37,data/raw/20260731/20260731_1657_image59_bup.jpg,20260731,4
24_1011_1,24,data/raw/20260804/20260804_1705_image168_bdw.jpg,20260804,0
28_768_5,28,data/raw/20260731/20260731_1712_image205_rot30.jpg,20260731,11
49_970_6,49,data/raw/20260804/20260804_1703_image127_rot45.jpg,20260804,17
9_322_8,9,data/raw/20260727/20260727_1711_image79_sdw.jpg,20260727,4
25_1143_7,25,data/raw/20260804/20260804_1717_image300_rot60.jpg,20260804,0
25_703_3,25,data/raw/20260731/20260731_1705_image140_cdw.jpg,20260731,0
29_1067_5,29,data/raw/20260804/20260804_1712_image224_rot30.jpg,20260804,0
2_560_7,2,data/raw/20260729/20260729_1701_image27_rot60.jpg,20260729,0
19_894_3,19,data/raw/20260804/20260804_1655_image51_cdw.jpg,20260804,0
37_628_1,37,data/raw/20260731/20260731_1657_image65_bdw.jpg,20260731,4
38_1123_7,38,data/raw/20260804/20260804_1716_image280_rot60.jpg,20260804,7
9_155_1,9,data/raw/20260722/20260722_1743_image59_bdw.jpg,20260722,9
37_170_1,37,data/raw/20260722/20260722_1746_image74_bdw.jpg,20260722,13
29_203_2,29,data/raw/20260722/20260722_1803_image108_bup.jpg,20260722,0
20_669_3,20,data/raw/20260731/20260731_1701_image106_cdw.jpg,20260731,7
39_477_9,39,data/raw/20260727/20260727_1733_image234_sup.jpg,20260727,4
26_389_1,26,data/raw/20260727/20260727_1722_image146_bdw.jpg,20260727,0
34_610_4,34,data/raw/20260731/20260731_1656_image47_cup.jpg,20260731,13
38_1128_6,38,data/raw/20260804/20260804_1716_image285_rot45.jpg,20260804,7
48_801_0,48,data/raw/20260731/20260731_1715_image239.jpg,20260731,4
29_412_7,29,data/raw/20260727/20260727_1724_image169_rot60.jpg,20260727,0
2_241_0,2,data/raw/20260726/20260726_1337_image7.jpg,20260726,3
39_729_5,39,data/raw/20260731/20260731_1707_image166_rot30.jpg,20260731,0
43_504_0,43,data/raw/20260727/20260727_1736_image261.jpg,20260727,2
9_66_8,9,data/raw/20260715/20260715_1557_image45_sdw.jpg,20260715,16
20_940_6,20,data/raw/20260804/20260804_1701_image97_rot45.jpg,20260804,3
2_14_9,2,data/raw/20260714/20260714_1016_image1_sup.jpg,20260714,15
14_744_6,14,data/raw/20260731/20260731_1709_image181_rot45.jpg,20260731,15
25_702_0,25,data/raw/20260731/20260731_1705_image139.jpg,20260731,0
24_343_5,24,data/raw/20260727/20260727_1713_image100_rot30.jpg,20260727,3
8_161_1,8,data/raw/20260722/20260722_1744_image65_bdw.jpg,20260722,0
29_792_8,29,data/raw/20260731/20260731_1713_image229_sdw.jpg,20260731,0
39_726_5,39,data/raw/20260731/20260731_1707_image163_rot30.jpg,20260731,0
24_347_7,24,data/raw/20260727/20260727_1713_image104_rot60.jpg,20260727,3
47_759_5,47,data/raw/20260731/20260731_1711_image196_rot30.jpg,20260731,15
30_214_5,30,data/raw/20260722/20260722_1813_image118_rot30.jpg,20260722,5
2_247_3,2,data/raw/20260727/20260727_1555_image3_cdw.jpg,20260727,2
34_295_1,34,data/raw/20260727/20260727_1710_image52_bdw.jpg,20260727,17
53_1181_9,53,data/raw/20260804/20260804_1721_image338_sup.jpg,20260804,4
28_418_9,28,data/raw/20260727/20260727_1725_image175_sup.jpg,20260727,15
19_896_2,19,data/raw/20260804/20260804_1655_image53_bup.jpg,20260804,0
28_1063_5,28,data/raw/20260804/20260804_1712_image220_rot30.jpg,20260804,7
39_730_5,39,data/raw/20260731/20260731_1708_image167_rot30.jpg,20260731,0
9_70_9,9,data/raw/20260715/20260715_1557_image49_sup.jpg,20260715,16
34_606_7,34,data/raw/20260731/20260731_1656_image43_rot60.jpg,20260731,13
25_1150_5,25,data/raw/20260804/20260804_1718_image307_rot30.jpg,20260804,0
53_1181_7,53,data/raw/20260804/20260804_1721_image338_rot60.jpg,20260804,4
28_1056_7,28,data/raw/20260804/20260804_1711_image213_rot60.jpg,20260804,7
42_491_2,42,data/raw/20260727/20260727_1736_image248_bup.jpg,20260727,9
2_544_5,2,data/raw/20260729/20260729_1659_image11_rot30.jpg,20260729,0
2_15_4,2,data/raw/20260714/20260714_1016_image2_cup.jpg,20260714,15
28_761_4,28,data/raw/20260731/20260731_1711_image198_cup.jpg,20260731,11
20_666_7,20,data/raw/20260731/20260731_1701_image103_rot60.jpg,20260731,7
9_76_2,9,data/raw/20260715/20260715_1558_image55_bup.jpg,20260715,16
24_346_8,24,data/raw/20260727/20260727_1713_image103_sdw.jpg,20260727,3
9_651_7,9,data/raw/20260731/20260731_1700_image88_rot60.jpg,20260731,0
20_944_6,20,data/raw/20260804/20260804_1701_image101_rot45.jpg,20260804,3
1_12_4,1,data/raw/20260712/20260712_0855_image8_cup.jpg,20260712,3
26_391_3,26,data/raw/20260727/20260727_1722_image148_cdw.jpg,20260727,0
34_879_4,34,data/raw/20260804/20260804_1654_image36_cup.jpg,20260804,9
51_1081_4,51,data/raw/20260804/20260804_1713_image238_cup.jpg,20260804,0
2_542_4,2,data/raw/20260729/20260729_1659_image9_cup.jpg,20260729,0
13_108_7,13,data/raw/20260722/20260722_1658_image13_rot60.jpg,20260722,8
30_222_4,30,data/raw/20260722/20260722_1814_image126_cup.jpg,20260722,5
49_979_1,49,data/raw/20260804/20260804_1703_image136_bdw.jpg,20260804,17
45_647_3,45,data/raw/20260731/20260731_1659_image84_cdw.jpg,20260731,11
46_697_6,46,data/raw/20260731/20260731_1703_image134_rot45.jpg,20260731,2
25_711_3,25,data/raw/20260731/20260731_1706_image148_cdw.jpg,20260731,0
9_69_8,9,data/raw/20260715/20260715_1557_image48_sdw.jpg,20260715,16
42_493_1,42,data/raw/20260727/20260727_1736_image250_bdw.jpg,20260727,9
48_804_6,48,data/raw/20260731/20260731_1716_image242_rot45.jpg,20260731,4
12_102_6,12,data/raw/20260722/20260722_1656_image6_rot45.jpg,20260722,16
44_517_2,44,data/raw/20260727/20260727_1737_image274_bup.jpg,20260727,15
37_370_3,37,data/raw/20260727/20260727_1717_image127_cdw.jpg,20260727,8
19_583_1,19,data/raw/20260731/20260731_1654_image20_bdw.jpg,20260731,0
45_905_7,45,data/raw/20260804/20260804_1657_image62_rot60.jpg,20260804,7
33_856_8,33,data/raw/20260804/20260804_1652_image13_sdw.jpg,20260804,4
47_753_7,47,data/raw/20260731/20260731_1710_image190_rot60.jpg,20260731,15
44_519_8,44,data/raw/20260727/20260727_1737_image276_sdw.jpg,20260727,15
47_751_7,47,data/raw/20260731/20260731_1710_image188_rot60.jpg,20260731,15
48_1178_8,48,data/raw/20260804/20260804_1721_image335_sdw.jpg,20260804,0
46_693_0,46,data/raw/20260731/20260731_1703_image130.jpg,20260731,2
34_301_4,34,data/raw/20260727/20260727_1710_image58_cup.jpg,20260727,17
22_863_1,22,data/raw/20260804/20260804_1653_image20_bdw.jpg,20260804,9
46_697_0,46,data/raw/20260731/20260731_1703_image134.jpg,20260731,2
48_802_4,48,data/raw/20260731/20260731_1715_image240_cup.jpg,20260731,4
40_736_2,40,data/raw/20260731/20260731_1708_image173_bup.jpg,20260731,2
28_201_7,28,data/raw/20260722/20260722_1803_image106_rot60.jpg,20260722,20
20_989_8,20,data/raw/20260804/20260804_1704_image146_sdw.jpg,20260804,3
21_313_6,21,data/raw/20260727/20260727_1711_image70_rot45.jpg,20260727,0
22_870_6,22,data/raw/20260804/20260804_1654_image27_rot45.jpg,20260804,9
38_723_2,38,data/raw/20260731/20260731_1706_image160_bup.jpg,20260731,11
30_482_8,30,data/raw/20260727/20260727_1735_image239_sdw.jpg,20260727,0
42_495_5,42,data/raw/20260727/20260727_1736_image252_rot30.jpg,20260727,9
19_893_2,19,data/raw/20260804/20260804_1655_image50_bup.jpg,20260804,0
25_713_7,25,data/raw/20260731/20260731_1706_image150_rot60.jpg,20260731,0
39_477_1,39,data/raw/20260727/20260727_1733_image234_bdw.jpg,20260727,4
2_15_2,2,data/raw/20260714/20260714_1016_image2_bup.jpg,20260714,15
34_886_2,34,data/raw/20260804/20260804_1654_image43_bup.jpg,20260804,9
28_1042_0,28,data/raw/20260804/20260804_1711_image199.jpg,20260804,7
1_1_8,1,data/raw/20260712/20260712_0854_image1_sdw.jpg,20260712,3
29_795_5,29,data/raw/20260731/20260731_1714_image232_rot30.jpg,20260731,0
34_887_3,34,data/raw/20260804/20260804_1654_image44_cdw.jpg,20260804,9
11_84_8,11,data/raw/20260715/20260715_1600_image63_sdw.jpg,20260715,4
41_481_5,41,data/raw/20260727/20260727_1734_image238_rot30.jpg,20260727,15
15_112_5,15,data/raw/20260722/20260722_1658_image17_rot30.jpg,20260722,0
35_325_7,35,data/raw/20260727/20260727_1712_image82_rot60.jpg,20260727,22
28_786_8,28,data/raw/20260731/20260731_1713_image223_sdw.jpg,20260731,11
19_584_8,19,data/raw/20260731/20260731_1654_image21_sdw.jpg,20260731,0
42_829_4,42,data/raw/20260731/20260731_1717_image267_cup.jpg,20260731,5
43_1206_1,43,data/raw/20260804/20260804_1723_image363_bdw.jpg,20260804,0
25_383_9,25,data/raw/20260727/20260727_1722_image140_sup.jpg,20260727,4
20_335_2,20,data/raw/20260727/20260727_1712_image92_bup.jpg,20260727,11
9_659_3,9,data/raw/20260731/20260731_1700_image96_cdw.jpg,20260731,0
33_275_2,33,data/raw/20260727/20260727_1708_image31_bup.jpg,20260727,12
24_182_1,24,data/raw/20260722/20260722_1758_image86_bdw.jpg,20260722,8
40_742_0,40,data/raw/20260731/20260731_1709_image179.jpg,20260731,2
19_588_5,19,data/raw/20260731/20260731_1654_image25_rot30.jpg,20260731,0
22_171_8,22,data/raw/20260722/20260722_1746_image75_sdw.jpg,20260722,22
28_770_2,28,data/raw/20260731/20260731_1712_image207_bup.jpg,20260731,11
19_376_8,19,data/raw/20260727/20260727_1720_image133_sdw.jpg,20260727,4
25_703_0,25,data/raw/20260731/20260731_1705_image140.jpg,20260731,0
26_397_5,26,data/raw/20260727/20260727_1723_image154_rot30.jpg,20260727,0
29_1070_2,29,data/raw/20260804/20260804_1712_image227_bup.jpg,20260804,0
8_64_5,8,data/raw/20260715/20260715_1557_image43_rot30.jpg,20260715,0
42_1216_5,42,data/raw/20260804/20260804_1723_image373_rot30.jpg,20260804,1
45_644_9,45,data/raw/20260731/20260731_1659_image81_sup.jpg,20260731,11
11_85_3,11,data/raw/20260715/20260715_1600_image64_cdw.jpg,20260715,4
37_619_8,37,data/raw/20260731/20260731_1656_image56_sdw.jpg,20260731,4
17_119_6,17,data/raw/20260722/20260722_1659_image23_rot45.jpg,20260722,17
33_573_2,33,data/raw/20260731/20260731_1653_image10_bup.jpg,20260731,8
20_936_2,20,data/raw/20260804/20260804_1701_image93_bup.jpg,20260804,3
29_1068_0,29,data/raw/20260804/20260804_1712_image225.jpg,20260804,0
40_737_4,40,data/raw/20260731/20260731_1708_image174_cup.jpg,20260731,2
44_522_7,44,data/raw/20260727/20260727_1738_image279_rot60.jpg,20260727,15
43_510_5,43,data/raw/20260727/20260727_1737_image267_rot30.jpg,20260727,2
2_90_2,2,data/raw/20260720/20260720_1503_image2_bup.jpg,20260720,9
43_1202_2,43,data/raw/20260804/20260804_1722_image359_bup.jpg,20260804,0
34_877_5,34,data/raw/20260804/20260804_1654_image34_rot30.jpg,20260804,9
38_717_4,38,data/raw/20260731/20260731_1706_image154_cup.jpg,20260731,11
6_56_9,6,data/raw/20260715/20260715_1556_image35_sup.jpg,20260715,5
22_865_6,22,data/raw/20260804/20260804_1653_image22_rot45.jpg,20260804,9
52_1103_9,52,data/raw/20260804/20260804_1715_image260_sup.jpg,20260804,10
43_825_1,43,data/raw/20260731/20260731_1717_image263_bdw.jpg,20260731,0
28_201_0,28,data/raw/20260722/20260722_1803_image106.jpg,20260722,20
35_325_4,35,data/raw/20260727/20260727_1712_image82_cup.jpg,20260727,22
50_1029_4,50,data/raw/20260804/20260804_1710_image186_cup.jpg,20260804,15
26_387_5,26,data/raw/20260727/20260727_1722_image144_rot30.jpg,20260727,0
47_1090_4,47,data/raw/20260804/20260804_1713_image247_cup.jpg,20260804,11
3_32_4,3,data/raw/20260715/20260715_1554_image6_cup.jpg,20260715,0
14_748_6,14,data/raw/20260731/20260731_1710_image185_rot45.jpg,20260731,15
28_778_3,28,data/raw/20260731/20260731_1713_image215_cdw.jpg,20260731,11
20_1001_3,20,data/raw/20260804/20260804_1704_image158_cdw.jpg,20260804,3
47_759_2,47,data/raw/20260731/20260731_1711_image196_bup.jpg,20260731,15
28_774_1,28,data/raw/20260731/20260731_1712_image211_bdw.jpg,20260731,11
28_765_6,28,data/raw/20260731/20260731_1712_image202_rot45.jpg,20260731,11
2_552_0,2,data/raw/20260729/20260729_1700_image19.jpg,20260729,0
14_440_1,14,data/raw/20260727/20260727_1727_image197_bdw.jpg,20260727,4
13_106_1,13,data/raw/20260722/20260722_1658_image11_bdw.jpg,20260722,8
32_207_0,32,data/raw/20260722/20260722_1807_image111.jpg,20260722,12
43_820_8,43,data/raw/20260731/20260731_1717_image258_sdw.jpg,20260731,0
50_1016_3,50,data/raw/20260804/20260804_1709_image173_cdw.jpg,20260804,15
22_867_9,22,data/raw/20260804/20260804_1653_image24_sup.jpg,20260804,9
36_360_0,36,data/raw/20260727/20260727_1716_image117.jpg,20260727,4
38_1154_3,38,data/raw/20260804/20260804_1718_image311_cdw.jpg,20260804,7
40_467_1,40,data/raw/20260727/20260727_1731_image224_bdw.jpg,20260727,6
14_743_3,14,data/raw/20260731/20260731_1709_image180_cdw.jpg,20260731,15
34_301_8,34,data/raw/20260727/20260727_1710_image58_sdw.jpg,20260727,17
25_185_1,25,data/raw/20260722/20260722_1802_image89_bdw.jpg,20260722,9
53_1188_9,53,data/raw/20260804/20260804_1722_image345_sup.jpg,20260804,4
49_980_6,49,data/raw/20260804/20260804_1703_image137_rot45.jpg,20260804,17
50_1020_9,50,data/raw/20260804/20260804_1710_image177_sup.jpg,20260804,15
29_205_5,29,data/raw/20260722/20260722_1804_image109_rot30.jpg,20260722,0
36_364_1,36,data/raw/20260727/20260727_1717_image121_bdw.jpg,20260727,4
43_502_1,43,data/raw/20260727/20260727_1736_image259_bdw.jpg,20260727,2
44_521_8,44,data/raw/20260727/20260727_1737_image278_sdw.jpg,20260727,15
42_827_3,42,data/raw/20260731/20260731_1717_image265_cdw.jpg,20260731,5
34_873_0,34,data/raw/20260804/20260804_1654_image30.jpg,20260804,9
2_17_3,2,data/raw/20260714/20260714_1017_image4_cdw.jpg,20260714,15
24_685_5,24,data/raw/20260731/20260731_1702_image122_rot30.jpg,20260731,0
19_590_2,19,data/raw/20260731/20260731_1654_image27_bup.jpg,20260731,0
9_654_1,9,data/raw/20260731/20260731_1700_image91_bdw.jpg,20260731,0
43_509_1,43,data/raw/20260727/20260727_1737_image266_bdw.jpg,20260727,2
52_1111_3,52,data/raw/20260804/20260804_1715_image268_cdw.jpg,20260804,10
40_741_4,40,data/raw/20260731/20260731_1709_image178_cup.jpg,20260731,2
20_992_3,20,data/raw/20260804/20260804_1704_image149_cdw.jpg,20260804,3
33_849_7,33,data/raw/20260804/20260804_1651_image6_rot60.jpg,20260804,4
9_649_0,9,data/raw/20260731/20260731_1659_image86.jpg,20260731,0
47_752_5,47,data/raw/20260731/20260731_1710_image189_rot30.jpg,20260731,15
43_824_2,43,data/raw/20260731/20260731_1717_image262_bup.jpg,20260731,0
42_495_7,42,data/raw/20260727/20260727_1736_image252_rot60.jpg,20260727,9
28_1055_5,28,data/raw/20260804/20260804_1711_image212_rot30.jpg,20260804,7
12_104_6,12,data/raw/20260722/20260722_1657_image8_rot45.jpg,20260722,16
53_1184_2,53,data/raw/20260804/20260804_1722_image341_bup.jpg,20260804,4
20_665_5,20,data/raw/20260731/20260731_1700_image102_rot30.jpg,20260731,7
7_45_5,7,data/raw/20260715/20260715_1555_image24_rot30.jpg,20260715,0
30_483_1,30,data/raw/20260727/20260727_1735_image240_bdw.jpg,20260727,0
28_1055_3,28,data/raw/20260804/20260804_1711_image212_cdw.jpg,20260804,7
34_880_9,34,data/raw/20260804/20260804_1654_image37_sup.jpg,20260804,9
14_437_3,14,data/raw/20260727/20260727_1726_image194_cdw.jpg,20260727,4
25_1149_3,25,data/raw/20260804/20260804_1718_image306_cdw.jpg,20260804,0
20_677_3,20,data/raw/20260731/20260731_1701_image114_cdw.jpg,20260731,7
4_24_3,4,data/raw/20260715/20260715_1554_image11_cdw.jpg,20260715,9
19_589_0,19,data/raw/20260731/20260731_1654_image26.jpg,20260731,0
8_161_4,8,data/raw/20260722/20260722_1744_image65_cup.jpg,20260722,0
53_1183_3,53,data/raw/20260804/20260804_1721_image340_cdw.jpg,20260804,4
28_431_3,28,data/raw/20260727/20260727_1726_image188_cdw.jpg,20260727,15
33_844_9,33,data/raw/20260804/20260804_1651_image1_sup.jpg,20260804,4
34_596_1,34,data/raw/20260731/20260731_1655_image33_bdw.jpg,20260731,13
4_54_0,4,data/raw/20260715/20260715_1556_image33.jpg,20260715,9
14_442_3,14,data/raw/20260727/20260727_1727_image199_cdw.jpg,20260727,4
34_598_4,34,data/raw/20260731/20260731_1655_image35_cup.jpg,20260731,13
9_72_1,9,data/raw/20260715/20260715_1557_image51_bdw.jpg,20260715,16
40_1169_9,40,data/raw/20260804/20260804_1720_image326_sup.jpg,20260804,0
42_837_6,42,data/raw/20260731/20260731_1718_image275_rot45.jpg,20260731,5
53_1181_6,53,data/raw/20260804/20260804_1721_image338_rot45.jpg,20260804,4
38_715_8,38,data/raw/20260731/20260731_1706_image152_sdw.jpg,20260731,11
2_19_2,2,data/raw/20260714/20260714_1017_image6_bup.jpg,20260714,15
39_1160_6,39,data/raw/20260804/20260804_1719_image317_rot45.jpg,20260804,0
24_345_7,24,data/raw/20260727/20260727_1713_image102_rot60.jpg,20260727,3
25_383_7,25,data/raw/20260727/20260727_1722_image140_rot60.jpg,20260727,4
22_858_8,22,data/raw/20260804/20260804_1652_image15_sdw.jpg,20260804,9
34_295_9,34,data/raw/20260727/20260727_1710_image52_sup.jpg,20260727,17
2_543_1,2,data/raw/20260729/20260729_1659_image10_bdw.jpg,20260729,0
22_860_8,22,data/raw/20260804/20260804_1652_image17_sdw.jpg,20260804,9
38_725_5,38,data/raw/20260731/20260731_1707_image162_rot30.jpg,20260731,11
42_840_9,42,data/raw/20260731/20260731_1718_image278_sup.jpg,20260731,5
20_664_8,20,data/raw/20260731/20260731_1700_image101_sdw.jpg,20260731,7
53_1180_3,53,data/raw/20260804/20260804_1721_image337_cdw.jpg,20260804,4
9_655_8,9,data/raw/20260731/20260731_1700_image92_sdw.jpg,20260731,0
52_1103_8,52,data/raw/20260804/20260804_1715_image260_sdw.jpg,20260804,10
43_500_9,43,data/raw/20260727/20260727_1736_image257_sup.jpg,20260727,2
39_731_4,39,data/raw/20260731/20260731_1708_image168_cup.jpg,20260731,0
39_1165_4,39,data/raw/20260804/20260804_1719_image322_cup.jpg,20260804,0
33_852_9,33,data/raw/20260804/20260804_1651_image9_sup.jpg,20260804,4
22_930_5,22,data/raw/20260804/20260804_1700_image87_rot30.jpg,20260804,9
50_1027_4,50,data/raw/20260804/20260804_1710_image184_cup.jpg,20260804,15
49_969_8,49,data/raw/20260804/20260804_1703_image126_sdw.jpg,20260804,17
29_795_2,29,data/raw/20260731/20260731_1714_image232_bup.jpg,20260731,0
37_624_7,37,data/raw/20260731/20260731_1657_image61_rot60.jpg,20260731,4
49_963_6,49,data/raw/20260804/20260804_1703_image120_rot45.jpg,20260804,17
19_148_1,19,data/raw/20260722/20260722_1743_image52_bdw.jpg,20260722,9
46_699_8,46,data/raw/20260731/20260731_1703_image136_sdw.jpg,20260731,2
19_580_9,19,data/raw/20260731/20260731_1654_image17_sup.jpg,20260731,0
44_516_5,44,data/raw/20260727/20260727_1737_image273_rot30.jpg,20260727,15
17_119_7,17,data/raw/20260722/20260722_1659_image23_rot60.jpg,20260722,17
52_1115_2,52,data/raw/20260804/20260804_1716_image272_bup.jpg,20260804,10
28_1046_5,28,data/raw/20260804/20260804_1711_image203_rot30.jpg,20260804,7
36_361_6,36,data/raw/20260727/20260727_1716_image118_rot45.jpg,20260727,4
25_701_4,25,data/raw/20260731/20260731_1705_image138_cup.jpg,20260731,0
20_329_3,20,data/raw/20260727/20260727_1712_image86_cdw.jpg,20260727,11
25_1143_3,25,data/raw/20260804/20260804_1717_image300_cdw.jpg,20260804,0
25_1150_8,25,data/raw/20260804/20260804_1718_image307_sdw.jpg,20260804,0
1_13_8,1,data/raw/20260712/20260712_0855_image9_sdw.jpg,20260712,3
33_572_7,33,data/raw/20260731/20260731_1653_image9_rot60.jpg,20260731,8
49_957_6,49,data/raw/20260804/20260804_1702_image114_rot45.jpg,20260804,17
49_976_4,49,data/raw/20260804/20260804_1703_image133_cup.jpg,20260804,17
43_824_5,43,data/raw/20260731/20260731_1717_image262_rot30.jpg,20260731,0
17_125_2,17,data/raw/20260722/20260722_1702_image29_bup.jpg,20260722,17
39_728_0,39,data/raw/20260731/20260731_1707_image165.jpg,20260731,0
14_434_0,14,data/raw/20260727/20260727_1726_image191.jpg,20260727,4
17_123_4,17,data/raw/20260722/20260722_1700_image27_cup.jpg,20260722,17
35_325_3,35,data/raw/20260727/20260727_1712_image82_cdw.jpg,20260727,22
39_1165_8,39,data/raw/20260804/20260804_1719_image322_sdw.jpg,20260804,0
28_419_5,28,data/raw/20260727/20260727_1725_image176_rot30.jpg,20260727,15
33_566_8,33,data/raw/20260731/20260731_1653_image3_sdw.jpg,20260731,8
49_958_5,49,data/raw/20260804/20260804_1702_image115_rot30.jpg,20260804,17
49_970_4,49,data/raw/20260804/20260804_1703_image127_cup.jpg,20260804,17
17_124_1,17,data/raw/20260722/20260722_1700_image28_bdw.jpg,20260722,17
43_499_4,43,data/raw/20260727/20260727_1736_image256_cup.jpg,20260727,2
39_1162_2,39,data/raw/20260804/20260804_1719_image319_bup.jpg,20260804,0
26_397_4,26,data/raw/20260727/20260727_1723_image154_cup.jpg,20260727,0
20_671_3,20,data/raw/20260731/20260731_1701_image108_cdw.jpg,20260731,7
28_762_4,28,data/raw/20260731/20260731_1711_image199_cup.jpg,20260731,11
49_977_1,49,data/raw/20260804/20260804_1703_image134_bdw.jpg,20260804,17
37_922_2,37,data/raw/20260804/20260804_1659_image79_bup.jpg,20260804,0
2_16_2,2,data/raw/20260714/20260714_1016_image3_bup.jpg,20260714,15
37_628_6,37,data/raw/20260731/20260731_1657_image65_rot45.jpg,20260731,4
50_1035_3,50,data/raw/20260804/20260804_1710_image192_cdw.jpg,20260804,15
20_680_8,20,data/raw/20260731/20260731_1701_image117_sdw.jpg,20260731,7
47_754_4,47,data/raw/20260731/20260731_1711_image191_cup.jpg,20260731,15
13_106_6,13,data/raw/20260722/20260722_1658_image11_rot45.jpg,20260722,8
34_875_1,34,data/raw/20260804/20260804_1654_image32_bdw.jpg,20260804,9
25_186_6,25,data/raw/20260722/20260722_1802_image90_rot45.jpg,20260722,9
25_1142_2,25,data/raw/20260804/20260804_1717_image299_bup.jpg,20260804,0
24_1008_9,24,data/raw/20260804/20260804_1705_image165_sup.jpg,20260804,0
38_725_2,38,data/raw/20260731/20260731_1707_image162_bup.jpg,20260731,11
20_668_4,20,data/raw/20260731/20260731_1701_image105_cup.jpg,20260731,7
35_324_9,35,data/raw/20260727/20260727_1712_image81_sup.jpg,20260727,22
3_34_7,3,data/raw/20260715/20260715_1554_image8_rot60.jpg,20260715,0
38_1132_4,38,data/raw/20260804/20260804_1717_image289_cup.jpg,20260804,7
50_1031_0,50,data/raw/20260804/20260804_1710_image188.jpg,20260804,15
25_385_9,25,data/raw/20260727/20260727_1722_image142_sup.jpg,20260727,4
49_962_9,49,data/raw/20260804/20260804_1702_image119_sup.jpg,20260804,17
39_477_8,39,data/raw/20260727/20260727_1733_image234_sdw.jpg,20260727,4
12_104_4,12,data/raw/20260722/20260722_1657_image8_cup.jpg,20260722,16
39_452_9,39,data/raw/20260727/20260727_1730_image209_sup.jpg,20260727,4
5_137_0,5,data/raw/20260722/20260722_1742_image41.jpg,20260722,5
30_217_4,30,data/raw/20260722/20260722_1813_image121_cup.jpg,20260722,5
9_657_1,9,data/raw/20260731/20260731_1700_image94_bdw.jpg,20260731,0
20_332_7,20,data/raw/20260727/20260727_1712_image89_rot60.jpg,20260727,11
25_712_9,25,data/raw/20260731/20260731_1706_image149_sup.jpg,20260731,0
19_582_0,19,data/raw/20260731/20260731_1654_image19.jpg,20260731,0
37_921_8,37,data/raw/20260804/20260804_1659_image78_sdw.jpg,20260804,0
34_600_0,34,data/raw/20260731/20260731_1655_image37.jpg,20260731,13
42_1217_0,42,data/raw/20260804/20260804_1723_image374.jpg,20260804,1
2_238_7,2,data/raw/20260726/20260726_1336_image4_rot60.jpg,20260726,3
2_21_8,2,data/raw/20260714/20260714_1017_image8_sdw.jpg,20260714,15
38_1125_6,38,data/raw/20260804/20260804_1716_image282_rot45.jpg,20260804,7
39_446_7,39,data/raw/20260727/20260727_1730_image203_rot60.jpg,20260727,4
48_810_5,48,data/raw/20260731/20260731_1716_image248_rot30.jpg,20260731,4
26_396_1,26,data/raw/20260727/20260727_1722_image153_bdw.jpg,20260727,0
4_143_6,4,data/raw/20260722/20260722_1743_image47_rot45.jpg,20260722,2
2_551_3,2,data/raw/20260729/20260729_1700_image18_cdw.jpg,20260729,0
28_1047_6,28,data/raw/20260804/20260804_1711_image204_rot45.jpg,20260804,7
3_22_3,3,data/raw/20260715/20260715_1554_image1_cdw.jpg,20260715,0
42_841_6,42,data/raw/20260731/20260731_1718_image279_rot45.jpg,20260731,5
50_1032_9,50,data/raw/20260804/20260804_1710_image189_sup.jpg,20260804,15
2_237_4,2,data/raw/20260726/20260726_1336_image3_cup.jpg,20260726,3
34_888_4,34,data/raw/20260804/20260804_1654_image45_cup.jpg,20260804,9
33_854_0,33,data/raw/20260804/20260804_1651_image11.jpg,20260804,4
50_1039_4,50,data/raw/20260804/20260804_1711_image196_cup.jpg,20260804,15
48_807_2,48,data/raw/20260731/20260731_1716_image245_bup.jpg,20260731,4
12_99_6,12,data/raw/20260722/20260722_1656_image3_rot45.jpg,20260722,16
47_758_2,47,data/raw/20260731/20260731_1711_image195_bup.jpg,20260731,15
34_603_5,34,data/raw/20260731/20260731_1655_image40_rot30.jpg,20260731,13
26_389_5,26,data/raw/20260727/20260727_1722_image146_rot30.jpg,20260727,0
25_381_5,25,data/raw/20260727/20260727_1722_image138_rot30.jpg,20260727,4
50_1029_1,50,data/raw/20260804/20260804_1710_image186_bdw.jpg,20260804,15
44_513_0,44,data/raw/20260727/20260727_1737_image270.jpg,20260727,15
49_978_7,49,data/raw/20260804/20260804_1703_image135_rot60.jpg,20260804,17
20_994_5,20,data/raw/20260804/20260804_1704_image151_rot30.jpg,20260804,3
33_574_4,33,data/raw/20260731/20260731_1653_image11_cup.jpg,20260731,8
5_136_2,5,data/raw/20260722/20260722_1742_image40_bup.jpg,20260722,5
9_156_4,9,data/raw/20260722/20260722_1743_image60_cup.jpg,20260722,9
7_45_2,7,data/raw/20260715/20260715_1555_image24_bup.jpg,20260715,0
19_306_1,19,data/raw/20260727/20260727_1710_image63_bdw.jpg,20260727,4
47_1093_9,47,data/raw/20260804/20260804_1713_image250_sup.jpg,20260804,11
33_273_9,33,data/raw/20260727/20260727_1708_image29_sup.jpg,20260727,12
1_6_7,1,data/raw/20260712/20260712_0855_image10_rot60.jpg,20260712,3
19_306_5,19,data/raw/20260727/20260727_1710_image63_rot30.jpg,20260727,4
26_396_7,26,data/raw/20260727/20260727_1722_image153_rot60.jpg,20260727,0
18_131_3,18,data/raw/20260722/20260722_1742_image35_cdw.jpg,20260722,5
25_708_8,25,data/raw/20260731/20260731_1705_image145_sdw.jpg,20260731,0
15_112_2,15,data/raw/20260722/20260722_1658_image17_bup.jpg,20260722,0
2_251_8,2,data/raw/20260727/20260727_1555_image7_sdw.jpg,20260727,2
20_985_3,20,data/raw/20260804/20260804_1704_image142_cdw.jpg,20260804,3
8_61_2,8,data/raw/20260715/20260715_1556_image40_bup.jpg,20260715,0
42_490_9,42,data/raw/20260727/20260727_1736_image247_sup.jpg,20260727,9
45_904_6,45,data/raw/20260804/20260804_1657_image61_rot45.jpg,20260804,7
6_56_6,6,data/raw/20260715/20260715_1556_image35_rot45.jpg,20260715,5
28_418_6,28,data/raw/20260727/20260727_1725_image175_rot45.jpg,20260727,15
29_413_1,29,data/raw/20260727/20260727_1724_image170_bdw.jpg,20260727,0
9_954_9,9,data/raw/20260804/20260804_1702_image111_sup.jpg,20260804,0
13_108_1,13,data/raw/20260722/20260722_1658_image13_bdw.jpg,20260722,8
4_279_5,4,data/raw/20260727/20260727_1709_image36_rot30.jpg,20260727,0
34_595_7,34,data/raw/20260731/20260731_1655_image32_rot60.jpg,20260731,13
20_990_4,20,data/raw/20260804/20260804_1704_image147_cup.jpg,20260804,3
28_769_7,28,data/raw/20260731/20260731_1712_image206_rot60.jpg,20260731,11
37_619_5,37,data/raw/20260731/20260731_1656_image56_rot30.jpg,20260731,4
36_365_1,36,data/raw/20260727/20260727_1717_image122_bdw.jpg,20260727,4
26_193_4,26,data/raw/20260722/20260722_1802_image97_cup.jpg,20260722,5
25_383_0,25,data/raw/20260727/20260727_1722_image140.jpg,20260727,4
20_995_5,20,data/raw/20260804/20260804_1704_image152_rot30.jpg,20260804,3
40_1171_6,40,data/raw/20260804/20260804_1720_image328_rot45.jpg,20260804,0
22_611_8,22,data/raw/20260731/20260731_1656_image48_sdw.jpg,20260731,13
46_692_8,46,data/raw/20260731/20260731_1703_image129_sdw.jpg,20260731,2
19_581_0,19,data/raw/20260731/20260731_1654_image18.jpg,20260731,0
42_835_7,42,data/raw/20260731/20260731_1717_image273_rot60.jpg,20260731,5
34_610_6,34,data/raw/20260731/20260731_1656_image47_rot45.jpg,20260731,13
4_54_7,4,data/raw/20260715/20260715_1556_image33_rot60.jpg,20260715,9
22_868_7,22,data/raw/20260804/20260804_1653_image25_rot60.jpg,20260804,9
37_371_4,37,data/raw/20260727/20260727_1718_image128_cup.jpg,20260727,8
30_486_8,30,data/raw/20260727/20260727_1735_image243_sdw.jpg,20260727,0
19_310_7,19,data/raw/20260727/20260727_1710_image67_rot60.jpg,20260727,4
20_351_1,20,data/raw/20260727/20260727_1714_image108_bdw.jpg,20260727,11
28_427_4,28,data/raw/20260727/20260727_1725_image184_cup.jpg,20260727,15
30_221_5,30,data/raw/20260722/20260722_1814_image125_rot30.jpg,20260722,5
5_138_0,5,data/raw/20260722/20260722_1742_image42.jpg,20260722,5
24_348_6,24,data/raw/20260727/20260727_1713_image105_rot45.jpg,20260727,3
19_898_5,19,data/raw/20260804/20260804_1655_image55_rot30.jpg,20260804,0
36_365_8,36,data/raw/20260727/20260727_1717_image122_sdw.jpg,20260727,4
2_223_6,2,data/raw/20260724/20260724_1627_image1_rot45.jpg,20260724,5
43_509_3,43,data/raw/20260727/20260727_1737_image266_cdw.jpg,20260727,2
48_805_3,48,data/raw/20260731/20260731_1716_image243_cdw.jpg,20260731,4
29_1072_2,29,data/raw/20260804/20260804_1712_image229_bup.jpg,20260804,0
17_128_6,17,data/raw/20260722/20260722_1703_image32_rot45.jpg,20260722,17
48_802_6,48,data/raw/20260731/20260731_1715_image240_rot45.jpg,20260731,4
43_813_4,43,data/raw/20260731/20260731_1716_image251_cup.jpg,20260731,0
45_638_2,45,data/raw/20260731/20260731_1658_image75_bup.jpg,20260731,11
4_26_3,4,data/raw/20260715/20260715_1554_image13_cdw.jpg,20260715,9
46_695_0,46,data/raw/20260731/20260731_1703_image132.jpg,20260731,2
48_1176_7,48,data/raw/20260804/20260804_1721_image333_rot60.jpg,20260804,0
22_867_5,22,data/raw/20260804/20260804_1653_image24_rot30.jpg,20260804,9
14_445_1,14,data/raw/20260727/20260727_1727_image202_bdw.jpg,20260727,4
34_885_2,34,data/raw/20260804/20260804_1654_image42_bup.jpg,20260804,9
45_639_3,45,data/raw/20260731/20260731_1658_image76_cdw.jpg,20260731,11
2_96_1,2,data/raw/20260720/20260720_1504_image8_bdw.jpg,20260720,9
8_63_2,8,data/raw/20260715/20260715_1557_image42_bup.jpg,20260715,0
29_1069_0,29,data/raw/20260804/20260804_1712_image226.jpg,20260804,0
42_836_5,42,data/raw/20260731/20260731_1717_image274_rot30.jpg,20260731,5
9_67_2,9,data/raw/20260715/20260715_1557_image46_bup.jpg,20260715,16
44_517_0,44,data/raw/20260727/20260727_1737_image274.jpg,20260727,15
37_627_8,37,data/raw/20260731/20260731_1657_image64_sdw.jpg,20260731,4
38_1136_5,38,data/raw/20260804/20260804_1717_image293_rot30.jpg,20260804,7
16_118_3,16,data/raw/20260722/20260722_1659_image22_cdw.jpg,20260722,8
24_180_8,24,data/raw/20260722/20260722_1758_image84_sdw.jpg,20260722,8
49_963_4,49,data/raw/20260804/20260804_1703_image120_cup.jpg,20260804,17
4_147_8,4,data/raw/20260722/20260722_1743_image51_sdw.jpg,20260722,2
43_507_0,43,data/raw/20260727/20260727_1737_image264.jpg,20260727,2
16_114_5,16,data/raw/20260722/20260722_1659_image18_rot30.jpg,20260722,8
32_210_8,32,data/raw/20260722/20260722_1808_image114_sdw.jpg,20260722,12
25_704_2,25,data/raw/20260731/20260731_1705_image141_bup.jpg,20260731,0
48_809_4,48,data/raw/20260731/20260731_1716_image247_cup.jpg,20260731,4
25_384_5,25,data/raw/20260727/20260727_1722_image141_rot30.jpg,20260727,4
20_77_2,20,data/raw/20260715/20260715_1558_image56_bup.jpg,20260715,23
39_448_1,39,data/raw/20260727/20260727_1730_image205_bdw.jpg,20260727,4
14_748_2,14,data/raw/20260731/20260731_1710_image185_bup.jpg,20260731,15
28_780_3,28,data/raw/20260731/20260731_1713_image217_cdw.jpg,20260731,11
19_303_7,19,data/raw/20260727/20260727_1710_image60_rot60.jpg,20260727,4
42_496_5,42,data/raw/20260727/20260727_1736_image253_rot30.jpg,20260727,9
39_464_8,39,data/raw/20260727/20260727_1730_image221_sdw.jpg,20260727,4
50_1029_3,50,data/raw/20260804/20260804_1710_image186_cdw.jpg,20260804,15
20_663_4,20,data/raw/20260731/20260731_1700_image100_cup.jpg,20260731,7
8_62_6,8,data/raw/20260715/20260715_1557_image41_rot45.jpg,20260715,0
45_908_4,45,data/raw/20260804/20260804_1657_image65_cup.jpg,20260804,7
50_1033_9,50,data/raw/20260804/20260804_1710_image190_sup.jpg,20260804,15
39_462_0,39,data/raw/20260727/20260727_1730_image219.jpg,20260727,4
24_342_3,24,data/raw/20260727/20260727_1713_image99_cdw.jpg,20260727,3
39_730_3,39,data/raw/20260731/20260731_1708_image167_cdw.jpg,20260731,0
2_552_4,2,data/raw/20260729/20260729_1700_image19_cup.jpg,20260729,0
18_132_3,18,data/raw/20260722/20260722_1742_image36_cdw.jpg,20260722,5
39_1163_6,39,data/raw/20260804/20260804_1719_image320_rot45.jpg,20260804,0
20_665_1,20,data/raw/20260731/20260731_1700_image102_bdw.jpg,20260731,7
43_819_6,43,data/raw/20260731/20260731_1716_image257_rot45.jpg,20260731,0
34_885_6,34,data/raw/20260804/20260804_1654_image42_rot45.jpg,20260804,9
19_898_1,19,data/raw/20260804/20260804_1655_image55_bdw.jpg,20260804,0
43_501_0,43,data/raw/20260727/20260727_1736_image258.jpg,20260727,2
2_21_1,2,data/raw/20260714/20260714_1017_image8_bdw.jpg,20260714,15
7_52_3,7,data/raw/20260715/20260715_1556_image31_cdw.jpg,20260715,0
19_893_6,19,data/raw/20260804/20260804_1655_image50_rot45.jpg,20260804,0
15_111_6,15,data/raw/20260722/20260722_1658_image16_rot45.jpg,20260722,0
6_57_8,6,data/raw/20260715/20260715_1556_image36_sdw.jpg,20260715,5
30_485_5,30,data/raw/20260727/20260727_1735_image242_rot30.jpg,20260727,0
24_1010_3,24,data/raw/20260804/20260804_1705_image167_cdw.jpg,20260804,0
12_97_5,12,data/raw/20260722/20260722_1656_image1_rot30.jpg,20260722,16
42_1215_0,42,data/raw/20260804/20260804_1723_image372.jpg,20260804,1
53_1194_2,53,data/raw/20260804/20260804_1722_image351_bup.jpg,20260804,4
29_792_2,29,data/raw/20260731/20260731_1713_image229_bup.jpg,20260731,0
52_1109_8,52,data/raw/20260804/20260804_1715_image266_sdw.jpg,20260804,10
50_1017_4,50,data/raw/20260804/20260804_1710_image174_cup.jpg,20260804,15
39_463_5,39,data/raw/20260727/20260727_1730_image220_rot30.jpg,20260727,4
43_1206_8,43,data/raw/20260804/20260804_1723_image363_sdw.jpg,20260804,0
49_975_3,49,data/raw/20260804/20260804_1703_image132_cdw.jpg,20260804,17
25_383_8,25,data/raw/20260727/20260727_1722_image140_sdw.jpg,20260727,4
47_1097_0,47,data/raw/20260804/20260804_1714_image254.jpg,20260804,11
2_92_5,2,data/raw/20260720/20260720_1503_image4_rot30.jpg,20260720,9
28_432_2,28,data/raw/20260727/20260727_1726_image189_bup.jpg,20260727,15
49_963_5,49,data/raw/20260804/20260804_1703_image120_rot30.jpg,20260804,17
43_1201_2,43,data/raw/20260804/20260804_1722_image358_bup.jpg,20260804,0
4_277_4,4,data/raw/20260727/20260727_1708_image34_cup.jpg,20260727,0
20_673_2,20,data/raw/20260731/20260731_1701_image110_bup.jpg,20260731,7
34_604_8,34,data/raw/20260731/20260731_1655_image41_sdw.jpg,20260731,13
42_496_6,42,data/raw/20260727/20260727_1736_image253_rot45.jpg,20260727,9
30_217_0,30,data/raw/20260722/20260722_1813_image121.jpg,20260722,5
38_722_4,38,data/raw/20260731/20260731_1706_image159_cup.jpg,20260731,11
4_24_2,4,data/raw/20260715/20260715_1554_image11_bup.jpg,20260715,9
9_950_0,9,data/raw/20260804/20260804_1702_image107.jpg,20260804,0
44_520_7,44,data/raw/20260727/20260727_1737_image277_rot60.jpg,20260727,15
46_699_9,46,data/raw/20260731/20260731_1703_image136_sup.jpg,20260731,2
9_67_3,9,data/raw/20260715/20260715_1557_image46_cdw.jpg,20260715,16
22_870_0,22,data/raw/20260804/20260804_1654_image27.jpg,20260804,9
33_569_9,33,data/raw/20260731/20260731_1653_image6_sup.jpg,20260731,8
2_552_5,2,data/raw/20260729/20260729_1700_image19_rot30.jpg,20260729,0
28_776_8,28,data/raw/20260731/20260731_1712_image213_sdw.jpg,20260731,11
42_1220_3,42,data/raw/20260804/20260804_1724_image377_cdw.jpg,20260804,1
24_1009_4,24,data/raw/20260804/20260804_1705_image166_cup.jpg,20260804,0
39_1163_8,39,data/raw/20260804/20260804_1719_image320_sdw.jpg,20260804,0
26_190_4,26,data/raw/20260722/20260722_1802_image94_cup.jpg,20260722,5
31_218_9,31,data/raw/20260722/20260722_1814_image122_sup.jpg,20260722,5
33_270_4,33,data/raw/20260727/20260727_1708_image26_cup.jpg,20260727,12
8_157_6,8,data/raw/20260722/20260722_1743_image61_rot45.jpg,20260722,0
38_411_6,38,data/raw/20260727/20260727_1724_image168_rot45.jpg,20260727,15
42_1224_3,42,data/raw/20260804/20260804_1724_image381_cdw.jpg,20260804,1
22_614_2,22,data/raw/20260731/20260731_1656_image51_bup.jpg,20260731,13
34_599_9,34,data/raw/20260731/20260731_1655_image36_sup.jpg,20260731,13
49_973_3,49,data/raw/20260804/20260804_1703_image130_cdw.jpg,20260804,17
8_61_1,8,data/raw/20260715/20260715_1556_image40_bdw.jpg,20260715,0
43_1213_5,43,data/raw/20260804/20260804_1723_image370_rot30.jpg,20260804,0
43_818_8,43,data/raw/20260731/20260731_1716_image256_sdw.jpg,20260731,0
36_359_8,36,data/raw/20260727/20260727_1716_image116_sdw.jpg,20260727,4
37_617_3,37,data/raw/20260731/20260731_1656_image54_cdw.jpg,20260731,4
38_403_9,38,data/raw/20260727/20260727_1723_image160_sup.jpg,20260727,15
2_535_1,2,data/raw/20260729/20260729_1659_image2_bdw.jpg,20260729,0
27_197_2,27,data/raw/20260722/20260722_1803_image102_bup.jpg,20260722,0
14_440_4,14,data/raw/20260727/20260727_1727_image197_cup.jpg,20260727,4
48_802_0,48,data/raw/20260731/20260731_1715_image240.jpg,20260731,4
14_437_7,14,data/raw/20260727/20260727_1726_image194_rot60.jpg,20260727,4
47_1098_3,47,data/raw/20260804/20260804_1714_image255_cdw.jpg,20260804,11
25_1151_1,25,data/raw/20260804/20260804_1718_image308_bdw.jpg,20260804,0
37_624_8,37,data/raw/20260731/20260731_1657_image61_sdw.jpg,20260731,4
14_445_2,14,data/raw/20260727/20260727_1727_image202_bup.jpg,20260727,4
9_956_7,9,data/raw/20260804/20260804_1702_image113_rot60.jpg,20260804,0
20_990_0,20,data/raw/20260804/20260804_1704_image147.jpg,20260804,3
24_690_9,24,data/raw/20260731/20260731_1702_image127_sup.jpg,20260731,0
2_537_0,2,data/raw/20260729/20260729_1659_image4.jpg,20260729,0
42_1214_3,42,data/raw/20260804/20260804_1723_image371_cdw.jpg,20260804,1
9_653_0,9,data/raw/20260731/20260731_1700_image90.jpg,20260731,0
28_1046_6,28,data/raw/20260804/20260804_1711_image203_rot45.jpg,20260804,7
34_879_5,34,data/raw/20260804/20260804_1654_image36_rot30.jpg,20260804,9
43_823_2,43,data/raw/20260731/20260731_1717_image261_bup.jpg,20260731,0
17_130_3,17,data/raw/20260722/20260722_1703_image34_cdw.jpg,20260722,17
50_1041_5,50,data/raw/20260804/20260804_1711_image198_rot30.jpg,20260804,15
49_969_2,49,data/raw/20260804/20260804_1703_image126_bup.jpg,20260804,17
29_789_5,29,data/raw/20260731/20260731_1713_image226_rot30.jpg,20260731,0
5_140_4,5,data/raw/20260722/20260722_1742_image44_cup.jpg,20260722,5
25_187_8,25,data/raw/20260722/20260722_1802_image91_sdw.jpg,20260722,9
14_743_9,14,data/raw/20260731/20260731_1709_image180_sup.jpg,20260731,15
39_729_6,39,data/raw/20260731/20260731_1707_image166_rot45.jpg,20260731,0
25_1151_6,25,data/raw/20260804/20260804_1718_image308_rot45.jpg,20260804,0
28_1046_4,28,data/raw/20260804/20260804_1711_image203_cup.jpg,20260804,7
25_705_9,25,data/raw/20260731/20260731_1705_image142_sup.jpg,20260731,0
46_699_3,46,data/raw/20260731/20260731_1703_image136_cdw.jpg,20260731,2
20_933_0,20,data/raw/20260804/20260804_1701_image90.jpg,20260804,3
38_722_9,38,data/raw/20260731/20260731_1706_image159_sup.jpg,20260731,11
20_661_3,20,data/raw/20260731/20260731_1700_image98_cdw.jpg,20260731,7
2_547_1,2,data/raw/20260729/20260729_1700_image14_bdw.jpg,20260729,0
39_476_6,39,data/raw/20260727/20260727_1733_image233_rot45.jpg,20260727,4
20_1014_9,20,data/raw/20260804/20260804_1705_image171_sup.jpg,20260804,3
25_382_0,25,data/raw/20260727/20260727_1722_image139.jpg,20260727,4
20_992_9,20,data/raw/20260804/20260804_1704_image149_sup.jpg,20260804,3
42_1224_7,42,data/raw/20260804/20260804_1724_image381_rot60.jpg,20260804,1
43_1202_9,43,data/raw/20260804/20260804_1722_image359_sup.jpg,20260804,0
20_947_4,20,data/raw/20260804/20260804_1702_image104_cup.jpg,20260804,3
34_596_3,34,data/raw/20260731/20260731_1655_image33_cdw.jpg,20260731,13
26_194_8,26,data/raw/20260722/20260722_1802_image98_sdw.jpg,20260722,5
48_806_3,48,data/raw/20260731/20260731_1716_image244_cdw.jpg,20260731,4
26_388_9,26,data/raw/20260727/20260727_1722_image145_sup.jpg,20260727,0
22_614_6,22,data/raw/20260731/20260731_1656_image51_rot45.jpg,20260731,13
2_553_1,2,data/raw/20260729/20260729_1700_image20_bdw.jpg,20260729,0
53_1191_0,53,data/raw/20260804/20260804_1722_image348.jpg,20260804,4
24_178_6,24,data/raw/20260722/20260722_1757_image82_rot45.jpg,20260722,8
38_719_6,38,data/raw/20260731/20260731_1706_image156_rot45.jpg,20260731,11
22_373_9,22,data/raw/20260727/20260727_1718_image130_sup.jpg,20260727,17
15_112_3,15,data/raw/20260722/20260722_1658_image17_cdw.jpg,20260722,0
24_178_4,24,data/raw/20260722/20260722_1757_image82_cup.jpg,20260722,8
7_49_9,7,data/raw/20260715/20260715_1556_image28_sup.jpg,20260715,0
19_895_1,19,data/raw/20260804/20260804_1655_image52_bdw.jpg,20260804,0
39_465_8,39,data/raw/20260727/20260727_1730_image222_sdw.jpg,20260727,4
22_172_9,22,data/raw/20260722/20260722_1746_image76_sup.jpg,20260722,22
28_422_9,28,data/raw/20260727/20260727_1725_image179_sup.jpg,20260727,15
14_438_4,14,data/raw/20260727/20260727_1727_image195_cup.jpg,20260727,4
24_340_3,24,data/raw/20260727/20260727_1713_image97_cdw.jpg,20260727,3
5_40_7,5,data/raw/20260715/20260715_1555_image19_rot60.jpg,20260715,12
28_781_9,28,data/raw/20260731/20260731_1713_image218_sup.jpg,20260731,11
49_963_1,49,data/raw/20260804/20260804_1703_image120_bdw.jpg,20260804,17
18_258_7,18,data/raw/20260727/20260727_1707_image14_rot60.jpg,20260727,0
34_297_2,34,data/raw/20260727/20260727_1710_image54_bup.jpg,20260727,17
20_677_0,20,data/raw/20260731/20260731_1701_image114.jpg,20260731,7
2_244_5,2,data/raw/20260726/20260726_1337_image10_rot30.jpg,20260726,3
36_365_0,36,data/raw/20260727/20260727_1717_image122.jpg,20260727,4
9_154_3,9,data/raw/20260722/20260722_1743_image58_cdw.jpg,20260722,9
28_783_7,28,data/raw/20260731/20260731_1713_image220_rot60.jpg,20260731,11
25_1149_7,25,data/raw/20260804/20260804_1718_image306_rot60.jpg,20260804,0
52_1114_0,52,data/raw/20260804/20260804_1716_image271.jpg,20260804,10
5_37_3,5,data/raw/20260715/20260715_1555_image16_cdw.jpg,20260715,12
19_893_0,19,data/raw/20260804/20260804_1655_image50.jpg,20260804,0
2_243_8,2,data/raw/20260726/20260726_1337_image9_sdw.jpg,20260726,3
16_116_1,16,data/raw/20260722/20260722_1659_image20_bdw.jpg,20260722,8
47_1099_4,47,data/raw/20260804/20260804_1714_image256_cup.jpg,20260804,11
20_985_2,20,data/raw/20260804/20260804_1704_image142_bup.jpg,20260804,3
20_338_7,20,data/raw/20260727/20260727_1713_image95_rot60.jpg,20260727,11
28_785_6,28,data/raw/20260731/20260731_1713_image222_rot45.jpg,20260731,11
29_793_5,29,data/raw/20260731/20260731_1713_image230_rot30.jpg,20260731,0
22_858_9,22,data/raw/20260804/20260804_1652_image15_sup.jpg,20260804,9
42_828_6,42,data/raw/20260731/20260731_1717_image266_rot45.jpg,20260731,5
2_19_3,2,data/raw/20260714/20260714_1017_image6_cdw.jpg,20260714,15
24_1009_6,24,data/raw/20260804/20260804_1705_image166_rot45.jpg,20260804,0
17_120_1,17,data/raw/20260722/20260722_1700_image24_bdw.jpg,20260722,17
42_1223_6,42,data/raw/20260804/20260804_1724_image380_rot45.jpg,20260804,1
33_850_2,33,data/raw/20260804/20260804_1651_image7_bup.jpg,20260804,4
37_621_5,37,data/raw/20260731/20260731_1657_image58_rot30.jpg,20260731,4
24_178_9,24,data/raw/20260722/20260722_1757_image82_sup.jpg,20260722,8
9_953_0,9,data/raw/20260804/20260804_1702_image110.jpg,20260804,0
39_448_5,39,data/raw/20260727/20260727_1730_image205_rot30.jpg,20260727,4
22_859_2,22,data/raw/20260804/20260804_1652_image16_bup.jpg,20260804,9
20_670_7,20,data/raw/20260731/20260731_1701_image107_rot60.jpg,20260731,7
45_903_3,45,data/raw/20260804/20260804_1657_image60_cdw.jpg,20260804,7
9_67_0,9,data/raw/20260715/20260715_1557_image46.jpg,20260715,16
45_916_6,45,data/raw/20260804/20260804_1659_image73_rot45.jpg,20260804,7
50_1033_3,50,data/raw/20260804/20260804_1710_image190_cdw.jpg,20260804,15
28_766_5,28,data/raw/20260731/20260731_1712_image203_rot30.jpg,20260731,11
43_815_4,43,data/raw/20260731/20260731_1716_image253_cup.jpg,20260731,0
33_846_0,33,data/raw/20260804/20260804_1651_image3.jpg,20260804,4
36_368_2,36,data/raw/20260727/20260727_1717_image125_bup.jpg,20260727,4
24_341_7,24,data/raw/20260727/20260727_1713_image98_rot60.jpg,20260727,3
2_17_8,2,data/raw/20260714/20260714_1017_image4_sdw.jpg,20260714,15
7_45_4,7,data/raw/20260715/20260715_1555_image24_cup.jpg,20260715,0
28_768_3,28,data/raw/20260731/20260731_1712_image205_cdw.jpg,20260731,11
4_42_0,4,data/raw/20260715/20260715_1555_image21.jpg,20260715,9
42_1221_7,42,data/raw/20260804/20260804_1724_image378_rot60.jpg,20260804,1
25_1148_7,25,data/raw/20260804/20260804_1717_image305_rot60.jpg,20260804,0
38_405_1,38,data/raw/20260727/20260727_1723_image162_bdw.jpg,20260727,15
43_502_9,43,data/raw/20260727/20260727_1736_image259_sup.jpg,20260727,2
13_105_9,13,data/raw/20260722/20260722_1658_image10_sup.jpg,20260722,8
49_970_2,49,data/raw/20260804/20260804_1703_image127_bup.jpg,20260804,17
5_284_3,5,data/raw/20260727/20260727_1709_image41_cdw.jpg,20260727,0
4_24_1,4,data/raw/20260715/20260715_1554_image11_bdw.jpg,20260715,9
14_746_0,14,data/raw/20260731/20260731_1710_image183.jpg,20260731,15
28_432_6,28,data/raw/20260727/20260727_1726_image189_rot45.jpg,20260727,15
48_1177_9,48,data/raw/20260804/20260804_1721_image334_sup.jpg,20260804,0
20_167_0,20,data/raw/20260722/20260722_1744_image71.jpg,20260722,16
36_362_0,36,data/raw/20260727/20260727_1716_image119.jpg,20260727,4
24_690_7,24,data/raw/20260731/20260731_1702_image127_rot60.jpg,20260731,0
37_170_0,37,data/raw/20260722/20260722_1746_image74.jpg,20260722,13
37_370_1,37,data/raw/20260727/20260727_1717_image127_bdw.jpg,20260727,8
37_625_8,37,data/raw/20260731/20260731_1657_image62_sdw.jpg,20260731,4
50_1017_1,50,data/raw/20260804/20260804_1710_image174_bdw.jpg,20260804,15
30_482_7,30,data/raw/20260727/20260727_1735_image239_rot60.jpg,20260727,0
38_718_0,38,data/raw/20260731/20260731_1706_image155.jpg,20260731,11
20_167_6,20,data/raw/20260722/20260722_1744_image71_rot45.jpg,20260722,16
22_869_8,22,data/raw/20260804/20260804_1653_image26_sdw.jpg,20260804,9
34_607_8,34,data/raw/20260731/20260731_1656_image44_sdw.jpg,20260731,13
42_491_1,42,data/raw/20260727/20260727_1736_image248_bdw.jpg,20260727,9
20_940_0,20,data/raw/20260804/20260804_1701_image97.jpg,20260804,3
2_255_6,2,data/raw/20260727/20260727_1556_image11_rot45.jpg,20260727,2
39_454_5,39,data/raw/20260727/20260727_1730_image211_rot30.jpg,20260727,4
50_1016_7,50,data/raw/20260804/20260804_1709_image173_rot60.jpg,20260804,15
38_404_1,38,data/raw/20260727/20260727_1723_image161_bdw.jpg,20260727,15
2_554_0,2,data/raw/20260729/20260729_1700_image21.jpg,20260729,0
39_727_1,39,data/raw/20260731/20260731_1707_image164_bdw.jpg,20260731,0
11_85_9,11,data/raw/20260715/20260715_1600_image64_sup.jpg,20260715,4
40_470_0,40,data/raw/20260727/20260727_1731_image227.jpg,20260727,6
14_445_5,14,data/raw/20260727/20260727_1727_image202_rot30.jpg,20260727,4
45_641_5,45,data/raw/20260731/20260731_1658_image78_rot30.jpg,20260731,11
49_979_3,49,data/raw/20260804/20260804_1703_image136_cdw.jpg,20260804,17
39_462_7,39,data/raw/20260727/20260727_1730_image219_rot60.jpg,20260727,4
36_368_3,36,data/raw/20260727/20260727_1717_image125_cdw.jpg,20260727,4
9_153_6,9,data/raw/20260722/20260722_1743_image57_rot45.jpg,20260722,9
35_324_4,35,data/raw/20260727/20260727_1712_image81_cup.jpg,20260727,22
50_1031_1,50,data/raw/20260804/20260804_1710_image188_bdw.jpg,20260804,15
24_347_8,24,data/raw/20260727/20260727_1713_image104_sdw.jpg,20260727,3
50_1033_6,50,data/raw/20260804/20260804_1710_image190_rot45.jpg,20260804,15
42_495_6,42,data/raw/20260727/20260727_1736_image252_rot45.jpg,20260727,9
38_1135_6,38,data/raw/20260804/20260804_1717_image292_rot45.jpg,20260804,7
9_322_9,9,data/raw/20260727/20260727_1711_image79_sup.jpg,20260727,4
20_669_8,20,data/raw/20260731/20260731_1701_image106_sdw.jpg,20260731,7
2_544_4,2,data/raw/20260729/20260729_1659_image11_cup.jpg,20260729,0
50_1030_9,50,data/raw/20260804/20260804_1710_image187_sup.jpg,20260804,15
25_714_7,25,data/raw/20260731/20260731_1706_image151_rot60.jpg,20260731,0
25_1148_6,25,data/raw/20260804/20260804_1717_image305_rot45.jpg,20260804,0
14_441_2,14,data/raw/20260727/20260727_1727_image198_bup.jpg,20260727,4
19_891_7,19,data/raw/20260804/20260804_1655_image48_rot60.jpg,20260804,0
22_613_3,22,data/raw/20260731/20260731_1656_image50_cdw.jpg,20260731,13
53_1187_0,53,data/raw/20260804/20260804_1722_image344.jpg,20260804,4
39_734_3,39,data/raw/20260731/20260731_1708_image171_cdw.jpg,20260731,0
24_344_0,24,data/raw/20260727/20260727_1713_image101.jpg,20260727,3
20_353_2,20,data/raw/20260727/20260727_1714_image110_bup.jpg,20260727,11
4_146_4,4,data/raw/20260722/20260722_1743_image50_cup.jpg,20260722,2
1_1_2,1,data/raw/20260712/20260712_0854_image1_bup.jpg,20260712,3
2_241_9,2,data/raw/20260726/20260726_1337_image7_sup.jpg,20260726,3
45_914_4,45,data/raw/20260804/20260804_1659_image71_cup.jpg,20260804,7
8_60_4,8,data/raw/20260715/20260715_1556_image39_cup.jpg,20260715,0
40_737_5,40,data/raw/20260731/20260731_1708_image174_rot30.jpg,20260731,2
43_502_5,43,data/raw/20260727/20260727_1736_image259_rot30.jpg,20260727,2
38_1132_1,38,data/raw/20260804/20260804_1717_image289_bdw.jpg,20260804,7
37_925_8,37,data/raw/20260804/20260804_1659_image82_sdw.jpg,20260804,0
48_803_7,48,data/raw/20260731/20260731_1715_image241_rot60.jpg,20260731,4
8_160_0,8,data/raw/20260722/20260722_1744_image64.jpg,20260722,0
20_999_1,20,data/raw/20260804/20260804_1704_image156_bdw.jpg,20260804,3
2_540_9,2,data/raw/20260729/20260729_1659_image7_sup.jpg,20260729,0
34_599_1,34,data/raw/20260731/20260731_1655_image36_bdw.jpg,20260731,13
33_276_7,33,data/raw/20260727/20260727_1708_image32_rot60.jpg,20260727,12
48_808_8,48,data/raw/20260731/20260731_1716_image246_sdw.jpg,20260731,4
26_388_7,26,data/raw/20260727/20260727_1722_image145_rot60.jpg,20260727,0
9_953_8,9,data/raw/20260804/20260804_1702_image110_sdw.jpg,20260804,0
19_589_9,19,data/raw/20260731/20260731_1654_image26_sup.jpg,20260731,0
9_153_8,9,data/raw/20260722/20260722_1743_image57_sdw.jpg,20260722,9
2_89_1,2,data/raw/20260720/20260720_1503_image1_bdw.jpg,20260720,9
38_1135_0,38,data/raw/20260804/20260804_1717_image292.jpg,20260804,7
22_172_0,22,data/raw/20260722/20260722_1746_image76.jpg,20260722,22
41_480_0,41,data/raw/20260727/20260727_1734_image237.jpg,20260727,15
24_1002_7,24,data/raw/20260804/20260804_1704_image159_rot60.jpg,20260804,0
9_950_4,9,data/raw/20260804/20260804_1702_image107_cup.jpg,20260804,0
2_247_0,2,data/raw/20260727/20260727_1555_image3.jpg,20260727,2
13_105_6,13,data/raw/20260722/20260722_1658_image10_rot45.jpg,20260722,8
43_1211_0,43,data/raw/20260804/20260804_1723_image368.jpg,20260804,0
49_967_1,49,data/raw/20260804/20260804_1703_image124_bdw.jpg,20260804,17
42_1224_0,42,data/raw/20260804/20260804_1724_image381.jpg,20260804,1
8_160_8,8,data/raw/20260722/20260722_1744_image64_sdw.jpg,20260722,0
39_1159_6,39,data/raw/20260804/20260804_1719_image316_rot45.jpg,20260804,0
20_987_9,20,data/raw/20260804/20260804_1704_image144_sup.jpg,20260804,3
43_815_0,43,data/raw/20260731/20260731_1716_image253.jpg,20260731,0
19_308_6,19,data/raw/20260727/20260727_1710_image65_rot45.jpg,20260727,4
39_1167_7,39,data/raw/20260804/20260804_1720_image324_rot60.jpg,20260804,0
3_32_2,3,data/raw/20260715/20260715_1554_image6_bup.jpg,20260715,0
33_575_4,33,data/raw/20260731/20260731_1653_image12_cup.jpg,20260731,8
37_926_7,37,data/raw/20260804/20260804_1659_image83_rot60.jpg,20260804,0
20_938_3,20,data/raw/20260804/20260804_1701_image95_cdw.jpg,20260804,3
50_1026_8,50,data/raw/20260804/20260804_1710_image183_sdw.jpg,20260804,15
34_599_5,34,data/raw/20260731/20260731_1655_image36_rot30.jpg,20260731,13
43_813_0,43,data/raw/20260731/20260731_1716_image251.jpg,20260731,0
42_1226_2,42,data/raw/20260804/20260804_1724_image383_bup.jpg,20260804,1
44_521_5,44,data/raw/20260727/20260727_1737_image278_rot30.jpg,20260727,15
4_35_8,4,data/raw/20260715/20260715_1554_image9_sdw.jpg,20260715,9
33_266_7,33,data/raw/20260727/20260727_1707_image22_rot60.jpg,20260727,12
22_858_7,22,data/raw/20260804/20260804_1652_image15_rot60.jpg,20260804,9
39_1156_1,39,data/raw/20260804/20260804_1719_image313_bdw.jpg,20260804,0
39_456_6,39,data/raw/20260727/20260727_1730_image213_rot45.jpg,20260727,4
39_472_1,39,data/raw/20260727/20260727_1731_image229_bdw.jpg,20260727,4
45_643_3,45,data/raw/20260731/20260731_1659_image80_cdw.jpg,20260731,11
24_340_9,24,data/raw/20260727/20260727_1713_image97_sup.jpg,20260727,3
20_77_3,20,data/raw/20260715/20260715_1558_image56_cdw.jpg,20260715,23
52_1116_7,52,data/raw/20260804/20260804_1716_image273_rot60.jpg,20260804,10
2_559_7,2,data/raw/20260729/20260729_1700_image26_rot60.jpg,20260729,0
34_873_7,34,data/raw/20260804/20260804_1654_image30_rot60.jpg,20260804,9
28_781_8,28,data/raw/20260731/20260731_1713_image218_sdw.jpg,20260731,11
29_206_3,29,data/raw/20260722/20260722_1804_image110_cdw.jpg,20260722,0
4_35_7,4,data/raw/20260715/20260715_1554_image9_rot60.jpg,20260715,9
48_1179_6,48,data/raw/20260804/20260804_1721_image336_rot45.jpg,20260804,0
30_484_3,30,data/raw/20260727/20260727_1735_image241_cdw.jpg,20260727,0
50_1034_7,50,data/raw/20260804/20260804_1710_image191_rot60.jpg,20260804,15
3_33_2,3,data/raw/20260715/20260715_1554_image7_bup.jpg,20260715,0
19_896_8,19,data/raw/20260804/20260804_1655_image53_sdw.jpg,20260804,0
12_102_1,12,data/raw/20260722/20260722_1656_image6_bdw.jpg,20260722,16
19_891_8,19,data/raw/20260804/20260804_1655_image48_sdw.jpg,20260804,0
2_255_9,2,data/raw/20260727/20260727_1556_image11_sup.jpg,20260727,2
17_129_3,17,data/raw/20260722/20260722_1703_image33_cdw.jpg,20260722,17
19_309_4,19,data/raw/20260727/20260727_1710_image66_cup.jpg,20260727,4
33_856_2,33,data/raw/20260804/20260804_1652_image13_bup.jpg,20260804,4
2_539_8,2,data/raw/20260729/20260729_1659_image6_sdw.jpg,20260729,0
11_88_0,11,data/raw/20260715/20260715_1601_image67.jpg,20260715,4
43_501_1,43,data/raw/20260727/20260727_1736_image258_bdw.jpg,20260727,2
39_462_9,39,data/raw/20260727/20260727_1730_image219_sup.jpg,20260727,4
43_1200_8,43,data/raw/20260804/20260804_1722_image357_sdw.jpg,20260804,0
32_209_0,32,data/raw/20260722/20260722_1807_image113.jpg,20260722,12
36_367_4,36,data/raw/20260727/20260727_1717_image124_cup.jpg,20260727,4
38_1129_0,38,data/raw/20260804/20260804_1716_image286.jpg,20260804,7
39_734_7,39,data/raw/20260731/20260731_1708_image171_rot60.jpg,20260731,0
26_192_7,26,data/raw/20260722/20260722_1802_image96_rot60.jpg,20260722,5
2_554_2,2,data/raw/20260729/20260729_1700_image21_bup.jpg,20260729,0
2_560_0,2,data/raw/20260729/20260729_1701_image27.jpg,20260729,0
2_223_0,2,data/raw/20260724/20260724_1627_image1.jpg,20260724,5
2_551_4,2,data/raw/20260729/20260729_1700_image18_cup.jpg,20260729,0
33_574_0,33,data/raw/20260731/20260731_1653_image11.jpg,20260731,8
50_1015_6,50,data/raw/20260804/20260804_1709_image172_rot45.jpg,20260804,15
52_1108_2,52,data/raw/20260804/20260804_1715_image265_bup.jpg,20260804,10
19_150_7,19,data/raw/20260722/20260722_1743_image54_rot60.jpg,20260722,9
39_452_0,39,data/raw/20260727/20260727_1730_image209.jpg,20260727,4
34_875_5,34,data/raw/20260804/20260804_1654_image32_rot30.jpg,20260804,9
25_384_6,25,data/raw/20260727/20260727_1722_image141_rot45.jpg,20260727,4
39_459_5,39,data/raw/20260727/20260727_1730_image216_rot30.jpg,20260727,4
7_49_8,7,data/raw/20260715/20260715_1556_image28_sdw.jpg,20260715,0
39_728_7,39,data/raw/20260731/20260731_1707_image165_rot60.jpg,20260731,0
20_1012_2,20,data/raw/20260804/20260804_1705_image169_bup.jpg,20260804,3
51_1087_0,51,data/raw/20260804/20260804_1713_image244.jpg,20260804,0
2_555_5,2,data/raw/20260729/20260729_1700_image22_rot30.jpg,20260729,0
19_149_9,19,data/raw/20260722/20260722_1743_image53_sup.jpg,20260722,9
8_65_5,8,data/raw/20260715/20260715_1557_image44_rot30.jpg,20260715,0
51_1086_3,51,data/raw/20260804/20260804_1713_image243_cdw.jpg,20260804,0
2_548_8,2,data/raw/20260729/20260729_1700_image15_sdw.jpg,20260729,0
31_218_6,31,data/raw/20260722/20260722_1814_image122_rot45.jpg,20260722,5
28_421_6,28,data/raw/20260727/20260727_1725_image178_rot45.jpg,20260727,15
39_478_9,39,data/raw/20260727/20260727_1733_image235_sup.jpg,20260727,4
47_1093_3,47,data/raw/20260804/20260804_1713_image250_cdw.jpg,20260804,11
33_857_0,33,data/raw/20260804/20260804_1652_image14.jpg,20260804,4
53_1196_6,53,data/raw/20260804/20260804_1722_image353_rot45.jpg,20260804,4
28_1045_1,28,data/raw/20260804/20260804_1711_image202_bdw.jpg,20260804,7
20_663_9,20,data/raw/20260731/20260731_1700_image100_sup.jpg,20260731,7
22_614_0,22,data/raw/20260731/20260731_1656_image51.jpg,20260731,13
40_738_1,40,data/raw/20260731/20260731_1708_image175_bdw.jpg,20260731,2
25_713_9,25,data/raw/20260731/20260731_1706_image150_sup.jpg,20260731,0
8_62_7,8,data/raw/20260715/20260715_1557_image41_rot60.jpg,20260715,0
39_1161_8,39,data/raw/20260804/20260804_1719_image318_sdw.jpg,20260804,0
25_703_4,25,data/raw/20260731/20260731_1705_image140_cup.jpg,20260731,0
29_789_0,29,data/raw/20260731/20260731_1713_image226.jpg,20260731,0
50_1026_4,50,data/raw/20260804/20260804_1710_image183_cup.jpg,20260804,15
39_465_4,39,data/raw/20260727/20260727_1730_image222_cup.jpg,20260727,4
26_393_1,26,data/raw/20260727/20260727_1722_image150_bdw.jpg,20260727,0
2_225_4,2,data/raw/20260724/20260724_1628_image3_cup.jpg,20260724,5
29_1077_8,29,data/raw/20260804/20260804_1713_image234_sdw.jpg,20260804,0
30_485_3,30,data/raw/20260727/20260727_1735_image242_cdw.jpg,20260727,0
42_490_6,42,data/raw/20260727/20260727_1736_image247_rot45.jpg,20260727,9
20_336_3,20,data/raw/20260727/20260727_1712_image93_cdw.jpg,20260727,11
2_535_3,2,data/raw/20260729/20260729_1659_image2_cdw.jpg,20260729,0
45_645_3,45,data/raw/20260731/20260731_1659_image82_cdw.jpg,20260731,11
20_166_2,20,data/raw/20260722/20260722_1744_image70_bup.jpg,20260722,16
9_152_5,9,data/raw/20260722/20260722_1743_image56_rot30.jpg,20260722,9
52_1105_5,52,data/raw/20260804/20260804_1715_image262_rot30.jpg,20260804,10
9_317_9,9,data/raw/20260727/20260727_1711_image74_sup.jpg,20260727,4
14_749_5,14,data/raw/20260731/20260731_1710_image186_rot30.jpg,20260731,15
50_1026_9,50,data/raw/20260804/20260804_1710_image183_sup.jpg,20260804,15
39_732_6,39,data/raw/20260731/20260731_1708_image169_rot45.jpg,20260731,0
49_957_1,49,data/raw/20260804/20260804_1702_image114_bdw.jpg,20260804,17
44_519_4,44,data/raw/20260727/20260727_1737_image276_cup.jpg,20260727,15
44_513_5,44,data/raw/20260727/20260727_1737_image270_rot30.jpg,20260727,15
5_142_9,5,data/raw/20260722/20260722_1743_image46_sup.jpg,20260722,5
32_208_5,32,data/raw/20260722/20260722_1807_image112_rot30.jpg,20260722,12
9_156_0,9,data/raw/20260722/20260722_1743_image60.jpg,20260722,9
40_466_4,40,data/raw/20260727/20260727_1731_image223_cup.jpg,20260727,6
35_325_6,35,data/raw/20260727/20260727_1712_image82_rot45.jpg,20260727,22
34_605_5,34,data/raw/20260731/20260731_1655_image42_rot30.jpg,20260731,13
39_1165_3,39,data/raw/20260804/20260804_1719_image322_cdw.jpg,20260804,0
45_641_1,45,data/raw/20260731/20260731_1658_image78_bdw.jpg,20260731,11
40_736_7,40,data/raw/20260731/20260731_1708_image173_rot60.jpg,20260731,2
24_344_3,24,data/raw/20260727/20260727_1713_image101_cdw.jpg,20260727,3
9_951_2,9,data/raw/20260804/20260804_1702_image108_bup.jpg,20260804,0
26_189_9,26,data/raw/20260722/20260722_1802_image93_sup.jpg,20260722,5
11_86_7,11,data/raw/20260715/20260715_1600_image65_rot60.jpg,20260715,4
9_952_1,9,data/raw/20260804/20260804_1702_image109_bdw.jpg,20260804,0
9_654_5,9,data/raw/20260731/20260731_1700_image91_rot30.jpg,20260731,0
44_518_5,44,data/raw/20260727/20260727_1737_image275_rot30.jpg,20260727,15
34_594_9,34,data/raw/20260731/20260731_1655_image31_sup.jpg,20260731,13
47_1091_2,47,data/raw/20260804/20260804_1713_image248_bup.jpg,20260804,11
38_1129_1,38,data/raw/20260804/20260804_1716_image286_bdw.jpg,20260804,7
19_148_5,19,data/raw/20260722/20260722_1743_image52_rot30.jpg,20260722,9
47_1092_8,47,data/raw/20260804/20260804_1713_image249_sdw.jpg,20260804,11
5_136_3,5,data/raw/20260722/20260722_1742_image40_cdw.jpg,20260722,5
34_887_6,34,data/raw/20260804/20260804_1654_image44_rot45.jpg,20260804,9
18_132_4,18,data/raw/20260722/20260722_1742_image36_cup.jpg,20260722,5
20_332_4,20,data/raw/20260727/20260727_1712_image89_cup.jpg,20260727,11
8_63_3,8,data/raw/20260715/20260715_1557_image42_cdw.jpg,20260715,0
28_421_3,28,data/raw/20260727/20260727_1725_image178_cdw.jpg,20260727,15
34_871_2,34,data/raw/20260804/20260804_1654_image28_bup.jpg,20260804,9
28_429_7,28,data/raw/20260727/20260727_1726_image186_rot60.jpg,20260727,15
9_70_5,9,data/raw/20260715/20260715_1557_image49_rot30.jpg,20260715,16
43_507_8,43,data/raw/20260727/20260727_1737_image264_sdw.jpg,20260727,2
34_593_9,34,data/raw/20260731/20260731_1655_image30_sup.jpg,20260731,13
2_561_4,2,data/raw/20260729/20260729_1701_image28_cup.jpg,20260729,0
28_778_2,28,data/raw/20260731/20260731_1713_image215_bup.jpg,20260731,11
48_800_1,48,data/raw/20260731/20260731_1715_image238_bdw.jpg,20260731,4
24_1007_0,24,data/raw/20260804/20260804_1705_image164.jpg,20260804,0
45_903_5,45,data/raw/20260804/20260804_1657_image60_rot30.jpg,20260804,7
28_1053_3,28,data/raw/20260804/20260804_1711_image210_cdw.jpg,20260804,7
50_1024_5,50,data/raw/20260804/20260804_1710_image181_rot30.jpg,20260804,15
43_822_9,43,data/raw/20260731/20260731_1717_image260_sup.jpg,20260731,0
2_551_0,2,data/raw/20260729/20260729_1700_image18.jpg,20260729,0
20_665_8,20,data/raw/20260731/20260731_1700_image102_sdw.jpg,20260731,7
39_460_4,39,data/raw/20260727/20260727_1730_image217_cup.jpg,20260727,4
33_265_3,33,data/raw/20260727/20260727_1707_image21_cdw.jpg,20260727,12
1_7_7,1,data/raw/20260712/20260712_0855_image11_rot60.jpg,20260712,3
38_1128_9,38,data/raw/20260804/20260804_1716_image285_sup.jpg,20260804,7
49_973_5,49,data/raw/20260804/20260804_1703_image130_rot30.jpg,20260804,17
4_145_0,4,data/raw/20260722/20260722_1743_image49.jpg,20260722,2
40_470_6,40,data/raw/20260727/20260727_1731_image227_rot45.jpg,20260727,6
28_1051_2,28,data/raw/20260804/20260804_1711_image208_bup.jpg,20260804,7
44_513_1,44,data/raw/20260727/20260727_1737_image270_bdw.jpg,20260727,15
49_962_1,49,data/raw/20260804/20260804_1702_image119_bdw.jpg,20260804,17
48_808_0,48,data/raw/20260731/20260731_1716_image246.jpg,20260731,4
32_207_3,32,data/raw/20260722/20260722_1807_image111_cdw.jpg,20260722,12
44_513_2,44,data/raw/20260727/20260727_1737_image270_bup.jpg,20260727,15
19_587_7,19,data/raw/20260731/20260731_1654_image24_rot60.jpg,20260731,0
52_1116_1,52,data/raw/20260804/20260804_1716_image273_bdw.jpg,20260804,10
20_336_2,20,data/raw/20260727/20260727_1712_image93_bup.jpg,20260727,11
33_848_4,33,data/raw/20260804/20260804_1651_image5_cup.jpg,20260804,4
28_418_7,28,data/raw/20260727/20260727_1725_image175_rot60.jpg,20260727,15
24_342_4,24,data/raw/20260727/20260727_1713_image99_cup.jpg,20260727,3
28_1042_8,28,data/raw/20260804/20260804_1711_image199_sdw.jpg,20260804,7
26_395_8,26,data/raw/20260727/20260727_1722_image152_sdw.jpg,20260727,0
42_839_9,42,data/raw/20260731/20260731_1718_image277_sup.jpg,20260731,5
52_1117_1,52,data/raw/20260804/20260804_1716_image274_bdw.jpg,20260804,10
42_1216_7,42,data/raw/20260804/20260804_1723_image373_rot60.jpg,20260804,1
32_211_5,32,data/raw/20260722/20260722_1808_image115_rot30.jpg,20260722,12
10_79_7,10,data/raw/20260715/20260715_1600_image58_rot60.jpg,20260715,5
24_354_4,24,data/raw/20260727/20260727_1714_image111_cup.jpg,20260727,3
47_753_6,47,data/raw/20260731/20260731_1710_image190_rot45.jpg,20260731,15
2_235_7,2,data/raw/20260726/20260726_1336_image1_rot60.jpg,20260726,3
45_916_7,45,data/raw/20260804/20260804_1659_image73_rot60.jpg,20260804,7
20_943_5,20,data/raw/20260804/20260804_1701_image100_rot30.jpg,20260804,3
49_978_3,49,data/raw/20260804/20260804_1703_image135_cdw.jpg,20260804,17
29_205_4,29,data/raw/20260722/20260722_1804_image109_cup.jpg,20260722,0
9_71_9,9,data/raw/20260715/20260715_1557_image50_sup.jpg,20260715,16
37_926_4,37,data/raw/20260804/20260804_1659_image83_cup.jpg,20260804,0
8_64_0,8,data/raw/20260715/20260715_1557_image43.jpg,20260715,0
43_510_3,43,data/raw/20260727/20260727_1737_image267_cdw.jpg,20260727,2
2_15_7,2,data/raw/20260714/20260714_1016_image2_rot60.jpg,20260714,15
33_569_7,33,data/raw/20260731/20260731_1653_image6_rot60.jpg,20260731,8
28_763_7,28,data/raw/20260731/20260731_1712_image200_rot60.jpg,20260731,11
2_239_7,2,data/raw/20260726/20260726_1336_image5_rot60.jpg,20260726,3
2_91_4,2,data/raw/20260720/20260720_1503_image3_cup.jpg,20260720,9
4_23_0,4,data/raw/20260715/20260715_1554_image10.jpg,20260715,9
50_1015_1,50,data/raw/20260804/20260804_1709_image172_bdw.jpg,20260804,15
34_881_7,34,data/raw/20260804/20260804_1654_image38_rot60.jpg,20260804,9
34_609_0,34,data/raw/20260731/20260731_1656_image46.jpg,20260731,13
1_5_0,1,data/raw/20260712/20260712_0854_image5.jpg,20260712,3
19_376_1,19,data/raw/20260727/20260727_1720_image133_bdw.jpg,20260727,4
29_1079_8,29,data/raw/20260804/20260804_1713_image236_sdw.jpg,20260804,0
42_495_9,42,data/raw/20260727/20260727_1736_image252_sup.jpg,20260727,9
28_774_0,28,data/raw/20260731/20260731_1712_image211.jpg,20260731,11
30_484_9,30,data/raw/20260727/20260727_1735_image241_sup.jpg,20260727,0
38_405_4,38,data/raw/20260727/20260727_1723_image162_cup.jpg,20260727,15
42_1226_9,42,data/raw/20260804/20260804_1724_image383_sup.jpg,20260804,1
4_278_6,4,data/raw/20260727/20260727_1708_image35_rot45.jpg,20260727,0
20_165_9,20,data/raw/20260722/20260722_1744_image69_sup.jpg,20260722,16
19_579_2,19,data/raw/20260731/20260731_1654_image16_bup.jpg,20260731,0
24_1004_3,24,data/raw/20260804/20260804_1705_image161_cdw.jpg,20260804,0
24_343_7,24,data/raw/20260727/20260727_1713_image100_rot60.jpg,20260727,3
52_1108_6,52,data/raw/20260804/20260804_1715_image265_rot45.jpg,20260804,10
45_647_2,45,data/raw/20260731/20260731_1659_image84_bup.jpg,20260731,11
34_302_9,34,data/raw/20260727/20260727_1710_image59_sup.jpg,20260727,17
50_1029_6,50,data/raw/20260804/20260804_1710_image186_rot45.jpg,20260804,15
22_858_6,22,data/raw/20260804/20260804_1652_image15_rot45.jpg,20260804,9
19_900_4,19,data/raw/20260804/20260804_1655_image57_cup.jpg,20260804,0
9_653_1,9,data/raw/20260731/20260731_1700_image90_bdw.jpg,20260731,0
20_328_5,20,data/raw/20260727/20260727_1712_image85_rot30.jpg,20260727,11
8_60_0,8,data/raw/20260715/20260715_1556_image39.jpg,20260715,0
2_548_9,2,data/raw/20260729/20260729_1700_image15_sup.jpg,20260729,0
45_905_9,45,data/raw/20260804/20260804_1657_image62_sup.jpg,20260804,7
32_210_7,32,data/raw/20260722/20260722_1808_image114_rot60.jpg,20260722,12
42_496_8,42,data/raw/20260727/20260727_1736_image253_sdw.jpg,20260727,9
9_321_4,9,data/raw/20260727/20260727_1711_image78_cup.jpg,20260727,4
42_1221_2,42,data/raw/20260804/20260804_1724_image378_bup.jpg,20260804,1
39_465_2,39,data/raw/20260727/20260727_1730_image222_bup.jpg,20260727,4
49_965_6,49,data/raw/20260804/20260804_1703_image122_rot45.jpg,20260804,17
52_1105_2,52,data/raw/20260804/20260804_1715_image262_bup.jpg,20260804,10
33_266_8,33,data/raw/20260727/20260727_1707_image22_sdw.jpg,20260727,12
19_589_1,19,data/raw/20260731/20260731_1654_image26_bdw.jpg,20260731,0
39_449_8,39,data/raw/20260727/20260727_1730_image206_sdw.jpg,20260727,4
2_247_9,2,data/raw/20260727/20260727_1555_image3_sup.jpg,20260727,2
19_303_4,19,data/raw/20260727/20260727_1710_image60_cup.jpg,20260727,4
30_483_0,30,data/raw/20260727/20260727_1735_image240.jpg,20260727,0
49_973_6,49,data/raw/20260804/20260804_1703_image130_rot45.jpg,20260804,17
48_1175_0,48,data/raw/20260804/20260804_1721_image332.jpg,20260804,0
28_424_7,28,data/raw/20260727/20260727_1725_image181_rot60.jpg,20260727,15
13_109_2,13,data/raw/20260722/20260722_1658_image14_bup.jpg,20260722,8
50_1016_4,50,data/raw/20260804/20260804_1709_image173_cup.jpg,20260804,15
52_1114_6,52,data/raw/20260804/20260804_1716_image271_rot45.jpg,20260804,10
45_906_8,45,data/raw/20260804/20260804_1657_image63_sdw.jpg,20260804,7
33_565_2,33,data/raw/20260731/20260731_1653_image2_bup.jpg,20260731,8
20_940_5,20,data/raw/20260804/20260804_1701_image97_rot30.jpg,20260804,3
38_1136_9,38,data/raw/20260804/20260804_1717_image293_sup.jpg,20260804,7
39_457_6,39,data/raw/20260727/20260727_1730_image214_rot45.jpg,20260727,4
34_874_5,34,data/raw/20260804/20260804_1654_image31_rot30.jpg,20260804,9
29_1065_0,29,data/raw/20260804/20260804_1712_image222.jpg,20260804,0
25_714_4,25,data/raw/20260731/20260731_1706_image151_cup.jpg,20260731,0
24_1008_0,24,data/raw/20260804/20260804_1705_image165.jpg,20260804,0
50_1023_5,50,data/raw/20260804/20260804_1710_image180_rot30.jpg,20260804,15
24_1005_9,24,data/raw/20260804/20260804_1705_image162_sup.jpg,20260804,0
25_705_4,25,data/raw/20260731/20260731_1705_image142_cup.jpg,20260731,0
19_311_9,19,data/raw/20260727/20260727_1711_image68_sup.jpg,20260727,4
1_3_0,1,data/raw/20260712/20260712_0854_image3.jpg,20260712,3
17_124_2,17,data/raw/20260722/20260722_1700_image28_bup.jpg,20260722,17
20_677_2,20,data/raw/20260731/20260731_1701_image114_bup.jpg,20260731,7
51_1080_6,51,data/raw/20260804/20260804_1713_image237_rot45.jpg,20260804,0
5_37_8,5,data/raw/20260715/20260715_1555_image16_sdw.jpg,20260715,12
37_371_0,37,data/raw/20260727/20260727_1718_image128.jpg,20260727,8
11_88_5,11,data/raw/20260715/20260715_1601_image67_rot30.jpg,20260715,4
37_170_6,37,data/raw/20260722/20260722_1746_image74_rot45.jpg,20260722,13
26_393_7,26,data/raw/20260727/20260727_1722_image150_rot60.jpg,20260727,0
2_554_3,2,data/raw/20260729/20260729_1700_image21_cdw.jpg,20260729,0
46_693_8,46,data/raw/20260731/20260731_1703_image130_sdw.jpg,20260731,2
34_880_8,34,data/raw/20260804/20260804_1654_image37_sdw.jpg,20260804,9
7_51_3,7,data/raw/20260715/20260715_1556_image30_cdw.jpg,20260715,0
28_1051_8,28,data/raw/20260804/20260804_1711_image208_sdw.jpg,20260804,7
36_358_1,36,data/raw/20260727/20260727_1716_image115_bdw.jpg,20260727,4
33_855_1,33,data/raw/20260804/20260804_1652_image12_bdw.jpg,20260804,4
29_412_1,29,data/raw/20260727/20260727_1724_image169_bdw.jpg,20260727,0
17_126_7,17,data/raw/20260722/20260722_1702_image30_rot60.jpg,20260722,17
46_696_3,46,data/raw/20260731/20260731_1703_image133_cdw.jpg,20260731,2
19_310_1,19,data/raw/20260727/20260727_1710_image67_bdw.jpg,20260727,4
20_176_4,20,data/raw/20260722/20260722_1757_image80_cup.jpg,20260722,5
45_906_0,45,data/raw/20260804/20260804_1657_image63.jpg,20260804,7
28_767_9,28,data/raw/20260731/20260731_1712_image204_sup.jpg,20260731,11
33_575_1,33,data/raw/20260731/20260731_1653_image12_bdw.jpg,20260731,8
24_347_4,24,data/raw/20260727/20260727_1713_image104_cup.jpg,20260727,3
44_521_1,44,data/raw/20260727/20260727_1737_image278_bdw.jpg,20260727,15
34_596_2,34,data/raw/20260731/20260731_1655_image33_bup.jpg,20260731,13
33_577_2,33,data/raw/20260731/20260731_1653_image14_bup.jpg,20260731,8
39_1155_0,39,data/raw/20260804/20260804_1719_image312.jpg,20260804,0
17_124_7,17,data/raw/20260722/20260722_1700_image28_rot60.jpg,20260722,17
48_810_9,48,data/raw/20260731/20260731_1716_image248_sup.jpg,20260731,4
45_917_4,45,data/raw/20260804/20260804_1659_image74_cup.jpg,20260804,7
43_511_1,43,data/raw/20260727/20260727_1737_image268_bdw.jpg,20260727,2
39_454_1,39,data/raw/20260727/20260727_1730_image211_bdw.jpg,20260727,4
1_7_5,1,data/raw/20260712/20260712_0855_image11_rot30.jpg,20260712,3
27_196_1,27,data/raw/20260722/20260722_1803_image101_bdw.jpg,20260722,0
43_1205_3,43,data/raw/20260804/20260804_1723_image362_cdw.jpg,20260804,0
51_1081_8,51,data/raw/20260804/20260804_1713_image238_sdw.jpg,20260804,0
5_284_4,5,data/raw/20260727/20260727_1709_image41_cup.jpg,20260727,0
34_296_1,34,data/raw/20260727/20260727_1710_image53_bdw.jpg,20260727,17
24_690_8,24,data/raw/20260731/20260731_1702_image127_sdw.jpg,20260731,0
29_1073_6,29,data/raw/20260804/20260804_1712_image230_rot45.jpg,20260804,0
28_1054_8,28,data/raw/20260804/20260804_1711_image211_sdw.jpg,20260804,7
18_258_2,18,data/raw/20260727/20260727_1707_image14_bup.jpg,20260727,0
19_311_6,19,data/raw/20260727/20260727_1711_image68_rot45.jpg,20260727,4
20_328_7,20,data/raw/20260727/20260727_1712_image85_rot60.jpg,20260727,11
29_1075_9,29,data/raw/20260804/20260804_1712_image232_sup.jpg,20260804,0
20_165_7,20,data/raw/20260722/20260722_1744_image69_rot60.jpg,20260722,16
46_694_3,46,data/raw/20260731/20260731_1703_image131_cdw.jpg,20260731,2
34_610_8,34,data/raw/20260731/20260731_1656_image47_sdw.jpg,20260731,13
29_417_2,29,data/raw/20260727/20260727_1725_image174_bup.jpg,20260727,0
50_1040_8,50,data/raw/20260804/20260804_1711_image197_sdw.jpg,20260804,15
19_895_3,19,data/raw/20260804/20260804_1655_image52_cdw.jpg,20260804,0
37_924_8,37,data/raw/20260804/20260804_1659_image81_sdw.jpg,20260804,0
18_257_6,18,data/raw/20260727/20260727_1707_image13_rot45.jpg,20260727,0
45_911_7,45,data/raw/20260804/20260804_1658_image68_rot60.jpg,20260804,7
2_249_9,2,data/raw/20260727/20260727_1555_image5_sup.jpg,20260727,2
19_150_2,19,data/raw/20260722/20260722_1743_image54_bup.jpg,20260722,9
38_409_2,38,data/raw/20260727/20260727_1724_image166_bup.jpg,20260727,15
28_426_9,28,data/raw/20260727/20260727_1725_image183_sup.jpg,20260727,15
38_720_1,38,data/raw/20260731/20260731_1706_image157_bdw.jpg,20260731,11
21_312_4,21,data/raw/20260727/20260727_1711_image69_cup.jpg,20260727,0
19_376_4,19,data/raw/20260727/20260727_1720_image133_cup.jpg,20260727,4
53_1182_7,53,data/raw/20260804/20260804_1721_image339_rot60.jpg,20260804,4
10_82_4,10,data/raw/20260715/20260715_1600_image61_cup.jpg,20260715,5
22_373_3,22,data/raw/20260727/20260727_1718_image130_cdw.jpg,20260727,17
9_657_4,9,data/raw/20260731/20260731_1700_image94_cup.jpg,20260731,0
2_559_3,2,data/raw/20260729/20260729_1700_image26_cdw.jpg,20260729,0
4_290_4,4,data/raw/20260727/20260727_1709_image47_cup.jpg,20260727,0
37_626_4,37,data/raw/20260731/20260731_1657_image63_cup.jpg,20260731,4
52_1105_6,52,data/raw/20260804/20260804_1715_image262_rot45.jpg,20260804,10
31_219_8,31,data/raw/20260722/20260722_1814_image123_sdw.jpg,20260722,5
39_448_7,39,data/raw/20260727/20260727_1730_image205_rot60.jpg,20260727,4
20_670_9,20,data/raw/20260731/20260731_1701_image107_sup.jpg,20260731,7
38_718_4,38,data/raw/20260731/20260731_1706_image155_cup.jpg,20260731,11
12_98_8,12,data/raw/20260722/20260722_1656_image2_sdw.jpg,20260722,16
19_896_4,19,data/raw/20260804/20260804_1655_image53_cup.jpg,20260804,0
34_884_0,34,data/raw/20260804/20260804_1654_image41.jpg,20260804,9
20_335_3,20,data/raw/20260727/20260727_1712_image92_cdw.jpg,20260727,11
38_1153_3,38,data/raw/20260804/20260804_1718_image310_cdw.jpg,20260804,7
20_337_4,20,data/raw/20260727/20260727_1712_image94_cup.jpg,20260727,11
28_1053_2,28,data/raw/20260804/20260804_1711_image210_bup.jpg,20260804,7
13_107_1,13,data/raw/20260722/20260722_1658_image12_bdw.jpg,20260722,8
41_480_5,41,data/raw/20260727/20260727_1734_image237_rot30.jpg,20260727,15
39_475_9,39,data/raw/20260727/20260727_1733_image232_sup.jpg,20260727,4
39_1165_0,39,data/raw/20260804/20260804_1719_image322.jpg,20260804,0
34_871_5,34,data/raw/20260804/20260804_1654_image28_rot30.jpg,20260804,9
20_947_1,20,data/raw/20260804/20260804_1702_image104_bdw.jpg,20260804,3
25_1145_2,25,data/raw/20260804/20260804_1717_image302_bup.jpg,20260804,0
22_860_2,22,data/raw/20260804/20260804_1652_image17_bup.jpg,20260804,9
49_960_3,49,data/raw/20260804/20260804_1702_image117_cdw.jpg,20260804,17
48_1176_6,48,data/raw/20260804/20260804_1721_image333_rot45.jpg,20260804,0
25_714_2,25,data/raw/20260731/20260731_1706_image151_bup.jpg,20260731,0
2_542_9,2,data/raw/20260729/20260729_1659_image9_sup.jpg,20260729,0
24_683_0,24,data/raw/20260731/20260731_1702_image120.jpg,20260731,0
2_247_2,2,data/raw/20260727/20260727_1555_image3_bup.jpg,20260727,2
7_45_3,7,data/raw/20260715/20260715_1555_image24_cdw.jpg,20260715,0
8_64_9,8,data/raw/20260715/20260715_1557_image43_sup.jpg,20260715,0
50_1030_1,50,data/raw/20260804/20260804_1710_image187_bdw.jpg,20260804,15
37_616_2,37,data/raw/20260731/20260731_1656_image53_bup.jpg,20260731,4
20_678_1,20,data/raw/20260731/20260731_1701_image115_bdw.jpg,20260731,7
2_16_7,2,data/raw/20260714/20260714_1016_image3_rot60.jpg,20260714,15
42_1221_8,42,data/raw/20260804/20260804_1724_image378_sdw.jpg,20260804,1
40_1169_2,40,data/raw/20260804/20260804_1720_image326_bup.jpg,20260804,0
39_476_9,39,data/raw/20260727/20260727_1733_image233_sup.jpg,20260727,4
20_932_6,20,data/raw/20260804/20260804_1701_image89_rot45.jpg,20260804,3
9_652_1,9,data/raw/20260731/20260731_1700_image89_bdw.jpg,20260731,0
2_232_2,2,data/raw/20260725/20260725_1759_image4_bup.jpg,20260725,4
25_1142_6,25,data/raw/20260804/20260804_1717_image299_rot45.jpg,20260804,0
30_483_5,30,data/raw/20260727/20260727_1735_image240_rot30.jpg,20260727,0
13_105_0,13,data/raw/20260722/20260722_1658_image10.jpg,20260722,8
28_427_3,28,data/raw/20260727/20260727_1725_image184_cdw.jpg,20260727,15
2_16_5,2,data/raw/20260714/20260714_1016_image3_rot30.jpg,20260714,15
19_308_7,19,data/raw/20260727/20260727_1710_image65_rot60.jpg,20260727,4
20_77_8,20,data/raw/20260715/20260715_1558_image56_sdw.jpg,20260715,23
2_239_4,2,data/raw/20260726/20260726_1336_image5_cup.jpg,20260726,3
29_414_6,29,data/raw/20260727/20260727_1724_image171_rot45.jpg,20260727,0
50_1038_9,50,data/raw/20260804/20260804_1711_image195_sup.jpg,20260804,15
28_788_3,28,data/raw/20260731/20260731_1713_image225_cdw.jpg,20260731,11
33_849_4,33,data/raw/20260804/20260804_1651_image6_cup.jpg,20260804,4
29_1075_7,29,data/raw/20260804/20260804_1712_image232_rot60.jpg,20260804,0
34_888_1,34,data/raw/20260804/20260804_1654_image45_bdw.jpg,20260804,9
24_179_1,24,data/raw/20260722/20260722_1757_image83_bdw.jpg,20260722,8
19_377_7,19,data/raw/20260727/20260727_1720_image134_rot60.jpg,20260727,4
4_44_2,4,data/raw/20260715/20260715_1555_image23_bup.jpg,20260715,9
45_915_8,45,data/raw/20260804/20260804_1659_image72_sdw.jpg,20260804,7
4_25_3,4,data/raw/20260715/20260715_1554_image12_cdw.jpg,20260715,9
9_659_8,9,data/raw/20260731/20260731_1700_image96_sdw.jpg,20260731,0
26_387_8,26,data/raw/20260727/20260727_1722_image144_sdw.jpg,20260727,0
20_661_0,20,data/raw/20260731/20260731_1700_image98.jpg,20260731,7
25_705_7,25,data/raw/20260731/20260731_1705_image142_rot60.jpg,20260731,0
29_413_5,29,data/raw/20260727/20260727_1724_image170_rot30.jpg,20260727,0
9_956_8,9,data/raw/20260804/20260804_1702_image113_sdw.jpg,20260804,0
19_306_7,19,data/raw/20260727/20260727_1710_image63_rot60.jpg,20260727,4
38_1120_7,38,data/raw/20260804/20260804_1716_image277_rot60.jpg,20260804,7
29_1075_8,29,data/raw/20260804/20260804_1712_image232_sdw.jpg,20260804,0
37_631_1,37,data/raw/20260731/20260731_1658_image68_bdw.jpg,20260731,4
25_703_6,25,data/raw/20260731/20260731_1705_image140_rot45.jpg,20260731,0
9_658_5,9,data/raw/20260731/20260731_1700_image95_rot30.jpg,20260731,0
24_346_1,24,data/raw/20260727/20260727_1713_image103_bdw.jpg,20260727,3
17_125_6,17,data/raw/20260722/20260722_1702_image29_rot45.jpg,20260722,17
4_27_2,4,data/raw/20260715/20260715_1554_image14_bup.jpg,20260715,9
20_943_3,20,data/raw/20260804/20260804_1701_image100_cdw.jpg,20260804,3
5_138_4,5,data/raw/20260722/20260722_1742_image42_cup.jpg,20260722,5
9_69_7,9,data/raw/20260715/20260715_1557_image48_rot60.jpg,20260715,16
28_777_6,28,data/raw/20260731/20260731_1713_image214_rot45.jpg,20260731,11
49_970_5,49,data/raw/20260804/20260804_1703_image127_rot30.jpg,20260804,17
29_1071_1,29,data/raw/20260804/20260804_1712_image228_bdw.jpg,20260804,0
34_596_0,34,data/raw/20260731/20260731_1655_image33.jpg,20260731,13
39_1166_6,39,data/raw/20260804/20260804_1719_image323_rot45.jpg,20260804,0
29_1078_8,29,data/raw/20260804/20260804_1713_image235_sdw.jpg,20260804,0
39_475_1,39,data/raw/20260727/20260727_1733_image232_bdw.jpg,20260727,4
28_1056_1,28,data/raw/20260804/20260804_1711_image213_bdw.jpg,20260804,7
20_681_6,20,data/raw/20260731/20260731_1701_image118_rot45.jpg,20260731,7
20_350_7,20,data/raw/20260727/20260727_1714_image107_rot60.jpg,20260727,11
28_418_1,28,data/raw/20260727/20260727_1725_image175_bdw.jpg,20260727,15
7_53_2,7,data/raw/20260715/20260715_1556_image32_bup.jpg,20260715,0
14_750_3,14,data/raw/20260731/20260731_1710_image187_cdw.jpg,20260731,15
38_1126_3,38,data/raw/20260804/20260804_1716_image283_cdw.jpg,20260804,7
8_64_7,8,data/raw/20260715/20260715_1557_image43_rot60.jpg,20260715,0
25_704_4,25,data/raw/20260731/20260731_1705_image141_cup.jpg,20260731,0
24_348_3,24,data/raw/20260727/20260727_1713_image105_cdw.jpg,20260727,3
46_698_1,46,data/raw/20260731/20260731_1703_image135_bdw.jpg,20260731,2
20_936_3,20,data/raw/20260804/20260804_1701_image93_cdw.jpg,20260804,3
38_407_7,38,data/raw/20260727/20260727_1723_image164_rot60.jpg,20260727,15
18_134_4,18,data/raw/20260722/20260722_1742_image38_cup.jpg,20260722,5
26_191_4,26,data/raw/20260722/20260722_1802_image95_cup.jpg,20260722,5
25_1145_4,25,data/raw/20260804/20260804_1717_image302_cup.jpg,20260804,0
28_1051_6,28,data/raw/20260804/20260804_1711_image208_rot45.jpg,20260804,7
49_979_4,49,data/raw/20260804/20260804_1703_image136_cup.jpg,20260804,17
34_879_6,34,data/raw/20260804/20260804_1654_image36_rot45.jpg,20260804,9
25_187_5,25,data/raw/20260722/20260722_1802_image91_rot30.jpg,20260722,9
25_1147_8,25,data/raw/20260804/20260804_1717_image304_sdw.jpg,20260804,0
24_180_4,24,data/raw/20260722/20260722_1758_image84_cup.jpg,20260722,8
38_724_4,38,data/raw/20260731/20260731_1707_image161_cup.jpg,20260731,11
52_1116_8,52,data/raw/20260804/20260804_1716_image273_sdw.jpg,20260804,10
49_974_7,49,data/raw/20260804/20260804_1703_image131_rot60.jpg,20260804,17
34_298_5,34,data/raw/20260727/20260727_1710_image55_rot30.jpg,20260727,17
2_228_3,2,data/raw/20260724/20260724_1628_image6_cdw.jpg,20260724,5
50_1020_3,50,data/raw/20260804/20260804_1710_image177_cdw.jpg,20260804,15
22_635_0,22,data/raw/20260731/20260731_1658_image72.jpg,20260731,13
50_1037_3,50,data/raw/20260804/20260804_1710_image194_cdw.jpg,20260804,15
37_634_1,37,data/raw/20260731/20260731_1658_image71_bdw.jpg,20260731,4
42_840_8,42,data/raw/20260731/20260731_1718_image278_sdw.jpg,20260731,5
34_601_5,34,data/raw/20260731/20260731_1655_image38_rot30.jpg,20260731,13
20_672_0,20,data/raw/20260731/20260731_1701_image109.jpg,20260731,7
20_943_1,20,data/raw/20260804/20260804_1701_image100_bdw.jpg,20260804,3
33_273_4,33,data/raw/20260727/20260727_1708_image29_cup.jpg,20260727,12
43_1200_9,43,data/raw/20260804/20260804_1722_image357_sup.jpg,20260804,0
40_1169_7,40,data/raw/20260804/20260804_1720_image326_rot60.jpg,20260804,0
28_425_6,28,data/raw/20260727/20260727_1725_image182_rot45.jpg,20260727,15
11_85_4,11,data/raw/20260715/20260715_1600_image64_cup.jpg,20260715,4
18_258_9,18,data/raw/20260727/20260727_1707_image14_sup.jpg,20260727,0
33_572_6,33,data/raw/20260731/20260731_1653_image9_rot45.jpg,20260731,8
37_923_9,37,data/raw/20260804/20260804_1659_image80_sup.jpg,20260804,0
20_984_5,20,data/raw/20260804/20260804_1704_image141_rot30.jpg,20260804,3
16_117_2,16,data/raw/20260722/20260722_1659_image21_bup.jpg,20260722,8
49_974_4,49,data/raw/20260804/20260804_1703_image131_cup.jpg,20260804,17
4_278_7,4,data/raw/20260727/20260727_1708_image35_rot60.jpg,20260727,0
2_17_1,2,data/raw/20260714/20260714_1017_image4_bdw.jpg,20260714,15
29_1077_3,29,data/raw/20260804/20260804_1713_image234_cdw.jpg,20260804,0
42_843_0,42,data/raw/20260731/20260731_1718_image281.jpg,20260731,5
43_502_8,43,data/raw/20260727/20260727_1736_image259_sdw.jpg,20260727,2
22_637_3,22,data/raw/20260731/20260731_1658_image74_cdw.jpg,20260731,13
28_783_4,28,data/raw/20260731/20260731_1713_image220_cup.jpg,20260731,11
52_1116_2,52,data/raw/20260804/20260804_1716_image273_bup.jpg,20260804,10
20_676_3,20,data/raw/20260731/20260731_1701_image113_cdw.jpg,20260731,7
9_658_0,9,data/raw/20260731/20260731_1700_image95.jpg,20260731,0
5_138_9,5,data/raw/20260722/20260722_1742_image42_sup.jpg,20260722,5
47_1096_1,47,data/raw/20260804/20260804_1714_image253_bdw.jpg,20260804,11
48_810_3,48,data/raw/20260731/20260731_1716_image248_cdw.jpg,20260731,4
43_817_3,43,data/raw/20260731/20260731_1716_image255_cdw.jpg,20260731,0
5_36_5,5,data/raw/20260715/20260715_1555_image15_rot30.jpg,20260715,12
20_682_2,20,data/raw/20260731/20260731_1701_image119_bup.jpg,20260731,7
25_701_2,25,data/raw/20260731/20260731_1705_image138_bup.jpg,20260731,0
2_229_2,2,data/raw/20260725/20260725_1759_image1_bup.jpg,20260725,4
53_1194_8,53,data/raw/20260804/20260804_1722_image351_sdw.jpg,20260804,4
35_323_9,35,data/raw/20260727/20260727_1712_image80_sup.jpg,20260727,22
33_575_0,33,data/raw/20260731/20260731_1653_image12.jpg,20260731,8
25_187_3,25,data/raw/20260722/20260722_1802_image91_cdw.jpg,20260722,9
35_325_8,35,data/raw/20260727/20260727_1712_image82_sdw.jpg,20260727,22
28_784_6,28,data/raw/20260731/20260731_1713_image221_rot45.jpg,20260731,11
43_1202_5,43,data/raw/20260804/20260804_1722_image359_rot30.jpg,20260804,0
25_1143_4,25,data/raw/20260804/20260804_1717_image300_cup.jpg,20260804,0
44_518_8,44,data/raw/20260727/20260727_1737_image275_sdw.jpg,20260727,15
19_893_5,19,data/raw/20260804/20260804_1655_image50_rot30.jpg,20260804,0
34_879_9,34,data/raw/20260804/20260804_1654_image36_sup.jpg,20260804,9
19_897_3,19,data/raw/20260804/20260804_1655_image54_cdw.jpg,20260804,0
25_188_9,25,data/raw/20260722/20260722_1802_image92_sup.jpg,20260722,9
52_1115_1,52,data/raw/20260804/20260804_1716_image272_bdw.jpg,20260804,10
39_454_3,39,data/raw/20260727/20260727_1730_image211_cdw.jpg,20260727,4
5_288_8,5,data/raw/20260727/20260727_1709_image45_sdw.jpg,20260727,0
42_1216_6,42,data/raw/20260804/20260804_1723_image373_rot45.jpg,20260804,1
3_78_6,3,data/raw/20260715/20260715_1559_image57_rot45.jpg,20260715,0
34_883_4,34,data/raw/20260804/20260804_1654_image40_cup.jpg,20260804,9
29_1067_6,29,data/raw/20260804/20260804_1712_image224_rot45.jpg,20260804,0
51_1084_2,51,data/raw/20260804/20260804_1713_image241_bup.jpg,20260804,0
39_1159_0,39,data/raw/20260804/20260804_1719_image316.jpg,20260804,0
25_711_0,25,data/raw/20260731/20260731_1706_image148.jpg,20260731,0
13_113_2,13,data/raw/20260722/20260722_1658_image9_bup.jpg,20260722,8
14_434_5,14,data/raw/20260727/20260727_1726_image191_rot30.jpg,20260727,4
38_403_7,38,data/raw/20260727/20260727_1723_image160_rot60.jpg,20260727,15
37_618_7,37,data/raw/20260731/20260731_1656_image55_rot60.jpg,20260731,4
19_896_5,19,data/raw/20260804/20260804_1655_image53_rot30.jpg,20260804,0
20_985_1,20,data/raw/20260804/20260804_1704_image142_bdw.jpg,20260804,3
39_731_6,39,data/raw/20260731/20260731_1708_image168_rot45.jpg,20260731,0
43_824_0,43,data/raw/20260731/20260731_1717_image262.jpg,20260731,0
47_1096_5,47,data/raw/20260804/20260804_1714_image253_rot30.jpg,20260804,11
53_1193_0,53,data/raw/20260804/20260804_1722_image350.jpg,20260804,4
28_770_6,28,data/raw/20260731/20260731_1712_image207_rot45.jpg,20260731,11
9_650_8,9,data/raw/20260731/20260731_1659_image87_sdw.jpg,20260731,0
33_269_5,33,data/raw/20260727/20260727_1708_image25_rot30.jpg,20260727,12
2_556_3,2,data/raw/20260729/20260729_1700_image23_cdw.jpg,20260729,0
39_733_6,39,data/raw/20260731/20260731_1708_image170_rot45.jpg,20260731,0
24_1002_9,24,data/raw/20260804/20260804_1704_image159_sup.jpg,20260804,0
24_686_5,24,data/raw/20260731/20260731_1702_image123_rot30.jpg,20260731,0
33_567_6,33,data/raw/20260731/20260731_1653_image4_rot45.jpg,20260731,8
33_851_4,33,data/raw/20260804/20260804_1651_image8_cup.jpg,20260804,4
36_359_4,36,data/raw/20260727/20260727_1716_image116_cup.jpg,20260727,4
29_1066_7,29,data/raw/20260804/20260804_1712_image223_rot60.jpg,20260804,0
28_769_2,28,data/raw/20260731/20260731_1712_image206_bup.jpg,20260731,11
30_216_1,30,data/raw/20260722/20260722_1813_image120_bdw.jpg,20260722,5
37_919_8,37,data/raw/20260804/20260804_1659_image76_sdw.jpg,20260804,0
19_587_3,19,data/raw/20260731/20260731_1654_image24_cdw.jpg,20260731,0
37_626_7,37,data/raw/20260731/20260731_1657_image63_rot60.jpg,20260731,4
22_866_3,22,data/raw/20260804/20260804_1653_image23_cdw.jpg,20260804,9
29_203_6,29,data/raw/20260722/20260722_1803_image108_rot45.jpg,20260722,0
26_189_1,26,data/raw/20260722/20260722_1802_image93_bdw.jpg,20260722,5
2_93_9,2,data/raw/20260720/20260720_1503_image5_sup.jpg,20260720,9
2_550_2,2,data/raw/20260729/20260729_1700_image17_bup.jpg,20260729,0
39_457_5,39,data/raw/20260727/20260727_1730_image214_rot30.jpg,20260727,4
25_186_7,25,data/raw/20260722/20260722_1802_image90_rot60.jpg,20260722,9
2_92_3,2,data/raw/20260720/20260720_1503_image4_cdw.jpg,20260720,9
42_832_1,42,data/raw/20260731/20260731_1717_image270_bdw.jpg,20260731,5
37_630_2,37,data/raw/20260731/20260731_1657_image67_bup.jpg,20260731,4
39_473_5,39,data/raw/20260727/20260727_1731_image230_rot30.jpg,20260727,4
9_650_5,9,data/raw/20260731/20260731_1659_image87_rot30.jpg,20260731,0
45_911_1,45,data/raw/20260804/20260804_1658_image68_bdw.jpg,20260804,7
34_610_1,34,data/raw/20260731/20260731_1656_image47_bdw.jpg,20260731,13
50_1022_2,50,data/raw/20260804/20260804_1710_image179_bup.jpg,20260804,15
39_447_6,39,data/raw/20260727/20260727_1730_image204_rot45.jpg,20260727,4
3_28_9,3,data/raw/20260715/20260715_1554_image2_sup.jpg,20260715,0
2_253_9,2,data/raw/20260727/20260727_1555_image9_sup.jpg,20260727,2
19_582_3,19,data/raw/20260731/20260731_1654_image19_cdw.jpg,20260731,0
28_1057_6,28,data/raw/20260804/20260804_1711_image214_rot45.jpg,20260804,7
2_18_4,2,data/raw/20260714/20260714_1017_image5_cup.jpg,20260714,15
19_889_0,19,data/raw/20260804/20260804_1655_image46.jpg,20260804,0
21_168_6,21,data/raw/20260722/20260722_1745_image72_rot45.jpg,20260722,3
18_134_0,18,data/raw/20260722/20260722_1742_image38.jpg,20260722,5
2_237_6,2,data/raw/20260726/20260726_1336_image3_rot45.jpg,20260726,3
5_283_8,5,data/raw/20260727/20260727_1709_image40_sdw.jpg,20260727,0
19_585_5,19,data/raw/20260731/20260731_1654_image22_rot30.jpg,20260731,0
24_1004_5,24,data/raw/20260804/20260804_1705_image161_rot30.jpg,20260804,0
26_192_6,26,data/raw/20260722/20260722_1802_image96_rot45.jpg,20260722,5
9_658_1,9,data/raw/20260731/20260731_1700_image95_bdw.jpg,20260731,0
4_291_6,4,data/raw/20260727/20260727_1709_image48_rot45.jpg,20260727,0
44_514_9,44,data/raw/20260727/20260727_1737_image271_sup.jpg,20260727,15
49_975_8,49,data/raw/20260804/20260804_1703_image132_sdw.jpg,20260804,17
43_819_5,43,data/raw/20260731/20260731_1716_image257_rot30.jpg,20260731,0
28_764_8,28,data/raw/20260731/20260731_1712_image201_sdw.jpg,20260731,11
33_266_5,33,data/raw/20260727/20260727_1707_image22_rot30.jpg,20260727,12
20_679_8,20,data/raw/20260731/20260731_1701_image116_sdw.jpg,20260731,7
1_12_7,1,data/raw/20260712/20260712_0855_image8_rot60.jpg,20260712,3
22_615_6,22,data/raw/20260731/20260731_1656_image52_rot45.jpg,20260731,13
29_414_8,29,data/raw/20260727/20260727_1724_image171_sdw.jpg,20260727,0
39_449_2,39,data/raw/20260727/20260727_1730_image206_bup.jpg,20260727,4
45_918_4,45,data/raw/20260804/20260804_1659_image75_cup.jpg,20260804,7
38_401_2,38,data/raw/20260727/20260727_1723_image158_bup.jpg,20260727,15
28_780_6,28,data/raw/20260731/20260731_1713_image217_rot45.jpg,20260731,11
17_129_4,17,data/raw/20260722/20260722_1703_image33_cup.jpg,20260722,17
34_596_6,34,data/raw/20260731/20260731_1655_image33_rot45.jpg,20260731,13
20_997_0,20,data/raw/20260804/20260804_1704_image154.jpg,20260804,3
2_546_8,2,data/raw/20260729/20260729_1659_image13_sdw.jpg,20260729,0
26_397_7,26,data/raw/20260727/20260727_1723_image154_rot60.jpg,20260727,0
48_803_1,48,data/raw/20260731/20260731_1715_image241_bdw.jpg,20260731,4
50_1029_2,50,data/raw/20260804/20260804_1710_image186_bup.jpg,20260804,15
37_625_7,37,data/raw/20260731/20260731_1657_image62_rot60.jpg,20260731,4
28_430_8,28,data/raw/20260727/20260727_1726_image187_sdw.jpg,20260727,15
14_743_7,14,data/raw/20260731/20260731_1709_image180_rot60.jpg,20260731,15
33_847_2,33,data/raw/20260804/20260804_1651_image4_bup.jpg,20260804,4
9_651_6,9,data/raw/20260731/20260731_1700_image88_rot45.jpg,20260731,0
5_137_6,5,data/raw/20260722/20260722_1742_image41_rot45.jpg,20260722,5
2_250_9,2,data/raw/20260727/20260727_1555_image6_sup.jpg,20260727,2
25_702_8,25,data/raw/20260731/20260731_1705_image139_sdw.jpg,20260731,0
19_896_1,19,data/raw/20260804/20260804_1655_image53_bdw.jpg,20260804,0
39_446_1,39,data/raw/20260727/20260727_1730_image203_bdw.jpg,20260727,4
28_776_2,28,data/raw/20260731/20260731_1712_image213_bup.jpg,20260731,11
37_920_3,37,data/raw/20260804/20260804_1659_image77_cdw.jpg,20260804,0
38_401_3,38,data/raw/20260727/20260727_1723_image158_cdw.jpg,20260727,15
48_806_0,48,data/raw/20260731/20260731_1716_image244.jpg,20260731,4
53_1183_5,53,data/raw/20260804/20260804_1721_image340_rot30.jpg,20260804,4
2_226_8,2,data/raw/20260724/20260724_1628_image4_sdw.jpg,20260724,5
39_454_2,39,data/raw/20260727/20260727_1730_image211_bup.jpg,20260727,4
17_128_9,17,data/raw/20260722/20260722_1703_image32_sup.jpg,20260722,17
46_695_8,46,data/raw/20260731/20260731_1703_image132_sdw.jpg,20260731,2
42_1222_1,42,data/raw/20260804/20260804_1724_image379_bdw.jpg,20260804,1
22_172_8,22,data/raw/20260722/20260722_1746_image76_sdw.jpg,20260722,22
34_297_6,34,data/raw/20260727/20260727_1710_image54_rot45.jpg,20260727,17
19_585_6,19,data/raw/20260731/20260731_1654_image22_rot45.jpg,20260731,0
42_1219_9,42,data/raw/20260804/20260804_1724_image376_sup.jpg,20260804,1
20_663_7,20,data/raw/20260731/20260731_1700_image100_rot60.jpg,20260731,7
32_207_2,32,data/raw/20260722/20260722_1807_image111_bup.jpg,20260722,12
39_1162_5,39,data/raw/20260804/20260804_1719_image319_rot30.jpg,20260804,0
7_52_6,7,data/raw/20260715/20260715_1556_image31_rot45.jpg,20260715,0
18_263_1,18,data/raw/20260727/20260727_1707_image19_bdw.jpg,20260727,0
37_619_0,37,data/raw/20260731/20260731_1656_image56.jpg,20260731,4
52_1104_5,52,data/raw/20260804/20260804_1715_image261_rot30.jpg,20260804,10
30_216_3,30,data/raw/20260722/20260722_1813_image120_cdw.jpg,20260722,5
44_515_6,44,data/raw/20260727/20260727_1737_image272_rot45.jpg,20260727,15
26_389_0,26,data/raw/20260727/20260727_1722_image146.jpg,20260727,0
38_720_7,38,data/raw/20260731/20260731_1706_image157_rot60.jpg,20260731,11
49_983_1,49,data/raw/20260804/20260804_1703_image140_bdw.jpg,20260804,17
22_636_6,22,data/raw/20260731/20260731_1658_image73_rot45.jpg,20260731,13
39_1157_4,39,data/raw/20260804/20260804_1719_image314_cup.jpg,20260804,0
25_1147_5,25,data/raw/20260804/20260804_1717_image304_rot30.jpg,20260804,0
32_210_0,32,data/raw/20260722/20260722_1808_image114.jpg,20260722,12
2_90_6,2,data/raw/20260720/20260720_1503_image2_rot45.jpg,20260720,9
30_487_8,30,data/raw/20260727/20260727_1735_image244_sdw.jpg,20260727,0
22_867_1,22,data/raw/20260804/20260804_1653_image24_bdw.jpg,20260804,9
52_1112_8,52,data/raw/20260804/20260804_1715_image269_sdw.jpg,20260804,10
18_259_0,18,data/raw/20260727/20260727_1707_image15.jpg,20260727,0
20_331_3,20,data/raw/20260727/20260727_1712_image88_cdw.jpg,20260727,11
17_128_0,17,data/raw/20260722/20260722_1703_image32.jpg,20260722,17
52_1104_4,52,data/raw/20260804/20260804_1715_image261_cup.jpg,20260804,10
2_563_2,2,data/raw/20260729/20260729_1701_image30_bup.jpg,20260729,0
20_1001_7,20,data/raw/20260804/20260804_1704_image158_rot60.jpg,20260804,3
4_146_9,4,data/raw/20260722/20260722_1743_image50_sup.jpg,20260722,2
24_1006_0,24,data/raw/20260804/20260804_1705_image163.jpg,20260804,0
28_423_0,28,data/raw/20260727/20260727_1725_image180.jpg,20260727,15
24_687_0,24,data/raw/20260731/20260731_1702_image124.jpg,20260731,0
1_3_7,1,data/raw/20260712/20260712_0854_image3_rot60.jpg,20260712,3
47_1100_0,47,data/raw/20260804/20260804_1714_image257.jpg,20260804,11
20_673_4,20,data/raw/20260731/20260731_1701_image110_cup.jpg,20260731,7
38_722_6,38,data/raw/20260731/20260731_1706_image159_rot45.jpg,20260731,11
37_920_9,37,data/raw/20260804/20260804_1659_image77_sup.jpg,20260804,0
25_1151_2,25,data/raw/20260804/20260804_1718_image308_bup.jpg,20260804,0
39_455_0,39,data/raw/20260727/20260727_1730_image212.jpg,20260727,4
36_356_1,36,data/raw/20260727/20260727_1716_image113_bdw.jpg,20260727,4
20_164_6,20,data/raw/20260722/20260722_1744_image68_rot45.jpg,20260722,16
2_15_0,2,data/raw/20260714/20260714_1016_image2.jpg,20260714,15
25_183_1,25,data/raw/20260722/20260722_1802_image87_bdw.jpg,20260722,9
22_867_8,22,data/raw/20260804/20260804_1653_image24_sdw.jpg,20260804,9
20_674_3,20,data/raw/20260731/20260731_1701_image111_cdw.jpg,20260731,7
39_1164_2,39,data/raw/20260804/20260804_1719_image321_bup.jpg,20260804,0
43_505_4,43,data/raw/20260727/20260727_1736_image262_cup.jpg,20260727,2
31_220_9,31,data/raw/20260722/20260722_1814_image124_sup.jpg,20260722,5
2_252_1,2,data/raw/20260727/20260727_1555_image8_bdw.jpg,20260727,2
8_162_0,8,data/raw/20260722/20260722_1744_image66.jpg,20260722,0
2_244_3,2,data/raw/20260726/20260726_1337_image10_cdw.jpg,20260726,3
21_168_9,21,data/raw/20260722/20260722_1745_image72_sup.jpg,20260722,3
42_1219_5,42,data/raw/20260804/20260804_1724_image376_rot30.jpg,20260804,1
32_207_4,32,data/raw/20260722/20260722_1807_image111_cup.jpg,20260722,12
42_837_0,42,data/raw/20260731/20260731_1718_image275.jpg,20260731,5
43_1203_6,43,data/raw/20260804/20260804_1723_image360_rot45.jpg,20260804,0
19_305_1,19,data/raw/20260727/20260727_1710_image62_bdw.jpg,20260727,4
34_878_8,34,data/raw/20260804/20260804_1654_image35_sdw.jpg,20260804,9
37_924_4,37,data/raw/20260804/20260804_1659_image81_cup.jpg,20260804,0
2_233_1,2,data/raw/20260725/20260725_1759_image5_bdw.jpg,20260725,4
9_154_8,9,data/raw/20260722/20260722_1743_image58_sdw.jpg,20260722,9
49_957_4,49,data/raw/20260804/20260804_1702_image114_cup.jpg,20260804,17
25_710_1,25,data/raw/20260731/20260731_1706_image147_bdw.jpg,20260731,0
39_455_1,39,data/raw/20260727/20260727_1730_image212_bdw.jpg,20260727,4
34_594_0,34,data/raw/20260731/20260731_1655_image31.jpg,20260731,13
39_1161_9,39,data/raw/20260804/20260804_1719_image318_sup.jpg,20260804,0
20_666_3,20,data/raw/20260731/20260731_1701_image103_cdw.jpg,20260731,7
51_1084_3,51,data/raw/20260804/20260804_1713_image241_cdw.jpg,20260804,0
50_1021_9,50,data/raw/20260804/20260804_1710_image178_sup.jpg,20260804,15
28_779_9,28,data/raw/20260731/20260731_1713_image216_sup.jpg,20260731,11
48_806_5,48,data/raw/20260731/20260731_1716_image244_rot30.jpg,20260731,4
39_735_6,39,data/raw/20260731/20260731_1708_image172_rot45.jpg,20260731,0
39_457_7,39,data/raw/20260727/20260727_1730_image214_rot60.jpg,20260727,4
33_855_4,33,data/raw/20260804/20260804_1652_image12_cup.jpg,20260804,4
33_274_8,33,data/raw/20260727/20260727_1708_image30_sdw.jpg,20260727,12
36_364_3,36,data/raw/20260727/20260727_1717_image121_cdw.jpg,20260727,4
45_640_3,45,data/raw/20260731/20260731_1658_image77_cdw.jpg,20260731,11
9_75_2,9,data/raw/20260715/20260715_1558_image54_bup.jpg,20260715,16
29_415_1,29,data/raw/20260727/20260727_1724_image172_bdw.jpg,20260727,0
24_179_9,24,data/raw/20260722/20260722_1757_image83_sup.jpg,20260722,8
5_284_0,5,data/raw/20260727/20260727_1709_image41.jpg,20260727,0
32_207_8,32,data/raw/20260722/20260722_1807_image111_sdw.jpg,20260722,12
47_1102_2,47,data/raw/20260804/20260804_1714_image259_bup.jpg,20260804,11
39_478_8,39,data/raw/20260727/20260727_1733_image235_sdw.jpg,20260727,4
47_1093_0,47,data/raw/20260804/20260804_1713_image250.jpg,20260804,11
9_317_4,9,data/raw/20260727/20260727_1711_image74_cup.jpg,20260727,4
37_616_0,37,data/raw/20260731/20260731_1656_image53.jpg,20260731,4
19_304_9,19,data/raw/20260727/20260727_1710_image61_sup.jpg,20260727,4
33_855_0,33,data/raw/20260804/20260804_1652_image12.jpg,20260804,4
39_465_3,39,data/raw/20260727/20260727_1730_image222_cdw.jpg,20260727,4
2_548_4,2,data/raw/20260729/20260729_1700_image15_cup.jpg,20260729,0
22_860_7,22,data/raw/20260804/20260804_1652_image17_rot60.jpg,20260804,9
15_111_4,15,data/raw/20260722/20260722_1658_image16_cup.jpg,20260722,0
39_448_8,39,data/raw/20260727/20260727_1730_image205_sdw.jpg,20260727,4
21_313_8,21,data/raw/20260727/20260727_1711_image70_sdw.jpg,20260727,0
9_152_3,9,data/raw/20260722/20260722_1743_image56_cdw.jpg,20260722,9
34_598_1,34,data/raw/20260731/20260731_1655_image35_bdw.jpg,20260731,13
37_927_0,37,data/raw/20260804/20260804_1700_image84.jpg,20260804,0
36_356_8,36,data/raw/20260727/20260727_1716_image113_sdw.jpg,20260727,4
9_69_9,9,data/raw/20260715/20260715_1557_image48_sup.jpg,20260715,16
19_583_3,19,data/raw/20260731/20260731_1654_image20_cdw.jpg,20260731,0
37_633_8,37,data/raw/20260731/20260731_1658_image70_sdw.jpg,20260731,4
37_620_8,37,data/raw/20260731/20260731_1656_image57_sdw.jpg,20260731,4
39_733_7,39,data/raw/20260731/20260731_1708_image170_rot60.jpg,20260731,0
20_337_5,20,data/raw/20260727/20260727_1712_image94_rot30.jpg,20260727,11
37_927_2,37,data/raw/20260804/20260804_1700_image84_bup.jpg,20260804,0
43_1202_3,43,data/raw/20260804/20260804_1722_image359_cdw.jpg,20260804,0
42_492_5,42,data/raw/20260727/20260727_1736_image249_rot30.jpg,20260727,9
22_928_3,22,data/raw/20260804/20260804_1700_image85_cdw.jpg,20260804,9
28_1062_3,28,data/raw/20260804/20260804_1712_image219_cdw.jpg,20260804,7
43_505_8,43,data/raw/20260727/20260727_1736_image262_sdw.jpg,20260727,2
47_1099_0,47,data/raw/20260804/20260804_1714_image256.jpg,20260804,11
40_1170_7,40,data/raw/20260804/20260804_1720_image327_rot60.jpg,20260804,0
53_1184_9,53,data/raw/20260804/20260804_1722_image341_sup.jpg,20260804,4
25_1144_7,25,data/raw/20260804/20260804_1717_image301_rot60.jpg,20260804,0
38_724_9,38,data/raw/20260731/20260731_1707_image161_sup.jpg,20260731,11
43_824_8,43,data/raw/20260731/20260731_1717_image262_sdw.jpg,20260731,0
20_941_2,20,data/raw/20260804/20260804_1701_image98_bup.jpg,20260804,3
18_262_0,18,data/raw/20260727/20260727_1707_image18.jpg,20260727,0
33_574_3,33,data/raw/20260731/20260731_1653_image11_cdw.jpg,20260731,8
39_451_1,39,data/raw/20260727/20260727_1730_image208_bdw.jpg,20260727,4
50_1015_9,50,data/raw/20260804/20260804_1709_image172_sup.jpg,20260804,15
38_1124_0,38,data/raw/20260804/20260804_1716_image281.jpg,20260804,7
34_596_7,34,data/raw/20260731/20260731_1655_image33_rot60.jpg,20260731,13
20_665_3,20,data/raw/20260731/20260731_1700_image102_cdw.jpg,20260731,7
38_1127_6,38,data/raw/20260804/20260804_1716_image284_rot45.jpg,20260804,7
24_177_1,24,data/raw/20260722/20260722_1757_image81_bdw.jpg,20260722,8
33_269_4,33,data/raw/20260727/20260727_1708_image25_cup.jpg,20260727,12
20_934_8,20,data/raw/20260804/20260804_1701_image91_sdw.jpg,20260804,3
33_264_4,33,data/raw/20260727/20260727_1707_image20_cup.jpg,20260727,12
39_472_8,39,data/raw/20260727/20260727_1731_image229_sdw.jpg,20260727,4
52_1110_3,52,data/raw/20260804/20260804_1715_image267_cdw.jpg,20260804,10
20_678_2,20,data/raw/20260731/20260731_1701_image115_bup.jpg,20260731,7
5_139_8,5,data/raw/20260722/20260722_1742_image43_sdw.jpg,20260722,5
50_1017_9,50,data/raw/20260804/20260804_1710_image174_sup.jpg,20260804,15
42_841_1,42,data/raw/20260731/20260731_1718_image279_bdw.jpg,20260731,5
33_266_3,33,data/raw/20260727/20260727_1707_image22_cdw.jpg,20260727,12
29_1069_1,29,data/raw/20260804/20260804_1712_image226_bdw.jpg,20260804,0
38_723_6,38,data/raw/20260731/20260731_1706_image160_rot45.jpg,20260731,11
43_817_2,43,data/raw/20260731/20260731_1716_image255_bup.jpg,20260731,0
22_860_0,22,data/raw/20260804/20260804_1652_image17.jpg,20260804,9
19_305_0,19,data/raw/20260727/20260727_1710_image62.jpg,20260727,4
26_397_0,26,data/raw/20260727/20260727_1723_image154.jpg,20260727,0
33_272_0,33,data/raw/20260727/20260727_1708_image28.jpg,20260727,12
20_351_3,20,data/raw/20260727/20260727_1714_image108_cdw.jpg,20260727,11
20_988_1,20,data/raw/20260804/20260804_1704_image145_bdw.jpg,20260804,3
51_1083_1,51,data/raw/20260804/20260804_1713_image240_bdw.jpg,20260804,0
2_534_3,2,data/raw/20260729/20260729_1659_image1_cdw.jpg,20260729,0
38_399_7,38,data/raw/20260727/20260727_1723_image156_rot60.jpg,20260727,15
50_1031_8,50,data/raw/20260804/20260804_1710_image188_sdw.jpg,20260804,15
24_179_2,24,data/raw/20260722/20260722_1757_image83_bup.jpg,20260722,8
49_979_0,49,data/raw/20260804/20260804_1703_image136.jpg,20260804,17
2_555_0,2,data/raw/20260729/20260729_1700_image22.jpg,20260729,0
29_799_3,29,data/raw/20260731/20260731_1714_image236_cdw.jpg,20260731,0
19_378_0,19,data/raw/20260727/20260727_1720_image135.jpg,20260727,4
2_534_1,2,data/raw/20260729/20260729_1659_image1_bdw.jpg,20260729,0
30_533_5,30,data/raw/20260727/20260727_1739_image290_rot30.jpg,20260727,0
25_712_6,25,data/raw/20260731/20260731_1706_image149_rot45.jpg,20260731,0
34_601_7,34,data/raw/20260731/20260731_1655_image38_rot60.jpg,20260731,13
53_1191_8,53,data/raw/20260804/20260804_1722_image348_sdw.jpg,20260804,4
33_853_0,33,data/raw/20260804/20260804_1651_image10.jpg,20260804,4
8_157_5,8,data/raw/20260722/20260722_1743_image61_rot30.jpg,20260722,0
28_1061_4,28,data/raw/20260804/20260804_1711_image218_cup.jpg,20260804,7
26_189_0,26,data/raw/20260722/20260722_1802_image93.jpg,20260722,5
2_234_2,2,data/raw/20260725/20260725_1759_image6_bup.jpg,20260725,4
20_941_0,20,data/raw/20260804/20260804_1701_image98.jpg,20260804,3
40_742_5,40,data/raw/20260731/20260731_1709_image179_rot30.jpg,20260731,2
4_143_0,4,data/raw/20260722/20260722_1743_image47.jpg,20260722,2
28_775_9,28,data/raw/20260731/20260731_1712_image212_sup.jpg,20260731,11
40_736_9,40,data/raw/20260731/20260731_1708_image173_sup.jpg,20260731,2
33_848_0,33,data/raw/20260804/20260804_1651_image5.jpg,20260804,4
9_956_2,9,data/raw/20260804/20260804_1702_image113_bup.jpg,20260804,0
8_61_5,8,data/raw/20260715/20260715_1556_image40_rot30.jpg,20260715,0
48_800_6,48,data/raw/20260731/20260731_1715_image238_rot45.jpg,20260731,4
28_769_1,28,data/raw/20260731/20260731_1712_image206_bdw.jpg,20260731,11
26_193_9,26,data/raw/20260722/20260722_1802_image97_sup.jpg,20260722,5
42_841_5,42,data/raw/20260731/20260731_1718_image279_rot30.jpg,20260731,5
19_588_4,19,data/raw/20260731/20260731_1654_image25_cup.jpg,20260731,0
2_554_6,2,data/raw/20260729/20260729_1700_image21_rot45.jpg,20260729,0
33_273_2,33,data/raw/20260727/20260727_1708_image29_bup.jpg,20260727,12
39_474_9,39,data/raw/20260727/20260727_1731_image231_sup.jpg,20260727,4
28_1042_2,28,data/raw/20260804/20260804_1711_image199_bup.jpg,20260804,7
2_563_7,2,data/raw/20260729/20260729_1701_image30_rot60.jpg,20260729,0
34_302_4,34,data/raw/20260727/20260727_1710_image59_cup.jpg,20260727,17
28_771_4,28,data/raw/20260731/20260731_1712_image208_cup.jpg,20260731,11
38_402_3,38,data/raw/20260727/20260727_1723_image159_cdw.jpg,20260727,15
14_212_7,14,data/raw/20260722/20260722_1808_image116_rot60.jpg,20260722,9
43_1213_8,43,data/raw/20260804/20260804_1723_image370_sdw.jpg,20260804,0
20_934_5,20,data/raw/20260804/20260804_1701_image91_rot30.jpg,20260804,3
13_105_5,13,data/raw/20260722/20260722_1658_image10_rot30.jpg,20260722,8
38_1132_5,38,data/raw/20260804/20260804_1717_image289_rot30.jpg,20260804,7
42_1218_4,42,data/raw/20260804/20260804_1724_image375_cup.jpg,20260804,1
22_867_6,22,data/raw/20260804/20260804_1653_image24_rot45.jpg,20260804,9
1_11_4,1,data/raw/20260712/20260712_0855_image7_cup.jpg,20260712,3
20_931_4,20,data/raw/20260804/20260804_1701_image88_cup.jpg,20260804,3
42_1223_9,42,data/raw/20260804/20260804_1724_image380_sup.jpg,20260804,1
49_961_0,49,data/raw/20260804/20260804_1702_image118.jpg,20260804,17
1_8_9,1,data/raw/20260712/20260712_0855_image12_sup.jpg,20260712,3
34_593_0,34,data/raw/20260731/20260731_1655_image30.jpg,20260731,13
42_840_7,42,data/raw/20260731/20260731_1718_image278_rot60.jpg,20260731,5
43_1209_4,43,data/raw/20260804/20260804_1723_image366_cup.jpg,20260804,0
33_269_7,33,data/raw/20260727/20260727_1708_image25_rot60.jpg,20260727,12
34_600_4,34,data/raw/20260731/20260731_1655_image37_cup.jpg,20260731,13
31_526_7,31,data/raw/20260727/20260727_1738_image283_rot60.jpg,20260727,0
53_1194_0,53,data/raw/20260804/20260804_1722_image351.jpg,20260804,4
7_53_3,7,data/raw/20260715/20260715_1556_image32_cdw.jpg,20260715,0
22_930_1,22,data/raw/20260804/20260804_1700_image87_bdw.jpg,20260804,9
17_121_7,17,data/raw/20260722/20260722_1700_image25_rot60.jpg,20260722,17
45_909_9,45,data/raw/20260804/20260804_1658_image66_sup.jpg,20260804,7
24_1003_9,24,data/raw/20260804/20260804_1705_image160_sup.jpg,20260804,0
42_491_0,42,data/raw/20260727/20260727_1736_image248.jpg,20260727,9
48_1178_3,48,data/raw/20260804/20260804_1721_image335_cdw.jpg,20260804,0
2_237_5,2,data/raw/20260726/20260726_1336_image3_rot30.jpg,20260726,3
6_57_5,6,data/raw/20260715/20260715_1556_image36_rot30.jpg,20260715,5
20_933_4,20,data/raw/20260804/20260804_1701_image90_cup.jpg,20260804,3
20_1014_8,20,data/raw/20260804/20260804_1705_image171_sdw.jpg,20260804,3
20_667_2,20,data/raw/20260731/20260731_1701_image104_bup.jpg,20260731,7
47_755_9,47,data/raw/20260731/20260731_1711_image192_sup.jpg,20260731,15
39_727_9,39,data/raw/20260731/20260731_1707_image164_sup.jpg,20260731,0
30_483_7,30,data/raw/20260727/20260727_1735_image240_rot60.jpg,20260727,0
33_271_0,33,data/raw/20260727/20260727_1708_image27.jpg,20260727,12
20_989_6,20,data/raw/20260804/20260804_1704_image146_rot45.jpg,20260804,3
43_812_3,43,data/raw/20260731/20260731_1716_image250_cdw.jpg,20260731,0
22_635_8,22,data/raw/20260731/20260731_1658_image72_sdw.jpg,20260731,13
38_718_2,38,data/raw/20260731/20260731_1706_image155_bup.jpg,20260731,11
36_368_6,36,data/raw/20260727/20260727_1717_image125_rot45.jpg,20260727,4
33_275_7,33,data/raw/20260727/20260727_1708_image31_rot60.jpg,20260727,12
20_945_1,20,data/raw/20260804/20260804_1701_image102_bdw.jpg,20260804,3
9_68_7,9,data/raw/20260715/20260715_1557_image47_rot60.jpg,20260715,16
30_487_7,30,data/raw/20260727/20260727_1735_image244_rot60.jpg,20260727,0
35_326_6,35,data/raw/20260727/20260727_1712_image83_rot45.jpg,20260727,22
20_669_4,20,data/raw/20260731/20260731_1701_image106_cup.jpg,20260731,7
28_1052_6,28,data/raw/20260804/20260804_1711_image209_rot45.jpg,20260804,7
38_399_9,38,data/raw/20260727/20260727_1723_image156_sup.jpg,20260727,15
40_742_2,40,data/raw/20260731/20260731_1709_image179_bup.jpg,20260731,2
29_792_5,29,data/raw/20260731/20260731_1713_image229_rot30.jpg,20260731,0
5_41_1,5,data/raw/20260715/20260715_1555_image20_bdw.jpg,20260715,12
10_83_1,10,data/raw/20260715/20260715_1600_image62_bdw.jpg,20260715,5
44_520_5,44,data/raw/20260727/20260727_1737_image277_rot30.jpg,20260727,15
2_541_2,2,data/raw/20260729/20260729_1659_image8_bup.jpg,20260729,0
5_41_2,5,data/raw/20260715/20260715_1555_image20_bup.jpg,20260715,12
9_152_4,9,data/raw/20260722/20260722_1743_image56_cup.jpg,20260722,9
42_496_9,42,data/raw/20260727/20260727_1736_image253_sup.jpg,20260727,9
18_131_6,18,data/raw/20260722/20260722_1742_image35_rot45.jpg,20260722,5
50_1032_7,50,data/raw/20260804/20260804_1710_image189_rot60.jpg,20260804,15
37_627_1,37,data/raw/20260731/20260731_1657_image64_bdw.jpg,20260731,4
29_206_9,29,data/raw/20260722/20260722_1804_image110_sup.jpg,20260722,0
33_847_7,33,data/raw/20260804/20260804_1651_image4_rot60.jpg,20260804,4
45_646_3,45,data/raw/20260731/20260731_1659_image83_cdw.jpg,20260731,11
2_251_3,2,data/raw/20260727/20260727_1555_image7_cdw.jpg,20260727,2
18_263_3,18,data/raw/20260727/20260727_1707_image19_cdw.jpg,20260727,0
19_581_8,19,data/raw/20260731/20260731_1654_image18_sdw.jpg,20260731,0
5_138_8,5,data/raw/20260722/20260722_1742_image42_sdw.jpg,20260722,5
39_455_2,39,data/raw/20260727/20260727_1730_image212_bup.jpg,20260727,4
6_57_4,6,data/raw/20260715/20260715_1556_image36_cup.jpg,20260715,5
28_1054_1,28,data/raw/20260804/20260804_1711_image211_bdw.jpg,20260804,7
20_661_5,20,data/raw/20260731/20260731_1700_image98_rot30.jpg,20260731,7
35_326_5,35,data/raw/20260727/20260727_1712_image83_rot30.jpg,20260727,22
45_917_9,45,data/raw/20260804/20260804_1659_image74_sup.jpg,20260804,7
38_1133_8,38,data/raw/20260804/20260804_1717_image290_sdw.jpg,20260804,7
21_168_3,21,data/raw/20260722/20260722_1745_image72_cdw.jpg,20260722,3
20_986_0,20,data/raw/20260804/20260804_1704_image143.jpg,20260804,3
42_1223_4,42,data/raw/20260804/20260804_1724_image380_cup.jpg,20260804,1
2_243_1,2,data/raw/20260726/20260726_1337_image9_bdw.jpg,20260726,3
28_426_6,28,data/raw/20260727/20260727_1725_image183_rot45.jpg,20260727,15
39_461_9,39,data/raw/20260727/20260727_1730_image218_sup.jpg,20260727,4
42_1214_2,42,data/raw/20260804/20260804_1723_image371_bup.jpg,20260804,1
42_829_3,42,data/raw/20260731/20260731_1717_image267_cdw.jpg,20260731,5
4_290_0,4,data/raw/20260727/20260727_1709_image47.jpg,20260727,0
26_396_9,26,data/raw/20260727/20260727_1722_image153_sup.jpg,20260727,0
44_513_7,44,data/raw/20260727/20260727_1737_image270_rot60.jpg,20260727,15
24_346_9,24,data/raw/20260727/20260727_1713_image103_sup.jpg,20260727,3
43_1207_2,43,data/raw/20260804/20260804_1723_image364_bup.jpg,20260804,0
28_762_3,28,data/raw/20260731/20260731_1711_image199_cdw.jpg,20260731,11
34_294_1,34,data/raw/20260727/20260727_1710_image51_bdw.jpg,20260727,17
34_301_7,34,data/raw/20260727/20260727_1710_image58_rot60.jpg,20260727,17
43_1207_5,43,data/raw/20260804/20260804_1723_image364_rot30.jpg,20260804,0
20_336_8,20,data/raw/20260727/20260727_1712_image93_sdw.jpg,20260727,11
14_433_1,14,data/raw/20260727/20260727_1726_image190_bdw.jpg,20260727,4
28_779_0,28,data/raw/20260731/20260731_1713_image216.jpg,20260731,11
10_81_0,10,data/raw/20260715/20260715_1600_image60.jpg,20260715,5
25_1141_2,25,data/raw/20260804/20260804_1717_image298_bup.jpg,20260804,0
43_1212_4,43,data/raw/20260804/20260804_1723_image369_cup.jpg,20260804,0
10_83_5,10,data/raw/20260715/20260715_1600_image62_rot30.jpg,20260715,5
2_254_2,2,data/raw/20260727/20260727_1555_image10_bup.jpg,20260727,2
43_826_2,43,data/raw/20260731/20260731_1717_image264_bup.jpg,20260731,0
50_1025_8,50,data/raw/20260804/20260804_1710_image182_sdw.jpg,20260804,15
47_759_0,47,data/raw/20260731/20260731_1711_image196.jpg,20260731,15
52_1106_1,52,data/raw/20260804/20260804_1715_image263_bdw.jpg,20260804,10
14_750_4,14,data/raw/20260731/20260731_1710_image187_cup.jpg,20260731,15
48_808_3,48,data/raw/20260731/20260731_1716_image246_cdw.jpg,20260731,4
9_955_0,9,data/raw/20260804/20260804_1702_image112.jpg,20260804,0
19_579_0,19,data/raw/20260731/20260731_1654_image16.jpg,20260731,0
19_376_0,19,data/raw/20260727/20260727_1720_image133.jpg,20260727,4
24_178_1,24,data/raw/20260722/20260722_1757_image82_bdw.jpg,20260722,8
38_1131_9,38,data/raw/20260804/20260804_1716_image288_sup.jpg,20260804,7
33_265_9,33,data/raw/20260727/20260727_1707_image21_sup.jpg,20260727,12
4_147_7,4,data/raw/20260722/20260722_1743_image51_rot60.jpg,20260722,2
47_1097_6,47,data/raw/20260804/20260804_1714_image254_rot45.jpg,20260804,11
2_247_4,2,data/raw/20260727/20260727_1555_image3_cup.jpg,20260727,2
40_467_3,40,data/raw/20260727/20260727_1731_image224_cdw.jpg,20260727,6
43_508_9,43,data/raw/20260727/20260727_1737_image265_sup.jpg,20260727,2
7_51_1,7,data/raw/20260715/20260715_1556_image30_bdw.jpg,20260715,0
25_1143_2,25,data/raw/20260804/20260804_1717_image300_bup.jpg,20260804,0
28_423_4,28,data/raw/20260727/20260727_1725_image180_cup.jpg,20260727,15
4_55_1,4,data/raw/20260715/20260715_1556_image34_bdw.jpg,20260715,9
40_470_4,40,data/raw/20260727/20260727_1731_image227_cup.jpg,20260727,6
19_309_1,19,data/raw/20260727/20260727_1710_image66_bdw.jpg,20260727,4
9_321_5,9,data/raw/20260727/20260727_1711_image78_rot30.jpg,20260727,4
2_90_9,2,data/raw/20260720/20260720_1503_image2_sup.jpg,20260720,9
30_485_8,30,data/raw/20260727/20260727_1735_image242_sdw.jpg,20260727,0
25_183_4,25,data/raw/20260722/20260722_1802_image87_cup.jpg,20260722,9
41_481_2,41,data/raw/20260727/20260727_1734_image238_bup.jpg,20260727,15
37_620_0,37,data/raw/20260731/20260731_1656_image57.jpg,20260731,4
52_1113_1,52,data/raw/20260804/20260804_1715_image270_bdw.jpg,20260804,10
22_862_0,22,data/raw/20260804/20260804_1652_image19.jpg,20260804,9
47_751_4,47,data/raw/20260731/20260731_1710_image188_cup.jpg,20260731,15
20_77_7,20,data/raw/20260715/20260715_1558_image56_rot60.jpg,20260715,23
42_1222_8,42,data/raw/20260804/20260804_1724_image379_sdw.jpg,20260804,1
9_317_3,9,data/raw/20260727/20260727_1711_image74_cdw.jpg,20260727,4
4_55_8,4,data/raw/20260715/20260715_1556_image34_sdw.jpg,20260715,9
38_1154_2,38,data/raw/20260804/20260804_1718_image311_bup.jpg,20260804,7
44_523_5,44,data/raw/20260727/20260727_1738_image280_rot30.jpg,20260727,15
24_346_3,24,data/raw/20260727/20260727_1713_image103_cdw.jpg,20260727,3
45_907_3,45,data/raw/20260804/20260804_1657_image64_cdw.jpg,20260804,7
24_1005_3,24,data/raw/20260804/20260804_1705_image162_cdw.jpg,20260804,0
25_712_8,25,data/raw/20260731/20260731_1706_image149_sdw.jpg,20260731,0
29_412_9,29,data/raw/20260727/20260727_1724_image169_sup.jpg,20260727,0
47_1090_6,47,data/raw/20260804/20260804_1713_image247_rot45.jpg,20260804,11
43_1205_9,43,data/raw/20260804/20260804_1723_image362_sup.jpg,20260804,0
1_9_8,1,data/raw/20260712/20260712_0855_image13_sdw.jpg,20260712,3
29_1074_7,29,data/raw/20260804/20260804_1712_image231_rot60.jpg,20260804,0
38_1152_4,38,data/raw/20260804/20260804_1718_image309_cup.jpg,20260804,7
9_75_8,9,data/raw/20260715/20260715_1558_image54_sdw.jpg,20260715,16
29_1078_1,29,data/raw/20260804/20260804_1713_image235_bdw.jpg,20260804,0
28_777_4,28,data/raw/20260731/20260731_1713_image214_cup.jpg,20260731,11
38_715_4,38,data/raw/20260731/20260731_1706_image152_cup.jpg,20260731,11
2_93_0,2,data/raw/20260720/20260720_1503_image5.jpg,20260720,9
47_1091_8,47,data/raw/20260804/20260804_1713_image248_sdw.jpg,20260804,11
1_2_6,1,data/raw/20260712/20260712_0854_image2_rot45.jpg,20260712,3
38_1130_9,38,data/raw/20260804/20260804_1716_image287_sup.jpg,20260804,7
49_978_1,49,data/raw/20260804/20260804_1703_image135_bdw.jpg,20260804,17
29_415_5,29,data/raw/20260727/20260727_1724_image172_rot30.jpg,20260727,0
24_1003_2,24,data/raw/20260804/20260804_1705_image160_bup.jpg,20260804,0
28_775_1,28,data/raw/20260731/20260731_1712_image212_bdw.jpg,20260731,11
44_513_4,44,data/raw/20260727/20260727_1737_image270_cup.jpg,20260727,15
2_224_7,2,data/raw/20260724/20260724_1628_image2_rot60.jpg,20260724,5
19_586_4,19,data/raw/20260731/20260731_1654_image23_cup.jpg,20260731,0
20_990_3,20,data/raw/20260804/20260804_1704_image147_cdw.jpg,20260804,3
42_496_1,42,data/raw/20260727/20260727_1736_image253_bdw.jpg,20260727,9
30_532_8,30,data/raw/20260727/20260727_1739_image289_sdw.jpg,20260727,0
9_316_3,9,data/raw/20260727/20260727_1711_image73_cdw.jpg,20260727,4
39_735_2,39,data/raw/20260731/20260731_1708_image172_bup.jpg,20260731,0
20_165_5,20,data/raw/20260722/20260722_1744_image69_rot30.jpg,20260722,16
53_1188_2,53,data/raw/20260804/20260804_1722_image345_bup.jpg,20260804,4
5_38_0,5,data/raw/20260715/20260715_1555_image17.jpg,20260715,12
2_556_2,2,data/raw/20260729/20260729_1700_image23_bup.jpg,20260729,0
50_1023_7,50,data/raw/20260804/20260804_1710_image180_rot60.jpg,20260804,15
20_993_7,20,data/raw/20260804/20260804_1704_image150_rot60.jpg,20260804,3
47_1095_0,47,data/raw/20260804/20260804_1714_image252.jpg,20260804,11
47_1093_2,47,data/raw/20260804/20260804_1713_image250_bup.jpg,20260804,11
37_633_1,37,data/raw/20260731/20260731_1658_image70_bdw.jpg,20260731,4
34_877_8,34,data/raw/20260804/20260804_1654_image34_sdw.jpg,20260804,9
38_719_4,38,data/raw/20260731/20260731_1706_image156_cup.jpg,20260731,11
45_912_0,45,data/raw/20260804/20260804_1658_image69.jpg,20260804,7
38_723_4,38,data/raw/20260731/20260731_1706_image160_cup.jpg,20260731,11
43_1200_2,43,data/raw/20260804/20260804_1722_image357_bup.jpg,20260804,0
19_588_9,19,data/raw/20260731/20260731_1654_image25_sup.jpg,20260731,0
26_397_6,26,data/raw/20260727/20260727_1723_image154_rot45.jpg,20260727,0
24_182_8,24,data/raw/20260722/20260722_1758_image86_sdw.jpg,20260722,8
39_450_7,39,data/raw/20260727/20260727_1730_image207_rot60.jpg,20260727,4
40_466_5,40,data/raw/20260727/20260727_1731_image223_rot30.jpg,20260727,6
19_307_9,19,data/raw/20260727/20260727_1710_image64_sup.jpg,20260727,4
46_697_3,46,data/raw/20260731/20260731_1703_image134_cdw.jpg,20260731,2
28_1058_8,28,data/raw/20260804/20260804_1711_image215_sdw.jpg,20260804,7
5_285_4,5,data/raw/20260727/20260727_1709_image42_cup.jpg,20260727,0
24_690_6,24,data/raw/20260731/20260731_1702_image127_rot45.jpg,20260731,0
2_19_5,2,data/raw/20260714/20260714_1017_image6_rot30.jpg,20260714,15
28_1054_9,28,data/raw/20260804/20260804_1711_image211_sup.jpg,20260804,7
18_258_8,18,data/raw/20260727/20260727_1707_image14_sdw.jpg,20260727,0
29_1074_2,29,data/raw/20260804/20260804_1712_image231_bup.jpg,20260804,0
10_81_7,10,data/raw/20260715/20260715_1600_image60_rot60.jpg,20260715,5
9_66_2,9,data/raw/20260715/20260715_1557_image45_bup.jpg,20260715,16
43_512_1,43,data/raw/20260727/20260727_1737_image269_bdw.jpg,20260727,2
39_1157_5,39,data/raw/20260804/20260804_1719_image314_rot30.jpg,20260804,0
1_5_4,1,data/raw/20260712/20260712_0854_image5_cup.jpg,20260712,3
26_392_4,26,data/raw/20260727/20260727_1722_image149_cup.jpg,20260727,0
29_413_2,29,data/raw/20260727/20260727_1724_image170_bup.jpg,20260727,0
9_71_6,9,data/raw/20260715/20260715_1557_image50_rot45.jpg,20260715,16
4_24_7,4,data/raw/20260715/20260715_1554_image11_rot60.jpg,20260715,9
47_1101_0,47,data/raw/20260804/20260804_1714_image258.jpg,20260804,11
20_936_8,20,data/raw/20260804/20260804_1701_image93_sdw.jpg,20260804,3
30_498_0,30,data/raw/20260727/20260727_1736_image255.jpg,20260727,0
2_20_9,2,data/raw/20260714/20260714_1017_image7_sup.jpg,20260714,15
24_178_5,24,data/raw/20260722/20260722_1757_image82_rot30.jpg,20260722,8
43_814_2,43,data/raw/20260731/20260731_1716_image252_bup.jpg,20260731,0
29_1067_9,29,data/raw/20260804/20260804_1712_image224_sup.jpg,20260804,0
48_805_5,48,data/raw/20260731/20260731_1716_image243_rot30.jpg,20260731,4
28_431_1,28,data/raw/20260727/20260727_1726_image188_bdw.jpg,20260727,15
20_166_7,20,data/raw/20260722/20260722_1744_image70_rot60.jpg,20260722,16
52_1118_4,52,data/raw/20260804/20260804_1716_image275_cup.jpg,20260804,10
43_1200_7,43,data/raw/20260804/20260804_1722_image357_rot60.jpg,20260804,0
33_574_9,33,data/raw/20260731/20260731_1653_image11_sup.jpg,20260731,8
45_910_6,45,data/raw/20260804/20260804_1658_image67_rot45.jpg,20260804,7
49_976_8,49,data/raw/20260804/20260804_1703_image133_sdw.jpg,20260804,17
25_707_3,25,data/raw/20260731/20260731_1705_image144_cdw.jpg,20260731,0
44_523_7,44,data/raw/20260727/20260727_1738_image280_rot60.jpg,20260727,15
37_628_8,37,data/raw/20260731/20260731_1657_image65_sdw.jpg,20260731,4
38_1122_2,38,data/raw/20260804/20260804_1716_image279_bup.jpg,20260804,7
2_20_2,2,data/raw/20260714/20260714_1017_image7_bup.jpg,20260714,15
28_782_2,28,data/raw/20260731/20260731_1713_image219_bup.jpg,20260731,11
43_505_5,43,data/raw/20260727/20260727_1736_image262_rot30.jpg,20260727,2
33_573_6,33,data/raw/20260731/20260731_1653_image10_rot45.jpg,20260731,8
9_74_9,9,data/raw/20260715/20260715_1558_image53_sup.jpg,20260715,16
47_1096_7,47,data/raw/20260804/20260804_1714_image253_rot60.jpg,20260804,11
34_881_4,34,data/raw/20260804/20260804_1654_image38_cup.jpg,20260804,9
42_828_1,42,data/raw/20260731/20260731_1717_image266_bdw.jpg,20260731,5
28_773_2,28,data/raw/20260731/20260731_1712_image210_bup.jpg,20260731,11
37_926_1,37,data/raw/20260804/20260804_1659_image83_bdw.jpg,20260804,0
34_604_3,34,data/raw/20260731/20260731_1655_image41_cdw.jpg,20260731,13
2_18_1,2,data/raw/20260714/20260714_1017_image5_bdw.jpg,20260714,15
50_1041_1,50,data/raw/20260804/20260804_1711_image198_bdw.jpg,20260804,15
7_51_2,7,data/raw/20260715/20260715_1556_image30_bup.jpg,20260715,0
39_730_1,39,data/raw/20260731/20260731_1708_image167_bdw.jpg,20260731,0
23_173_1,23,data/raw/20260722/20260722_1746_image77_bdw.jpg,20260722,11
19_377_0,19,data/raw/20260727/20260727_1720_image134.jpg,20260727,4
25_184_0,25,data/raw/20260722/20260722_1802_image88.jpg,20260722,9
50_1038_1,50,data/raw/20260804/20260804_1711_image195_bdw.jpg,20260804,15
14_746_3,14,data/raw/20260731/20260731_1710_image183_cdw.jpg,20260731,15
38_1139_2,38,data/raw/20260804/20260804_1717_image296_bup.jpg,20260804,7
40_1170_3,40,data/raw/20260804/20260804_1720_image327_cdw.jpg,20260804,0
2_232_4,2,data/raw/20260725/20260725_1759_image4_cup.jpg,20260725,4
19_587_1,19,data/raw/20260731/20260731_1654_image24_bdw.jpg,20260731,0
30_222_7,30,data/raw/20260722/20260722_1814_image126_rot60.jpg,20260722,5
43_823_1,43,data/raw/20260731/20260731_1717_image261_bdw.jpg,20260731,0
47_1090_2,47,data/raw/20260804/20260804_1713_image247_bup.jpg,20260804,11
42_1217_4,42,data/raw/20260804/20260804_1723_image374_cup.jpg,20260804,1
33_565_4,33,data/raw/20260731/20260731_1653_image2_cup.jpg,20260731,8
9_316_5,9,data/raw/20260727/20260727_1711_image73_rot30.jpg,20260727,4
23_174_4,23,data/raw/20260722/20260722_1746_image78_cup.jpg,20260722,11
36_367_6,36,data/raw/20260727/20260727_1717_image124_rot45.jpg,20260727,4
38_723_0,38,data/raw/20260731/20260731_1706_image160.jpg,20260731,11
37_629_1,37,data/raw/20260731/20260731_1657_image66_bdw.jpg,20260731,4
9_651_4,9,data/raw/20260731/20260731_1700_image88_cup.jpg,20260731,0
14_749_2,14,data/raw/20260731/20260731_1710_image186_bup.jpg,20260731,15
18_260_4,18,data/raw/20260727/20260727_1707_image16_cup.jpg,20260727,0
33_275_3,33,data/raw/20260727/20260727_1708_image31_cdw.jpg,20260727,12
34_874_0,34,data/raw/20260804/20260804_1654_image31.jpg,20260804,9
29_1072_5,29,data/raw/20260804/20260804_1712_image229_rot30.jpg,20260804,0
5_39_7,5,data/raw/20260715/20260715_1555_image18_rot60.jpg,20260715,12
14_440_2,14,data/raw/20260727/20260727_1727_image197_bup.jpg,20260727,4
4_44_3,4,data/raw/20260715/20260715_1555_image23_cdw.jpg,20260715,9
25_1151_7,25,data/raw/20260804/20260804_1718_image308_rot60.jpg,20260804,0
2_231_2,2,data/raw/20260725/20260725_1759_image3_bup.jpg,20260725,4
52_1115_7,52,data/raw/20260804/20260804_1716_image272_rot60.jpg,20260804,10
28_788_9,28,data/raw/20260731/20260731_1713_image225_sup.jpg,20260731,11
5_284_7,5,data/raw/20260727/20260727_1709_image41_rot60.jpg,20260727,0
25_1147_9,25,data/raw/20260804/20260804_1717_image304_sup.jpg,20260804,0
47_755_5,47,data/raw/20260731/20260731_1711_image192_rot30.jpg,20260731,15
38_716_1,38,data/raw/20260731/20260731_1706_image153_bdw.jpg,20260731,11
34_295_0,34,data/raw/20260727/20260727_1710_image52.jpg,20260727,17
28_783_2,28,data/raw/20260731/20260731_1713_image220_bup.jpg,20260731,11
38_724_5,38,data/raw/20260731/20260731_1707_image161_rot30.jpg,20260731,11
35_326_3,35,data/raw/20260727/20260727_1712_image83_cdw.jpg,20260727,22
24_341_9,24,data/raw/20260727/20260727_1713_image98_sup.jpg,20260727,3
38_1137_6,38,data/raw/20260804/20260804_1717_image294_rot45.jpg,20260804,7
20_938_1,20,data/raw/20260804/20260804_1701_image95_bdw.jpg,20260804,3
43_1213_3,43,data/raw/20260804/20260804_1723_image370_cdw.jpg,20260804,0
9_659_6,9,data/raw/20260731/20260731_1700_image96_rot45.jpg,20260731,0
45_903_7,45,data/raw/20260804/20260804_1657_image60_rot60.jpg,20260804,7
34_875_7,34,data/raw/20260804/20260804_1654_image32_rot60.jpg,20260804,9
17_127_8,17,data/raw/20260722/20260722_1702_image31_sdw.jpg,20260722,17
36_366_1,36,data/raw/20260727/20260727_1717_image123_bdw.jpg,20260727,4
29_205_0,29,data/raw/20260722/20260722_1804_image109.jpg,20260722,0
25_1146_4,25,data/raw/20260804/20260804_1717_image303_cup.jpg,20260804,0
9_659_4,9,data/raw/20260731/20260731_1700_image96_cup.jpg,20260731,0
5_39_1,5,data/raw/20260715/20260715_1555_image18_bdw.jpg,20260715,12
28_1064_9,28,data/raw/20260804/20260804_1712_image221_sup.jpg,20260804,7
26_194_7,26,data/raw/20260722/20260722_1802_image98_rot60.jpg,20260722,5
29_1074_0,29,data/raw/20260804/20260804_1712_image231.jpg,20260804,0
24_178_0,24,data/raw/20260722/20260722_1757_image82.jpg,20260722,8
4_279_6,4,data/raw/20260727/20260727_1709_image36_rot45.jpg,20260727,0
47_1098_9,47,data/raw/20260804/20260804_1714_image255_sup.jpg,20260804,11
29_791_9,29,data/raw/20260731/20260731_1713_image228_sup.jpg,20260731,0
2_14_3,2,data/raw/20260714/20260714_1016_image1_cdw.jpg,20260714,15
25_188_2,25,data/raw/20260722/20260722_1802_image92_bup.jpg,20260722,9
34_886_6,34,data/raw/20260804/20260804_1654_image43_rot45.jpg,20260804,9
20_338_4,20,data/raw/20260727/20260727_1713_image95_cup.jpg,20260727,11
20_934_4,20,data/raw/20260804/20260804_1701_image91_cup.jpg,20260804,3
34_877_7,34,data/raw/20260804/20260804_1654_image34_rot60.jpg,20260804,9
49_981_2,49,data/raw/20260804/20260804_1703_image138_bup.jpg,20260804,17
50_1020_7,50,data/raw/20260804/20260804_1710_image177_rot60.jpg,20260804,15
25_702_2,25,data/raw/20260731/20260731_1705_image139_bup.jpg,20260731,0
19_897_0,19,data/raw/20260804/20260804_1655_image54.jpg,20260804,0
20_672_5,20,data/raw/20260731/20260731_1701_image109_rot30.jpg,20260731,7
9_314_8,9,data/raw/20260727/20260727_1711_image71_sdw.jpg,20260727,4
39_1158_9,39,data/raw/20260804/20260804_1719_image315_sup.jpg,20260804,0
43_811_4,43,data/raw/20260731/20260731_1716_image249_cup.jpg,20260731,0
37_618_6,37,data/raw/20260731/20260731_1656_image55_rot45.jpg,20260731,4
45_647_1,45,data/raw/20260731/20260731_1659_image84_bdw.jpg,20260731,11
9_154_6,9,data/raw/20260722/20260722_1743_image58_rot45.jpg,20260722,9
25_1143_9,25,data/raw/20260804/20260804_1717_image300_sup.jpg,20260804,0
33_850_7,33,data/raw/20260804/20260804_1651_image7_rot60.jpg,20260804,4
38_402_2,38,data/raw/20260727/20260727_1723_image159_bup.jpg,20260727,15
4_27_3,4,data/raw/20260715/20260715_1554_image14_cdw.jpg,20260715,9
2_542_1,2,data/raw/20260729/20260729_1659_image9_bdw.jpg,20260729,0
2_92_2,2,data/raw/20260720/20260720_1503_image4_bup.jpg,20260720,9
7_46_4,7,data/raw/20260715/20260715_1555_image25_cup.jpg,20260715,0
38_721_9,38,data/raw/20260731/20260731_1706_image158_sup.jpg,20260731,11
19_892_2,19,data/raw/20260804/20260804_1655_image49_bup.jpg,20260804,0
12_103_8,12,data/raw/20260722/20260722_1657_image7_sdw.jpg,20260722,16
41_481_0,41,data/raw/20260727/20260727_1734_image238.jpg,20260727,15
42_1223_0,42,data/raw/20260804/20260804_1724_image380.jpg,20260804,1
42_832_6,42,data/raw/20260731/20260731_1717_image270_rot45.jpg,20260731,5
38_406_4,38,data/raw/20260727/20260727_1723_image163_cup.jpg,20260727,15
18_262_4,18,data/raw/20260727/20260727_1707_image18_cup.jpg,20260727,0
28_777_5,28,data/raw/20260731/20260731_1713_image214_rot30.jpg,20260731,11
2_550_4,2,data/raw/20260729/20260729_1700_image17_cup.jpg,20260729,0
28_778_0,28,data/raw/20260731/20260731_1713_image215.jpg,20260731,11
38_1154_0,38,data/raw/20260804/20260804_1718_image311.jpg,20260804,7
33_568_0,33,data/raw/20260731/20260731_1653_image5.jpg,20260731,8
33_846_7,33,data/raw/20260804/20260804_1651_image3_rot60.jpg,20260804,4
34_295_4,34,data/raw/20260727/20260727_1710_image52_cup.jpg,20260727,17
34_872_4,34,data/raw/20260804/20260804_1654_image29_cup.jpg,20260804,9
24_1005_4,24,data/raw/20260804/20260804_1705_image162_cup.jpg,20260804,0
4_42_7,4,data/raw/20260715/20260715_1555_image21_rot60.jpg,20260715,9
48_1178_9,48,data/raw/20260804/20260804_1721_image335_sup.jpg,20260804,0
28_430_9,28,data/raw/20260727/20260727_1726_image187_sup.jpg,20260727,15
20_990_6,20,data/raw/20260804/20260804_1704_image147_rot45.jpg,20260804,3
2_92_6,2,data/raw/20260720/20260720_1503_image4_rot45.jpg,20260720,9
28_1048_6,28,data/raw/20260804/20260804_1711_image205_rot45.jpg,20260804,7
15_111_2,15,data/raw/20260722/20260722_1658_image16_bup.jpg,20260722,0
20_932_0,20,data/raw/20260804/20260804_1701_image89.jpg,20260804,3
14_747_3,14,data/raw/20260731/20260731_1710_image184_cdw.jpg,20260731,15
24_347_9,24,data/raw/20260727/20260727_1713_image104_sup.jpg,20260727,3
25_711_7,25,data/raw/20260731/20260731_1706_image148_rot60.jpg,20260731,0
47_753_5,47,data/raw/20260731/20260731_1710_image190_rot30.jpg,20260731,15
22_613_5,22,data/raw/20260731/20260731_1656_image50_rot30.jpg,20260731,13
3_33_0,3,data/raw/20260715/20260715_1554_image7.jpg,20260715,0
4_289_3,4,data/raw/20260727/20260727_1709_image46_cdw.jpg,20260727,0
49_978_4,49,data/raw/20260804/20260804_1703_image135_cup.jpg,20260804,17
52_1111_7,52,data/raw/20260804/20260804_1715_image268_rot60.jpg,20260804,10
36_365_3,36,data/raw/20260727/20260727_1717_image122_cdw.jpg,20260727,4
52_1114_1,52,data/raw/20260804/20260804_1716_image271_bdw.jpg,20260804,10
12_103_7,12,data/raw/20260722/20260722_1657_image7_rot60.jpg,20260722,16
34_299_2,34,data/raw/20260727/20260727_1710_image56_bup.jpg,20260727,17
39_465_6,39,data/raw/20260727/20260727_1730_image222_rot45.jpg,20260727,4
20_935_1,20,data/raw/20260804/20260804_1701_image92_bdw.jpg,20260804,3
9_651_3,9,data/raw/20260731/20260731_1700_image88_cdw.jpg,20260731,0
9_955_8,9,data/raw/20260804/20260804_1702_image112_sdw.jpg,20260804,0
53_1186_9,53,data/raw/20260804/20260804_1722_image343_sup.jpg,20260804,4
28_1047_9,28,data/raw/20260804/20260804_1711_image204_sup.jpg,20260804,7
20_990_5,20,data/raw/20260804/20260804_1704_image147_rot30.jpg,20260804,3
28_764_6,28,data/raw/20260731/20260731_1712_image201_rot45.jpg,20260731,11
34_882_4,34,data/raw/20260804/20260804_1654_image39_cup.jpg,20260804,9
4_147_2,4,data/raw/20260722/20260722_1743_image51_bup.jpg,20260722,2
31_527_3,31,data/raw/20260727/20260727_1738_image284_cdw.jpg,20260727,0
36_365_5,36,data/raw/20260727/20260727_1717_image122_rot30.jpg,20260727,4
45_915_4,45,data/raw/20260804/20260804_1659_image72_cup.jpg,20260804,7
28_783_9,28,data/raw/20260731/20260731_1713_image220_sup.jpg,20260731,11
50_1035_8,50,data/raw/20260804/20260804_1710_image192_sdw.jpg,20260804,15
20_993_6,20,data/raw/20260804/20260804_1704_image150_rot45.jpg,20260804,3
30_221_9,30,data/raw/20260722/20260722_1814_image125_sup.jpg,20260722,5
33_268_2,33,data/raw/20260727/20260727_1708_image24_bup.jpg,20260727,12
19_578_6,19,data/raw/20260731/20260731_1654_image15_rot45.jpg,20260731,0
50_1028_3,50,data/raw/20260804/20260804_1710_image185_cdw.jpg,20260804,15
2_89_5,2,data/raw/20260720/20260720_1503_image1_rot30.jpg,20260720,9
47_1096_3,47,data/raw/20260804/20260804_1714_image253_cdw.jpg,20260804,11
50_1038_4,50,data/raw/20260804/20260804_1711_image195_cup.jpg,20260804,15
52_1108_8,52,data/raw/20260804/20260804_1715_image265_sdw.jpg,20260804,10
20_332_0,20,data/raw/20260727/20260727_1712_image89.jpg,20260727,11
30_482_4,30,data/raw/20260727/20260727_1735_image239_cup.jpg,20260727,0
6_56_0,6,data/raw/20260715/20260715_1556_image35.jpg,20260715,5
1_11_6,1,data/raw/20260712/20260712_0855_image7_rot45.jpg,20260712,3
34_608_0,34,data/raw/20260731/20260731_1656_image45.jpg,20260731,13
28_765_4,28,data/raw/20260731/20260731_1712_image202_cup.jpg,20260731,11
33_272_7,33,data/raw/20260727/20260727_1708_image28_rot60.jpg,20260727,12
50_1029_5,50,data/raw/20260804/20260804_1710_image186_rot30.jpg,20260804,15
1_5_3,1,data/raw/20260712/20260712_0854_image5_cdw.jpg,20260712,3
2_551_5,2,data/raw/20260729/20260729_1700_image18_rot30.jpg,20260729,0
49_962_0,49,data/raw/20260804/20260804_1702_image119.jpg,20260804,17
19_578_5,19,data/raw/20260731/20260731_1654_image15_rot30.jpg,20260731,0
42_840_5,42,data/raw/20260731/20260731_1718_image278_rot30.jpg,20260731,5
51_1081_5,51,data/raw/20260804/20260804_1713_image238_rot30.jpg,20260804,0
2_237_2,2,data/raw/20260726/20260726_1336_image3_bup.jpg,20260726,3
43_1212_8,43,data/raw/20260804/20260804_1723_image369_sdw.jpg,20260804,0
1_13_5,1,data/raw/20260712/20260712_0855_image9_rot30.jpg,20260712,3
9_315_4,9,data/raw/20260727/20260727_1711_image72_cup.jpg,20260727,4
25_707_8,25,data/raw/20260731/20260731_1705_image144_sdw.jpg,20260731,0
33_274_1,33,data/raw/20260727/20260727_1708_image30_bdw.jpg,20260727,12
33_572_0,33,data/raw/20260731/20260731_1653_image9.jpg,20260731,8
28_776_6,28,data/raw/20260731/20260731_1712_image213_rot45.jpg,20260731,11
2_15_3,2,data/raw/20260714/20260714_1016_image2_cdw.jpg,20260714,15
6_59_7,6,data/raw/20260715/20260715_1556_image38_rot60.jpg,20260715,5
14_747_6,14,data/raw/20260731/20260731_1710_image184_rot45.jpg,20260731,15
39_727_8,39,data/raw/20260731/20260731_1707_image164_sdw.jpg,20260731,0
20_991_9,20,data/raw/20260804/20260804_1704_image148_sup.jpg,20260804,3
31_529_0,31,data/raw/20260727/20260727_1738_image286.jpg,20260727,0
20_991_8,20,data/raw/20260804/20260804_1704_image148_sdw.jpg,20260804,3
30_217_6,30,data/raw/20260722/20260722_1813_image121_rot45.jpg,20260722,5
19_892_7,19,data/raw/20260804/20260804_1655_image49_rot60.jpg,20260804,0
33_272_9,33,data/raw/20260727/20260727_1708_image28_sup.jpg,20260727,12
28_431_8,28,data/raw/20260727/20260727_1726_image188_sdw.jpg,20260727,15
42_1214_6,42,data/raw/20260804/20260804_1723_image371_rot45.jpg,20260804,1
2_249_2,2,data/raw/20260727/20260727_1555_image5_bup.jpg,20260727,2
49_975_5,49,data/raw/20260804/20260804_1703_image132_rot30.jpg,20260804,17
33_570_3,33,data/raw/20260731/20260731_1653_image7_cdw.jpg,20260731,8
50_1021_8,50,data/raw/20260804/20260804_1710_image178_sdw.jpg,20260804,15
48_1174_1,48,data/raw/20260804/20260804_1721_image331_bdw.jpg,20260804,0
50_1019_6,50,data/raw/20260804/20260804_1710_image176_rot45.jpg,20260804,15
28_1054_2,28,data/raw/20260804/20260804_1711_image211_bup.jpg,20260804,7
14_748_0,14,data/raw/20260731/20260731_1710_image185.jpg,20260731,15
6_59_5,6,data/raw/20260715/20260715_1556_image38_rot30.jpg,20260715,5
2_549_1,2,data/raw/20260729/20260729_1700_image16_bdw.jpg,20260729,0
2_244_7,2,data/raw/20260726/20260726_1337_image10_rot60.jpg,20260726,3
34_883_8,34,data/raw/20260804/20260804_1654_image40_sdw.jpg,20260804,9
18_259_1,18,data/raw/20260727/20260727_1707_image15_bdw.jpg,20260727,0
36_363_4,36,data/raw/20260727/20260727_1717_image120_cup.jpg,20260727,4
2_552_9,2,data/raw/20260729/20260729_1700_image19_sup.jpg,20260729,0
34_597_0,34,data/raw/20260731/20260731_1655_image34.jpg,20260731,13
22_865_4,22,data/raw/20260804/20260804_1653_image22_cup.jpg,20260804,9
25_701_5,25,data/raw/20260731/20260731_1705_image138_rot30.jpg,20260731,0
52_1104_8,52,data/raw/20260804/20260804_1715_image261_sdw.jpg,20260804,10
50_1036_9,50,data/raw/20260804/20260804_1710_image193_sup.jpg,20260804,15
29_1069_9,29,data/raw/20260804/20260804_1712_image226_sup.jpg,20260804,0
4_290_2,4,data/raw/20260727/20260727_1709_image47_bup.jpg,20260727,0
8_161_6,8,data/raw/20260722/20260722_1744_image65_rot45.jpg,20260722,0
25_187_2,25,data/raw/20260722/20260722_1802_image91_bup.jpg,20260722,9
2_557_4,2,data/raw/20260729/20260729_1700_image24_cup.jpg,20260729,0
43_811_0,43,data/raw/20260731/20260731_1716_image249.jpg,20260731,0
38_1154_6,38,data/raw/20260804/20260804_1718_image311_rot45.jpg,20260804,7
48_800_4,48,data/raw/20260731/20260731_1715_image238_cup.jpg,20260731,4
8_62_8,8,data/raw/20260715/20260715_1557_image41_sdw.jpg,20260715,0
44_523_3,44,data/raw/20260727/20260727_1738_image280_cdw.jpg,20260727,15
22_374_9,22,data/raw/20260727/20260727_1718_image131_sup.jpg,20260727,17
33_276_4,33,data/raw/20260727/20260727_1708_image32_cup.jpg,20260727,12
28_1063_9,28,data/raw/20260804/20260804_1712_image220_sup.jpg,20260804,7
28_766_1,28,data/raw/20260731/20260731_1712_image203_bdw.jpg,20260731,11
28_784_2,28,data/raw/20260731/20260731_1713_image221_bup.jpg,20260731,11
18_134_7,18,data/raw/20260722/20260722_1742_image38_rot60.jpg,20260722,5
42_836_1,42,data/raw/20260731/20260731_1717_image274_bdw.jpg,20260731,5
30_222_5,30,data/raw/20260722/20260722_1814_image126_rot30.jpg,20260722,5
4_279_1,4,data/raw/20260727/20260727_1709_image36_bdw.jpg,20260727,0
36_355_8,36,data/raw/20260727/20260727_1716_image112_sdw.jpg,20260727,4
9_649_9,9,data/raw/20260731/20260731_1659_image86_sup.jpg,20260731,0
33_264_6,33,data/raw/20260727/20260727_1707_image20_rot45.jpg,20260727,12
38_717_6,38,data/raw/20260731/20260731_1706_image154_rot45.jpg,20260731,11
26_192_1,26,data/raw/20260722/20260722_1802_image96_bdw.jpg,20260722,5
4_35_1,4,data/raw/20260715/20260715_1554_image9_bdw.jpg,20260715,9
47_1098_4,47,data/raw/20260804/20260804_1714_image255_cup.jpg,20260804,11
50_1019_4,50,data/raw/20260804/20260804_1710_image176_cup.jpg,20260804,15
14_441_8,14,data/raw/20260727/20260727_1727_image198_sdw.jpg,20260727,4
9_319_9,9,data/raw/20260727/20260727_1711_image76_sup.jpg,20260727,4
22_374_2,22,data/raw/20260727/20260727_1718_image131_bup.jpg,20260727,17
1_2_0,1,data/raw/20260712/20260712_0854_image2.jpg,20260712,3
4_44_5,4,data/raw/20260715/20260715_1555_image23_rot30.jpg,20260715,9
12_101_9,12,data/raw/20260722/20260722_1656_image5_sup.jpg,20260722,16
44_517_3,44,data/raw/20260727/20260727_1737_image274_cdw.jpg,20260727,15
5_139_7,5,data/raw/20260722/20260722_1742_image43_rot60.jpg,20260722,5
28_201_8,28,data/raw/20260722/20260722_1803_image106_sdw.jpg,20260722,20
5_142_6,5,data/raw/20260722/20260722_1743_image46_rot45.jpg,20260722,5
25_706_4,25,data/raw/20260731/20260731_1705_image143_cup.jpg,20260731,0
38_1137_0,38,data/raw/20260804/20260804_1717_image294.jpg,20260804,7
38_1123_2,38,data/raw/20260804/20260804_1716_image280_bup.jpg,20260804,7
24_348_2,24,data/raw/20260727/20260727_1713_image105_bup.jpg,20260727,3
28_1050_7,28,data/raw/20260804/20260804_1711_image207_rot60.jpg,20260804,7
31_529_4,31,data/raw/20260727/20260727_1738_image286_cup.jpg,20260727,0
47_1102_8,47,data/raw/20260804/20260804_1714_image259_sdw.jpg,20260804,11
20_678_6,20,data/raw/20260731/20260731_1701_image115_rot45.jpg,20260731,7
38_1121_1,38,data/raw/20260804/20260804_1716_image278_bdw.jpg,20260804,7
28_1053_8,28,data/raw/20260804/20260804_1711_image210_sdw.jpg,20260804,7
26_388_3,26,data/raw/20260727/20260727_1722_image145_cdw.jpg,20260727,0
34_598_5,34,data/raw/20260731/20260731_1655_image35_rot30.jpg,20260731,13
42_834_1,42,data/raw/20260731/20260731_1717_image272_bdw.jpg,20260731,5
5_283_1,5,data/raw/20260727/20260727_1709_image40_bdw.jpg,20260727,0
20_986_9,20,data/raw/20260804/20260804_1704_image143_sup.jpg,20260804,3
39_473_2,39,data/raw/20260727/20260727_1731_image230_bup.jpg,20260727,4
34_888_9,34,data/raw/20260804/20260804_1654_image45_sup.jpg,20260804,9
28_773_3,28,data/raw/20260731/20260731_1712_image210_cdw.jpg,20260731,11
2_236_1,2,data/raw/20260726/20260726_1336_image2_bdw.jpg,20260726,3
37_921_4,37,data/raw/20260804/20260804_1659_image78_cup.jpg,20260804,0
37_617_9,37,data/raw/20260731/20260731_1656_image54_sup.jpg,20260731,4
34_882_3,34,data/raw/20260804/20260804_1654_image39_cdw.jpg,20260804,9
20_352_7,20,data/raw/20260727/20260727_1714_image109_rot60.jpg,20260727,11
2_541_8,2,data/raw/20260729/20260729_1659_image8_sdw.jpg,20260729,0
30_215_7,30,data/raw/20260722/20260722_1813_image119_rot60.jpg,20260722,5
22_869_4,22,data/raw/20260804/20260804_1653_image26_cup.jpg,20260804,9
33_571_7,33,data/raw/20260731/20260731_1653_image8_rot60.jpg,20260731,8
19_377_3,19,data/raw/20260727/20260727_1720_image134_cdw.jpg,20260727,4
38_1136_4,38,data/raw/20260804/20260804_1717_image293_cup.jpg,20260804,7
42_497_4,42,data/raw/20260727/20260727_1736_image254_cup.jpg,20260727,9
50_1023_4,50,data/raw/20260804/20260804_1710_image180_cup.jpg,20260804,15
38_723_7,38,data/raw/20260731/20260731_1706_image160_rot60.jpg,20260731,11
20_167_8,20,data/raw/20260722/20260722_1744_image71_sdw.jpg,20260722,16
24_684_7,24,data/raw/20260731/20260731_1702_image121_rot60.jpg,20260731,0
14_438_8,14,data/raw/20260727/20260727_1727_image195_sdw.jpg,20260727,4
50_1018_2,50,data/raw/20260804/20260804_1710_image175_bup.jpg,20260804,15
29_790_8,29,data/raw/20260731/20260731_1713_image227_sdw.jpg,20260731,0
20_681_2,20,data/raw/20260731/20260731_1701_image118_bup.jpg,20260731,7
2_14_1,2,data/raw/20260714/20260714_1016_image1_bdw.jpg,20260714,15
2_545_8,2,data/raw/20260729/20260729_1659_image12_sdw.jpg,20260729,0
2_256_5,2,data/raw/20260727/20260727_1556_image12_rot30.jpg,20260727,2
14_746_2,14,data/raw/20260731/20260731_1710_image183_bup.jpg,20260731,15
35_324_5,35,data/raw/20260727/20260727_1712_image81_rot30.jpg,20260727,22
39_1156_7,39,data/raw/20260804/20260804_1719_image313_rot60.jpg,20260804,0
42_832_9,42,data/raw/20260731/20260731_1717_image270_sup.jpg,20260731,5
53_1187_6,53,data/raw/20260804/20260804_1722_image344_rot45.jpg,20260804,4
28_198_6,28,data/raw/20260722/20260722_1803_image103_rot45.jpg,20260722,20
53_1192_1,53,data/raw/20260804/20260804_1722_image349_bdw.jpg,20260804,4
39_1166_9,39,data/raw/20260804/20260804_1719_image323_sup.jpg,20260804,0
19_307_6,19,data/raw/20260727/20260727_1710_image64_rot45.jpg,20260727,4
2_556_4,2,data/raw/20260729/20260729_1700_image23_cup.jpg,20260729,0
7_52_5,7,data/raw/20260715/20260715_1556_image31_rot30.jpg,20260715,0
9_954_7,9,data/raw/20260804/20260804_1702_image111_rot60.jpg,20260804,0
38_400_9,38,data/raw/20260727/20260727_1723_image157_sup.jpg,20260727,15
20_990_8,20,data/raw/20260804/20260804_1704_image147_sdw.jpg,20260804,3
24_346_0,24,data/raw/20260727/20260727_1713_image103.jpg,20260727,3
50_1036_6,50,data/raw/20260804/20260804_1710_image193_rot45.jpg,20260804,15
25_705_1,25,data/raw/20260731/20260731_1705_image142_bdw.jpg,20260731,0
42_833_5,42,data/raw/20260731/20260731_1717_image271_rot30.jpg,20260731,5
47_756_9,47,data/raw/20260731/20260731_1711_image193_sup.jpg,20260731,15
28_421_4,28,data/raw/20260727/20260727_1725_image178_cup.jpg,20260727,15
42_494_5,42,data/raw/20260727/20260727_1736_image251_rot30.jpg,20260727,9
20_668_9,20,data/raw/20260731/20260731_1701_image105_sup.jpg,20260731,7
49_971_3,49,data/raw/20260804/20260804_1703_image128_cdw.jpg,20260804,17
29_1071_0,29,data/raw/20260804/20260804_1712_image228.jpg,20260804,0
9_651_2,9,data/raw/20260731/20260731_1700_image88_bup.jpg,20260731,0
20_931_1,20,data/raw/20260804/20260804_1701_image88_bdw.jpg,20260804,3
49_974_2,49,data/raw/20260804/20260804_1703_image131_bup.jpg,20260804,17
38_1120_1,38,data/raw/20260804/20260804_1716_image277_bdw.jpg,20260804,7
39_477_2,39,data/raw/20260727/20260727_1733_image234_bup.jpg,20260727,4
47_1091_7,47,data/raw/20260804/20260804_1713_image248_rot60.jpg,20260804,11
2_254_9,2,data/raw/20260727/20260727_1555_image10_sup.jpg,20260727,2
25_1150_4,25,data/raw/20260804/20260804_1718_image307_cup.jpg,20260804,0
45_641_2,45,data/raw/20260731/20260731_1658_image78_bup.jpg,20260731,11
3_78_1,3,data/raw/20260715/20260715_1559_image57_bdw.jpg,20260715,0
18_259_5,18,data/raw/20260727/20260727_1707_image15_rot30.jpg,20260727,0
38_1134_4,38,data/raw/20260804/20260804_1717_image291_cup.jpg,20260804,7
28_785_9,28,data/raw/20260731/20260731_1713_image222_sup.jpg,20260731,11
42_830_6,42,data/raw/20260731/20260731_1717_image268_rot45.jpg,20260731,5
33_567_0,33,data/raw/20260731/20260731_1653_image4.jpg,20260731,8
43_1201_6,43,data/raw/20260804/20260804_1722_image358_rot45.jpg,20260804,0
20_668_3,20,data/raw/20260731/20260731_1701_image105_cdw.jpg,20260731,7
19_309_7,19,data/raw/20260727/20260727_1710_image66_rot60.jpg,20260727,4
9_319_8,9,data/raw/20260727/20260727_1711_image76_sdw.jpg,20260727,4
50_1023_6,50,data/raw/20260804/20260804_1710_image180_rot45.jpg,20260804,15
9_316_0,9,data/raw/20260727/20260727_1711_image73.jpg,20260727,4
13_105_2,13,data/raw/20260722/20260722_1658_image10_bup.jpg,20260722,8
45_902_5,45,data/raw/20260804/20260804_1657_image59_rot30.jpg,20260804,7
19_377_5,19,data/raw/20260727/20260727_1720_image134_rot30.jpg,20260727,4
24_354_8,24,data/raw/20260727/20260727_1714_image111_sdw.jpg,20260727,3
42_1224_6,42,data/raw/20260804/20260804_1724_image381_rot45.jpg,20260804,1
29_794_5,29,data/raw/20260731/20260731_1714_image231_rot30.jpg,20260731,0
45_902_3,45,data/raw/20260804/20260804_1657_image59_cdw.jpg,20260804,7
53_1183_2,53,data/raw/20260804/20260804_1721_image340_bup.jpg,20260804,4
31_530_5,31,data/raw/20260727/20260727_1738_image287_rot30.jpg,20260727,0
39_465_7,39,data/raw/20260727/20260727_1730_image222_rot60.jpg,20260727,4
48_1175_9,48,data/raw/20260804/20260804_1721_image332_sup.jpg,20260804,0
42_494_7,42,data/raw/20260727/20260727_1736_image251_rot60.jpg,20260727,9
33_574_6,33,data/raw/20260731/20260731_1653_image11_rot45.jpg,20260731,8
28_418_3,28,data/raw/20260727/20260727_1725_image175_cdw.jpg,20260727,15
2_560_1,2,data/raw/20260729/20260729_1701_image27_bdw.jpg,20260729,0
38_717_8,38,data/raw/20260731/20260731_1706_image154_sdw.jpg,20260731,11
43_512_0,43,data/raw/20260727/20260727_1737_image269.jpg,20260727,2
43_511_9,43,data/raw/20260727/20260727_1737_image268_sup.jpg,20260727,2
17_129_6,17,data/raw/20260722/20260722_1703_image33_rot45.jpg,20260722,17
34_602_2,34,data/raw/20260731/20260731_1655_image39_bup.jpg,20260731,13
7_53_8,7,data/raw/20260715/20260715_1556_image32_sdw.jpg,20260715,0
22_373_2,22,data/raw/20260727/20260727_1718_image130_bup.jpg,20260727,17
20_994_4,20,data/raw/20260804/20260804_1704_image151_cup.jpg,20260804,3
14_743_4,14,data/raw/20260731/20260731_1709_image180_cup.jpg,20260731,15
33_268_7,33,data/raw/20260727/20260727_1708_image24_rot60.jpg,20260727,12
3_31_2,3,data/raw/20260715/20260715_1554_image5_bup.jpg,20260715,0
12_100_2,12,data/raw/20260722/20260722_1656_image4_bup.jpg,20260722,16
39_450_2,39,data/raw/20260727/20260727_1730_image207_bup.jpg,20260727,4
8_60_8,8,data/raw/20260715/20260715_1556_image39_sdw.jpg,20260715,0
37_627_9,37,data/raw/20260731/20260731_1657_image64_sup.jpg,20260731,4
49_967_5,49,data/raw/20260804/20260804_1703_image124_rot30.jpg,20260804,17
45_914_8,45,data/raw/20260804/20260804_1659_image71_sdw.jpg,20260804,7
2_233_3,2,data/raw/20260725/20260725_1759_image5_cdw.jpg,20260725,4
34_607_6,34,data/raw/20260731/20260731_1656_image44_rot45.jpg,20260731,13
31_526_8,31,data/raw/20260727/20260727_1738_image283_sdw.jpg,20260727,0
28_781_4,28,data/raw/20260731/20260731_1713_image218_cup.jpg,20260731,11
25_1141_0,25,data/raw/20260804/20260804_1717_image298.jpg,20260804,0
19_582_9,19,data/raw/20260731/20260731_1654_image19_sup.jpg,20260731,0
37_626_5,37,data/raw/20260731/20260731_1657_image63_rot30.jpg,20260731,4
43_1208_9,43,data/raw/20260804/20260804_1723_image365_sup.jpg,20260804,0
43_510_8,43,data/raw/20260727/20260727_1737_image267_sdw.jpg,20260727,2
45_915_6,45,data/raw/20260804/20260804_1659_image72_rot45.jpg,20260804,7
28_778_6,28,data/raw/20260731/20260731_1713_image215_rot45.jpg,20260731,11
11_85_1,11,data/raw/20260715/20260715_1600_image64_bdw.jpg,20260715,4
32_209_3,32,data/raw/20260722/20260722_1807_image113_cdw.jpg,20260722,12
2_244_0,2,data/raw/20260726/20260726_1337_image10.jpg,20260726,3
25_1144_9,25,data/raw/20260804/20260804_1717_image301_sup.jpg,20260804,0
24_1009_3,24,data/raw/20260804/20260804_1705_image166_cdw.jpg,20260804,0
52_1109_2,52,data/raw/20260804/20260804_1715_image266_bup.jpg,20260804,10
20_337_9,20,data/raw/20260727/20260727_1712_image94_sup.jpg,20260727,11
18_263_4,18,data/raw/20260727/20260727_1707_image19_cup.jpg,20260727,0
2_253_1,2,data/raw/20260727/20260727_1555_image9_bdw.jpg,20260727,2
1_2_3,1,data/raw/20260712/20260712_0854_image2_cdw.jpg,20260712,3
53_1195_5,53,data/raw/20260804/20260804_1722_image352_rot30.jpg,20260804,4
50_1029_9,50,data/raw/20260804/20260804_1710_image186_sup.jpg,20260804,15
39_735_8,39,data/raw/20260731/20260731_1708_image172_sdw.jpg,20260731,0
32_210_9,32,data/raw/20260722/20260722_1808_image114_sup.jpg,20260722,12
39_1155_8,39,data/raw/20260804/20260804_1719_image312_sdw.jpg,20260804,0
9_317_6,9,data/raw/20260727/20260727_1711_image74_rot45.jpg,20260727,4
44_524_1,44,data/raw/20260727/20260727_1738_image281_bdw.jpg,20260727,15
39_475_8,39,data/raw/20260727/20260727_1733_image232_sdw.jpg,20260727,4
2_89_4,2,data/raw/20260720/20260720_1503_image1_cup.jpg,20260720,9
36_363_7,36,data/raw/20260727/20260727_1717_image120_rot60.jpg,20260727,4
20_938_9,20,data/raw/20260804/20260804_1701_image95_sup.jpg,20260804,3
43_510_1,43,data/raw/20260727/20260727_1737_image267_bdw.jpg,20260727,2
42_1214_7,42,data/raw/20260804/20260804_1723_image371_rot60.jpg,20260804,1
49_974_8,49,data/raw/20260804/20260804_1703_image131_sdw.jpg,20260804,17
4_292_2,4,data/raw/20260727/20260727_1709_image49_bup.jpg,20260727,0
47_1091_5,47,data/raw/20260804/20260804_1713_image248_rot30.jpg,20260804,11
37_922_8,37,data/raw/20260804/20260804_1659_image79_sdw.jpg,20260804,0
26_194_0,26,data/raw/20260722/20260722_1802_image98.jpg,20260722,5
28_198_0,28,data/raw/20260722/20260722_1803_image103.jpg,20260722,20
19_379_8,19,data/raw/20260727/20260727_1720_image136_sdw.jpg,20260727,4
12_103_3,12,data/raw/20260722/20260722_1657_image7_cdw.jpg,20260722,16
22_373_7,22,data/raw/20260727/20260727_1718_image130_rot60.jpg,20260727,17
37_625_0,37,data/raw/20260731/20260731_1657_image62.jpg,20260731,4
47_751_6,47,data/raw/20260731/20260731_1710_image188_rot45.jpg,20260731,15
19_579_1,19,data/raw/20260731/20260731_1654_image16_bdw.jpg,20260731,0
38_399_8,38,data/raw/20260727/20260727_1723_image156_sdw.jpg,20260727,15
5_286_5,5,data/raw/20260727/20260727_1709_image43_rot30.jpg,20260727,0
38_725_6,38,data/raw/20260731/20260731_1707_image162_rot45.jpg,20260731,11
30_487_5,30,data/raw/20260727/20260727_1735_image244_rot30.jpg,20260727,0
26_190_5,26,data/raw/20260722/20260722_1802_image94_rot30.jpg,20260722,5
46_693_2,46,data/raw/20260731/20260731_1703_image130_bup.jpg,20260731,2
43_1198_8,43,data/raw/20260804/20260804_1722_image355_sdw.jpg,20260804,0
28_1060_4,28,data/raw/20260804/20260804_1711_image217_cup.jpg,20260804,7
20_331_0,20,data/raw/20260727/20260727_1712_image88.jpg,20260727,11
7_47_7,7,data/raw/20260715/20260715_1555_image26_rot60.jpg,20260715,0
20_681_5,20,data/raw/20260731/20260731_1701_image118_rot30.jpg,20260731,7
9_156_3,9,data/raw/20260722/20260722_1743_image60_cdw.jpg,20260722,9
2_235_5,2,data/raw/20260726/20260726_1336_image1_rot30.jpg,20260726,3
51_1088_1,51,data/raw/20260804/20260804_1713_image245_bdw.jpg,20260804,0
33_849_0,33,data/raw/20260804/20260804_1651_image6.jpg,20260804,4
26_387_2,26,data/raw/20260727/20260727_1722_image144_bup.jpg,20260727,0
30_487_1,30,data/raw/20260727/20260727_1735_image244_bdw.jpg,20260727,0
47_1100_9,47,data/raw/20260804/20260804_1714_image257_sup.jpg,20260804,11
28_786_2,28,data/raw/20260731/20260731_1713_image223_bup.jpg,20260731,11
46_695_7,46,data/raw/20260731/20260731_1703_image132_rot60.jpg,20260731,2
44_521_3,44,data/raw/20260727/20260727_1737_image278_cdw.jpg,20260727,15
38_716_9,38,data/raw/20260731/20260731_1706_image153_sup.jpg,20260731,11
4_281_7,4,data/raw/20260727/20260727_1709_image38_rot60.jpg,20260727,0
38_718_3,38,data/raw/20260731/20260731_1706_image155_cdw.jpg,20260731,11
9_319_0,9,data/raw/20260727/20260727_1711_image76.jpg,20260727,4
34_875_0,34,data/raw/20260804/20260804_1654_image32.jpg,20260804,9
28_784_4,28,data/raw/20260731/20260731_1713_image221_cup.jpg,20260731,11
28_773_6,28,data/raw/20260731/20260731_1712_image210_rot45.jpg,20260731,11
3_31_1,3,data/raw/20260715/20260715_1554_image5_bdw.jpg,20260715,0
2_21_5,2,data/raw/20260714/20260714_1017_image8_rot30.jpg,20260714,15
33_854_8,33,data/raw/20260804/20260804_1651_image11_sdw.jpg,20260804,4
40_741_7,40,data/raw/20260731/20260731_1709_image178_rot60.jpg,20260731,2
5_283_3,5,data/raw/20260727/20260727_1709_image40_cdw.jpg,20260727,0
28_767_5,28,data/raw/20260731/20260731_1712_image204_rot30.jpg,20260731,11
25_707_6,25,data/raw/20260731/20260731_1705_image144_rot45.jpg,20260731,0
36_365_2,36,data/raw/20260727/20260727_1717_image122_bup.jpg,20260727,4
45_642_2,45,data/raw/20260731/20260731_1659_image79_bup.jpg,20260731,11
1_3_9,1,data/raw/20260712/20260712_0854_image3_sup.jpg,20260712,3
28_421_7,28,data/raw/20260727/20260727_1725_image178_rot60.jpg,20260727,15
34_594_7,34,data/raw/20260731/20260731_1655_image31_rot60.jpg,20260731,13
20_991_1,20,data/raw/20260804/20260804_1704_image148_bdw.jpg,20260804,3
19_306_6,19,data/raw/20260727/20260727_1710_image63_rot45.jpg,20260727,4
39_463_3,39,data/raw/20260727/20260727_1730_image220_cdw.jpg,20260727,4
43_508_3,43,data/raw/20260727/20260727_1737_image265_cdw.jpg,20260727,2
40_736_0,40,data/raw/20260731/20260731_1708_image173.jpg,20260731,2
2_538_9,2,data/raw/20260729/20260729_1659_image5_sup.jpg,20260729,0
49_966_8,49,data/raw/20260804/20260804_1703_image123_sdw.jpg,20260804,17
4_291_0,4,data/raw/20260727/20260727_1709_image48.jpg,20260727,0
48_809_8,48,data/raw/20260731/20260731_1716_image247_sdw.jpg,20260731,4
2_229_5,2,data/raw/20260725/20260725_1759_image1_rot30.jpg,20260725,4
37_633_2,37,data/raw/20260731/20260731_1658_image70_bup.jpg,20260731,4
37_922_3,37,data/raw/20260804/20260804_1659_image79_cdw.jpg,20260804,0
33_276_0,33,data/raw/20260727/20260727_1708_image32.jpg,20260727,12
41_481_7,41,data/raw/20260727/20260727_1734_image238_rot60.jpg,20260727,15
47_1097_7,47,data/raw/20260804/20260804_1714_image254_rot60.jpg,20260804,11
37_622_6,37,data/raw/20260731/20260731_1657_image59_rot45.jpg,20260731,4
37_617_2,37,data/raw/20260731/20260731_1656_image54_bup.jpg,20260731,4
10_82_0,10,data/raw/20260715/20260715_1600_image61.jpg,20260715,5
47_1095_5,47,data/raw/20260804/20260804_1714_image252_rot30.jpg,20260804,11
28_421_9,28,data/raw/20260727/20260727_1725_image178_sup.jpg,20260727,15
4_146_8,4,data/raw/20260722/20260722_1743_image50_sdw.jpg,20260722,2
42_1216_1,42,data/raw/20260804/20260804_1723_image373_bdw.jpg,20260804,1
2_245_9,2,data/raw/20260727/20260727_1555_image1_sup.jpg,20260727,2
39_459_0,39,data/raw/20260727/20260727_1730_image216.jpg,20260727,4
20_664_9,20,data/raw/20260731/20260731_1700_image101_sup.jpg,20260731,7
2_536_4,2,data/raw/20260729/20260729_1659_image3_cup.jpg,20260729,0
33_272_4,33,data/raw/20260727/20260727_1708_image28_cup.jpg,20260727,12
24_1005_7,24,data/raw/20260804/20260804_1705_image162_rot60.jpg,20260804,0
43_506_2,43,data/raw/20260727/20260727_1736_image263_bup.jpg,20260727,2
26_392_8,26,data/raw/20260727/20260727_1722_image149_sdw.jpg,20260727,0
19_580_0,19,data/raw/20260731/20260731_1654_image17.jpg,20260731,0
2_544_3,2,data/raw/20260729/20260729_1659_image11_cdw.jpg,20260729,0
38_1127_9,38,data/raw/20260804/20260804_1716_image284_sup.jpg,20260804,7
16_114_8,16,data/raw/20260722/20260722_1659_image18_sdw.jpg,20260722,8
26_387_4,26,data/raw/20260727/20260727_1722_image144_cup.jpg,20260727,0
18_260_2,18,data/raw/20260727/20260727_1707_image16_bup.jpg,20260727,0
19_377_1,19,data/raw/20260727/20260727_1720_image134_bdw.jpg,20260727,4
18_258_1,18,data/raw/20260727/20260727_1707_image14_bdw.jpg,20260727,0
42_1220_2,42,data/raw/20260804/20260804_1724_image377_bup.jpg,20260804,1
43_1213_4,43,data/raw/20260804/20260804_1723_image370_cup.jpg,20260804,0
44_514_6,44,data/raw/20260727/20260727_1737_image271_rot45.jpg,20260727,15
39_461_2,39,data/raw/20260727/20260727_1730_image218_bup.jpg,20260727,4
36_365_6,36,data/raw/20260727/20260727_1717_image122_rot45.jpg,20260727,4
46_695_1,46,data/raw/20260731/20260731_1703_image132_bdw.jpg,20260731,2
20_998_7,20,data/raw/20260804/20260804_1704_image155_rot60.jpg,20260804,3
47_758_6,47,data/raw/20260731/20260731_1711_image195_rot45.jpg,20260731,15
24_343_8,24,data/raw/20260727/20260727_1713_image100_sdw.jpg,20260727,3
46_692_3,46,data/raw/20260731/20260731_1703_image129_cdw.jpg,20260731,2
33_271_8,33,data/raw/20260727/20260727_1708_image27_sdw.jpg,20260727,12
4_291_4,4,data/raw/20260727/20260727_1709_image48_cup.jpg,20260727,0
25_710_4,25,data/raw/20260731/20260731_1706_image147_cup.jpg,20260731,0
39_456_3,39,data/raw/20260727/20260727_1730_image213_cdw.jpg,20260727,4
9_653_6,9,data/raw/20260731/20260731_1700_image90_rot45.jpg,20260731,0
38_1122_5,38,data/raw/20260804/20260804_1716_image279_rot30.jpg,20260804,7
46_700_2,46,data/raw/20260731/20260731_1703_image137_bup.jpg,20260731,2
19_578_9,19,data/raw/20260731/20260731_1654_image15_sup.jpg,20260731,0
2_232_5,2,data/raw/20260725/20260725_1759_image4_rot30.jpg,20260725,4
14_745_0,14,data/raw/20260731/20260731_1709_image182.jpg,20260731,15
51_1088_3,51,data/raw/20260804/20260804_1713_image245_cdw.jpg,20260804,0
2_552_6,2,data/raw/20260729/20260729_1700_image19_rot45.jpg,20260729,0
19_898_7,19,data/raw/20260804/20260804_1655_image55_rot60.jpg,20260804,0
9_74_2,9,data/raw/20260715/20260715_1558_image53_bup.jpg,20260715,16
42_843_8,42,data/raw/20260731/20260731_1718_image281_sdw.jpg,20260731,5
37_921_6,37,data/raw/20260804/20260804_1659_image78_rot45.jpg,20260804,0
24_1003_7,24,data/raw/20260804/20260804_1705_image160_rot60.jpg,20260804,0
38_1120_9,38,data/raw/20260804/20260804_1716_image277_sup.jpg,20260804,7
33_266_6,33,data/raw/20260727/20260727_1707_image22_rot45.jpg,20260727,12
37_926_5,37,data/raw/20260804/20260804_1659_image83_rot30.jpg,20260804,0
29_1079_7,29,data/raw/20260804/20260804_1713_image236_rot60.jpg,20260804,0
20_996_6,20,data/raw/20260804/20260804_1704_image153_rot45.jpg,20260804,3
47_1101_3,47,data/raw/20260804/20260804_1714_image258_cdw.jpg,20260804,11
8_157_7,8,data/raw/20260722/20260722_1743_image61_rot60.jpg,20260722,0
19_304_3,19,data/raw/20260727/20260727_1710_image61_cdw.jpg,20260727,4
2_545_0,2,data/raw/20260729/20260729_1659_image12.jpg,20260729,0
22_615_2,22,data/raw/20260731/20260731_1656_image52_bup.jpg,20260731,13
43_1199_3,43,data/raw/20260804/20260804_1722_image356_cdw.jpg,20260804,0
20_989_7,20,data/raw/20260804/20260804_1704_image146_rot60.jpg,20260804,3
34_882_6,34,data/raw/20260804/20260804_1654_image39_rot45.jpg,20260804,9
42_837_9,42,data/raw/20260731/20260731_1718_image275_sup.jpg,20260731,5
24_339_9,24,data/raw/20260727/20260727_1713_image96_sup.jpg,20260727,3
43_813_7,43,data/raw/20260731/20260731_1716_image251_rot60.jpg,20260731,0
19_151_0,19,data/raw/20260722/20260722_1743_image55.jpg,20260722,9
42_841_9,42,data/raw/20260731/20260731_1718_image279_sup.jpg,20260731,5
5_135_1,5,data/raw/20260722/20260722_1742_image39_bdw.jpg,20260722,5
25_710_2,25,data/raw/20260731/20260731_1706_image147_bup.jpg,20260731,0
39_457_4,39,data/raw/20260727/20260727_1730_image214_cup.jpg,20260727,4
14_442_0,14,data/raw/20260727/20260727_1727_image199.jpg,20260727,4
8_157_8,8,data/raw/20260722/20260722_1743_image61_sdw.jpg,20260722,0
8_60_6,8,data/raw/20260715/20260715_1556_image39_rot45.jpg,20260715,0
50_1016_6,50,data/raw/20260804/20260804_1709_image173_rot45.jpg,20260804,15
30_221_7,30,data/raw/20260722/20260722_1814_image125_rot60.jpg,20260722,5
42_834_5,42,data/raw/20260731/20260731_1717_image272_rot30.jpg,20260731,5
31_526_9,31,data/raw/20260727/20260727_1738_image283_sup.jpg,20260727,0
28_778_7,28,data/raw/20260731/20260731_1713_image215_rot60.jpg,20260731,11
28_422_0,28,data/raw/20260727/20260727_1725_image179.jpg,20260727,15
28_1043_6,28,data/raw/20260804/20260804_1711_image200_rot45.jpg,20260804,7
29_417_8,29,data/raw/20260727/20260727_1725_image174_sdw.jpg,20260727,0
38_720_0,38,data/raw/20260731/20260731_1706_image157.jpg,20260731,11
28_201_4,28,data/raw/20260722/20260722_1803_image106_cup.jpg,20260722,20
45_916_2,45,data/raw/20260804/20260804_1659_image73_bup.jpg,20260804,7
49_970_8,49,data/raw/20260804/20260804_1703_image127_sdw.jpg,20260804,17
17_123_2,17,data/raw/20260722/20260722_1700_image27_bup.jpg,20260722,17
49_965_3,49,data/raw/20260804/20260804_1703_image122_cdw.jpg,20260804,17
9_657_6,9,data/raw/20260731/20260731_1700_image94_rot45.jpg,20260731,0
38_410_0,38,data/raw/20260727/20260727_1724_image167.jpg,20260727,15
22_864_3,22,data/raw/20260804/20260804_1653_image21_cdw.jpg,20260804,9
20_936_9,20,data/raw/20260804/20260804_1701_image93_sup.jpg,20260804,3
42_492_6,42,data/raw/20260727/20260727_1736_image249_rot45.jpg,20260727,9
3_28_2,3,data/raw/20260715/20260715_1554_image2_bup.jpg,20260715,0
2_555_2,2,data/raw/20260729/20260729_1700_image22_bup.jpg,20260729,0
48_1179_3,48,data/raw/20260804/20260804_1721_image336_cdw.jpg,20260804,0
29_1074_1,29,data/raw/20260804/20260804_1712_image231_bdw.jpg,20260804,0
49_974_6,49,data/raw/20260804/20260804_1703_image131_rot45.jpg,20260804,17
2_238_4,2,data/raw/20260726/20260726_1336_image4_cup.jpg,20260726,3
19_589_2,19,data/raw/20260731/20260731_1654_image26_bup.jpg,20260731,0
9_656_0,9,data/raw/20260731/20260731_1700_image93.jpg,20260731,0
35_325_1,35,data/raw/20260727/20260727_1712_image82_bdw.jpg,20260727,22
49_976_3,49,data/raw/20260804/20260804_1703_image133_cdw.jpg,20260804,17
46_698_5,46,data/raw/20260731/20260731_1703_image135_rot30.jpg,20260731,2
30_482_6,30,data/raw/20260727/20260727_1735_image239_rot45.jpg,20260727,0
50_1030_5,50,data/raw/20260804/20260804_1710_image187_rot30.jpg,20260804,15
40_467_9,40,data/raw/20260727/20260727_1731_image224_sup.jpg,20260727,6
1_12_3,1,data/raw/20260712/20260712_0855_image8_cdw.jpg,20260712,3
22_636_3,22,data/raw/20260731/20260731_1658_image73_cdw.jpg,20260731,13
52_1106_2,52,data/raw/20260804/20260804_1715_image263_bup.jpg,20260804,10
42_491_9,42,data/raw/20260727/20260727_1736_image248_sup.jpg,20260727,9
23_173_5,23,data/raw/20260722/20260722_1746_image77_rot30.jpg,20260722,11
43_823_5,43,data/raw/20260731/20260731_1717_image261_rot30.jpg,20260731,0
20_671_1,20,data/raw/20260731/20260731_1701_image108_bdw.jpg,20260731,7
9_322_6,9,data/raw/20260727/20260727_1711_image79_rot45.jpg,20260727,4
24_685_1,24,data/raw/20260731/20260731_1702_image122_bdw.jpg,20260731,0
37_922_1,37,data/raw/20260804/20260804_1659_image79_bdw.jpg,20260804,0
45_906_2,45,data/raw/20260804/20260804_1657_image63_bup.jpg,20260804,7
26_192_2,26,data/raw/20260722/20260722_1802_image96_bup.jpg,20260722,5
20_668_2,20,data/raw/20260731/20260731_1701_image105_bup.jpg,20260731,7
20_992_7,20,data/raw/20260804/20260804_1704_image149_rot60.jpg,20260804,3
35_327_9,35,data/raw/20260727/20260727_1712_image84_sup.jpg,20260727,22
47_758_1,47,data/raw/20260731/20260731_1711_image195_bdw.jpg,20260731,15
38_1128_3,38,data/raw/20260804/20260804_1716_image285_cdw.jpg,20260804,7
2_229_1,2,data/raw/20260725/20260725_1759_image1_bdw.jpg,20260725,4
39_478_4,39,data/raw/20260727/20260727_1733_image235_cup.jpg,20260727,4
50_1017_8,50,data/raw/20260804/20260804_1710_image174_sdw.jpg,20260804,15
33_850_1,33,data/raw/20260804/20260804_1651_image7_bdw.jpg,20260804,4
24_683_4,24,data/raw/20260731/20260731_1702_image120_cup.jpg,20260731,0
39_1162_9,39,data/raw/20260804/20260804_1719_image319_sup.jpg,20260804,0
16_116_8,16,data/raw/20260722/20260722_1659_image20_sdw.jpg,20260722,8
5_40_4,5,data/raw/20260715/20260715_1555_image19_cup.jpg,20260715,12
20_337_1,20,data/raw/20260727/20260727_1712_image94_bdw.jpg,20260727,11
13_108_5,13,data/raw/20260722/20260722_1658_image13_rot30.jpg,20260722,8
28_1055_2,28,data/raw/20260804/20260804_1711_image212_bup.jpg,20260804,7
12_103_0,12,data/raw/20260722/20260722_1657_image7.jpg,20260722,16
8_65_0,8,data/raw/20260715/20260715_1557_image44.jpg,20260715,0
28_1062_6,28,data/raw/20260804/20260804_1712_image219_rot45.jpg,20260804,7
43_510_6,43,data/raw/20260727/20260727_1737_image267_rot45.jpg,20260727,2
33_569_5,33,data/raw/20260731/20260731_1653_image6_rot30.jpg,20260731,8
24_1010_7,24,data/raw/20260804/20260804_1705_image167_rot60.jpg,20260804,0
38_723_5,38,data/raw/20260731/20260731_1706_image160_rot30.jpg,20260731,11
25_705_8,25,data/raw/20260731/20260731_1705_image142_sdw.jpg,20260731,0
33_846_1,33,data/raw/20260804/20260804_1651_image3_bdw.jpg,20260804,4
24_687_8,24,data/raw/20260731/20260731_1702_image124_sdw.jpg,20260731,0
22_172_7,22,data/raw/20260722/20260722_1746_image76_rot60.jpg,20260722,22
2_236_3,2,data/raw/20260726/20260726_1336_image2_cdw.jpg,20260726,3
46_696_7,46,data/raw/20260731/20260731_1703_image133_rot60.jpg,20260731,2
28_418_2,28,data/raw/20260727/20260727_1725_image175_bup.jpg,20260727,15
37_371_5,37,data/raw/20260727/20260727_1718_image128_rot30.jpg,20260727,8
39_446_4,39,data/raw/20260727/20260727_1730_image203_cup.jpg,20260727,4
6_59_3,6,data/raw/20260715/20260715_1556_image38_cdw.jpg,20260715,5
9_954_0,9,data/raw/20260804/20260804_1702_image111.jpg,20260804,0
9_651_9,9,data/raw/20260731/20260731_1700_image88_sup.jpg,20260731,0
43_1203_1,43,data/raw/20260804/20260804_1723_image360_bdw.jpg,20260804,0
35_327_6,35,data/raw/20260727/20260727_1712_image84_rot45.jpg,20260727,22
9_155_7,9,data/raw/20260722/20260722_1743_image59_rot60.jpg,20260722,9
7_50_8,7,data/raw/20260715/20260715_1556_image29_sdw.jpg,20260715,0
24_180_7,24,data/raw/20260722/20260722_1758_image84_rot60.jpg,20260722,8
43_1197_8,43,data/raw/20260804/20260804_1722_image354_sdw.jpg,20260804,0
26_193_0,26,data/raw/20260722/20260722_1802_image97.jpg,20260722,5
30_498_5,30,data/raw/20260727/20260727_1736_image255_rot30.jpg,20260727,0
20_993_9,20,data/raw/20260804/20260804_1704_image150_sup.jpg,20260804,3
39_728_9,39,data/raw/20260731/20260731_1707_image165_sup.jpg,20260731,0
46_692_6,46,data/raw/20260731/20260731_1703_image129_rot45.jpg,20260731,2
34_604_7,34,data/raw/20260731/20260731_1655_image41_rot60.jpg,20260731,13
49_981_8,49,data/raw/20260804/20260804_1703_image138_sdw.jpg,20260804,17
36_356_3,36,data/raw/20260727/20260727_1716_image113_cdw.jpg,20260727,4
44_513_6,44,data/raw/20260727/20260727_1737_image270_rot45.jpg,20260727,15
2_539_4,2,data/raw/20260729/20260729_1659_image6_cup.jpg,20260729,0
9_76_0,9,data/raw/20260715/20260715_1558_image55.jpg,20260715,16
26_190_3,26,data/raw/20260722/20260722_1802_image94_cdw.jpg,20260722,5
20_352_1,20,data/raw/20260727/20260727_1714_image109_bdw.jpg,20260727,11
36_368_7,36,data/raw/20260727/20260727_1717_image125_rot60.jpg,20260727,4
34_593_5,34,data/raw/20260731/20260731_1655_image30_rot30.jpg,20260731,13
48_804_4,48,data/raw/20260731/20260731_1716_image242_cup.jpg,20260731,4
50_1039_0,50,data/raw/20260804/20260804_1711_image196.jpg,20260804,15
1_10_6,1,data/raw/20260712/20260712_0855_image6_rot45.jpg,20260712,3
9_155_5,9,data/raw/20260722/20260722_1743_image59_rot30.jpg,20260722,9
37_923_4,37,data/raw/20260804/20260804_1659_image80_cup.jpg,20260804,0
41_479_4,41,data/raw/20260727/20260727_1734_image236_cup.jpg,20260727,15
52_1107_9,52,data/raw/20260804/20260804_1715_image264_sup.jpg,20260804,10
2_255_8,2,data/raw/20260727/20260727_1556_image11_sdw.jpg,20260727,2
20_671_5,20,data/raw/20260731/20260731_1701_image108_rot30.jpg,20260731,7
26_393_4,26,data/raw/20260727/20260727_1722_image150_cup.jpg,20260727,0
24_181_4,24,data/raw/20260722/20260722_1758_image85_cup.jpg,20260722,8
29_1070_0,29,data/raw/20260804/20260804_1712_image227.jpg,20260804,0
28_422_8,28,data/raw/20260727/20260727_1725_image179_sdw.jpg,20260727,15
43_811_9,43,data/raw/20260731/20260731_1716_image249_sup.jpg,20260731,0
34_608_9,34,data/raw/20260731/20260731_1656_image45_sup.jpg,20260731,13
22_858_1,22,data/raw/20260804/20260804_1652_image15_bdw.jpg,20260804,9
21_168_4,21,data/raw/20260722/20260722_1745_image72_cup.jpg,20260722,3
9_154_2,9,data/raw/20260722/20260722_1743_image58_bup.jpg,20260722,9
9_648_0,9,data/raw/20260731/20260731_1659_image85.jpg,20260731,0
44_516_3,44,data/raw/20260727/20260727_1737_image273_cdw.jpg,20260727,15
38_406_9,38,data/raw/20260727/20260727_1723_image163_sup.jpg,20260727,15
43_1208_3,43,data/raw/20260804/20260804_1723_image365_cdw.jpg,20260804,0
25_383_5,25,data/raw/20260727/20260727_1722_image140_rot30.jpg,20260727,4
42_835_1,42,data/raw/20260731/20260731_1717_image273_bdw.jpg,20260731,5
19_895_0,19,data/raw/20260804/20260804_1655_image52.jpg,20260804,0
53_1182_2,53,data/raw/20260804/20260804_1721_image339_bup.jpg,20260804,4
20_333_7,20,data/raw/20260727/20260727_1712_image90_rot60.jpg,20260727,11
20_677_8,20,data/raw/20260731/20260731_1701_image114_sdw.jpg,20260731,7
51_1084_7,51,data/raw/20260804/20260804_1713_image241_rot60.jpg,20260804,0
37_924_7,37,data/raw/20260804/20260804_1659_image81_rot60.jpg,20260804,0
39_452_7,39,data/raw/20260727/20260727_1730_image209_rot60.jpg,20260727,4
2_243_7,2,data/raw/20260726/20260726_1337_image9_rot60.jpg,20260726,3
29_1071_4,29,data/raw/20260804/20260804_1712_image228_cup.jpg,20260804,0
2_534_6,2,data/raw/20260729/20260729_1659_image1_rot45.jpg,20260729,0
20_995_1,20,data/raw/20260804/20260804_1704_image152_bdw.jpg,20260804,3
28_765_9,28,data/raw/20260731/20260731_1712_image202_sup.jpg,20260731,11
25_1146_8,25,data/raw/20260804/20260804_1717_image303_sdw.jpg,20260804,0
39_448_3,39,data/raw/20260727/20260727_1730_image205_cdw.jpg,20260727,4
28_766_0,28,data/raw/20260731/20260731_1712_image203.jpg,20260731,11
40_466_3,40,data/raw/20260727/20260727_1731_image223_cdw.jpg,20260727,6
39_451_3,39,data/raw/20260727/20260727_1730_image208_cdw.jpg,20260727,4
26_189_4,26,data/raw/20260722/20260722_1802_image93_cup.jpg,20260722,5
40_738_0,40,data/raw/20260731/20260731_1708_image175.jpg,20260731,2
30_216_5,30,data/raw/20260722/20260722_1813_image120_rot30.jpg,20260722,5
4_35_2,4,data/raw/20260715/20260715_1554_image9_bup.jpg,20260715,9
28_1057_5,28,data/raw/20260804/20260804_1711_image214_rot30.jpg,20260804,7
33_564_4,33,data/raw/20260731/20260731_1653_image1_cup.jpg,20260731,8
4_290_8,4,data/raw/20260727/20260727_1709_image47_sdw.jpg,20260727,0
19_897_7,19,data/raw/20260804/20260804_1655_image54_rot60.jpg,20260804,0
4_146_1,4,data/raw/20260722/20260722_1743_image50_bdw.jpg,20260722,2
22_373_6,22,data/raw/20260727/20260727_1718_image130_rot45.jpg,20260727,17
2_561_1,2,data/raw/20260729/20260729_1701_image28_bdw.jpg,20260729,0
5_139_2,5,data/raw/20260722/20260722_1742_image43_bup.jpg,20260722,5
20_350_5,20,data/raw/20260727/20260727_1714_image107_rot30.jpg,20260727,11
22_861_5,22,data/raw/20260804/20260804_1652_image18_rot30.jpg,20260804,9
20_994_9,20,data/raw/20260804/20260804_1704_image151_sup.jpg,20260804,3
21_312_1,21,data/raw/20260727/20260727_1711_image69_bdw.jpg,20260727,0
18_257_0,18,data/raw/20260727/20260727_1707_image13.jpg,20260727,0
25_186_9,25,data/raw/20260722/20260722_1802_image90_sup.jpg,20260722,9
20_932_8,20,data/raw/20260804/20260804_1701_image89_sdw.jpg,20260804,3
28_1062_0,28,data/raw/20260804/20260804_1712_image219.jpg,20260804,7
2_252_6,2,data/raw/20260727/20260727_1555_image8_rot45.jpg,20260727,2
14_747_0,14,data/raw/20260731/20260731_1710_image184.jpg,20260731,15
37_621_9,37,data/raw/20260731/20260731_1657_image58_sup.jpg,20260731,4
24_178_3,24,data/raw/20260722/20260722_1757_image82_cdw.jpg,20260722,8
22_862_8,22,data/raw/20260804/20260804_1652_image19_sdw.jpg,20260804,9
50_1020_6,50,data/raw/20260804/20260804_1710_image177_rot45.jpg,20260804,15
28_781_7,28,data/raw/20260731/20260731_1713_image218_rot60.jpg,20260731,11
47_1099_7,47,data/raw/20260804/20260804_1714_image256_rot60.jpg,20260804,11
44_517_8,44,data/raw/20260727/20260727_1737_image274_sdw.jpg,20260727,15
52_1112_3,52,data/raw/20260804/20260804_1715_image269_cdw.jpg,20260804,10
20_77_0,20,data/raw/20260715/20260715_1558_image56.jpg,20260715,23
28_422_2,28,data/raw/20260727/20260727_1725_image179_bup.jpg,20260727,15
18_132_1,18,data/raw/20260722/20260722_1742_image36_bdw.jpg,20260722,5
22_635_7,22,data/raw/20260731/20260731_1658_image72_rot60.jpg,20260731,13
24_689_4,24,data/raw/20260731/20260731_1702_image126_cup.jpg,20260731,0
14_746_4,14,data/raw/20260731/20260731_1710_image183_cup.jpg,20260731,15
14_212_3,14,data/raw/20260722/20260722_1808_image116_cdw.jpg,20260722,9
36_359_1,36,data/raw/20260727/20260727_1716_image116_bdw.jpg,20260727,4
18_260_5,18,data/raw/20260727/20260727_1707_image16_rot30.jpg,20260727,0
42_494_6,42,data/raw/20260727/20260727_1736_image251_rot45.jpg,20260727,9
26_189_6,26,data/raw/20260722/20260722_1802_image93_rot45.jpg,20260722,5
15_111_3,15,data/raw/20260722/20260722_1658_image16_cdw.jpg,20260722,0
24_686_8,24,data/raw/20260731/20260731_1702_image123_sdw.jpg,20260731,0
37_634_9,37,data/raw/20260731/20260731_1658_image71_sup.jpg,20260731,4
17_129_7,17,data/raw/20260722/20260722_1703_image33_rot60.jpg,20260722,17
45_910_5,45,data/raw/20260804/20260804_1658_image67_rot30.jpg,20260804,7
14_433_0,14,data/raw/20260727/20260727_1726_image190.jpg,20260727,4
4_147_3,4,data/raw/20260722/20260722_1743_image51_cdw.jpg,20260722,2
39_462_5,39,data/raw/20260727/20260727_1730_image219_rot30.jpg,20260727,4
37_616_9,37,data/raw/20260731/20260731_1656_image53_sup.jpg,20260731,4
4_145_8,4,data/raw/20260722/20260722_1743_image49_sdw.jpg,20260722,2
53_1180_6,53,data/raw/20260804/20260804_1721_image337_rot45.jpg,20260804,4
5_288_0,5,data/raw/20260727/20260727_1709_image45.jpg,20260727,0
5_141_1,5,data/raw/20260722/20260722_1743_image45_bdw.jpg,20260722,5
47_756_6,47,data/raw/20260731/20260731_1711_image193_rot45.jpg,20260731,15
38_720_3,38,data/raw/20260731/20260731_1706_image157_cdw.jpg,20260731,11
22_372_7,22,data/raw/20260727/20260727_1718_image129_rot60.jpg,20260727,17
20_329_0,20,data/raw/20260727/20260727_1712_image86.jpg,20260727,11
28_419_0,28,data/raw/20260727/20260727_1725_image176.jpg,20260727,15
39_448_4,39,data/raw/20260727/20260727_1730_image205_cup.jpg,20260727,4
5_39_6,5,data/raw/20260715/20260715_1555_image18_rot45.jpg,20260715,12
49_963_8,49,data/raw/20260804/20260804_1703_image120_sdw.jpg,20260804,17
29_1069_8,29,data/raw/20260804/20260804_1712_image226_sdw.jpg,20260804,0
5_285_3,5,data/raw/20260727/20260727_1709_image42_cdw.jpg,20260727,0
45_914_5,45,data/raw/20260804/20260804_1659_image71_rot30.jpg,20260804,7
3_31_8,3,data/raw/20260715/20260715_1554_image5_sdw.jpg,20260715,0
29_203_5,29,data/raw/20260722/20260722_1803_image108_rot30.jpg,20260722,0
24_181_8,24,data/raw/20260722/20260722_1758_image85_sdw.jpg,20260722,8
49_968_0,49,data/raw/20260804/20260804_1703_image125.jpg,20260804,17
18_134_9,18,data/raw/20260722/20260722_1742_image38_sup.jpg,20260722,5
53_1185_5,53,data/raw/20260804/20260804_1722_image342_rot30.jpg,20260804,4
47_1091_9,47,data/raw/20260804/20260804_1713_image248_sup.jpg,20260804,11
30_483_4,30,data/raw/20260727/20260727_1735_image240_cup.jpg,20260727,0
4_145_7,4,data/raw/20260722/20260722_1743_image49_rot60.jpg,20260722,2
20_674_5,20,data/raw/20260731/20260731_1701_image111_rot30.jpg,20260731,7
45_913_5,45,data/raw/20260804/20260804_1658_image70_rot30.jpg,20260804,7
17_122_4,17,data/raw/20260722/20260722_1700_image26_cup.jpg,20260722,17
39_729_2,39,data/raw/20260731/20260731_1707_image166_bup.jpg,20260731,0
20_667_0,20,data/raw/20260731/20260731_1701_image104.jpg,20260731,7
14_749_9,14,data/raw/20260731/20260731_1710_image186_sup.jpg,20260731,15
39_473_0,39,data/raw/20260727/20260727_1731_image230.jpg,20260727,4
14_749_1,14,data/raw/20260731/20260731_1710_image186_bdw.jpg,20260731,15
25_1151_8,25,data/raw/20260804/20260804_1718_image308_sdw.jpg,20260804,0
53_1192_6,53,data/raw/20260804/20260804_1722_image349_rot45.jpg,20260804,4
36_364_7,36,data/raw/20260727/20260727_1717_image121_rot60.jpg,20260727,4
44_515_9,44,data/raw/20260727/20260727_1737_image272_sup.jpg,20260727,15
34_871_6,34,data/raw/20260804/20260804_1654_image28_rot45.jpg,20260804,9
47_1090_3,47,data/raw/20260804/20260804_1713_image247_cdw.jpg,20260804,11
20_681_0,20,data/raw/20260731/20260731_1701_image118.jpg,20260731,7
12_99_0,12,data/raw/20260722/20260722_1656_image3.jpg,20260722,16
9_655_3,9,data/raw/20260731/20260731_1700_image92_cdw.jpg,20260731,0
26_192_3,26,data/raw/20260722/20260722_1802_image96_cdw.jpg,20260722,5
20_679_5,20,data/raw/20260731/20260731_1701_image116_rot30.jpg,20260731,7
40_470_7,40,data/raw/20260727/20260727_1731_image227_rot60.jpg,20260727,6
25_184_3,25,data/raw/20260722/20260722_1802_image88_cdw.jpg,20260722,9
38_1131_7,38,data/raw/20260804/20260804_1716_image288_rot60.jpg,20260804,7
50_1015_0,50,data/raw/20260804/20260804_1709_image172.jpg,20260804,15
39_478_7,39,data/raw/20260727/20260727_1733_image235_rot60.jpg,20260727,4
43_1198_3,43,data/raw/20260804/20260804_1722_image355_cdw.jpg,20260804,0
30_531_0,30,data/raw/20260727/20260727_1739_image288.jpg,20260727,0
9_321_0,9,data/raw/20260727/20260727_1711_image78.jpg,20260727,4
29_1066_8,29,data/raw/20260804/20260804_1712_image223_sdw.jpg,20260804,0
19_309_5,19,data/raw/20260727/20260727_1710_image66_rot30.jpg,20260727,4
43_812_7,43,data/raw/20260731/20260731_1716_image250_rot60.jpg,20260731,0
42_834_3,42,data/raw/20260731/20260731_1717_image272_cdw.jpg,20260731,5
38_407_3,38,data/raw/20260727/20260727_1723_image164_cdw.jpg,20260727,15
40_740_3,40,data/raw/20260731/20260731_1709_image177_cdw.jpg,20260731,2
34_875_2,34,data/raw/20260804/20260804_1654_image32_bup.jpg,20260804,9
34_610_0,34,data/raw/20260731/20260731_1656_image47.jpg,20260731,13
28_762_2,28,data/raw/20260731/20260731_1711_image199_bup.jpg,20260731,11
25_1150_6,25,data/raw/20260804/20260804_1718_image307_rot45.jpg,20260804,0
34_605_4,34,data/raw/20260731/20260731_1655_image42_cup.jpg,20260731,13
28_428_2,28,data/raw/20260727/20260727_1725_image185_bup.jpg,20260727,15
33_264_0,33,data/raw/20260727/20260727_1707_image20.jpg,20260727,12
20_663_8,20,data/raw/20260731/20260731_1700_image100_sdw.jpg,20260731,7
14_744_7,14,data/raw/20260731/20260731_1709_image181_rot60.jpg,20260731,15
34_610_9,34,data/raw/20260731/20260731_1656_image47_sup.jpg,20260731,13
5_287_9,5,data/raw/20260727/20260727_1709_image44_sup.jpg,20260727,0
28_782_9,28,data/raw/20260731/20260731_1713_image219_sup.jpg,20260731,11
15_110_3,15,data/raw/20260722/20260722_1658_image15_cdw.jpg,20260722,0
9_952_8,9,data/raw/20260804/20260804_1702_image109_sdw.jpg,20260804,0
29_1077_1,29,data/raw/20260804/20260804_1713_image234_bdw.jpg,20260804,0
50_1041_4,50,data/raw/20260804/20260804_1711_image198_cup.jpg,20260804,15
52_1119_9,52,data/raw/20260804/20260804_1716_image276_sup.jpg,20260804,10
38_722_8,38,data/raw/20260731/20260731_1706_image159_sdw.jpg,20260731,11
9_320_5,9,data/raw/20260727/20260727_1711_image77_rot30.jpg,20260727,4
36_358_6,36,data/raw/20260727/20260727_1716_image115_rot45.jpg,20260727,4
13_113_3,13,data/raw/20260722/20260722_1658_image9_cdw.jpg,20260722,8
33_848_9,33,data/raw/20260804/20260804_1651_image5_sup.jpg,20260804,4
34_885_8,34,data/raw/20260804/20260804_1654_image42_sdw.jpg,20260804,9
24_1011_8,24,data/raw/20260804/20260804_1705_image168_sdw.jpg,20260804,0
50_1037_6,50,data/raw/20260804/20260804_1710_image194_rot45.jpg,20260804,15
2_543_4,2,data/raw/20260729/20260729_1659_image10_cup.jpg,20260729,0
45_639_4,45,data/raw/20260731/20260731_1658_image76_cup.jpg,20260731,11
45_916_0,45,data/raw/20260804/20260804_1659_image73.jpg,20260804,7
21_169_0,21,data/raw/20260722/20260722_1746_image73.jpg,20260722,3
42_492_2,42,data/raw/20260727/20260727_1736_image249_bup.jpg,20260727,9
24_339_3,24,data/raw/20260727/20260727_1713_image96_cdw.jpg,20260727,3
17_127_7,17,data/raw/20260722/20260722_1702_image31_rot60.jpg,20260722,17
19_891_1,19,data/raw/20260804/20260804_1655_image48_bdw.jpg,20260804,0
52_1118_1,52,data/raw/20260804/20260804_1716_image275_bdw.jpg,20260804,10
48_1178_4,48,data/raw/20260804/20260804_1721_image335_cup.jpg,20260804,0
51_1085_3,51,data/raw/20260804/20260804_1713_image242_cdw.jpg,20260804,0
38_407_0,38,data/raw/20260727/20260727_1723_image164.jpg,20260727,15
24_1004_6,24,data/raw/20260804/20260804_1705_image161_rot45.jpg,20260804,0
2_244_4,2,data/raw/20260726/20260726_1337_image10_cup.jpg,20260726,3
33_576_0,33,data/raw/20260731/20260731_1653_image13.jpg,20260731,8
19_306_8,19,data/raw/20260727/20260727_1710_image63_sdw.jpg,20260727,4
36_364_6,36,data/raw/20260727/20260727_1717_image121_rot45.jpg,20260727,4
22_375_9,22,data/raw/20260727/20260727_1718_image132_sup.jpg,20260727,17
20_674_7,20,data/raw/20260731/20260731_1701_image111_rot60.jpg,20260731,7
13_107_7,13,data/raw/20260722/20260722_1658_image12_rot60.jpg,20260722,8
7_52_2,7,data/raw/20260715/20260715_1556_image31_bup.jpg,20260715,0
2_550_5,2,data/raw/20260729/20260729_1700_image17_rot30.jpg,20260729,0
3_31_5,3,data/raw/20260715/20260715_1554_image5_rot30.jpg,20260715,0
38_1134_1,38,data/raw/20260804/20260804_1717_image291_bdw.jpg,20260804,7
37_628_2,37,data/raw/20260731/20260731_1657_image65_bup.jpg,20260731,4
20_665_7,20,data/raw/20260731/20260731_1700_image102_rot60.jpg,20260731,7
33_268_1,33,data/raw/20260727/20260727_1708_image24_bdw.jpg,20260727,12
33_573_3,33,data/raw/20260731/20260731_1653_image10_cdw.jpg,20260731,8
40_739_5,40,data/raw/20260731/20260731_1709_image176_rot30.jpg,20260731,2
33_270_3,33,data/raw/20260727/20260727_1708_image26_cdw.jpg,20260727,12
47_757_2,47,data/raw/20260731/20260731_1711_image194_bup.jpg,20260731,15
28_786_7,28,data/raw/20260731/20260731_1713_image223_rot60.jpg,20260731,11
2_227_3,2,data/raw/20260724/20260724_1628_image5_cdw.jpg,20260724,5
24_354_9,24,data/raw/20260727/20260727_1714_image111_sup.jpg,20260727,3
43_1197_1,43,data/raw/20260804/20260804_1722_image354_bdw.jpg,20260804,0
43_817_6,43,data/raw/20260731/20260731_1716_image255_rot45.jpg,20260731,0
43_1211_9,43,data/raw/20260804/20260804_1723_image368_sup.jpg,20260804,0
49_959_0,49,data/raw/20260804/20260804_1702_image116.jpg,20260804,17
50_1037_4,50,data/raw/20260804/20260804_1710_image194_cup.jpg,20260804,15
22_864_7,22,data/raw/20260804/20260804_1653_image21_rot60.jpg,20260804,9
34_872_5,34,data/raw/20260804/20260804_1654_image29_rot30.jpg,20260804,9
52_1106_3,52,data/raw/20260804/20260804_1715_image263_cdw.jpg,20260804,10
20_943_6,20,data/raw/20260804/20260804_1701_image100_rot45.jpg,20260804,3
25_709_7,25,data/raw/20260731/20260731_1705_image146_rot60.jpg,20260731,0
33_577_1,33,data/raw/20260731/20260731_1653_image14_bdw.jpg,20260731,8
28_788_7,28,data/raw/20260731/20260731_1713_image225_rot60.jpg,20260731,11
49_965_7,49,data/raw/20260804/20260804_1703_image122_rot60.jpg,20260804,17
43_502_4,43,data/raw/20260727/20260727_1736_image259_cup.jpg,20260727,2
20_666_2,20,data/raw/20260731/20260731_1701_image103_bup.jpg,20260731,7
19_897_1,19,data/raw/20260804/20260804_1655_image54_bdw.jpg,20260804,0
14_445_9,14,data/raw/20260727/20260727_1727_image202_sup.jpg,20260727,4
29_1075_6,29,data/raw/20260804/20260804_1712_image232_rot45.jpg,20260804,0
28_780_7,28,data/raw/20260731/20260731_1713_image217_rot60.jpg,20260731,11
25_186_1,25,data/raw/20260722/20260722_1802_image90_bdw.jpg,20260722,9
45_904_8,45,data/raw/20260804/20260804_1657_image61_sdw.jpg,20260804,7
4_42_8,4,data/raw/20260715/20260715_1555_image21_sdw.jpg,20260715,9
39_1163_1,39,data/raw/20260804/20260804_1719_image320_bdw.jpg,20260804,0
2_236_8,2,data/raw/20260726/20260726_1336_image2_sdw.jpg,20260726,3
2_558_1,2,data/raw/20260729/20260729_1700_image25_bdw.jpg,20260729,0
2_17_5,2,data/raw/20260714/20260714_1017_image4_rot30.jpg,20260714,15
1_8_5,1,data/raw/20260712/20260712_0855_image12_rot30.jpg,20260712,3
19_582_7,19,data/raw/20260731/20260731_1654_image19_rot60.jpg,20260731,0
9_314_1,9,data/raw/20260727/20260727_1711_image71_bdw.jpg,20260727,4
47_751_1,47,data/raw/20260731/20260731_1710_image188_bdw.jpg,20260731,15
38_716_8,38,data/raw/20260731/20260731_1706_image153_sdw.jpg,20260731,11
44_516_0,44,data/raw/20260727/20260727_1737_image273.jpg,20260727,15
31_526_3,31,data/raw/20260727/20260727_1738_image283_cdw.jpg,20260727,0
28_787_3,28,data/raw/20260731/20260731_1713_image224_cdw.jpg,20260731,11
20_176_5,20,data/raw/20260722/20260722_1757_image80_rot30.jpg,20260722,5
8_158_6,8,data/raw/20260722/20260722_1743_image62_rot45.jpg,20260722,0
20_351_2,20,data/raw/20260727/20260727_1714_image108_bup.jpg,20260727,11
28_776_1,28,data/raw/20260731/20260731_1712_image213_bdw.jpg,20260731,11
43_1199_8,43,data/raw/20260804/20260804_1722_image356_sdw.jpg,20260804,0
52_1116_3,52,data/raw/20260804/20260804_1716_image273_cdw.jpg,20260804,10
5_36_4,5,data/raw/20260715/20260715_1555_image15_cup.jpg,20260715,12
5_37_4,5,data/raw/20260715/20260715_1555_image16_cup.jpg,20260715,12
33_857_4,33,data/raw/20260804/20260804_1652_image14_cup.jpg,20260804,4
38_1122_6,38,data/raw/20260804/20260804_1716_image279_rot45.jpg,20260804,7
20_943_7,20,data/raw/20260804/20260804_1701_image100_rot60.jpg,20260804,3
20_984_6,20,data/raw/20260804/20260804_1704_image141_rot45.jpg,20260804,3
49_963_7,49,data/raw/20260804/20260804_1703_image120_rot60.jpg,20260804,17
28_198_9,28,data/raw/20260722/20260722_1803_image103_sup.jpg,20260722,20
48_801_6,48,data/raw/20260731/20260731_1715_image239_rot45.jpg,20260731,4
2_236_2,2,data/raw/20260726/20260726_1336_image2_bup.jpg,20260726,3
51_1080_3,51,data/raw/20260804/20260804_1713_image237_cdw.jpg,20260804,0
28_781_5,28,data/raw/20260731/20260731_1713_image218_rot30.jpg,20260731,11
28_1050_2,28,data/raw/20260804/20260804_1711_image207_bup.jpg,20260804,7
39_735_7,39,data/raw/20260731/20260731_1708_image172_rot60.jpg,20260731,0
35_323_2,35,data/raw/20260727/20260727_1712_image80_bup.jpg,20260727,22
6_56_8,6,data/raw/20260715/20260715_1556_image35_sdw.jpg,20260715,5
3_28_3,3,data/raw/20260715/20260715_1554_image2_cdw.jpg,20260715,0
28_788_4,28,data/raw/20260731/20260731_1713_image225_cup.jpg,20260731,11
28_200_1,28,data/raw/20260722/20260722_1803_image105_bdw.jpg,20260722,20
2_250_1,2,data/raw/20260727/20260727_1555_image6_bdw.jpg,20260727,2
2_246_3,2,data/raw/20260727/20260727_1555_image2_cdw.jpg,20260727,2
38_1131_3,38,data/raw/20260804/20260804_1716_image288_cdw.jpg,20260804,7
30_498_7,30,data/raw/20260727/20260727_1736_image255_rot60.jpg,20260727,0
2_560_3,2,data/raw/20260729/20260729_1701_image27_cdw.jpg,20260729,0
20_989_3,20,data/raw/20260804/20260804_1704_image146_cdw.jpg,20260804,3
28_1059_3,28,data/raw/20260804/20260804_1711_image216_cdw.jpg,20260804,7
48_1179_8,48,data/raw/20260804/20260804_1721_image336_sdw.jpg,20260804,0
50_1017_5,50,data/raw/20260804/20260804_1710_image174_rot30.jpg,20260804,15
28_1064_4,28,data/raw/20260804/20260804_1712_image221_cup.jpg,20260804,7
8_60_7,8,data/raw/20260715/20260715_1556_image39_rot60.jpg,20260715,0
14_433_7,14,data/raw/20260727/20260727_1726_image190_rot60.jpg,20260727,4
31_530_7,31,data/raw/20260727/20260727_1738_image287_rot60.jpg,20260727,0
34_597_8,34,data/raw/20260731/20260731_1655_image34_sdw.jpg,20260731,13
38_1152_3,38,data/raw/20260804/20260804_1718_image309_cdw.jpg,20260804,7
49_964_5,49,data/raw/20260804/20260804_1703_image121_rot30.jpg,20260804,17
29_792_7,29,data/raw/20260731/20260731_1713_image229_rot60.jpg,20260731,0
33_567_8,33,data/raw/20260731/20260731_1653_image4_sdw.jpg,20260731,8
19_899_8,19,data/raw/20260804/20260804_1655_image56_sdw.jpg,20260804,0
52_1109_1,52,data/raw/20260804/20260804_1715_image266_bdw.jpg,20260804,10
28_763_4,28,data/raw/20260731/20260731_1712_image200_cup.jpg,20260731,11
38_1121_3,38,data/raw/20260804/20260804_1716_image278_cdw.jpg,20260804,7
28_1048_0,28,data/raw/20260804/20260804_1711_image205.jpg,20260804,7
37_634_3,37,data/raw/20260731/20260731_1658_image71_cdw.jpg,20260731,4
4_43_3,4,data/raw/20260715/20260715_1555_image22_cdw.jpg,20260715,9
20_931_9,20,data/raw/20260804/20260804_1701_image88_sup.jpg,20260804,3
24_683_9,24,data/raw/20260731/20260731_1702_image120_sup.jpg,20260731,0
34_875_3,34,data/raw/20260804/20260804_1654_image32_cdw.jpg,20260804,9
38_409_8,38,data/raw/20260727/20260727_1724_image166_sdw.jpg,20260727,15
40_740_0,40,data/raw/20260731/20260731_1709_image177.jpg,20260731,2
48_805_0,48,data/raw/20260731/20260731_1716_image243.jpg,20260731,4
40_739_9,40,data/raw/20260731/20260731_1709_image176_sup.jpg,20260731,2
48_801_1,48,data/raw/20260731/20260731_1715_image239_bdw.jpg,20260731,4
2_20_1,2,data/raw/20260714/20260714_1017_image7_bdw.jpg,20260714,15
37_371_1,37,data/raw/20260727/20260727_1718_image128_bdw.jpg,20260727,8
29_417_9,29,data/raw/20260727/20260727_1725_image174_sup.jpg,20260727,0
10_83_2,10,data/raw/20260715/20260715_1600_image62_bup.jpg,20260715,5
28_1064_0,28,data/raw/20260804/20260804_1712_image221.jpg,20260804,7
29_205_3,29,data/raw/20260722/20260722_1804_image109_cdw.jpg,20260722,0
25_184_5,25,data/raw/20260722/20260722_1802_image88_rot30.jpg,20260722,9
10_80_2,10,data/raw/20260715/20260715_1600_image59_bup.jpg,20260715,5
19_900_1,19,data/raw/20260804/20260804_1655_image57_bdw.jpg,20260804,0
18_131_7,18,data/raw/20260722/20260722_1742_image35_rot60.jpg,20260722,5
45_641_6,45,data/raw/20260731/20260731_1658_image78_rot45.jpg,20260731,11
20_674_0,20,data/raw/20260731/20260731_1701_image111.jpg,20260731,7
20_333_0,20,data/raw/20260727/20260727_1712_image90.jpg,20260727,11
33_846_3,33,data/raw/20260804/20260804_1651_image3_cdw.jpg,20260804,4
43_1201_5,43,data/raw/20260804/20260804_1722_image358_rot30.jpg,20260804,0
9_951_7,9,data/raw/20260804/20260804_1702_image108_rot60.jpg,20260804,0
2_560_6,2,data/raw/20260729/20260729_1701_image27_rot45.jpg,20260729,0
26_390_7,26,data/raw/20260727/20260727_1722_image147_rot60.jpg,20260727,0
43_825_0,43,data/raw/20260731/20260731_1717_image263.jpg,20260731,0
3_34_2,3,data/raw/20260715/20260715_1554_image8_bup.jpg,20260715,0
50_1039_3,50,data/raw/20260804/20260804_1711_image196_cdw.jpg,20260804,15
33_271_6,33,data/raw/20260727/20260727_1708_image27_rot45.jpg,20260727,12
18_261_5,18,data/raw/20260727/20260727_1707_image17_rot30.jpg,20260727,0
29_1076_4,29,data/raw/20260804/20260804_1713_image233_cup.jpg,20260804,0
46_697_5,46,data/raw/20260731/20260731_1703_image134_rot30.jpg,20260731,2
39_474_3,39,data/raw/20260727/20260727_1731_image231_cdw.jpg,20260727,4
14_747_2,14,data/raw/20260731/20260731_1710_image184_bup.jpg,20260731,15
15_111_9,15,data/raw/20260722/20260722_1658_image16_sup.jpg,20260722,0
37_927_8,37,data/raw/20260804/20260804_1700_image84_sdw.jpg,20260804,0
29_790_5,29,data/raw/20260731/20260731_1713_image227_rot30.jpg,20260731,0
48_1179_5,48,data/raw/20260804/20260804_1721_image336_rot30.jpg,20260804,0
47_1092_3,47,data/raw/20260804/20260804_1713_image249_cdw.jpg,20260804,11
28_199_2,28,data/raw/20260722/20260722_1803_image104_bup.jpg,20260722,20
49_971_2,49,data/raw/20260804/20260804_1703_image128_bup.jpg,20260804,17
28_422_1,28,data/raw/20260727/20260727_1725_image179_bdw.jpg,20260727,15
44_516_2,44,data/raw/20260727/20260727_1737_image273_bup.jpg,20260727,15
22_637_7,22,data/raw/20260731/20260731_1658_image74_rot60.jpg,20260731,13
2_240_2,2,data/raw/20260726/20260726_1337_image6_bup.jpg,20260726,3
34_888_6,34,data/raw/20260804/20260804_1654_image45_rot45.jpg,20260804,9
2_548_2,2,data/raw/20260729/20260729_1700_image15_bup.jpg,20260729,0
47_1102_7,47,data/raw/20260804/20260804_1714_image259_rot60.jpg,20260804,11
20_932_9,20,data/raw/20260804/20260804_1701_image89_sup.jpg,20260804,3
29_1076_6,29,data/raw/20260804/20260804_1713_image233_rot45.jpg,20260804,0
28_1047_7,28,data/raw/20260804/20260804_1711_image204_rot60.jpg,20260804,7
2_227_2,2,data/raw/20260724/20260724_1628_image5_bup.jpg,20260724,5
10_82_8,10,data/raw/20260715/20260715_1600_image61_sdw.jpg,20260715,5
30_531_8,30,data/raw/20260727/20260727_1739_image288_sdw.jpg,20260727,0
13_109_3,13,data/raw/20260722/20260722_1658_image14_cdw.jpg,20260722,8
37_623_4,37,data/raw/20260731/20260731_1657_image60_cup.jpg,20260731,4
9_320_9,9,data/raw/20260727/20260727_1711_image77_sup.jpg,20260727,4
2_553_4,2,data/raw/20260729/20260729_1700_image20_cup.jpg,20260729,0
29_417_7,29,data/raw/20260727/20260727_1725_image174_rot60.jpg,20260727,0
22_862_5,22,data/raw/20260804/20260804_1652_image19_rot30.jpg,20260804,9
36_367_5,36,data/raw/20260727/20260727_1717_image124_rot30.jpg,20260727,4
50_1024_0,50,data/raw/20260804/20260804_1710_image181.jpg,20260804,15
24_1007_5,24,data/raw/20260804/20260804_1705_image164_rot30.jpg,20260804,0
2_256_6,2,data/raw/20260727/20260727_1556_image12_rot45.jpg,20260727,2
43_511_3,43,data/raw/20260727/20260727_1737_image268_cdw.jpg,20260727,2
52_1113_8,52,data/raw/20260804/20260804_1715_image270_sdw.jpg,20260804,10
28_1056_4,28,data/raw/20260804/20260804_1711_image213_cup.jpg,20260804,7
15_112_8,15,data/raw/20260722/20260722_1658_image17_sdw.jpg,20260722,0
45_905_5,45,data/raw/20260804/20260804_1657_image62_rot30.jpg,20260804,7
50_1025_6,50,data/raw/20260804/20260804_1710_image182_rot45.jpg,20260804,15
20_1001_2,20,data/raw/20260804/20260804_1704_image158_bup.jpg,20260804,3
52_1104_7,52,data/raw/20260804/20260804_1715_image261_rot60.jpg,20260804,10
34_301_5,34,data/raw/20260727/20260727_1710_image58_rot30.jpg,20260727,17
39_729_0,39,data/raw/20260731/20260731_1707_image166.jpg,20260731,0
11_85_0,11,data/raw/20260715/20260715_1600_image64.jpg,20260715,4
10_83_6,10,data/raw/20260715/20260715_1600_image62_rot45.jpg,20260715,5
9_68_2,9,data/raw/20260715/20260715_1557_image47_bup.jpg,20260715,16
53_1189_1,53,data/raw/20260804/20260804_1722_image346_bdw.jpg,20260804,4
39_458_6,39,data/raw/20260727/20260727_1730_image215_rot45.jpg,20260727,4
2_558_4,2,data/raw/20260729/20260729_1700_image25_cup.jpg,20260729,0
1_8_8,1,data/raw/20260712/20260712_0855_image12_sdw.jpg,20260712,3
20_669_9,20,data/raw/20260731/20260731_1701_image106_sup.jpg,20260731,7
53_1184_5,53,data/raw/20260804/20260804_1722_image341_rot30.jpg,20260804,4
37_621_7,37,data/raw/20260731/20260731_1657_image58_rot60.jpg,20260731,4
2_244_6,2,data/raw/20260726/20260726_1337_image10_rot45.jpg,20260726,3
21_312_6,21,data/raw/20260727/20260727_1711_image69_rot45.jpg,20260727,0
33_564_7,33,data/raw/20260731/20260731_1653_image1_rot60.jpg,20260731,8
1_9_1,1,data/raw/20260712/20260712_0855_image13_bdw.jpg,20260712,3
38_1129_4,38,data/raw/20260804/20260804_1716_image286_cup.jpg,20260804,7
45_642_9,45,data/raw/20260731/20260731_1659_image79_sup.jpg,20260731,11
25_1147_3,25,data/raw/20260804/20260804_1717_image304_cdw.jpg,20260804,0
29_794_9,29,data/raw/20260731/20260731_1714_image231_sup.jpg,20260731,0
38_1121_8,38,data/raw/20260804/20260804_1716_image278_sdw.jpg,20260804,7
50_1022_3,50,data/raw/20260804/20260804_1710_image179_cdw.jpg,20260804,15
39_1167_4,39,data/raw/20260804/20260804_1720_image324_cup.jpg,20260804,0
45_911_5,45,data/raw/20260804/20260804_1658_image68_rot30.jpg,20260804,7
28_787_9,28,data/raw/20260731/20260731_1713_image224_sup.jpg,20260731,11
12_100_5,12,data/raw/20260722/20260722_1656_image4_rot30.jpg,20260722,16
25_704_5,25,data/raw/20260731/20260731_1705_image141_rot30.jpg,20260731,0
40_1168_0,40,data/raw/20260804/20260804_1720_image325.jpg,20260804,0
20_931_2,20,data/raw/20260804/20260804_1701_image88_bup.jpg,20260804,3
8_162_3,8,data/raw/20260722/20260722_1744_image66_cdw.jpg,20260722,0
19_149_6,19,data/raw/20260722/20260722_1743_image53_rot45.jpg,20260722,9
42_829_6,42,data/raw/20260731/20260731_1717_image267_rot45.jpg,20260731,5
37_630_3,37,data/raw/20260731/20260731_1657_image67_cdw.jpg,20260731,4
33_570_9,33,data/raw/20260731/20260731_1653_image7_sup.jpg,20260731,8
7_53_1,7,data/raw/20260715/20260715_1556_image32_bdw.jpg,20260715,0
3_31_7,3,data/raw/20260715/20260715_1554_image5_rot60.jpg,20260715,0
28_1064_5,28,data/raw/20260804/20260804_1712_image221_rot30.jpg,20260804,7
11_88_8,11,data/raw/20260715/20260715_1601_image67_sdw.jpg,20260715,4
46_694_6,46,data/raw/20260731/20260731_1703_image131_rot45.jpg,20260731,2
3_31_6,3,data/raw/20260715/20260715_1554_image5_rot45.jpg,20260715,0
33_574_8,33,data/raw/20260731/20260731_1653_image11_sdw.jpg,20260731,8
30_498_8,30,data/raw/20260727/20260727_1736_image255_sdw.jpg,20260727,0
2_227_5,2,data/raw/20260724/20260724_1628_image5_rot30.jpg,20260724,5
20_938_8,20,data/raw/20260804/20260804_1701_image95_sdw.jpg,20260804,3
19_583_5,19,data/raw/20260731/20260731_1654_image20_rot30.jpg,20260731,0
29_206_1,29,data/raw/20260722/20260722_1804_image110_bdw.jpg,20260722,0
13_113_4,13,data/raw/20260722/20260722_1658_image9_cup.jpg,20260722,8
37_631_7,37,data/raw/20260731/20260731_1658_image68_rot60.jpg,20260731,4
17_126_2,17,data/raw/20260722/20260722_1702_image30_bup.jpg,20260722,17
24_342_0,24,data/raw/20260727/20260727_1713_image99.jpg,20260727,3
28_768_0,28,data/raw/20260731/20260731_1712_image205.jpg,20260731,11
16_117_1,16,data/raw/20260722/20260722_1659_image21_bdw.jpg,20260722,8
29_793_8,29,data/raw/20260731/20260731_1713_image230_sdw.jpg,20260731,0
17_124_0,17,data/raw/20260722/20260722_1700_image28.jpg,20260722,17
28_1064_7,28,data/raw/20260804/20260804_1712_image221_rot60.jpg,20260804,7
19_308_1,19,data/raw/20260727/20260727_1710_image65_bdw.jpg,20260727,4
25_1145_8,25,data/raw/20260804/20260804_1717_image302_sdw.jpg,20260804,0
24_344_8,24,data/raw/20260727/20260727_1713_image101_sdw.jpg,20260727,3
38_1131_5,38,data/raw/20260804/20260804_1716_image288_rot30.jpg,20260804,7
50_1020_1,50,data/raw/20260804/20260804_1710_image177_bdw.jpg,20260804,15
9_72_3,9,data/raw/20260715/20260715_1557_image51_cdw.jpg,20260715,16
11_87_5,11,data/raw/20260715/20260715_1600_image66_rot30.jpg,20260715,4
20_988_7,20,data/raw/20260804/20260804_1704_image145_rot60.jpg,20260804,3
28_775_5,28,data/raw/20260731/20260731_1712_image212_rot30.jpg,20260731,11
39_452_6,39,data/raw/20260727/20260727_1730_image209_rot45.jpg,20260727,4
39_453_1,39,data/raw/20260727/20260727_1730_image210_bdw.jpg,20260727,4
43_499_8,43,data/raw/20260727/20260727_1736_image256_sdw.jpg,20260727,2
51_1089_6,51,data/raw/20260804/20260804_1713_image246_rot45.jpg,20260804,0
20_934_7,20,data/raw/20260804/20260804_1701_image91_rot60.jpg,20260804,3
29_1075_4,29,data/raw/20260804/20260804_1712_image232_cup.jpg,20260804,0
9_315_1,9,data/raw/20260727/20260727_1711_image72_bdw.jpg,20260727,4
47_1095_2,47,data/raw/20260804/20260804_1714_image252_bup.jpg,20260804,11
22_865_2,22,data/raw/20260804/20260804_1653_image22_bup.jpg,20260804,9
53_1186_1,53,data/raw/20260804/20260804_1722_image343_bdw.jpg,20260804,4
34_878_5,34,data/raw/20260804/20260804_1654_image35_rot30.jpg,20260804,9
39_732_9,39,data/raw/20260731/20260731_1708_image169_sup.jpg,20260731,0
52_1105_8,52,data/raw/20260804/20260804_1715_image262_sdw.jpg,20260804,10
36_356_7,36,data/raw/20260727/20260727_1716_image113_rot60.jpg,20260727,4
8_159_0,8,data/raw/20260722/20260722_1744_image63.jpg,20260722,0
19_376_3,19,data/raw/20260727/20260727_1720_image133_cdw.jpg,20260727,4
29_1075_5,29,data/raw/20260804/20260804_1712_image232_rot30.jpg,20260804,0
43_815_6,43,data/raw/20260731/20260731_1716_image253_rot45.jpg,20260731,0
26_192_0,26,data/raw/20260722/20260722_1802_image96.jpg,20260722,5
2_550_8,2,data/raw/20260729/20260729_1700_image17_sdw.jpg,20260729,0
25_386_0,25,data/raw/20260727/20260727_1722_image143.jpg,20260727,4
4_278_0,4,data/raw/20260727/20260727_1708_image35.jpg,20260727,0
26_391_6,26,data/raw/20260727/20260727_1722_image148_rot45.jpg,20260727,0
24_180_9,24,data/raw/20260722/20260722_1758_image84_sup.jpg,20260722,8
38_1131_1,38,data/raw/20260804/20260804_1716_image288_bdw.jpg,20260804,7
46_692_4,46,data/raw/20260731/20260731_1703_image129_cup.jpg,20260731,2
24_687_1,24,data/raw/20260731/20260731_1702_image124_bdw.jpg,20260731,0
29_1077_6,29,data/raw/20260804/20260804_1713_image234_rot45.jpg,20260804,0
20_940_2,20,data/raw/20260804/20260804_1701_image97_bup.jpg,20260804,3
2_543_2,2,data/raw/20260729/20260729_1659_image10_bup.jpg,20260729,0
2_238_5,2,data/raw/20260726/20260726_1336_image4_rot30.jpg,20260726,3
24_339_7,24,data/raw/20260727/20260727_1713_image96_rot60.jpg,20260727,3
28_1059_6,28,data/raw/20260804/20260804_1711_image216_rot45.jpg,20260804,7
37_627_5,37,data/raw/20260731/20260731_1657_image64_rot30.jpg,20260731,4
29_791_3,29,data/raw/20260731/20260731_1713_image228_cdw.jpg,20260731,0
38_1137_5,38,data/raw/20260804/20260804_1717_image294_rot30.jpg,20260804,7
30_498_2,30,data/raw/20260727/20260727_1736_image255_bup.jpg,20260727,0
44_517_9,44,data/raw/20260727/20260727_1737_image274_sup.jpg,20260727,15
37_633_3,37,data/raw/20260731/20260731_1658_image70_cdw.jpg,20260731,4
50_1016_5,50,data/raw/20260804/20260804_1709_image173_rot30.jpg,20260804,15
49_970_3,49,data/raw/20260804/20260804_1703_image127_cdw.jpg,20260804,17
43_1203_4,43,data/raw/20260804/20260804_1723_image360_cup.jpg,20260804,0
20_988_5,20,data/raw/20260804/20260804_1704_image145_rot30.jpg,20260804,3
28_769_4,28,data/raw/20260731/20260731_1712_image206_cup.jpg,20260731,11
2_537_1,2,data/raw/20260729/20260729_1659_image4_bdw.jpg,20260729,0
20_940_9,20,data/raw/20260804/20260804_1701_image97_sup.jpg,20260804,3
42_491_3,42,data/raw/20260727/20260727_1736_image248_cdw.jpg,20260727,9
19_899_6,19,data/raw/20260804/20260804_1655_image56_rot45.jpg,20260804,0
28_199_8,28,data/raw/20260722/20260722_1803_image104_sdw.jpg,20260722,20
49_980_2,49,data/raw/20260804/20260804_1703_image137_bup.jpg,20260804,17
28_1046_9,28,data/raw/20260804/20260804_1711_image203_sup.jpg,20260804,7
20_337_0,20,data/raw/20260727/20260727_1712_image94.jpg,20260727,11
38_407_8,38,data/raw/20260727/20260727_1723_image164_sdw.jpg,20260727,15
20_994_8,20,data/raw/20260804/20260804_1704_image151_sdw.jpg,20260804,3
34_609_3,34,data/raw/20260731/20260731_1656_image46_cdw.jpg,20260731,13
20_331_9,20,data/raw/20260727/20260727_1712_image88_sup.jpg,20260727,11
14_744_9,14,data/raw/20260731/20260731_1709_image181_sup.jpg,20260731,15
38_401_6,38,data/raw/20260727/20260727_1723_image158_rot45.jpg,20260727,15
9_317_1,9,data/raw/20260727/20260727_1711_image74_bdw.jpg,20260727,4
53_1186_3,53,data/raw/20260804/20260804_1722_image343_cdw.jpg,20260804,4
34_606_8,34,data/raw/20260731/20260731_1656_image43_sdw.jpg,20260731,13
42_1220_4,42,data/raw/20260804/20260804_1724_image377_cup.jpg,20260804,1
9_153_4,9,data/raw/20260722/20260722_1743_image57_cup.jpg,20260722,9
37_921_7,37,data/raw/20260804/20260804_1659_image78_rot60.jpg,20260804,0
42_497_5,42,data/raw/20260727/20260727_1736_image254_rot30.jpg,20260727,9
35_326_4,35,data/raw/20260727/20260727_1712_image83_cup.jpg,20260727,22
34_873_8,34,data/raw/20260804/20260804_1654_image30_sdw.jpg,20260804,9
2_554_4,2,data/raw/20260729/20260729_1700_image21_cup.jpg,20260729,0
45_646_1,45,data/raw/20260731/20260731_1659_image83_bdw.jpg,20260731,11
20_987_8,20,data/raw/20260804/20260804_1704_image144_sdw.jpg,20260804,3
33_847_4,33,data/raw/20260804/20260804_1651_image4_cup.jpg,20260804,4
22_171_9,22,data/raw/20260722/20260722_1746_image75_sup.jpg,20260722,22
2_547_9,2,data/raw/20260729/20260729_1700_image14_sup.jpg,20260729,0
22_860_9,22,data/raw/20260804/20260804_1652_image17_sup.jpg,20260804,9
26_391_8,26,data/raw/20260727/20260727_1722_image148_sdw.jpg,20260727,0
19_898_2,19,data/raw/20260804/20260804_1655_image55_bup.jpg,20260804,0
43_1211_5,43,data/raw/20260804/20260804_1723_image368_rot30.jpg,20260804,0
24_345_1,24,data/raw/20260727/20260727_1713_image102_bdw.jpg,20260727,3
30_215_3,30,data/raw/20260722/20260722_1813_image119_cdw.jpg,20260722,5
46_697_1,46,data/raw/20260731/20260731_1703_image134_bdw.jpg,20260731,2
4_145_3,4,data/raw/20260722/20260722_1743_image49_cdw.jpg,20260722,2
37_925_6,37,data/raw/20260804/20260804_1659_image82_rot45.jpg,20260804,0
39_730_2,39,data/raw/20260731/20260731_1708_image167_bup.jpg,20260731,0
24_691_4,24,data/raw/20260731/20260731_1702_image128_cup.jpg,20260731,0
39_1155_4,39,data/raw/20260804/20260804_1719_image312_cup.jpg,20260804,0
50_1040_3,50,data/raw/20260804/20260804_1711_image197_cdw.jpg,20260804,15
49_965_0,49,data/raw/20260804/20260804_1703_image122.jpg,20260804,17
39_462_4,39,data/raw/20260727/20260727_1730_image219_cup.jpg,20260727,4
38_404_9,38,data/raw/20260727/20260727_1723_image161_sup.jpg,20260727,15
28_787_8,28,data/raw/20260731/20260731_1713_image224_sdw.jpg,20260731,11
50_1018_4,50,data/raw/20260804/20260804_1710_image175_cup.jpg,20260804,15
18_257_9,18,data/raw/20260727/20260727_1707_image13_sup.jpg,20260727,0
49_980_1,49,data/raw/20260804/20260804_1703_image137_bdw.jpg,20260804,17
19_579_9,19,data/raw/20260731/20260731_1654_image16_sup.jpg,20260731,0
39_732_7,39,data/raw/20260731/20260731_1708_image169_rot60.jpg,20260731,0
28_1059_9,28,data/raw/20260804/20260804_1711_image216_sup.jpg,20260804,7
40_1172_9,40,data/raw/20260804/20260804_1720_image329_sup.jpg,20260804,0
37_627_2,37,data/raw/20260731/20260731_1657_image64_bup.jpg,20260731,4
45_640_9,45,data/raw/20260731/20260731_1658_image77_sup.jpg,20260731,11
50_1017_6,50,data/raw/20260804/20260804_1710_image174_rot45.jpg,20260804,15
9_155_0,9,data/raw/20260722/20260722_1743_image59.jpg,20260722,9
34_880_2,34,data/raw/20260804/20260804_1654_image37_bup.jpg,20260804,9
43_502_6,43,data/raw/20260727/20260727_1736_image259_rot45.jpg,20260727,2
9_321_3,9,data/raw/20260727/20260727_1711_image78_cdw.jpg,20260727,4
51_1085_7,51,data/raw/20260804/20260804_1713_image242_rot60.jpg,20260804,0
20_163_9,20,data/raw/20260722/20260722_1744_image67_sup.jpg,20260722,16
24_341_8,24,data/raw/20260727/20260727_1713_image98_sdw.jpg,20260727,3
49_982_8,49,data/raw/20260804/20260804_1703_image139_sdw.jpg,20260804,17
8_63_9,8,data/raw/20260715/20260715_1557_image42_sup.jpg,20260715,0
39_456_0,39,data/raw/20260727/20260727_1730_image213.jpg,20260727,4
25_1146_7,25,data/raw/20260804/20260804_1717_image303_rot60.jpg,20260804,0
37_618_2,37,data/raw/20260731/20260731_1656_image55_bup.jpg,20260731,4
9_654_3,9,data/raw/20260731/20260731_1700_image91_cdw.jpg,20260731,0
19_590_0,19,data/raw/20260731/20260731_1654_image27.jpg,20260731,0
5_38_8,5,data/raw/20260715/20260715_1555_image17_sdw.jpg,20260715,12
29_796_4,29,data/raw/20260731/20260731_1714_image233_cup.jpg,20260731,0
28_426_0,28,data/raw/20260727/20260727_1725_image183.jpg,20260727,15
9_658_7,9,data/raw/20260731/20260731_1700_image95_rot60.jpg,20260731,0
39_1156_6,39,data/raw/20260804/20260804_1719_image313_rot45.jpg,20260804,0
20_678_3,20,data/raw/20260731/20260731_1701_image115_cdw.jpg,20260731,7
19_378_1,19,data/raw/20260727/20260727_1720_image135_bdw.jpg,20260727,4
2_547_8,2,data/raw/20260729/20260729_1700_image14_sdw.jpg,20260729,0
19_587_9,19,data/raw/20260731/20260731_1654_image24_sup.jpg,20260731,0
36_360_2,36,data/raw/20260727/20260727_1716_image117_bup.jpg,20260727,4
5_283_7,5,data/raw/20260727/20260727_1709_image40_rot60.jpg,20260727,0
2_230_5,2,data/raw/20260725/20260725_1759_image2_rot30.jpg,20260725,4
2_552_8,2,data/raw/20260729/20260729_1700_image19_sdw.jpg,20260729,0
42_490_7,42,data/raw/20260727/20260727_1736_image247_rot60.jpg,20260727,9
47_754_6,47,data/raw/20260731/20260731_1711_image191_rot45.jpg,20260731,15
24_1009_9,24,data/raw/20260804/20260804_1705_image166_sup.jpg,20260804,0
19_591_1,19,data/raw/20260731/20260731_1654_image28_bdw.jpg,20260731,0
22_865_3,22,data/raw/20260804/20260804_1653_image22_cdw.jpg,20260804,9
1_8_7,1,data/raw/20260712/20260712_0855_image12_rot60.jpg,20260712,3
18_261_3,18,data/raw/20260727/20260727_1707_image17_cdw.jpg,20260727,0
29_790_3,29,data/raw/20260731/20260731_1713_image227_cdw.jpg,20260731,0
39_449_3,39,data/raw/20260727/20260727_1730_image206_cdw.jpg,20260727,4
49_970_9,49,data/raw/20260804/20260804_1703_image127_sup.jpg,20260804,17
25_1147_7,25,data/raw/20260804/20260804_1717_image304_rot60.jpg,20260804,0
33_566_0,33,data/raw/20260731/20260731_1653_image3.jpg,20260731,8
20_988_2,20,data/raw/20260804/20260804_1704_image145_bup.jpg,20260804,3
9_316_7,9,data/raw/20260727/20260727_1711_image73_rot60.jpg,20260727,4
16_115_4,16,data/raw/20260722/20260722_1659_image19_cup.jpg,20260722,8
5_41_5,5,data/raw/20260715/20260715_1555_image20_rot30.jpg,20260715,12
1_6_6,1,data/raw/20260712/20260712_0855_image10_rot45.jpg,20260712,3
43_820_7,43,data/raw/20260731/20260731_1717_image258_rot60.jpg,20260731,0
42_494_4,42,data/raw/20260727/20260727_1736_image251_cup.jpg,20260727,9
27_195_0,27,data/raw/20260722/20260722_1803_image100.jpg,20260722,0
45_907_6,45,data/raw/20260804/20260804_1657_image64_rot45.jpg,20260804,7
39_1157_7,39,data/raw/20260804/20260804_1719_image314_rot60.jpg,20260804,0
12_102_2,12,data/raw/20260722/20260722_1656_image6_bup.jpg,20260722,16
25_187_7,25,data/raw/20260722/20260722_1802_image91_rot60.jpg,20260722,9
20_998_4,20,data/raw/20260804/20260804_1704_image155_cup.jpg,20260804,3
19_897_8,19,data/raw/20260804/20260804_1655_image54_sdw.jpg,20260804,0
48_804_8,48,data/raw/20260731/20260731_1716_image242_sdw.jpg,20260731,4
33_273_7,33,data/raw/20260727/20260727_1708_image29_rot60.jpg,20260727,12
2_237_0,2,data/raw/20260726/20260726_1336_image3.jpg,20260726,3
2_17_2,2,data/raw/20260714/20260714_1017_image4_bup.jpg,20260714,15
30_498_9,30,data/raw/20260727/20260727_1736_image255_sup.jpg,20260727,0
39_464_5,39,data/raw/20260727/20260727_1730_image221_rot30.jpg,20260727,4
12_102_8,12,data/raw/20260722/20260722_1656_image6_sdw.jpg,20260722,16
53_1181_5,53,data/raw/20260804/20260804_1721_image338_rot30.jpg,20260804,4
25_1151_3,25,data/raw/20260804/20260804_1718_image308_cdw.jpg,20260804,0
24_342_9,24,data/raw/20260727/20260727_1713_image99_sup.jpg,20260727,3
52_1116_6,52,data/raw/20260804/20260804_1716_image273_rot45.jpg,20260804,10
25_710_9,25,data/raw/20260731/20260731_1706_image147_sup.jpg,20260731,0
18_134_6,18,data/raw/20260722/20260722_1742_image38_rot45.jpg,20260722,5
20_335_5,20,data/raw/20260727/20260727_1712_image92_rot30.jpg,20260727,11
36_367_1,36,data/raw/20260727/20260727_1717_image124_bdw.jpg,20260727,4
38_1121_2,38,data/raw/20260804/20260804_1716_image278_bup.jpg,20260804,7
19_890_9,19,data/raw/20260804/20260804_1655_image47_sup.jpg,20260804,0
28_425_5,28,data/raw/20260727/20260727_1725_image182_rot30.jpg,20260727,15
31_525_8,31,data/raw/20260727/20260727_1738_image282_sdw.jpg,20260727,0
29_206_8,29,data/raw/20260722/20260722_1804_image110_sdw.jpg,20260722,0
25_1145_5,25,data/raw/20260804/20260804_1717_image302_rot30.jpg,20260804,0
42_842_8,42,data/raw/20260731/20260731_1718_image280_sdw.jpg,20260731,5
48_1175_6,48,data/raw/20260804/20260804_1721_image332_rot45.jpg,20260804,0
2_555_8,2,data/raw/20260729/20260729_1700_image22_sdw.jpg,20260729,0
38_408_4,38,data/raw/20260727/20260727_1723_image165_cup.jpg,20260727,15
37_921_5,37,data/raw/20260804/20260804_1659_image78_rot30.jpg,20260804,0
38_1134_0,38,data/raw/20260804/20260804_1717_image291.jpg,20260804,7
14_436_3,14,data/raw/20260727/20260727_1726_image193_cdw.jpg,20260727,4
2_89_7,2,data/raw/20260720/20260720_1503_image1_rot60.jpg,20260720,9
30_531_2,30,data/raw/20260727/20260727_1739_image288_bup.jpg,20260727,0
19_307_1,19,data/raw/20260727/20260727_1710_image64_bdw.jpg,20260727,4
33_270_8,33,data/raw/20260727/20260727_1708_image26_sdw.jpg,20260727,12
50_1033_0,50,data/raw/20260804/20260804_1710_image190.jpg,20260804,15
45_643_1,45,data/raw/20260731/20260731_1659_image80_bdw.jpg,20260731,11
45_906_1,45,data/raw/20260804/20260804_1657_image63_bdw.jpg,20260804,7
9_314_2,9,data/raw/20260727/20260727_1711_image71_bup.jpg,20260727,4
34_596_9,34,data/raw/20260731/20260731_1655_image33_sup.jpg,20260731,13
44_515_0,44,data/raw/20260727/20260727_1737_image272.jpg,20260727,15
41_480_4,41,data/raw/20260727/20260727_1734_image237_cup.jpg,20260727,15
29_1072_3,29,data/raw/20260804/20260804_1712_image229_cdw.jpg,20260804,0
29_797_9,29,data/raw/20260731/20260731_1714_image234_sup.jpg,20260731,0
33_270_5,33,data/raw/20260727/20260727_1708_image26_rot30.jpg,20260727,12
14_435_6,14,data/raw/20260727/20260727_1726_image192_rot45.jpg,20260727,4
24_685_7,24,data/raw/20260731/20260731_1702_image122_rot60.jpg,20260731,0
2_253_3,2,data/raw/20260727/20260727_1555_image9_cdw.jpg,20260727,2
2_242_7,2,data/raw/20260726/20260726_1337_image8_rot60.jpg,20260726,3
24_690_0,24,data/raw/20260731/20260731_1702_image127.jpg,20260731,0
50_1021_2,50,data/raw/20260804/20260804_1710_image178_bup.jpg,20260804,15
50_1034_5,50,data/raw/20260804/20260804_1710_image191_rot30.jpg,20260804,15
7_47_6,7,data/raw/20260715/20260715_1555_image26_rot45.jpg,20260715,0
4_26_5,4,data/raw/20260715/20260715_1554_image13_rot30.jpg,20260715,9
43_814_4,43,data/raw/20260731/20260731_1716_image252_cup.jpg,20260731,0
38_400_3,38,data/raw/20260727/20260727_1723_image157_cdw.jpg,20260727,15
50_1028_4,50,data/raw/20260804/20260804_1710_image185_cup.jpg,20260804,15
29_1077_2,29,data/raw/20260804/20260804_1713_image234_bup.jpg,20260804,0
28_1053_0,28,data/raw/20260804/20260804_1711_image210.jpg,20260804,7
39_447_3,39,data/raw/20260727/20260727_1730_image204_cdw.jpg,20260727,4
29_1065_4,29,data/raw/20260804/20260804_1712_image222_cup.jpg,20260804,0
16_118_7,16,data/raw/20260722/20260722_1659_image22_rot60.jpg,20260722,8
1_12_0,1,data/raw/20260712/20260712_0855_image8.jpg,20260712,3
13_109_6,13,data/raw/20260722/20260722_1658_image14_rot45.jpg,20260722,8
14_750_5,14,data/raw/20260731/20260731_1710_image187_rot30.jpg,20260731,15
49_983_4,49,data/raw/20260804/20260804_1703_image140_cup.jpg,20260804,17
42_1223_2,42,data/raw/20260804/20260804_1724_image380_bup.jpg,20260804,1
39_1165_9,39,data/raw/20260804/20260804_1719_image322_sup.jpg,20260804,0
20_1000_4,20,data/raw/20260804/20260804_1704_image157_cup.jpg,20260804,3
45_917_8,45,data/raw/20260804/20260804_1659_image74_sdw.jpg,20260804,7
9_71_5,9,data/raw/20260715/20260715_1557_image50_rot30.jpg,20260715,16
26_193_7,26,data/raw/20260722/20260722_1802_image97_rot60.jpg,20260722,5
42_1219_8,42,data/raw/20260804/20260804_1724_image376_sdw.jpg,20260804,1
42_1219_3,42,data/raw/20260804/20260804_1724_image376_cdw.jpg,20260804,1
49_983_5,49,data/raw/20260804/20260804_1703_image140_rot30.jpg,20260804,17
50_1039_9,50,data/raw/20260804/20260804_1711_image196_sup.jpg,20260804,15
40_1169_4,40,data/raw/20260804/20260804_1720_image326_cup.jpg,20260804,0
19_151_4,19,data/raw/20260722/20260722_1743_image55_cup.jpg,20260722,9
30_482_2,30,data/raw/20260727/20260727_1735_image239_bup.jpg,20260727,0
14_748_5,14,data/raw/20260731/20260731_1710_image185_rot30.jpg,20260731,15
28_1048_4,28,data/raw/20260804/20260804_1711_image205_cup.jpg,20260804,7
33_273_0,33,data/raw/20260727/20260727_1708_image29.jpg,20260727,12
43_512_6,43,data/raw/20260727/20260727_1737_image269_rot45.jpg,20260727,2
9_319_7,9,data/raw/20260727/20260727_1711_image76_rot60.jpg,20260727,4
24_340_0,24,data/raw/20260727/20260727_1713_image97.jpg,20260727,3
42_493_0,42,data/raw/20260727/20260727_1736_image250.jpg,20260727,9
33_275_8,33,data/raw/20260727/20260727_1708_image31_sdw.jpg,20260727,12
34_887_5,34,data/raw/20260804/20260804_1654_image44_rot30.jpg,20260804,9
38_399_2,38,data/raw/20260727/20260727_1723_image156_bup.jpg,20260727,15
20_165_1,20,data/raw/20260722/20260722_1744_image69_bdw.jpg,20260722,16
42_840_2,42,data/raw/20260731/20260731_1718_image278_bup.jpg,20260731,5
46_694_9,46,data/raw/20260731/20260731_1703_image131_sup.jpg,20260731,2
37_620_5,37,data/raw/20260731/20260731_1656_image57_rot30.jpg,20260731,4
34_592_4,34,data/raw/20260731/20260731_1655_image29_cup.jpg,20260731,13
37_369_5,37,data/raw/20260727/20260727_1717_image126_rot30.jpg,20260727,8
20_332_1,20,data/raw/20260727/20260727_1712_image89_bdw.jpg,20260727,11
44_515_7,44,data/raw/20260727/20260727_1737_image272_rot60.jpg,20260727,15
34_884_3,34,data/raw/20260804/20260804_1654_image41_cdw.jpg,20260804,9
16_118_4,16,data/raw/20260722/20260722_1659_image22_cup.jpg,20260722,8
33_267_3,33,data/raw/20260727/20260727_1707_image23_cdw.jpg,20260727,12
43_820_6,43,data/raw/20260731/20260731_1717_image258_rot45.jpg,20260731,0
38_1152_9,38,data/raw/20260804/20260804_1718_image309_sup.jpg,20260804,7
38_722_5,38,data/raw/20260731/20260731_1706_image159_rot30.jpg,20260731,11
20_677_1,20,data/raw/20260731/20260731_1701_image114_bdw.jpg,20260731,7
2_234_5,2,data/raw/20260725/20260725_1759_image6_rot30.jpg,20260725,4
50_1026_1,50,data/raw/20260804/20260804_1710_image183_bdw.jpg,20260804,15
26_189_8,26,data/raw/20260722/20260722_1802_image93_sdw.jpg,20260722,5
39_1161_4,39,data/raw/20260804/20260804_1719_image318_cup.jpg,20260804,0
2_233_8,2,data/raw/20260725/20260725_1759_image5_sdw.jpg,20260725,4
22_868_0,22,data/raw/20260804/20260804_1653_image25.jpg,20260804,9
8_65_1,8,data/raw/20260715/20260715_1557_image44_bdw.jpg,20260715,0
28_762_8,28,data/raw/20260731/20260731_1711_image199_sdw.jpg,20260731,11
25_1149_6,25,data/raw/20260804/20260804_1718_image306_rot45.jpg,20260804,0
8_161_0,8,data/raw/20260722/20260722_1744_image65.jpg,20260722,0
25_186_3,25,data/raw/20260722/20260722_1802_image90_cdw.jpg,20260722,9
1_9_3,1,data/raw/20260712/20260712_0855_image13_cdw.jpg,20260712,3
39_461_8,39,data/raw/20260727/20260727_1730_image218_sdw.jpg,20260727,4
30_486_5,30,data/raw/20260727/20260727_1735_image243_rot30.jpg,20260727,0
19_376_6,19,data/raw/20260727/20260727_1720_image133_rot45.jpg,20260727,4
22_858_2,22,data/raw/20260804/20260804_1652_image15_bup.jpg,20260804,9
47_751_3,47,data/raw/20260731/20260731_1710_image188_cdw.jpg,20260731,15
53_1183_8,53,data/raw/20260804/20260804_1721_image340_sdw.jpg,20260804,4
2_545_3,2,data/raw/20260729/20260729_1659_image12_cdw.jpg,20260729,0
39_473_9,39,data/raw/20260727/20260727_1731_image230_sup.jpg,20260727,4
2_249_6,2,data/raw/20260727/20260727_1555_image5_rot45.jpg,20260727,2
2_250_3,2,data/raw/20260727/20260727_1555_image6_cdw.jpg,20260727,2
34_600_7,34,data/raw/20260731/20260731_1655_image37_rot60.jpg,20260731,13
45_907_4,45,data/raw/20260804/20260804_1657_image64_cup.jpg,20260804,7
25_1142_1,25,data/raw/20260804/20260804_1717_image299_bdw.jpg,20260804,0
43_1200_0,43,data/raw/20260804/20260804_1722_image357.jpg,20260804,0
25_1148_1,25,data/raw/20260804/20260804_1717_image305_bdw.jpg,20260804,0
25_1142_0,25,data/raw/20260804/20260804_1717_image299.jpg,20260804,0
34_296_0,34,data/raw/20260727/20260727_1710_image53.jpg,20260727,17
41_481_8,41,data/raw/20260727/20260727_1734_image238_sdw.jpg,20260727,15
47_1090_1,47,data/raw/20260804/20260804_1713_image247_bdw.jpg,20260804,11
43_1200_4,43,data/raw/20260804/20260804_1722_image357_cup.jpg,20260804,0
19_587_6,19,data/raw/20260731/20260731_1654_image24_rot45.jpg,20260731,0
8_61_0,8,data/raw/20260715/20260715_1556_image40.jpg,20260715,0
30_498_4,30,data/raw/20260727/20260727_1736_image255_cup.jpg,20260727,0
9_74_1,9,data/raw/20260715/20260715_1558_image53_bdw.jpg,20260715,16
33_274_4,33,data/raw/20260727/20260727_1708_image30_cup.jpg,20260727,12
23_174_3,23,data/raw/20260722/20260722_1746_image78_cdw.jpg,20260722,11
31_220_4,31,data/raw/20260722/20260722_1814_image124_cup.jpg,20260722,5
49_957_2,49,data/raw/20260804/20260804_1702_image114_bup.jpg,20260804,17
25_703_9,25,data/raw/20260731/20260731_1705_image140_sup.jpg,20260731,0
2_248_8,2,data/raw/20260727/20260727_1555_image4_sdw.jpg,20260727,2
29_790_2,29,data/raw/20260731/20260731_1713_image227_bup.jpg,20260731,0
21_169_9,21,data/raw/20260722/20260722_1746_image73_sup.jpg,20260722,3
39_1164_8,39,data/raw/20260804/20260804_1719_image321_sdw.jpg,20260804,0
34_610_7,34,data/raw/20260731/20260731_1656_image47_rot60.jpg,20260731,13
33_268_5,33,data/raw/20260727/20260727_1708_image24_rot30.jpg,20260727,12
31_218_0,31,data/raw/20260722/20260722_1814_image122.jpg,20260722,5
47_752_6,47,data/raw/20260731/20260731_1710_image189_rot45.jpg,20260731,15
39_1167_5,39,data/raw/20260804/20260804_1720_image324_rot30.jpg,20260804,0
9_659_2,9,data/raw/20260731/20260731_1700_image96_bup.jpg,20260731,0
4_147_5,4,data/raw/20260722/20260722_1743_image51_rot30.jpg,20260722,2
38_400_5,38,data/raw/20260727/20260727_1723_image157_rot30.jpg,20260727,15
20_333_1,20,data/raw/20260727/20260727_1712_image90_bdw.jpg,20260727,11
1_3_5,1,data/raw/20260712/20260712_0854_image3_rot30.jpg,20260712,3
40_471_9,40,data/raw/20260727/20260727_1731_image228_sup.jpg,20260727,6
36_362_7,36,data/raw/20260727/20260727_1716_image119_rot60.jpg,20260727,4
22_375_4,22,data/raw/20260727/20260727_1718_image132_cup.jpg,20260727,17
34_595_4,34,data/raw/20260731/20260731_1655_image32_cup.jpg,20260731,13
40_1170_1,40,data/raw/20260804/20260804_1720_image327_bdw.jpg,20260804,0
8_161_9,8,data/raw/20260722/20260722_1744_image65_sup.jpg,20260722,0
2_20_3,2,data/raw/20260714/20260714_1017_image7_cdw.jpg,20260714,15
5_37_9,5,data/raw/20260715/20260715_1555_image16_sup.jpg,20260715,12
19_900_6,19,data/raw/20260804/20260804_1655_image57_rot45.jpg,20260804,0
20_331_1,20,data/raw/20260727/20260727_1712_image88_bdw.jpg,20260727,11
20_994_2,20,data/raw/20260804/20260804_1704_image151_bup.jpg,20260804,3
50_1033_5,50,data/raw/20260804/20260804_1710_image190_rot30.jpg,20260804,15
43_506_0,43,data/raw/20260727/20260727_1736_image263.jpg,20260727,2
20_939_6,20,data/raw/20260804/20260804_1701_image96_rot45.jpg,20260804,3
2_255_3,2,data/raw/20260727/20260727_1556_image11_cdw.jpg,20260727,2
19_889_2,19,data/raw/20260804/20260804_1655_image46_bup.jpg,20260804,0
13_106_9,13,data/raw/20260722/20260722_1658_image11_sup.jpg,20260722,8
30_485_9,30,data/raw/20260727/20260727_1735_image242_sup.jpg,20260727,0
28_762_9,28,data/raw/20260731/20260731_1711_image199_sup.jpg,20260731,11
20_335_8,20,data/raw/20260727/20260727_1712_image92_sdw.jpg,20260727,11
33_267_0,33,data/raw/20260727/20260727_1707_image23.jpg,20260727,12
25_704_3,25,data/raw/20260731/20260731_1705_image141_cdw.jpg,20260731,0
47_1090_8,47,data/raw/20260804/20260804_1713_image247_sdw.jpg,20260804,11
33_568_2,33,data/raw/20260731/20260731_1653_image5_bup.jpg,20260731,8
20_673_9,20,data/raw/20260731/20260731_1701_image110_sup.jpg,20260731,7
47_753_3,47,data/raw/20260731/20260731_1710_image190_cdw.jpg,20260731,15
38_403_0,38,data/raw/20260727/20260727_1723_image160.jpg,20260727,15
33_565_3,33,data/raw/20260731/20260731_1653_image2_cdw.jpg,20260731,8
37_371_6,37,data/raw/20260727/20260727_1718_image128_rot45.jpg,20260727,8
38_719_2,38,data/raw/20260731/20260731_1706_image156_bup.jpg,20260731,11
19_895_2,19,data/raw/20260804/20260804_1655_image52_bup.jpg,20260804,0
34_608_8,34,data/raw/20260731/20260731_1656_image45_sdw.jpg,20260731,13
4_43_5,4,data/raw/20260715/20260715_1555_image22_rot30.jpg,20260715,9
2_223_8,2,data/raw/20260724/20260724_1627_image1_sdw.jpg,20260724,5
8_61_4,8,data/raw/20260715/20260715_1556_image40_cup.jpg,20260715,0
25_1148_9,25,data/raw/20260804/20260804_1717_image305_sup.jpg,20260804,0
2_242_9,2,data/raw/20260726/20260726_1337_image8_sup.jpg,20260726,3
3_33_7,3,data/raw/20260715/20260715_1554_image7_rot60.jpg,20260715,0
12_103_4,12,data/raw/20260722/20260722_1657_image7_cup.jpg,20260722,16
49_968_5,49,data/raw/20260804/20260804_1703_image125_rot30.jpg,20260804,17
4_144_7,4,data/raw/20260722/20260722_1743_image48_rot60.jpg,20260722,2
2_17_7,2,data/raw/20260714/20260714_1017_image4_rot60.jpg,20260714,15
37_369_3,37,data/raw/20260727/20260727_1717_image126_cdw.jpg,20260727,8
8_65_8,8,data/raw/20260715/20260715_1557_image44_sdw.jpg,20260715,0
1_3_4,1,data/raw/20260712/20260712_0854_image3_cup.jpg,20260712,3
26_387_7,26,data/raw/20260727/20260727_1722_image144_rot60.jpg,20260727,0
37_634_6,37,data/raw/20260731/20260731_1658_image71_rot45.jpg,20260731,4
48_808_1,48,data/raw/20260731/20260731_1716_image246_bdw.jpg,20260731,4
25_712_1,25,data/raw/20260731/20260731_1706_image149_bdw.jpg,20260731,0
9_654_8,9,data/raw/20260731/20260731_1700_image91_sdw.jpg,20260731,0
5_135_9,5,data/raw/20260722/20260722_1742_image39_sup.jpg,20260722,5
22_637_2,22,data/raw/20260731/20260731_1658_image74_bup.jpg,20260731,13
4_26_0,4,data/raw/20260715/20260715_1554_image13.jpg,20260715,9
39_478_2,39,data/raw/20260727/20260727_1733_image235_bup.jpg,20260727,4
38_1122_8,38,data/raw/20260804/20260804_1716_image279_sdw.jpg,20260804,7
45_902_8,45,data/raw/20260804/20260804_1657_image59_sdw.jpg,20260804,7
28_202_4,28,data/raw/20260722/20260722_1803_image107_cup.jpg,20260722,20
20_942_5,20,data/raw/20260804/20260804_1701_image99_rot30.jpg,20260804,3
25_1150_2,25,data/raw/20260804/20260804_1718_image307_bup.jpg,20260804,0
34_880_4,34,data/raw/20260804/20260804_1654_image37_cup.jpg,20260804,9
47_756_0,47,data/raw/20260731/20260731_1711_image193.jpg,20260731,15
2_227_9,2,data/raw/20260724/20260724_1628_image5_sup.jpg,20260724,5
31_220_3,31,data/raw/20260722/20260722_1814_image124_cdw.jpg,20260722,5
22_375_2,22,data/raw/20260727/20260727_1718_image132_bup.jpg,20260727,17
6_59_4,6,data/raw/20260715/20260715_1556_image38_cup.jpg,20260715,5
50_1027_7,50,data/raw/20260804/20260804_1710_image184_rot60.jpg,20260804,15
28_418_5,28,data/raw/20260727/20260727_1725_image175_rot30.jpg,20260727,15
28_767_6,28,data/raw/20260731/20260731_1712_image204_rot45.jpg,20260731,11
15_111_7,15,data/raw/20260722/20260722_1658_image16_rot60.jpg,20260722,0
25_1145_1,25,data/raw/20260804/20260804_1717_image302_bdw.jpg,20260804,0
28_772_7,28,data/raw/20260731/20260731_1712_image209_rot60.jpg,20260731,11
4_25_0,4,data/raw/20260715/20260715_1554_image12.jpg,20260715,9
34_298_9,34,data/raw/20260727/20260727_1710_image55_sup.jpg,20260727,17
19_379_5,19,data/raw/20260727/20260727_1720_image136_rot30.jpg,20260727,4
49_972_2,49,data/raw/20260804/20260804_1703_image129_bup.jpg,20260804,17
24_1008_3,24,data/raw/20260804/20260804_1705_image165_cdw.jpg,20260804,0
19_310_6,19,data/raw/20260727/20260727_1710_image67_rot45.jpg,20260727,4
6_56_3,6,data/raw/20260715/20260715_1556_image35_cdw.jpg,20260715,5
28_1054_6,28,data/raw/20260804/20260804_1711_image211_rot45.jpg,20260804,7
9_315_6,9,data/raw/20260727/20260727_1711_image72_rot45.jpg,20260727,4
16_117_8,16,data/raw/20260722/20260722_1659_image21_sdw.jpg,20260722,8
43_1205_1,43,data/raw/20260804/20260804_1723_image362_bdw.jpg,20260804,0
14_439_2,14,data/raw/20260727/20260727_1727_image196_bup.jpg,20260727,4
37_620_4,37,data/raw/20260731/20260731_1656_image57_cup.jpg,20260731,4
5_288_2,5,data/raw/20260727/20260727_1709_image45_bup.jpg,20260727,0
25_386_4,25,data/raw/20260727/20260727_1722_image143_cup.jpg,20260727,4
28_427_0,28,data/raw/20260727/20260727_1725_image184.jpg,20260727,15
48_801_5,48,data/raw/20260731/20260731_1715_image239_rot30.jpg,20260731,4
4_42_4,4,data/raw/20260715/20260715_1555_image21_cup.jpg,20260715,9
40_1173_6,40,data/raw/20260804/20260804_1720_image330_rot45.jpg,20260804,0
40_467_2,40,data/raw/20260727/20260727_1731_image224_bup.jpg,20260727,6
49_967_7,49,data/raw/20260804/20260804_1703_image124_rot60.jpg,20260804,17
25_381_8,25,data/raw/20260727/20260727_1722_image138_sdw.jpg,20260727,4
14_212_6,14,data/raw/20260722/20260722_1808_image116_rot45.jpg,20260722,9
29_203_3,29,data/raw/20260722/20260722_1803_image108_cdw.jpg,20260722,0
41_480_6,41,data/raw/20260727/20260727_1734_image237_rot45.jpg,20260727,15
34_609_1,34,data/raw/20260731/20260731_1656_image46_bdw.jpg,20260731,13
28_766_8,28,data/raw/20260731/20260731_1712_image203_sdw.jpg,20260731,11
45_905_0,45,data/raw/20260804/20260804_1657_image62.jpg,20260804,7
37_620_2,37,data/raw/20260731/20260731_1656_image57_bup.jpg,20260731,4
19_901_6,19,data/raw/20260804/20260804_1655_image58_rot45.jpg,20260804,0
43_1210_0,43,data/raw/20260804/20260804_1723_image367.jpg,20260804,0
25_710_0,25,data/raw/20260731/20260731_1706_image147.jpg,20260731,0
4_25_6,4,data/raw/20260715/20260715_1554_image12_rot45.jpg,20260715,9
2_14_7,2,data/raw/20260714/20260714_1016_image1_rot60.jpg,20260714,15
24_687_3,24,data/raw/20260731/20260731_1702_image124_cdw.jpg,20260731,0
20_946_9,20,data/raw/20260804/20260804_1702_image103_sup.jpg,20260804,3
9_316_2,9,data/raw/20260727/20260727_1711_image73_bup.jpg,20260727,4
47_1096_6,47,data/raw/20260804/20260804_1714_image253_rot45.jpg,20260804,11
34_882_9,34,data/raw/20260804/20260804_1654_image39_sup.jpg,20260804,9
20_996_1,20,data/raw/20260804/20260804_1704_image153_bdw.jpg,20260804,3
25_708_0,25,data/raw/20260731/20260731_1705_image145.jpg,20260731,0
28_762_5,28,data/raw/20260731/20260731_1711_image199_rot30.jpg,20260731,11
6_57_6,6,data/raw/20260715/20260715_1556_image36_rot45.jpg,20260715,5
24_177_9,24,data/raw/20260722/20260722_1757_image81_sup.jpg,20260722,8
20_943_9,20,data/raw/20260804/20260804_1701_image100_sup.jpg,20260804,3
5_285_0,5,data/raw/20260727/20260727_1709_image42.jpg,20260727,0
20_671_7,20,data/raw/20260731/20260731_1701_image108_rot60.jpg,20260731,7
40_1169_6,40,data/raw/20260804/20260804_1720_image326_rot45.jpg,20260804,0
34_871_3,34,data/raw/20260804/20260804_1654_image28_cdw.jpg,20260804,9
9_653_7,9,data/raw/20260731/20260731_1700_image90_rot60.jpg,20260731,0
45_908_6,45,data/raw/20260804/20260804_1657_image65_rot45.jpg,20260804,7
51_1083_3,51,data/raw/20260804/20260804_1713_image240_cdw.jpg,20260804,0
49_961_4,49,data/raw/20260804/20260804_1702_image118_cup.jpg,20260804,17
46_700_8,46,data/raw/20260731/20260731_1703_image137_sdw.jpg,20260731,2
27_195_3,27,data/raw/20260722/20260722_1803_image100_cdw.jpg,20260722,0
43_1208_2,43,data/raw/20260804/20260804_1723_image365_bup.jpg,20260804,0
22_930_0,22,data/raw/20260804/20260804_1700_image87.jpg,20260804,9
14_444_4,14,data/raw/20260727/20260727_1727_image201_cup.jpg,20260727,4
37_619_9,37,data/raw/20260731/20260731_1656_image56_sup.jpg,20260731,4
25_1151_9,25,data/raw/20260804/20260804_1718_image308_sup.jpg,20260804,0
43_1210_1,43,data/raw/20260804/20260804_1723_image367_bdw.jpg,20260804,0
38_716_5,38,data/raw/20260731/20260731_1706_image153_rot30.jpg,20260731,11
31_525_2,31,data/raw/20260727/20260727_1738_image282_bup.jpg,20260727,0
24_1004_4,24,data/raw/20260804/20260804_1705_image161_cup.jpg,20260804,0
43_512_3,43,data/raw/20260727/20260727_1737_image269_cdw.jpg,20260727,2
15_110_5,15,data/raw/20260722/20260722_1658_image15_rot30.jpg,20260722,0
39_450_3,39,data/raw/20260727/20260727_1730_image207_cdw.jpg,20260727,4
42_829_9,42,data/raw/20260731/20260731_1717_image267_sup.jpg,20260731,5
38_405_6,38,data/raw/20260727/20260727_1723_image162_rot45.jpg,20260727,15
20_947_9,20,data/raw/20260804/20260804_1702_image104_sup.jpg,20260804,3
29_789_8,29,data/raw/20260731/20260731_1713_image226_sdw.jpg,20260731,0
43_511_8,43,data/raw/20260727/20260727_1737_image268_sdw.jpg,20260727,2
28_786_3,28,data/raw/20260731/20260731_1713_image223_cdw.jpg,20260731,11
39_1163_4,39,data/raw/20260804/20260804_1719_image320_cup.jpg,20260804,0
22_867_7,22,data/raw/20260804/20260804_1653_image24_rot60.jpg,20260804,9
39_732_0,39,data/raw/20260731/20260731_1708_image169.jpg,20260731,0
17_119_4,17,data/raw/20260722/20260722_1659_image23_cup.jpg,20260722,17
9_71_2,9,data/raw/20260715/20260715_1557_image50_bup.jpg,20260715,16
2_543_6,2,data/raw/20260729/20260729_1659_image10_rot45.jpg,20260729,0
20_165_8,20,data/raw/20260722/20260722_1744_image69_sdw.jpg,20260722,16
29_415_8,29,data/raw/20260727/20260727_1724_image172_sdw.jpg,20260727,0
24_347_0,24,data/raw/20260727/20260727_1713_image104.jpg,20260727,3
34_609_5,34,data/raw/20260731/20260731_1656_image46_rot30.jpg,20260731,13
28_1063_7,28,data/raw/20260804/20260804_1712_image220_rot60.jpg,20260804,7
43_818_9,43,data/raw/20260731/20260731_1716_image256_sup.jpg,20260731,0
21_168_8,21,data/raw/20260722/20260722_1745_image72_sdw.jpg,20260722,3
38_725_3,38,data/raw/20260731/20260731_1707_image162_cdw.jpg,20260731,11
38_404_7,38,data/raw/20260727/20260727_1723_image161_rot60.jpg,20260727,15
25_711_8,25,data/raw/20260731/20260731_1706_image148_sdw.jpg,20260731,0
42_1226_4,42,data/raw/20260804/20260804_1724_image383_cup.jpg,20260804,1
43_509_9,43,data/raw/20260727/20260727_1737_image266_sup.jpg,20260727,2
19_311_7,19,data/raw/20260727/20260727_1711_image68_rot60.jpg,20260727,4
28_1049_6,28,data/raw/20260804/20260804_1711_image206_rot45.jpg,20260804,7
9_153_2,9,data/raw/20260722/20260722_1743_image57_bup.jpg,20260722,9
1_12_2,1,data/raw/20260712/20260712_0855_image8_bup.jpg,20260712,3
39_450_9,39,data/raw/20260727/20260727_1730_image207_sup.jpg,20260727,4
42_837_7,42,data/raw/20260731/20260731_1718_image275_rot60.jpg,20260731,5
9_322_7,9,data/raw/20260727/20260727_1711_image79_rot60.jpg,20260727,4
19_308_4,19,data/raw/20260727/20260727_1710_image65_cup.jpg,20260727,4
24_346_6,24,data/raw/20260727/20260727_1713_image103_rot45.jpg,20260727,3
48_1178_7,48,data/raw/20260804/20260804_1721_image335_rot60.jpg,20260804,0
28_780_2,28,data/raw/20260731/20260731_1713_image217_bup.jpg,20260731,11
2_559_9,2,data/raw/20260729/20260729_1700_image26_sup.jpg,20260729,0
28_1049_1,28,data/raw/20260804/20260804_1711_image206_bdw.jpg,20260804,7
40_1172_3,40,data/raw/20260804/20260804_1720_image329_cdw.jpg,20260804,0
20_986_5,20,data/raw/20260804/20260804_1704_image143_rot30.jpg,20260804,3
29_412_4,29,data/raw/20260727/20260727_1724_image169_cup.jpg,20260727,0
2_536_5,2,data/raw/20260729/20260729_1659_image3_rot30.jpg,20260729,0
33_853_6,33,data/raw/20260804/20260804_1651_image10_rot45.jpg,20260804,4
2_250_7,2,data/raw/20260727/20260727_1555_image6_rot60.jpg,20260727,2
42_1222_2,42,data/raw/20260804/20260804_1724_image379_bup.jpg,20260804,1
19_580_4,19,data/raw/20260731/20260731_1654_image17_cup.jpg,20260731,0
34_606_1,34,data/raw/20260731/20260731_1656_image43_bdw.jpg,20260731,13
23_173_6,23,data/raw/20260722/20260722_1746_image77_rot45.jpg,20260722,11
48_1174_7,48,data/raw/20260804/20260804_1721_image331_rot60.jpg,20260804,0
3_34_6,3,data/raw/20260715/20260715_1554_image8_rot45.jpg,20260715,0
37_919_2,37,data/raw/20260804/20260804_1659_image76_bup.jpg,20260804,0
47_1090_9,47,data/raw/20260804/20260804_1713_image247_sup.jpg,20260804,11
53_1193_7,53,data/raw/20260804/20260804_1722_image350_rot60.jpg,20260804,4
38_1125_4,38,data/raw/20260804/20260804_1716_image282_cup.jpg,20260804,7
20_987_4,20,data/raw/20260804/20260804_1704_image144_cup.jpg,20260804,3
9_154_7,9,data/raw/20260722/20260722_1743_image58_rot60.jpg,20260722,9
28_1048_5,28,data/raw/20260804/20260804_1711_image205_rot30.jpg,20260804,7
38_1153_8,38,data/raw/20260804/20260804_1718_image310_sdw.jpg,20260804,7
37_632_7,37,data/raw/20260731/20260731_1658_image69_rot60.jpg,20260731,4
39_456_1,39,data/raw/20260727/20260727_1730_image213_bdw.jpg,20260727,4
33_265_5,33,data/raw/20260727/20260727_1707_image21_rot30.jpg,20260727,12
28_1064_6,28,data/raw/20260804/20260804_1712_image221_rot45.jpg,20260804,7
52_1118_7,52,data/raw/20260804/20260804_1716_image275_rot60.jpg,20260804,10
28_428_6,28,data/raw/20260727/20260727_1725_image185_rot45.jpg,20260727,15
20_663_5,20,data/raw/20260731/20260731_1700_image100_rot30.jpg,20260731,7
52_1110_9,52,data/raw/20260804/20260804_1715_image267_sup.jpg,20260804,10
26_191_5,26,data/raw/20260722/20260722_1802_image95_rot30.jpg,20260722,5
2_95_4,2,data/raw/20260720/20260720_1503_image7_cup.jpg,20260720,9
29_413_7,29,data/raw/20260727/20260727_1724_image170_rot60.jpg,20260727,0
28_783_5,28,data/raw/20260731/20260731_1713_image220_rot30.jpg,20260731,11
22_612_5,22,data/raw/20260731/20260731_1656_image49_rot30.jpg,20260731,13
41_481_6,41,data/raw/20260727/20260727_1734_image238_rot45.jpg,20260727,15
26_193_6,26,data/raw/20260722/20260722_1802_image97_rot45.jpg,20260722,5
49_983_2,49,data/raw/20260804/20260804_1703_image140_bup.jpg,20260804,17
20_992_5,20,data/raw/20260804/20260804_1704_image149_rot30.jpg,20260804,3
19_149_7,19,data/raw/20260722/20260722_1743_image53_rot60.jpg,20260722,9
46_700_1,46,data/raw/20260731/20260731_1703_image137_bdw.jpg,20260731,2
36_367_7,36,data/raw/20260727/20260727_1717_image124_rot60.jpg,20260727,4
38_404_2,38,data/raw/20260727/20260727_1723_image161_bup.jpg,20260727,15
9_69_2,9,data/raw/20260715/20260715_1557_image48_bup.jpg,20260715,16
34_302_1,34,data/raw/20260727/20260727_1710_image59_bdw.jpg,20260727,17
33_566_3,33,data/raw/20260731/20260731_1653_image3_cdw.jpg,20260731,8
22_861_8,22,data/raw/20260804/20260804_1652_image18_sdw.jpg,20260804,9
2_250_5,2,data/raw/20260727/20260727_1555_image6_rot30.jpg,20260727,2
50_1035_6,50,data/raw/20260804/20260804_1710_image192_rot45.jpg,20260804,15
36_362_5,36,data/raw/20260727/20260727_1716_image119_rot30.jpg,20260727,4
2_550_7,2,data/raw/20260729/20260729_1700_image17_rot60.jpg,20260729,0
7_52_1,7,data/raw/20260715/20260715_1556_image31_bdw.jpg,20260715,0
19_377_8,19,data/raw/20260727/20260727_1720_image134_sdw.jpg,20260727,4
34_297_5,34,data/raw/20260727/20260727_1710_image54_rot30.jpg,20260727,17
28_761_1,28,data/raw/20260731/20260731_1711_image198_bdw.jpg,20260731,11
53_1187_4,53,data/raw/20260804/20260804_1722_image344_cup.jpg,20260804,4
28_420_2,28,data/raw/20260727/20260727_1725_image177_bup.jpg,20260727,15
45_645_4,45,data/raw/20260731/20260731_1659_image82_cup.jpg,20260731,11
28_784_1,28,data/raw/20260731/20260731_1713_image221_bdw.jpg,20260731,11
28_772_2,28,data/raw/20260731/20260731_1712_image209_bup.jpg,20260731,11
49_967_3,49,data/raw/20260804/20260804_1703_image124_cdw.jpg,20260804,17
29_799_7,29,data/raw/20260731/20260731_1714_image236_rot60.jpg,20260731,0
1_2_8,1,data/raw/20260712/20260712_0854_image2_sdw.jpg,20260712,3
49_976_2,49,data/raw/20260804/20260804_1703_image133_bup.jpg,20260804,17
37_919_5,37,data/raw/20260804/20260804_1659_image76_rot30.jpg,20260804,0
46_695_4,46,data/raw/20260731/20260731_1703_image132_cup.jpg,20260731,2
38_1152_8,38,data/raw/20260804/20260804_1718_image309_sdw.jpg,20260804,7
28_1058_9,28,data/raw/20260804/20260804_1711_image215_sup.jpg,20260804,7
22_375_8,22,data/raw/20260727/20260727_1718_image132_sdw.jpg,20260727,17
9_656_1,9,data/raw/20260731/20260731_1700_image93_bdw.jpg,20260731,0
34_872_7,34,data/raw/20260804/20260804_1654_image29_rot60.jpg,20260804,9
11_86_2,11,data/raw/20260715/20260715_1600_image65_bup.jpg,20260715,4
42_1219_6,42,data/raw/20260804/20260804_1724_image376_rot45.jpg,20260804,1
28_761_8,28,data/raw/20260731/20260731_1711_image198_sdw.jpg,20260731,11
20_666_5,20,data/raw/20260731/20260731_1701_image103_rot30.jpg,20260731,7
39_727_3,39,data/raw/20260731/20260731_1707_image164_cdw.jpg,20260731,0
33_844_8,33,data/raw/20260804/20260804_1651_image1_sdw.jpg,20260804,4
49_968_6,49,data/raw/20260804/20260804_1703_image125_rot45.jpg,20260804,17
2_89_0,2,data/raw/20260720/20260720_1503_image1.jpg,20260720,9
40_1169_5,40,data/raw/20260804/20260804_1720_image326_rot30.jpg,20260804,0
28_202_0,28,data/raw/20260722/20260722_1803_image107.jpg,20260722,20
2_89_6,2,data/raw/20260720/20260720_1503_image1_rot45.jpg,20260720,9
38_1153_0,38,data/raw/20260804/20260804_1718_image310.jpg,20260804,7
1_10_3,1,data/raw/20260712/20260712_0855_image6_cdw.jpg,20260712,3
2_557_8,2,data/raw/20260729/20260729_1700_image24_sdw.jpg,20260729,0
28_198_7,28,data/raw/20260722/20260722_1803_image103_rot60.jpg,20260722,20
38_1123_1,38,data/raw/20260804/20260804_1716_image280_bdw.jpg,20260804,7
50_1035_1,50,data/raw/20260804/20260804_1710_image192_bdw.jpg,20260804,15
5_136_4,5,data/raw/20260722/20260722_1742_image40_cup.jpg,20260722,5
28_1050_3,28,data/raw/20260804/20260804_1711_image207_cdw.jpg,20260804,7
25_705_2,25,data/raw/20260731/20260731_1705_image142_bup.jpg,20260731,0
2_243_9,2,data/raw/20260726/20260726_1337_image9_sup.jpg,20260726,3
2_537_9,2,data/raw/20260729/20260729_1659_image4_sup.jpg,20260729,0
42_831_7,42,data/raw/20260731/20260731_1717_image269_rot60.jpg,20260731,5
39_462_6,39,data/raw/20260727/20260727_1730_image219_rot45.jpg,20260727,4
35_323_1,35,data/raw/20260727/20260727_1712_image80_bdw.jpg,20260727,22
9_319_2,9,data/raw/20260727/20260727_1711_image76_bup.jpg,20260727,4
49_977_0,49,data/raw/20260804/20260804_1703_image134.jpg,20260804,17
34_607_7,34,data/raw/20260731/20260731_1656_image44_rot60.jpg,20260731,13
19_579_8,19,data/raw/20260731/20260731_1654_image16_sdw.jpg,20260731,0
39_458_0,39,data/raw/20260727/20260727_1730_image215.jpg,20260727,4
49_967_6,49,data/raw/20260804/20260804_1703_image124_rot45.jpg,20260804,17
21_169_1,21,data/raw/20260722/20260722_1746_image73_bdw.jpg,20260722,3
24_1005_2,24,data/raw/20260804/20260804_1705_image162_bup.jpg,20260804,0
50_1027_1,50,data/raw/20260804/20260804_1710_image184_bdw.jpg,20260804,15
19_308_5,19,data/raw/20260727/20260727_1710_image65_rot30.jpg,20260727,4
29_1070_6,29,data/raw/20260804/20260804_1712_image227_rot45.jpg,20260804,0
3_30_8,3,data/raw/20260715/20260715_1554_image4_sdw.jpg,20260715,0
24_342_6,24,data/raw/20260727/20260727_1713_image99_rot45.jpg,20260727,3
2_560_5,2,data/raw/20260729/20260729_1701_image27_rot30.jpg,20260729,0
39_456_4,39,data/raw/20260727/20260727_1730_image213_cup.jpg,20260727,4
40_738_2,40,data/raw/20260731/20260731_1708_image175_bup.jpg,20260731,2
29_793_9,29,data/raw/20260731/20260731_1713_image230_sup.jpg,20260731,0
22_375_3,22,data/raw/20260727/20260727_1718_image132_cdw.jpg,20260727,17
19_897_4,19,data/raw/20260804/20260804_1655_image54_cup.jpg,20260804,0
38_1138_5,38,data/raw/20260804/20260804_1717_image295_rot30.jpg,20260804,7
42_1215_4,42,data/raw/20260804/20260804_1723_image372_cup.jpg,20260804,1
34_596_4,34,data/raw/20260731/20260731_1655_image33_cup.jpg,20260731,13
22_637_6,22,data/raw/20260731/20260731_1658_image74_rot45.jpg,20260731,13
18_263_6,18,data/raw/20260727/20260727_1707_image19_rot45.jpg,20260727,0
33_853_9,33,data/raw/20260804/20260804_1651_image10_sup.jpg,20260804,4
7_50_4,7,data/raw/20260715/20260715_1556_image29_cup.jpg,20260715,0
9_66_5,9,data/raw/20260715/20260715_1557_image45_rot30.jpg,20260715,16
4_278_1,4,data/raw/20260727/20260727_1708_image35_bdw.jpg,20260727,0
9_648_5,9,data/raw/20260731/20260731_1659_image85_rot30.jpg,20260731,0
40_469_1,40,data/raw/20260727/20260727_1731_image226_bdw.jpg,20260727,6
38_1126_9,38,data/raw/20260804/20260804_1716_image283_sup.jpg,20260804,7
9_321_6,9,data/raw/20260727/20260727_1711_image78_rot45.jpg,20260727,4
36_368_8,36,data/raw/20260727/20260727_1717_image125_sdw.jpg,20260727,4
37_631_9,37,data/raw/20260731/20260731_1658_image68_sup.jpg,20260731,4
50_1023_0,50,data/raw/20260804/20260804_1710_image180.jpg,20260804,15
2_251_2,2,data/raw/20260727/20260727_1555_image7_bup.jpg,20260727,2
20_661_8,20,data/raw/20260731/20260731_1700_image98_sdw.jpg,20260731,7
5_39_0,5,data/raw/20260715/20260715_1555_image18.jpg,20260715,12
26_388_4,26,data/raw/20260727/20260727_1722_image145_cup.jpg,20260727,0
19_309_2,19,data/raw/20260727/20260727_1710_image66_bup.jpg,20260727,4
28_1051_1,28,data/raw/20260804/20260804_1711_image208_bdw.jpg,20260804,7
20_660_2,20,data/raw/20260731/20260731_1700_image97_bup.jpg,20260731,7
7_45_7,7,data/raw/20260715/20260715_1555_image24_rot60.jpg,20260715,0
18_133_4,18,data/raw/20260722/20260722_1742_image37_cup.jpg,20260722,5
47_755_1,47,data/raw/20260731/20260731_1711_image192_bdw.jpg,20260731,15
7_50_9,7,data/raw/20260715/20260715_1556_image29_sup.jpg,20260715,0
2_248_2,2,data/raw/20260727/20260727_1555_image4_bup.jpg,20260727,2
22_930_6,22,data/raw/20260804/20260804_1700_image87_rot45.jpg,20260804,9
37_616_8,37,data/raw/20260731/20260731_1656_image53_sdw.jpg,20260731,4
41_480_3,41,data/raw/20260727/20260727_1734_image237_cdw.jpg,20260727,15
2_554_5,2,data/raw/20260729/20260729_1700_image21_rot30.jpg,20260729,0
38_1133_2,38,data/raw/20260804/20260804_1717_image290_bup.jpg,20260804,7
38_1120_2,38,data/raw/20260804/20260804_1716_image277_bup.jpg,20260804,7
24_1007_7,24,data/raw/20260804/20260804_1705_image164_rot60.jpg,20260804,0
31_526_0,31,data/raw/20260727/20260727_1738_image283.jpg,20260727,0
33_570_8,33,data/raw/20260731/20260731_1653_image7_sdw.jpg,20260731,8
29_1073_1,29,data/raw/20260804/20260804_1712_image230_bdw.jpg,20260804,0
18_261_1,18,data/raw/20260727/20260727_1707_image17_bdw.jpg,20260727,0
28_423_3,28,data/raw/20260727/20260727_1725_image180_cdw.jpg,20260727,15
38_1124_9,38,data/raw/20260804/20260804_1716_image281_sup.jpg,20260804,7
6_59_0,6,data/raw/20260715/20260715_1556_image38.jpg,20260715,5
11_86_9,11,data/raw/20260715/20260715_1600_image65_sup.jpg,20260715,4
4_289_5,4,data/raw/20260727/20260727_1709_image46_rot30.jpg,20260727,0
39_458_2,39,data/raw/20260727/20260727_1730_image215_bup.jpg,20260727,4
20_175_8,20,data/raw/20260722/20260722_1757_image79_sdw.jpg,20260722,5
47_758_4,47,data/raw/20260731/20260731_1711_image195_cup.jpg,20260731,15
19_899_0,19,data/raw/20260804/20260804_1655_image56.jpg,20260804,0
28_766_4,28,data/raw/20260731/20260731_1712_image203_cup.jpg,20260731,11
33_570_6,33,data/raw/20260731/20260731_1653_image7_rot45.jpg,20260731,8
53_1181_2,53,data/raw/20260804/20260804_1721_image338_bup.jpg,20260804,4
22_637_8,22,data/raw/20260731/20260731_1658_image74_sdw.jpg,20260731,13
10_79_0,10,data/raw/20260715/20260715_1600_image58.jpg,20260715,5
9_76_3,9,data/raw/20260715/20260715_1558_image55_cdw.jpg,20260715,16
19_304_6,19,data/raw/20260727/20260727_1710_image61_rot45.jpg,20260727,4
22_929_4,22,data/raw/20260804/20260804_1700_image86_cup.jpg,20260804,9
2_551_2,2,data/raw/20260729/20260729_1700_image18_bup.jpg,20260729,0
20_991_0,20,data/raw/20260804/20260804_1704_image148.jpg,20260804,3
14_440_3,14,data/raw/20260727/20260727_1727_image197_cdw.jpg,20260727,4
20_947_5,20,data/raw/20260804/20260804_1702_image104_rot30.jpg,20260804,3
29_1066_6,29,data/raw/20260804/20260804_1712_image223_rot45.jpg,20260804,0
21_313_4,21,data/raw/20260727/20260727_1711_image70_cup.jpg,20260727,0
48_1174_8,48,data/raw/20260804/20260804_1721_image331_sdw.jpg,20260804,0
3_33_8,3,data/raw/20260715/20260715_1554_image7_sdw.jpg,20260715,0
9_154_4,9,data/raw/20260722/20260722_1743_image58_cup.jpg,20260722,9
28_420_7,28,data/raw/20260727/20260727_1725_image177_rot60.jpg,20260727,15
4_145_2,4,data/raw/20260722/20260722_1743_image49_bup.jpg,20260722,2
30_532_1,30,data/raw/20260727/20260727_1739_image289_bdw.jpg,20260727,0
49_977_7,49,data/raw/20260804/20260804_1703_image134_rot60.jpg,20260804,17
19_311_0,19,data/raw/20260727/20260727_1711_image68.jpg,20260727,4
28_201_1,28,data/raw/20260722/20260722_1803_image106_bdw.jpg,20260722,20
4_277_2,4,data/raw/20260727/20260727_1708_image34_bup.jpg,20260727,0
31_527_0,31,data/raw/20260727/20260727_1738_image284.jpg,20260727,0
5_39_2,5,data/raw/20260715/20260715_1555_image18_bup.jpg,20260715,12
1_5_6,1,data/raw/20260712/20260712_0854_image5_rot45.jpg,20260712,3
38_1120_6,38,data/raw/20260804/20260804_1716_image277_rot45.jpg,20260804,7
16_118_6,16,data/raw/20260722/20260722_1659_image22_rot45.jpg,20260722,8
49_965_8,49,data/raw/20260804/20260804_1703_image122_sdw.jpg,20260804,17
9_155_8,9,data/raw/20260722/20260722_1743_image59_sdw.jpg,20260722,9
2_225_3,2,data/raw/20260724/20260724_1628_image3_cdw.jpg,20260724,5
20_1001_0,20,data/raw/20260804/20260804_1704_image158.jpg,20260804,3
9_954_3,9,data/raw/20260804/20260804_1702_image111_cdw.jpg,20260804,0
7_48_4,7,data/raw/20260715/20260715_1556_image27_cup.jpg,20260715,0
52_1104_9,52,data/raw/20260804/20260804_1715_image261_sup.jpg,20260804,10
2_542_8,2,data/raw/20260729/20260729_1659_image9_sdw.jpg,20260729,0
19_586_9,19,data/raw/20260731/20260731_1654_image23_sup.jpg,20260731,0
24_341_4,24,data/raw/20260727/20260727_1713_image98_cup.jpg,20260727,3
19_585_3,19,data/raw/20260731/20260731_1654_image22_cdw.jpg,20260731,0
22_870_2,22,data/raw/20260804/20260804_1654_image27_bup.jpg,20260804,9
36_355_6,36,data/raw/20260727/20260727_1716_image112_rot45.jpg,20260727,4
46_693_6,46,data/raw/20260731/20260731_1703_image130_rot45.jpg,20260731,2
25_186_4,25,data/raw/20260722/20260722_1802_image90_cup.jpg,20260722,9
29_414_7,29,data/raw/20260727/20260727_1724_image171_rot60.jpg,20260727,0
37_920_7,37,data/raw/20260804/20260804_1659_image77_rot60.jpg,20260804,0
9_951_5,9,data/raw/20260804/20260804_1702_image108_rot30.jpg,20260804,0
20_165_0,20,data/raw/20260722/20260722_1744_image69.jpg,20260722,16
47_757_8,47,data/raw/20260731/20260731_1711_image194_sdw.jpg,20260731,15
49_961_3,49,data/raw/20260804/20260804_1702_image118_cdw.jpg,20260804,17
20_329_9,20,data/raw/20260727/20260727_1712_image86_sup.jpg,20260727,11
2_555_6,2,data/raw/20260729/20260729_1700_image22_rot45.jpg,20260729,0
24_177_0,24,data/raw/20260722/20260722_1757_image81.jpg,20260722,8
9_73_7,9,data/raw/20260715/20260715_1557_image52_rot60.jpg,20260715,16
13_106_0,13,data/raw/20260722/20260722_1658_image11.jpg,20260722,8
14_745_3,14,data/raw/20260731/20260731_1709_image182_cdw.jpg,20260731,15
4_293_0,4,data/raw/20260727/20260727_1709_image50.jpg,20260727,0
38_717_5,38,data/raw/20260731/20260731_1706_image154_rot30.jpg,20260731,11
25_381_7,25,data/raw/20260727/20260727_1722_image138_rot60.jpg,20260727,4
38_721_3,38,data/raw/20260731/20260731_1706_image158_cdw.jpg,20260731,11
1_7_6,1,data/raw/20260712/20260712_0855_image11_rot45.jpg,20260712,3
14_437_6,14,data/raw/20260727/20260727_1726_image194_rot45.jpg,20260727,4
28_1063_1,28,data/raw/20260804/20260804_1712_image220_bdw.jpg,20260804,7
17_127_9,17,data/raw/20260722/20260722_1702_image31_sup.jpg,20260722,17
22_861_2,22,data/raw/20260804/20260804_1652_image18_bup.jpg,20260804,9
34_592_2,34,data/raw/20260731/20260731_1655_image29_bup.jpg,20260731,13
20_946_0,20,data/raw/20260804/20260804_1702_image103.jpg,20260804,3
2_91_6,2,data/raw/20260720/20260720_1503_image3_rot45.jpg,20260720,9
28_1062_2,28,data/raw/20260804/20260804_1712_image219_bup.jpg,20260804,7
18_260_9,18,data/raw/20260727/20260727_1707_image16_sup.jpg,20260727,0
50_1016_0,50,data/raw/20260804/20260804_1709_image173.jpg,20260804,15
3_33_4,3,data/raw/20260715/20260715_1554_image7_cup.jpg,20260715,0
37_629_2,37,data/raw/20260731/20260731_1657_image66_bup.jpg,20260731,4
48_802_5,48,data/raw/20260731/20260731_1715_image240_rot30.jpg,20260731,4
19_898_9,19,data/raw/20260804/20260804_1655_image55_sup.jpg,20260804,0
39_1166_7,39,data/raw/20260804/20260804_1719_image323_rot60.jpg,20260804,0
28_1062_7,28,data/raw/20260804/20260804_1712_image219_rot60.jpg,20260804,7
19_378_2,19,data/raw/20260727/20260727_1720_image135_bup.jpg,20260727,4
53_1188_0,53,data/raw/20260804/20260804_1722_image345.jpg,20260804,4
34_299_7,34,data/raw/20260727/20260727_1710_image56_rot60.jpg,20260727,17
47_759_8,47,data/raw/20260731/20260731_1711_image196_sdw.jpg,20260731,15
30_483_2,30,data/raw/20260727/20260727_1735_image240_bup.jpg,20260727,0
34_874_1,34,data/raw/20260804/20260804_1654_image31_bdw.jpg,20260804,9
9_156_9,9,data/raw/20260722/20260722_1743_image60_sup.jpg,20260722,9
39_733_5,39,data/raw/20260731/20260731_1708_image170_rot30.jpg,20260731,0
19_899_4,19,data/raw/20260804/20260804_1655_image56_cup.jpg,20260804,0
49_958_3,49,data/raw/20260804/20260804_1702_image115_cdw.jpg,20260804,17
29_797_7,29,data/raw/20260731/20260731_1714_image234_rot60.jpg,20260731,0
46_698_3,46,data/raw/20260731/20260731_1703_image135_cdw.jpg,20260731,2
29_414_4,29,data/raw/20260727/20260727_1724_image171_cup.jpg,20260727,0
29_205_7,29,data/raw/20260722/20260722_1804_image109_rot60.jpg,20260722,0
33_573_9,33,data/raw/20260731/20260731_1653_image10_sup.jpg,20260731,8
37_920_4,37,data/raw/20260804/20260804_1659_image77_cup.jpg,20260804,0
40_471_5,40,data/raw/20260727/20260727_1731_image228_rot30.jpg,20260727,6
28_1058_0,28,data/raw/20260804/20260804_1711_image215.jpg,20260804,7
40_1170_9,40,data/raw/20260804/20260804_1720_image327_sup.jpg,20260804,0
39_1155_2,39,data/raw/20260804/20260804_1719_image312_bup.jpg,20260804,0
40_469_0,40,data/raw/20260727/20260727_1731_image226.jpg,20260727,6
3_28_4,3,data/raw/20260715/20260715_1554_image2_cup.jpg,20260715,0
34_609_9,34,data/raw/20260731/20260731_1656_image46_sup.jpg,20260731,13
25_186_8,25,data/raw/20260722/20260722_1802_image90_sdw.jpg,20260722,9
2_93_5,2,data/raw/20260720/20260720_1503_image5_rot30.jpg,20260720,9
1_11_9,1,data/raw/20260712/20260712_0855_image7_sup.jpg,20260712,3
48_800_8,48,data/raw/20260731/20260731_1715_image238_sdw.jpg,20260731,4
22_869_1,22,data/raw/20260804/20260804_1653_image26_bdw.jpg,20260804,9
18_133_2,18,data/raw/20260722/20260722_1742_image37_bup.jpg,20260722,5
44_518_0,44,data/raw/20260727/20260727_1737_image275.jpg,20260727,15
39_731_7,39,data/raw/20260731/20260731_1708_image168_rot60.jpg,20260731,0
4_282_0,4,data/raw/20260727/20260727_1709_image39.jpg,20260727,0
38_1135_9,38,data/raw/20260804/20260804_1717_image292_sup.jpg,20260804,7
45_909_3,45,data/raw/20260804/20260804_1658_image66_cdw.jpg,20260804,7
20_991_2,20,data/raw/20260804/20260804_1704_image148_bup.jpg,20260804,3
20_329_5,20,data/raw/20260727/20260727_1712_image86_rot30.jpg,20260727,11
51_1083_0,51,data/raw/20260804/20260804_1713_image240.jpg,20260804,0
26_396_5,26,data/raw/20260727/20260727_1722_image153_rot30.jpg,20260727,0
39_733_4,39,data/raw/20260731/20260731_1708_image170_cup.jpg,20260731,0
42_1225_5,42,data/raw/20260804/20260804_1724_image382_rot30.jpg,20260804,1
50_1021_5,50,data/raw/20260804/20260804_1710_image178_rot30.jpg,20260804,15
29_1079_2,29,data/raw/20260804/20260804_1713_image236_bup.jpg,20260804,0
36_367_0,36,data/raw/20260727/20260727_1717_image124.jpg,20260727,4
9_152_7,9,data/raw/20260722/20260722_1743_image56_rot60.jpg,20260722,9
45_910_8,45,data/raw/20260804/20260804_1658_image67_sdw.jpg,20260804,7
37_628_3,37,data/raw/20260731/20260731_1657_image65_cdw.jpg,20260731,4
44_519_1,44,data/raw/20260727/20260727_1737_image276_bdw.jpg,20260727,15
33_267_4,33,data/raw/20260727/20260727_1707_image23_cup.jpg,20260727,12
43_1212_9,43,data/raw/20260804/20260804_1723_image369_sup.jpg,20260804,0
39_455_4,39,data/raw/20260727/20260727_1730_image212_cup.jpg,20260727,4
26_391_0,26,data/raw/20260727/20260727_1722_image148.jpg,20260727,0
33_853_3,33,data/raw/20260804/20260804_1651_image10_cdw.jpg,20260804,4
17_128_8,17,data/raw/20260722/20260722_1703_image32_sdw.jpg,20260722,17
29_416_0,29,data/raw/20260727/20260727_1724_image173.jpg,20260727,0
43_825_4,43,data/raw/20260731/20260731_1717_image263_cup.jpg,20260731,0
39_1158_2,39,data/raw/20260804/20260804_1719_image315_bup.jpg,20260804,0
34_599_7,34,data/raw/20260731/20260731_1655_image36_rot60.jpg,20260731,13
2_225_6,2,data/raw/20260724/20260724_1628_image3_rot45.jpg,20260724,5
39_472_4,39,data/raw/20260727/20260727_1731_image229_cup.jpg,20260727,4
28_1058_6,28,data/raw/20260804/20260804_1711_image215_rot45.jpg,20260804,7
28_1049_4,28,data/raw/20260804/20260804_1711_image206_cup.jpg,20260804,7
42_842_3,42,data/raw/20260731/20260731_1718_image280_cdw.jpg,20260731,5
33_275_9,33,data/raw/20260727/20260727_1708_image31_sup.jpg,20260727,12
34_302_8,34,data/raw/20260727/20260727_1710_image59_sdw.jpg,20260727,17
14_439_7,14,data/raw/20260727/20260727_1727_image196_rot60.jpg,20260727,4
2_20_6,2,data/raw/20260714/20260714_1017_image7_rot45.jpg,20260714,15
52_1104_0,52,data/raw/20260804/20260804_1715_image261.jpg,20260804,10
5_37_5,5,data/raw/20260715/20260715_1555_image16_rot30.jpg,20260715,12
4_282_3,4,data/raw/20260727/20260727_1709_image39_cdw.jpg,20260727,0
19_893_1,19,data/raw/20260804/20260804_1655_image50_bdw.jpg,20260804,0
42_1224_5,42,data/raw/20260804/20260804_1724_image381_rot30.jpg,20260804,1
19_898_0,19,data/raw/20260804/20260804_1655_image55.jpg,20260804,0
17_125_3,17,data/raw/20260722/20260722_1702_image29_cdw.jpg,20260722,17
22_929_1,22,data/raw/20260804/20260804_1700_image86_bdw.jpg,20260804,9
25_386_8,25,data/raw/20260727/20260727_1722_image143_sdw.jpg,20260727,4
2_223_7,2,data/raw/20260724/20260724_1627_image1_rot60.jpg,20260724,5
19_307_4,19,data/raw/20260727/20260727_1710_image64_cup.jpg,20260727,4
40_469_9,40,data/raw/20260727/20260727_1731_image226_sup.jpg,20260727,6
38_1133_7,38,data/raw/20260804/20260804_1717_image290_rot60.jpg,20260804,7
33_856_1,33,data/raw/20260804/20260804_1652_image13_bdw.jpg,20260804,4
19_378_5,19,data/raw/20260727/20260727_1720_image135_rot30.jpg,20260727,4
38_1153_2,38,data/raw/20260804/20260804_1718_image310_bup.jpg,20260804,7
45_639_6,45,data/raw/20260731/20260731_1658_image76_rot45.jpg,20260731,11
45_641_3,45,data/raw/20260731/20260731_1658_image78_cdw.jpg,20260731,11
38_1128_1,38,data/raw/20260804/20260804_1716_image285_bdw.jpg,20260804,7
20_946_8,20,data/raw/20260804/20260804_1702_image103_sdw.jpg,20260804,3
19_589_5,19,data/raw/20260731/20260731_1654_image26_rot30.jpg,20260731,0
9_73_1,9,data/raw/20260715/20260715_1557_image52_bdw.jpg,20260715,16
4_27_6,4,data/raw/20260715/20260715_1554_image14_rot45.jpg,20260715,9
33_849_6,33,data/raw/20260804/20260804_1651_image6_rot45.jpg,20260804,4
20_992_0,20,data/raw/20260804/20260804_1704_image149.jpg,20260804,3
12_99_4,12,data/raw/20260722/20260722_1656_image3_cup.jpg,20260722,16
14_441_4,14,data/raw/20260727/20260727_1727_image198_cup.jpg,20260727,4
53_1196_9,53,data/raw/20260804/20260804_1722_image353_sup.jpg,20260804,4
2_538_0,2,data/raw/20260729/20260729_1659_image5.jpg,20260729,0
39_476_5,39,data/raw/20260727/20260727_1733_image233_rot30.jpg,20260727,4
20_336_4,20,data/raw/20260727/20260727_1712_image93_cup.jpg,20260727,11
52_1117_3,52,data/raw/20260804/20260804_1716_image274_cdw.jpg,20260804,10
5_36_3,5,data/raw/20260715/20260715_1555_image15_cdw.jpg,20260715,12
25_184_8,25,data/raw/20260722/20260722_1802_image88_sdw.jpg,20260722,9
19_895_7,19,data/raw/20260804/20260804_1655_image52_rot60.jpg,20260804,0
39_730_9,39,data/raw/20260731/20260731_1708_image167_sup.jpg,20260731,0
50_1016_9,50,data/raw/20260804/20260804_1709_image173_sup.jpg,20260804,15
20_992_1,20,data/raw/20260804/20260804_1704_image149_bdw.jpg,20260804,3
49_965_2,49,data/raw/20260804/20260804_1703_image122_bup.jpg,20260804,17
14_440_6,14,data/raw/20260727/20260727_1727_image197_rot45.jpg,20260727,4
45_908_8,45,data/raw/20260804/20260804_1657_image65_sdw.jpg,20260804,7
40_471_7,40,data/raw/20260727/20260727_1731_image228_rot60.jpg,20260727,6
28_1043_2,28,data/raw/20260804/20260804_1711_image200_bup.jpg,20260804,7
28_784_9,28,data/raw/20260731/20260731_1713_image221_sup.jpg,20260731,11
14_443_1,14,data/raw/20260727/20260727_1727_image200_bdw.jpg,20260727,4
39_734_4,39,data/raw/20260731/20260731_1708_image171_cup.jpg,20260731,0
28_429_6,28,data/raw/20260727/20260727_1726_image186_rot45.jpg,20260727,15
19_901_0,19,data/raw/20260804/20260804_1655_image58.jpg,20260804,0
48_1176_9,48,data/raw/20260804/20260804_1721_image333_sup.jpg,20260804,0
42_1222_7,42,data/raw/20260804/20260804_1724_image379_rot60.jpg,20260804,1
49_966_5,49,data/raw/20260804/20260804_1703_image123_rot30.jpg,20260804,17
24_689_3,24,data/raw/20260731/20260731_1702_image126_cdw.jpg,20260731,0
50_1038_8,50,data/raw/20260804/20260804_1711_image195_sdw.jpg,20260804,15
42_488_7,42,data/raw/20260727/20260727_1736_image245_rot60.jpg,20260727,9
5_38_1,5,data/raw/20260715/20260715_1555_image17_bdw.jpg,20260715,12
52_1119_7,52,data/raw/20260804/20260804_1716_image276_rot60.jpg,20260804,10
43_817_8,43,data/raw/20260731/20260731_1716_image255_sdw.jpg,20260731,0
49_968_3,49,data/raw/20260804/20260804_1703_image125_cdw.jpg,20260804,17
33_855_9,33,data/raw/20260804/20260804_1652_image12_sup.jpg,20260804,4
40_739_2,40,data/raw/20260731/20260731_1709_image176_bup.jpg,20260731,2
25_1144_8,25,data/raw/20260804/20260804_1717_image301_sdw.jpg,20260804,0
35_327_8,35,data/raw/20260727/20260727_1712_image84_sdw.jpg,20260727,22
31_218_1,31,data/raw/20260722/20260722_1814_image122_bdw.jpg,20260722,5
30_217_2,30,data/raw/20260722/20260722_1813_image121_bup.jpg,20260722,5
39_1164_7,39,data/raw/20260804/20260804_1719_image321_rot60.jpg,20260804,0
34_596_8,34,data/raw/20260731/20260731_1655_image33_sdw.jpg,20260731,13
13_113_7,13,data/raw/20260722/20260722_1658_image9_rot60.jpg,20260722,8
43_813_6,43,data/raw/20260731/20260731_1716_image251_rot45.jpg,20260731,0
20_672_9,20,data/raw/20260731/20260731_1701_image109_sup.jpg,20260731,7
2_231_4,2,data/raw/20260725/20260725_1759_image3_cup.jpg,20260725,4
20_667_1,20,data/raw/20260731/20260731_1701_image104_bdw.jpg,20260731,7
24_340_5,24,data/raw/20260727/20260727_1713_image97_rot30.jpg,20260727,3
48_1175_7,48,data/raw/20260804/20260804_1721_image332_rot60.jpg,20260804,0
33_271_2,33,data/raw/20260727/20260727_1708_image27_bup.jpg,20260727,12
30_487_6,30,data/raw/20260727/20260727_1735_image244_rot45.jpg,20260727,0
33_845_9,33,data/raw/20260804/20260804_1651_image2_sup.jpg,20260804,4
48_800_3,48,data/raw/20260731/20260731_1715_image238_cdw.jpg,20260731,4
39_727_7,39,data/raw/20260731/20260731_1707_image164_rot60.jpg,20260731,0
50_1021_7,50,data/raw/20260804/20260804_1710_image178_rot60.jpg,20260804,15
47_1097_1,47,data/raw/20260804/20260804_1714_image254_bdw.jpg,20260804,11
33_273_8,33,data/raw/20260727/20260727_1708_image29_sdw.jpg,20260727,12
43_1197_3,43,data/raw/20260804/20260804_1722_image354_cdw.jpg,20260804,0
42_834_7,42,data/raw/20260731/20260731_1717_image272_rot60.jpg,20260731,5
45_909_5,45,data/raw/20260804/20260804_1658_image66_rot30.jpg,20260804,7
34_884_1,34,data/raw/20260804/20260804_1654_image41_bdw.jpg,20260804,9
8_161_5,8,data/raw/20260722/20260722_1744_image65_rot30.jpg,20260722,0
22_172_1,22,data/raw/20260722/20260722_1746_image76_bdw.jpg,20260722,22
9_321_9,9,data/raw/20260727/20260727_1711_image78_sup.jpg,20260727,4
36_368_4,36,data/raw/20260727/20260727_1717_image125_cup.jpg,20260727,4
47_1096_4,47,data/raw/20260804/20260804_1714_image253_cup.jpg,20260804,11
13_107_4,13,data/raw/20260722/20260722_1658_image12_cup.jpg,20260722,8
52_1110_4,52,data/raw/20260804/20260804_1715_image267_cup.jpg,20260804,10
5_135_4,5,data/raw/20260722/20260722_1742_image39_cup.jpg,20260722,5
29_1077_7,29,data/raw/20260804/20260804_1713_image234_rot60.jpg,20260804,0
20_942_2,20,data/raw/20260804/20260804_1701_image99_bup.jpg,20260804,3
37_621_2,37,data/raw/20260731/20260731_1657_image58_bup.jpg,20260731,4
22_929_0,22,data/raw/20260804/20260804_1700_image86.jpg,20260804,9
3_29_8,3,data/raw/20260715/20260715_1554_image3_sdw.jpg,20260715,0
26_191_7,26,data/raw/20260722/20260722_1802_image95_rot60.jpg,20260722,5
45_643_9,45,data/raw/20260731/20260731_1659_image80_sup.jpg,20260731,11
38_1138_4,38,data/raw/20260804/20260804_1717_image295_cup.jpg,20260804,7
41_479_9,41,data/raw/20260727/20260727_1734_image236_sup.jpg,20260727,15
20_995_2,20,data/raw/20260804/20260804_1704_image152_bup.jpg,20260804,3
5_138_5,5,data/raw/20260722/20260722_1742_image42_rot30.jpg,20260722,5
19_895_8,19,data/raw/20260804/20260804_1655_image52_sdw.jpg,20260804,0
47_1094_6,47,data/raw/20260804/20260804_1714_image251_rot45.jpg,20260804,11
25_382_1,25,data/raw/20260727/20260727_1722_image139_bdw.jpg,20260727,4
37_370_6,37,data/raw/20260727/20260727_1717_image127_rot45.jpg,20260727,8
24_688_5,24,data/raw/20260731/20260731_1702_image125_rot30.jpg,20260731,0
39_727_0,39,data/raw/20260731/20260731_1707_image164.jpg,20260731,0
11_88_9,11,data/raw/20260715/20260715_1601_image67_sup.jpg,20260715,4
37_921_1,37,data/raw/20260804/20260804_1659_image78_bdw.jpg,20260804,0
5_285_6,5,data/raw/20260727/20260727_1709_image42_rot45.jpg,20260727,0
50_1039_5,50,data/raw/20260804/20260804_1711_image196_rot30.jpg,20260804,15
34_882_1,34,data/raw/20260804/20260804_1654_image39_bdw.jpg,20260804,9
39_1157_1,39,data/raw/20260804/20260804_1719_image314_bdw.jpg,20260804,0
35_323_7,35,data/raw/20260727/20260727_1712_image80_rot60.jpg,20260727,22
14_436_4,14,data/raw/20260727/20260727_1726_image193_cup.jpg,20260727,4
37_624_9,37,data/raw/20260731/20260731_1657_image61_sup.jpg,20260731,4
45_643_7,45,data/raw/20260731/20260731_1659_image80_rot60.jpg,20260731,11
43_1208_5,43,data/raw/20260804/20260804_1723_image365_rot30.jpg,20260804,0
49_964_3,49,data/raw/20260804/20260804_1703_image121_cdw.jpg,20260804,17
20_682_4,20,data/raw/20260731/20260731_1701_image119_cup.jpg,20260731,7
22_372_5,22,data/raw/20260727/20260727_1718_image129_rot30.jpg,20260727,17
43_507_6,43,data/raw/20260727/20260727_1737_image264_rot45.jpg,20260727,2
38_716_3,38,data/raw/20260731/20260731_1706_image153_cdw.jpg,20260731,11
32_210_5,32,data/raw/20260722/20260722_1808_image114_rot30.jpg,20260722,12
6_56_1,6,data/raw/20260715/20260715_1556_image35_bdw.jpg,20260715,5
9_71_1,9,data/raw/20260715/20260715_1557_image50_bdw.jpg,20260715,16
22_866_2,22,data/raw/20260804/20260804_1653_image23_bup.jpg,20260804,9
25_704_8,25,data/raw/20260731/20260731_1705_image141_sdw.jpg,20260731,0
14_748_3,14,data/raw/20260731/20260731_1710_image185_cdw.jpg,20260731,15
49_974_9,49,data/raw/20260804/20260804_1703_image131_sup.jpg,20260804,17
18_133_6,18,data/raw/20260722/20260722_1742_image37_rot45.jpg,20260722,5
25_382_6,25,data/raw/20260727/20260727_1722_image139_rot45.jpg,20260727,4
5_283_2,5,data/raw/20260727/20260727_1709_image40_bup.jpg,20260727,0
33_265_2,33,data/raw/20260727/20260727_1707_image21_bup.jpg,20260727,12
9_654_0,9,data/raw/20260731/20260731_1700_image91.jpg,20260731,0
17_123_7,17,data/raw/20260722/20260722_1700_image27_rot60.jpg,20260722,17
11_86_4,11,data/raw/20260715/20260715_1600_image65_cup.jpg,20260715,4
53_1192_9,53,data/raw/20260804/20260804_1722_image349_sup.jpg,20260804,4
34_603_9,34,data/raw/20260731/20260731_1655_image40_sup.jpg,20260731,13
28_778_4,28,data/raw/20260731/20260731_1713_image215_cup.jpg,20260731,11
20_931_5,20,data/raw/20260804/20260804_1701_image88_rot30.jpg,20260804,3
9_654_2,9,data/raw/20260731/20260731_1700_image91_bup.jpg,20260731,0
44_522_6,44,data/raw/20260727/20260727_1738_image279_rot45.jpg,20260727,15
34_874_9,34,data/raw/20260804/20260804_1654_image31_sup.jpg,20260804,9
47_752_7,47,data/raw/20260731/20260731_1710_image189_rot60.jpg,20260731,15
52_1118_5,52,data/raw/20260804/20260804_1716_image275_rot30.jpg,20260804,10
53_1186_0,53,data/raw/20260804/20260804_1722_image343.jpg,20260804,4
1_13_4,1,data/raw/20260712/20260712_0855_image9_cup.jpg,20260712,3
47_754_9,47,data/raw/20260731/20260731_1711_image191_sup.jpg,20260731,15
21_169_6,21,data/raw/20260722/20260722_1746_image73_rot45.jpg,20260722,3
19_377_9,19,data/raw/20260727/20260727_1720_image134_sup.jpg,20260727,4
43_1197_9,43,data/raw/20260804/20260804_1722_image354_sup.jpg,20260804,0
19_308_9,19,data/raw/20260727/20260727_1710_image65_sup.jpg,20260727,4
28_427_6,28,data/raw/20260727/20260727_1725_image184_rot45.jpg,20260727,15
47_757_9,47,data/raw/20260731/20260731_1711_image194_sup.jpg,20260731,15
43_825_2,43,data/raw/20260731/20260731_1717_image263_bup.jpg,20260731,0
24_1010_0,24,data/raw/20260804/20260804_1705_image167.jpg,20260804,0
20_986_7,20,data/raw/20260804/20260804_1704_image143_rot60.jpg,20260804,3
2_558_0,2,data/raw/20260729/20260729_1700_image25.jpg,20260729,0
2_561_7,2,data/raw/20260729/20260729_1701_image28_rot60.jpg,20260729,0
19_890_8,19,data/raw/20260804/20260804_1655_image47_sdw.jpg,20260804,0
39_726_3,39,data/raw/20260731/20260731_1707_image163_cdw.jpg,20260731,0
34_597_3,34,data/raw/20260731/20260731_1655_image34_cdw.jpg,20260731,13
19_305_5,19,data/raw/20260727/20260727_1710_image62_rot30.jpg,20260727,4
38_1133_9,38,data/raw/20260804/20260804_1717_image290_sup.jpg,20260804,7
37_921_3,37,data/raw/20260804/20260804_1659_image78_cdw.jpg,20260804,0
34_593_1,34,data/raw/20260731/20260731_1655_image30_bdw.jpg,20260731,13
4_282_2,4,data/raw/20260727/20260727_1709_image39_bup.jpg,20260727,0
4_291_8,4,data/raw/20260727/20260727_1709_image48_sdw.jpg,20260727,0
34_874_4,34,data/raw/20260804/20260804_1654_image31_cup.jpg,20260804,9
40_1172_6,40,data/raw/20260804/20260804_1720_image329_rot45.jpg,20260804,0
2_254_4,2,data/raw/20260727/20260727_1555_image10_cup.jpg,20260727,2
43_508_4,43,data/raw/20260727/20260727_1737_image265_cup.jpg,20260727,2
43_508_1,43,data/raw/20260727/20260727_1737_image265_bdw.jpg,20260727,2
33_265_0,33,data/raw/20260727/20260727_1707_image21.jpg,20260727,12
35_323_4,35,data/raw/20260727/20260727_1712_image80_cup.jpg,20260727,22
45_642_6,45,data/raw/20260731/20260731_1659_image79_rot45.jpg,20260731,11
26_393_9,26,data/raw/20260727/20260727_1722_image150_sup.jpg,20260727,0
38_398_9,38,data/raw/20260727/20260727_1723_image155_sup.jpg,20260727,15
38_409_6,38,data/raw/20260727/20260727_1724_image166_rot45.jpg,20260727,15
30_532_2,30,data/raw/20260727/20260727_1739_image289_bup.jpg,20260727,0
19_303_6,19,data/raw/20260727/20260727_1710_image60_rot45.jpg,20260727,4
33_274_7,33,data/raw/20260727/20260727_1708_image30_rot60.jpg,20260727,12
49_961_2,49,data/raw/20260804/20260804_1702_image118_bup.jpg,20260804,17
33_564_0,33,data/raw/20260731/20260731_1653_image1.jpg,20260731,8
4_282_1,4,data/raw/20260727/20260727_1709_image39_bdw.jpg,20260727,0
40_1170_4,40,data/raw/20260804/20260804_1720_image327_cup.jpg,20260804,0
49_960_7,49,data/raw/20260804/20260804_1702_image117_rot60.jpg,20260804,17
42_1225_3,42,data/raw/20260804/20260804_1724_image382_cdw.jpg,20260804,1
37_634_4,37,data/raw/20260731/20260731_1658_image71_cup.jpg,20260731,4
1_3_2,1,data/raw/20260712/20260712_0854_image3_bup.jpg,20260712,3
34_295_3,34,data/raw/20260727/20260727_1710_image52_cdw.jpg,20260727,17
4_147_0,4,data/raw/20260722/20260722_1743_image51.jpg,20260722,2
19_580_8,19,data/raw/20260731/20260731_1654_image17_sdw.jpg,20260731,0
28_1043_7,28,data/raw/20260804/20260804_1711_image200_rot60.jpg,20260804,7
37_627_7,37,data/raw/20260731/20260731_1657_image64_rot60.jpg,20260731,4
2_235_9,2,data/raw/20260726/20260726_1336_image1_sup.jpg,20260726,3
19_899_9,19,data/raw/20260804/20260804_1655_image56_sup.jpg,20260804,0
25_384_2,25,data/raw/20260727/20260727_1722_image141_bup.jpg,20260727,4
4_54_4,4,data/raw/20260715/20260715_1556_image33_cup.jpg,20260715,9
33_575_2,33,data/raw/20260731/20260731_1653_image12_bup.jpg,20260731,8
28_1045_9,28,data/raw/20260804/20260804_1711_image202_sup.jpg,20260804,7
37_926_3,37,data/raw/20260804/20260804_1659_image83_cdw.jpg,20260804,0
20_330_8,20,data/raw/20260727/20260727_1712_image87_sdw.jpg,20260727,11
2_90_0,2,data/raw/20260720/20260720_1503_image2.jpg,20260720,9
53_1182_0,53,data/raw/20260804/20260804_1721_image339.jpg,20260804,4
28_770_7,28,data/raw/20260731/20260731_1712_image207_rot60.jpg,20260731,11
14_749_0,14,data/raw/20260731/20260731_1710_image186.jpg,20260731,15
4_293_7,4,data/raw/20260727/20260727_1709_image50_rot60.jpg,20260727,0
2_90_3,2,data/raw/20260720/20260720_1503_image2_cdw.jpg,20260720,9
53_1180_2,53,data/raw/20260804/20260804_1721_image337_bup.jpg,20260804,4
25_183_8,25,data/raw/20260722/20260722_1802_image87_sdw.jpg,20260722,9
34_598_2,34,data/raw/20260731/20260731_1655_image35_bup.jpg,20260731,13
28_431_4,28,data/raw/20260727/20260727_1726_image188_cup.jpg,20260727,15
45_917_7,45,data/raw/20260804/20260804_1659_image74_rot60.jpg,20260804,7
38_715_2,38,data/raw/20260731/20260731_1706_image152_bup.jpg,20260731,11
14_744_0,14,data/raw/20260731/20260731_1709_image181.jpg,20260731,15
17_119_3,17,data/raw/20260722/20260722_1659_image23_cdw.jpg,20260722,17
42_489_1,42,data/raw/20260727/20260727_1736_image246_bdw.jpg,20260727,9
12_104_1,12,data/raw/20260722/20260722_1657_image8_bdw.jpg,20260722,16
49_964_0,49,data/raw/20260804/20260804_1703_image121.jpg,20260804,17
48_805_1,48,data/raw/20260731/20260731_1716_image243_bdw.jpg,20260731,4
33_273_5,33,data/raw/20260727/20260727_1708_image29_rot30.jpg,20260727,12
37_618_0,37,data/raw/20260731/20260731_1656_image55.jpg,20260731,4
15_112_7,15,data/raw/20260722/20260722_1658_image17_rot60.jpg,20260722,0
4_293_1,4,data/raw/20260727/20260727_1709_image50_bdw.jpg,20260727,0
39_451_7,39,data/raw/20260727/20260727_1730_image208_rot60.jpg,20260727,4
43_1199_5,43,data/raw/20260804/20260804_1722_image356_rot30.jpg,20260804,0
20_935_6,20,data/raw/20260804/20260804_1701_image92_rot45.jpg,20260804,3
2_562_2,2,data/raw/20260729/20260729_1701_image29_bup.jpg,20260729,0
44_521_4,44,data/raw/20260727/20260727_1737_image278_cup.jpg,20260727,15
28_1054_5,28,data/raw/20260804/20260804_1711_image211_rot30.jpg,20260804,7
33_572_3,33,data/raw/20260731/20260731_1653_image9_cdw.jpg,20260731,8
5_137_3,5,data/raw/20260722/20260722_1742_image41_cdw.jpg,20260722,5
14_440_9,14,data/raw/20260727/20260727_1727_image197_sup.jpg,20260727,4
19_890_4,19,data/raw/20260804/20260804_1655_image47_cup.jpg,20260804,0
22_373_0,22,data/raw/20260727/20260727_1718_image130.jpg,20260727,17
32_207_5,32,data/raw/20260722/20260722_1807_image111_rot30.jpg,20260722,12
48_801_3,48,data/raw/20260731/20260731_1715_image239_cdw.jpg,20260731,4
32_211_4,32,data/raw/20260722/20260722_1808_image115_cup.jpg,20260722,12
52_1119_2,52,data/raw/20260804/20260804_1716_image276_bup.jpg,20260804,10
32_208_6,32,data/raw/20260722/20260722_1807_image112_rot45.jpg,20260722,12
33_577_9,33,data/raw/20260731/20260731_1653_image14_sup.jpg,20260731,8
39_451_9,39,data/raw/20260727/20260727_1730_image208_sup.jpg,20260727,4
24_684_5,24,data/raw/20260731/20260731_1702_image121_rot30.jpg,20260731,0
2_545_7,2,data/raw/20260729/20260729_1659_image12_rot60.jpg,20260729,0
35_324_0,35,data/raw/20260727/20260727_1712_image81.jpg,20260727,22
36_366_3,36,data/raw/20260727/20260727_1717_image123_cdw.jpg,20260727,4
51_1087_5,51,data/raw/20260804/20260804_1713_image244_rot30.jpg,20260804,0
52_1110_2,52,data/raw/20260804/20260804_1715_image267_bup.jpg,20260804,10
2_560_9,2,data/raw/20260729/20260729_1701_image27_sup.jpg,20260729,0
51_1089_8,51,data/raw/20260804/20260804_1713_image246_sdw.jpg,20260804,0
42_1226_1,42,data/raw/20260804/20260804_1724_image383_bdw.jpg,20260804,1
28_1043_5,28,data/raw/20260804/20260804_1711_image200_rot30.jpg,20260804,7
5_284_8,5,data/raw/20260727/20260727_1709_image41_sdw.jpg,20260727,0
42_835_8,42,data/raw/20260731/20260731_1717_image273_sdw.jpg,20260731,5
39_474_1,39,data/raw/20260727/20260727_1731_image231_bdw.jpg,20260727,4
43_1202_7,43,data/raw/20260804/20260804_1722_image359_rot60.jpg,20260804,0
14_444_1,14,data/raw/20260727/20260727_1727_image201_bdw.jpg,20260727,4
5_283_9,5,data/raw/20260727/20260727_1709_image40_sup.jpg,20260727,0
2_250_4,2,data/raw/20260727/20260727_1555_image6_cup.jpg,20260727,2
25_380_6,25,data/raw/20260727/20260727_1722_image137_rot45.jpg,20260727,4
43_505_0,43,data/raw/20260727/20260727_1736_image262.jpg,20260727,2
33_266_1,33,data/raw/20260727/20260727_1707_image22_bdw.jpg,20260727,12
52_1118_6,52,data/raw/20260804/20260804_1716_image275_rot45.jpg,20260804,10
52_1117_5,52,data/raw/20260804/20260804_1716_image274_rot30.jpg,20260804,10
43_499_3,43,data/raw/20260727/20260727_1736_image256_cdw.jpg,20260727,2
28_1047_0,28,data/raw/20260804/20260804_1711_image204.jpg,20260804,7
2_246_0,2,data/raw/20260727/20260727_1555_image2.jpg,20260727,2
33_574_2,33,data/raw/20260731/20260731_1653_image11_bup.jpg,20260731,8
25_1140_1,25,data/raw/20260804/20260804_1717_image297_bdw.jpg,20260804,0
36_361_2,36,data/raw/20260727/20260727_1716_image118_bup.jpg,20260727,4
28_773_5,28,data/raw/20260731/20260731_1712_image210_rot30.jpg,20260731,11
33_567_9,33,data/raw/20260731/20260731_1653_image4_sup.jpg,20260731,8
25_709_9,25,data/raw/20260731/20260731_1705_image146_sup.jpg,20260731,0
38_408_9,38,data/raw/20260727/20260727_1723_image165_sup.jpg,20260727,15
28_1061_6,28,data/raw/20260804/20260804_1711_image218_rot45.jpg,20260804,7
22_374_4,22,data/raw/20260727/20260727_1718_image131_cup.jpg,20260727,17
9_654_4,9,data/raw/20260731/20260731_1700_image91_cup.jpg,20260731,0
24_179_0,24,data/raw/20260722/20260722_1757_image83.jpg,20260722,8
33_264_5,33,data/raw/20260727/20260727_1707_image20_rot30.jpg,20260727,12
40_470_8,40,data/raw/20260727/20260727_1731_image227_sdw.jpg,20260727,6
1_8_6,1,data/raw/20260712/20260712_0855_image12_rot45.jpg,20260712,3
14_212_8,14,data/raw/20260722/20260722_1808_image116_sdw.jpg,20260722,9
44_519_7,44,data/raw/20260727/20260727_1737_image276_rot60.jpg,20260727,15
19_584_1,19,data/raw/20260731/20260731_1654_image21_bdw.jpg,20260731,0
53_1194_9,53,data/raw/20260804/20260804_1722_image351_sup.jpg,20260804,4
2_18_2,2,data/raw/20260714/20260714_1017_image5_bup.jpg,20260714,15
50_1020_0,50,data/raw/20260804/20260804_1710_image177.jpg,20260804,15
19_892_4,19,data/raw/20260804/20260804_1655_image49_cup.jpg,20260804,0
43_1203_8,43,data/raw/20260804/20260804_1723_image360_sdw.jpg,20260804,0
39_726_0,39,data/raw/20260731/20260731_1707_image163.jpg,20260731,0
2_541_0,2,data/raw/20260729/20260729_1659_image8.jpg,20260729,0
29_1068_2,29,data/raw/20260804/20260804_1712_image225_bup.jpg,20260804,0
2_535_7,2,data/raw/20260729/20260729_1659_image2_rot60.jpg,20260729,0
2_15_6,2,data/raw/20260714/20260714_1016_image2_rot45.jpg,20260714,15
18_257_7,18,data/raw/20260727/20260727_1707_image13_rot60.jpg,20260727,0
33_571_6,33,data/raw/20260731/20260731_1653_image8_rot45.jpg,20260731,8
2_534_2,2,data/raw/20260729/20260729_1659_image1_bup.jpg,20260729,0
5_41_0,5,data/raw/20260715/20260715_1555_image20.jpg,20260715,12
20_1001_4,20,data/raw/20260804/20260804_1704_image158_cup.jpg,20260804,3
25_701_9,25,data/raw/20260731/20260731_1705_image138_sup.jpg,20260731,0
22_864_6,22,data/raw/20260804/20260804_1653_image21_rot45.jpg,20260804,9
22_869_0,22,data/raw/20260804/20260804_1653_image26.jpg,20260804,9
49_960_6,49,data/raw/20260804/20260804_1702_image117_rot45.jpg,20260804,17
5_286_1,5,data/raw/20260727/20260727_1709_image43_bdw.jpg,20260727,0
38_1123_8,38,data/raw/20260804/20260804_1716_image280_sdw.jpg,20260804,7
5_288_5,5,data/raw/20260727/20260727_1709_image45_rot30.jpg,20260727,0
43_1206_7,43,data/raw/20260804/20260804_1723_image363_rot60.jpg,20260804,0
20_164_1,20,data/raw/20260722/20260722_1744_image68_bdw.jpg,20260722,16
2_96_6,2,data/raw/20260720/20260720_1504_image8_rot45.jpg,20260720,9
42_832_5,42,data/raw/20260731/20260731_1717_image270_rot30.jpg,20260731,5
22_928_1,22,data/raw/20260804/20260804_1700_image85_bdw.jpg,20260804,9
6_56_2,6,data/raw/20260715/20260715_1556_image35_bup.jpg,20260715,5
28_1057_7,28,data/raw/20260804/20260804_1711_image214_rot60.jpg,20260804,7
27_196_5,27,data/raw/20260722/20260722_1803_image101_rot30.jpg,20260722,0
37_925_4,37,data/raw/20260804/20260804_1659_image82_cup.jpg,20260804,0
33_275_1,33,data/raw/20260727/20260727_1708_image31_bdw.jpg,20260727,12
7_45_9,7,data/raw/20260715/20260715_1555_image24_sup.jpg,20260715,0
22_863_6,22,data/raw/20260804/20260804_1653_image20_rot45.jpg,20260804,9
2_234_9,2,data/raw/20260725/20260725_1759_image6_sup.jpg,20260725,4
47_1098_7,47,data/raw/20260804/20260804_1714_image255_rot60.jpg,20260804,11
20_934_9,20,data/raw/20260804/20260804_1701_image91_sup.jpg,20260804,3
38_402_7,38,data/raw/20260727/20260727_1723_image159_rot60.jpg,20260727,15
20_995_7,20,data/raw/20260804/20260804_1704_image152_rot60.jpg,20260804,3
2_563_3,2,data/raw/20260729/20260729_1701_image30_cdw.jpg,20260729,0
28_425_9,28,data/raw/20260727/20260727_1725_image182_sup.jpg,20260727,15
33_275_4,33,data/raw/20260727/20260727_1708_image31_cup.jpg,20260727,12
19_892_6,19,data/raw/20260804/20260804_1655_image49_rot45.jpg,20260804,0
25_1142_4,25,data/raw/20260804/20260804_1717_image299_cup.jpg,20260804,0
9_67_7,9,data/raw/20260715/20260715_1557_image46_rot60.jpg,20260715,16
4_280_3,4,data/raw/20260727/20260727_1709_image37_cdw.jpg,20260727,0
24_687_9,24,data/raw/20260731/20260731_1702_image124_sup.jpg,20260731,0
42_1218_8,42,data/raw/20260804/20260804_1724_image375_sdw.jpg,20260804,1
24_339_0,24,data/raw/20260727/20260727_1713_image96.jpg,20260727,3
10_80_3,10,data/raw/20260715/20260715_1600_image59_cdw.jpg,20260715,5
28_1063_8,28,data/raw/20260804/20260804_1712_image220_sdw.jpg,20260804,7
47_754_1,47,data/raw/20260731/20260731_1711_image191_bdw.jpg,20260731,15
50_1041_2,50,data/raw/20260804/20260804_1711_image198_bup.jpg,20260804,15
42_1226_5,42,data/raw/20260804/20260804_1724_image383_rot30.jpg,20260804,1
7_48_5,7,data/raw/20260715/20260715_1556_image27_rot30.jpg,20260715,0
44_520_0,44,data/raw/20260727/20260727_1737_image277.jpg,20260727,15
36_359_7,36,data/raw/20260727/20260727_1716_image116_rot60.jpg,20260727,4
20_668_1,20,data/raw/20260731/20260731_1701_image105_bdw.jpg,20260731,7
49_969_1,49,data/raw/20260804/20260804_1703_image126_bdw.jpg,20260804,17
2_249_0,2,data/raw/20260727/20260727_1555_image5.jpg,20260727,2
34_884_5,34,data/raw/20260804/20260804_1654_image41_rot30.jpg,20260804,9
14_444_2,14,data/raw/20260727/20260727_1727_image201_bup.jpg,20260727,4
28_432_9,28,data/raw/20260727/20260727_1726_image189_sup.jpg,20260727,15
38_400_8,38,data/raw/20260727/20260727_1723_image157_sdw.jpg,20260727,15
39_457_2,39,data/raw/20260727/20260727_1730_image214_bup.jpg,20260727,4
24_689_6,24,data/raw/20260731/20260731_1702_image126_rot45.jpg,20260731,0
29_1076_5,29,data/raw/20260804/20260804_1713_image233_rot30.jpg,20260804,0
4_23_8,4,data/raw/20260715/20260715_1554_image10_sdw.jpg,20260715,9
28_765_8,28,data/raw/20260731/20260731_1712_image202_sdw.jpg,20260731,11
42_843_2,42,data/raw/20260731/20260731_1718_image281_bup.jpg,20260731,5
42_839_7,42,data/raw/20260731/20260731_1718_image277_rot60.jpg,20260731,5
25_708_4,25,data/raw/20260731/20260731_1705_image145_cup.jpg,20260731,0
49_972_9,49,data/raw/20260804/20260804_1703_image129_sup.jpg,20260804,17
34_296_3,34,data/raw/20260727/20260727_1710_image53_cdw.jpg,20260727,17
19_891_4,19,data/raw/20260804/20260804_1655_image48_cup.jpg,20260804,0
43_813_3,43,data/raw/20260731/20260731_1716_image251_cdw.jpg,20260731,0
43_509_2,43,data/raw/20260727/20260727_1737_image266_bup.jpg,20260727,2
50_1036_5,50,data/raw/20260804/20260804_1710_image193_rot30.jpg,20260804,15
29_791_4,29,data/raw/20260731/20260731_1713_image228_cup.jpg,20260731,0
30_484_8,30,data/raw/20260727/20260727_1735_image241_sdw.jpg,20260727,0
20_666_4,20,data/raw/20260731/20260731_1701_image103_cup.jpg,20260731,7
19_307_3,19,data/raw/20260727/20260727_1710_image64_cdw.jpg,20260727,4
50_1018_6,50,data/raw/20260804/20260804_1710_image175_rot45.jpg,20260804,15
2_231_9,2,data/raw/20260725/20260725_1759_image3_sup.jpg,20260725,4
34_871_4,34,data/raw/20260804/20260804_1654_image28_cup.jpg,20260804,9
28_424_5,28,data/raw/20260727/20260727_1725_image181_rot30.jpg,20260727,15
28_426_8,28,data/raw/20260727/20260727_1725_image183_sdw.jpg,20260727,15
20_992_2,20,data/raw/20260804/20260804_1704_image149_bup.jpg,20260804,3
4_280_6,4,data/raw/20260727/20260727_1709_image37_rot45.jpg,20260727,0
28_1044_6,28,data/raw/20260804/20260804_1711_image201_rot45.jpg,20260804,7
20_663_6,20,data/raw/20260731/20260731_1700_image100_rot45.jpg,20260731,7
9_955_2,9,data/raw/20260804/20260804_1702_image112_bup.jpg,20260804,0
40_737_0,40,data/raw/20260731/20260731_1708_image174.jpg,20260731,2
4_278_2,4,data/raw/20260727/20260727_1708_image35_bup.jpg,20260727,0
9_75_3,9,data/raw/20260715/20260715_1558_image54_cdw.jpg,20260715,16
11_87_9,11,data/raw/20260715/20260715_1600_image66_sup.jpg,20260715,4
37_630_0,37,data/raw/20260731/20260731_1657_image67.jpg,20260731,4
9_318_2,9,data/raw/20260727/20260727_1711_image75_bup.jpg,20260727,4
11_86_8,11,data/raw/20260715/20260715_1600_image65_sdw.jpg,20260715,4
46_698_9,46,data/raw/20260731/20260731_1703_image135_sup.jpg,20260731,2
45_643_5,45,data/raw/20260731/20260731_1659_image80_rot30.jpg,20260731,11
17_125_5,17,data/raw/20260722/20260722_1702_image29_rot30.jpg,20260722,17
2_248_4,2,data/raw/20260727/20260727_1555_image4_cup.jpg,20260727,2
38_1135_7,38,data/raw/20260804/20260804_1717_image292_rot60.jpg,20260804,7
20_334_1,20,data/raw/20260727/20260727_1712_image91_bdw.jpg,20260727,11
34_605_6,34,data/raw/20260731/20260731_1655_image42_rot45.jpg,20260731,13
16_114_7,16,data/raw/20260722/20260722_1659_image18_rot60.jpg,20260722,8
9_153_5,9,data/raw/20260722/20260722_1743_image57_rot30.jpg,20260722,9
29_416_4,29,data/raw/20260727/20260727_1724_image173_cup.jpg,20260727,0
2_550_3,2,data/raw/20260729/20260729_1700_image17_cdw.jpg,20260729,0
31_525_9,31,data/raw/20260727/20260727_1738_image282_sup.jpg,20260727,0
1_5_9,1,data/raw/20260712/20260712_0854_image5_sup.jpg,20260712,3
24_687_4,24,data/raw/20260731/20260731_1702_image124_cup.jpg,20260731,0
1_4_7,1,data/raw/20260712/20260712_0854_image4_rot60.jpg,20260712,3
40_741_1,40,data/raw/20260731/20260731_1709_image178_bdw.jpg,20260731,2
39_463_6,39,data/raw/20260727/20260727_1730_image220_rot45.jpg,20260727,4
34_879_1,34,data/raw/20260804/20260804_1654_image36_bdw.jpg,20260804,9
40_1171_9,40,data/raw/20260804/20260804_1720_image328_sup.jpg,20260804,0
24_345_0,24,data/raw/20260727/20260727_1713_image102.jpg,20260727,3
47_1090_5,47,data/raw/20260804/20260804_1713_image247_rot30.jpg,20260804,11
38_1154_7,38,data/raw/20260804/20260804_1718_image311_rot60.jpg,20260804,7
43_1207_9,43,data/raw/20260804/20260804_1723_image364_sup.jpg,20260804,0
48_1175_8,48,data/raw/20260804/20260804_1721_image332_sdw.jpg,20260804,0
20_334_8,20,data/raw/20260727/20260727_1712_image91_sdw.jpg,20260727,11
39_448_6,39,data/raw/20260727/20260727_1730_image205_rot45.jpg,20260727,4
19_901_4,19,data/raw/20260804/20260804_1655_image58_cup.jpg,20260804,0
45_902_1,45,data/raw/20260804/20260804_1657_image59_bdw.jpg,20260804,7
34_880_7,34,data/raw/20260804/20260804_1654_image37_rot60.jpg,20260804,9
22_864_8,22,data/raw/20260804/20260804_1653_image21_sdw.jpg,20260804,9
39_449_1,39,data/raw/20260727/20260727_1730_image206_bdw.jpg,20260727,4
18_134_8,18,data/raw/20260722/20260722_1742_image38_sdw.jpg,20260722,5
17_130_2,17,data/raw/20260722/20260722_1703_image34_bup.jpg,20260722,17
9_659_1,9,data/raw/20260731/20260731_1700_image96_bdw.jpg,20260731,0
7_51_8,7,data/raw/20260715/20260715_1556_image30_sdw.jpg,20260715,0
20_662_9,20,data/raw/20260731/20260731_1700_image99_sup.jpg,20260731,7
40_1173_4,40,data/raw/20260804/20260804_1720_image330_cup.jpg,20260804,0
5_41_9,5,data/raw/20260715/20260715_1555_image20_sup.jpg,20260715,12
9_153_7,9,data/raw/20260722/20260722_1743_image57_rot60.jpg,20260722,9
20_670_6,20,data/raw/20260731/20260731_1701_image107_rot45.jpg,20260731,7
25_713_0,25,data/raw/20260731/20260731_1706_image150.jpg,20260731,0
19_898_4,19,data/raw/20260804/20260804_1655_image55_cup.jpg,20260804,0
33_569_8,33,data/raw/20260731/20260731_1653_image6_sdw.jpg,20260731,8
7_50_5,7,data/raw/20260715/20260715_1556_image29_rot30.jpg,20260715,0
2_563_8,2,data/raw/20260729/20260729_1701_image30_sdw.jpg,20260729,0
43_512_2,43,data/raw/20260727/20260727_1737_image269_bup.jpg,20260727,2
19_581_4,19,data/raw/20260731/20260731_1654_image18_cup.jpg,20260731,0
28_1052_5,28,data/raw/20260804/20260804_1711_image209_rot30.jpg,20260804,7
37_369_4,37,data/raw/20260727/20260727_1717_image126_cup.jpg,20260727,8
42_1223_3,42,data/raw/20260804/20260804_1724_image380_cdw.jpg,20260804,1
52_1115_0,52,data/raw/20260804/20260804_1716_image272.jpg,20260804,10
50_1033_4,50,data/raw/20260804/20260804_1710_image190_cup.jpg,20260804,15
20_669_0,20,data/raw/20260731/20260731_1701_image106.jpg,20260731,7
41_480_7,41,data/raw/20260727/20260727_1734_image237_rot60.jpg,20260727,15
53_1196_5,53,data/raw/20260804/20260804_1722_image353_rot30.jpg,20260804,4
25_383_1,25,data/raw/20260727/20260727_1722_image140_bdw.jpg,20260727,4
24_182_6,24,data/raw/20260722/20260722_1758_image86_rot45.jpg,20260722,8
20_77_6,20,data/raw/20260715/20260715_1558_image56_rot45.jpg,20260715,23
19_591_0,19,data/raw/20260731/20260731_1654_image28.jpg,20260731,0
28_786_6,28,data/raw/20260731/20260731_1713_image223_rot45.jpg,20260731,11
20_679_9,20,data/raw/20260731/20260731_1701_image116_sup.jpg,20260731,7
51_1084_6,51,data/raw/20260804/20260804_1713_image241_rot45.jpg,20260804,0
15_110_7,15,data/raw/20260722/20260722_1658_image15_rot60.jpg,20260722,0
47_752_1,47,data/raw/20260731/20260731_1710_image189_bdw.jpg,20260731,15
25_1141_1,25,data/raw/20260804/20260804_1717_image298_bdw.jpg,20260804,0
38_722_3,38,data/raw/20260731/20260731_1706_image159_cdw.jpg,20260731,11
3_32_7,3,data/raw/20260715/20260715_1554_image6_rot60.jpg,20260715,0
22_866_0,22,data/raw/20260804/20260804_1653_image23.jpg,20260804,9
37_371_9,37,data/raw/20260727/20260727_1718_image128_sup.jpg,20260727,8
25_383_2,25,data/raw/20260727/20260727_1722_image140_bup.jpg,20260727,4
45_642_4,45,data/raw/20260731/20260731_1659_image79_cup.jpg,20260731,11
5_137_5,5,data/raw/20260722/20260722_1742_image41_rot30.jpg,20260722,5
47_1100_3,47,data/raw/20260804/20260804_1714_image257_cdw.jpg,20260804,11
37_616_4,37,data/raw/20260731/20260731_1656_image53_cup.jpg,20260731,4
20_666_9,20,data/raw/20260731/20260731_1701_image103_sup.jpg,20260731,7
22_928_5,22,data/raw/20260804/20260804_1700_image85_rot30.jpg,20260804,9
25_185_9,25,data/raw/20260722/20260722_1802_image89_sup.jpg,20260722,9
20_176_2,20,data/raw/20260722/20260722_1757_image80_bup.jpg,20260722,5
1_7_1,1,data/raw/20260712/20260712_0855_image11_bdw.jpg,20260712,3
24_688_9,24,data/raw/20260731/20260731_1702_image125_sup.jpg,20260731,0
35_325_9,35,data/raw/20260727/20260727_1712_image82_sup.jpg,20260727,22
20_328_0,20,data/raw/20260727/20260727_1712_image85.jpg,20260727,11
53_1188_4,53,data/raw/20260804/20260804_1722_image345_cup.jpg,20260804,4
2_551_9,2,data/raw/20260729/20260729_1700_image18_sup.jpg,20260729,0
18_257_2,18,data/raw/20260727/20260727_1707_image13_bup.jpg,20260727,0
24_688_4,24,data/raw/20260731/20260731_1702_image125_cup.jpg,20260731,0
34_885_5,34,data/raw/20260804/20260804_1654_image42_rot30.jpg,20260804,9
24_1011_6,24,data/raw/20260804/20260804_1705_image168_rot45.jpg,20260804,0
2_235_3,2,data/raw/20260726/20260726_1336_image1_cdw.jpg,20260726,3
44_518_9,44,data/raw/20260727/20260727_1737_image275_sup.jpg,20260727,15
2_239_5,2,data/raw/20260726/20260726_1336_image5_rot30.jpg,20260726,3
19_306_0,19,data/raw/20260727/20260727_1710_image63.jpg,20260727,4
42_835_6,42,data/raw/20260731/20260731_1717_image273_rot45.jpg,20260731,5
28_1057_8,28,data/raw/20260804/20260804_1711_image214_sdw.jpg,20260804,7
39_1165_7,39,data/raw/20260804/20260804_1719_image322_rot60.jpg,20260804,0
47_1092_1,47,data/raw/20260804/20260804_1713_image249_bdw.jpg,20260804,11
20_936_6,20,data/raw/20260804/20260804_1701_image93_rot45.jpg,20260804,3
38_406_2,38,data/raw/20260727/20260727_1723_image163_bup.jpg,20260727,15
5_139_5,5,data/raw/20260722/20260722_1742_image43_rot30.jpg,20260722,5
20_939_8,20,data/raw/20260804/20260804_1701_image96_sdw.jpg,20260804,3
43_1207_0,43,data/raw/20260804/20260804_1723_image364.jpg,20260804,0
24_340_2,24,data/raw/20260727/20260727_1713_image97_bup.jpg,20260727,3
2_540_2,2,data/raw/20260729/20260729_1659_image7_bup.jpg,20260729,0
17_127_0,17,data/raw/20260722/20260722_1702_image31.jpg,20260722,17
20_1014_7,20,data/raw/20260804/20260804_1705_image171_rot60.jpg,20260804,3
28_781_6,28,data/raw/20260731/20260731_1713_image218_rot45.jpg,20260731,11
14_443_6,14,data/raw/20260727/20260727_1727_image200_rot45.jpg,20260727,4
2_534_8,2,data/raw/20260729/20260729_1659_image1_sdw.jpg,20260729,0
53_1193_8,53,data/raw/20260804/20260804_1722_image350_sdw.jpg,20260804,4
43_1209_6,43,data/raw/20260804/20260804_1723_image366_rot45.jpg,20260804,0
18_132_9,18,data/raw/20260722/20260722_1742_image36_sup.jpg,20260722,5
26_394_1,26,data/raw/20260727/20260727_1722_image151_bdw.jpg,20260727,0
34_884_7,34,data/raw/20260804/20260804_1654_image41_rot60.jpg,20260804,9
20_164_8,20,data/raw/20260722/20260722_1744_image68_sdw.jpg,20260722,16
30_485_0,30,data/raw/20260727/20260727_1735_image242.jpg,20260727,0
20_337_6,20,data/raw/20260727/20260727_1712_image94_rot45.jpg,20260727,11
28_760_4,28,data/raw/20260731/20260731_1711_image197_cup.jpg,20260731,11
49_958_0,49,data/raw/20260804/20260804_1702_image115.jpg,20260804,17
31_526_4,31,data/raw/20260727/20260727_1738_image283_cup.jpg,20260727,0
39_472_2,39,data/raw/20260727/20260727_1731_image229_bup.jpg,20260727,4
34_297_1,34,data/raw/20260727/20260727_1710_image54_bdw.jpg,20260727,17
51_1080_4,51,data/raw/20260804/20260804_1713_image237_cup.jpg,20260804,0
2_16_6,2,data/raw/20260714/20260714_1016_image3_rot45.jpg,20260714,15
13_105_4,13,data/raw/20260722/20260722_1658_image10_cup.jpg,20260722,8
3_30_4,3,data/raw/20260715/20260715_1554_image4_cup.jpg,20260715,0
29_414_9,29,data/raw/20260727/20260727_1724_image171_sup.jpg,20260727,0
38_1137_1,38,data/raw/20260804/20260804_1717_image294_bdw.jpg,20260804,7
22_870_5,22,data/raw/20260804/20260804_1654_image27_rot30.jpg,20260804,9
24_1002_6,24,data/raw/20260804/20260804_1704_image159_rot45.jpg,20260804,0
45_914_9,45,data/raw/20260804/20260804_1659_image71_sup.jpg,20260804,7
47_751_0,47,data/raw/20260731/20260731_1710_image188.jpg,20260731,15
29_413_0,29,data/raw/20260727/20260727_1724_image170.jpg,20260727,0
45_911_0,45,data/raw/20260804/20260804_1658_image68.jpg,20260804,7
36_355_5,36,data/raw/20260727/20260727_1716_image112_rot30.jpg,20260727,4
8_159_8,8,data/raw/20260722/20260722_1744_image63_sdw.jpg,20260722,0
20_997_7,20,data/raw/20260804/20260804_1704_image154_rot60.jpg,20260804,3
39_460_3,39,data/raw/20260727/20260727_1730_image217_cdw.jpg,20260727,4
3_30_5,3,data/raw/20260715/20260715_1554_image4_rot30.jpg,20260715,0
6_59_1,6,data/raw/20260715/20260715_1556_image38_bdw.jpg,20260715,5
29_415_6,29,data/raw/20260727/20260727_1724_image172_rot45.jpg,20260727,0
33_266_4,33,data/raw/20260727/20260727_1707_image22_cup.jpg,20260727,12
28_768_7,28,data/raw/20260731/20260731_1712_image205_rot60.jpg,20260731,11
9_68_8,9,data/raw/20260715/20260715_1557_image47_sdw.jpg,20260715,16
14_442_8,14,data/raw/20260727/20260727_1727_image199_sdw.jpg,20260727,4
43_511_7,43,data/raw/20260727/20260727_1737_image268_rot60.jpg,20260727,2
34_296_7,34,data/raw/20260727/20260727_1710_image53_rot60.jpg,20260727,17
38_724_3,38,data/raw/20260731/20260731_1707_image161_cdw.jpg,20260731,11
28_788_8,28,data/raw/20260731/20260731_1713_image225_sdw.jpg,20260731,11
7_45_8,7,data/raw/20260715/20260715_1555_image24_sdw.jpg,20260715,0
2_18_0,2,data/raw/20260714/20260714_1017_image5.jpg,20260714,15
38_401_8,38,data/raw/20260727/20260727_1723_image158_sdw.jpg,20260727,15
45_647_0,45,data/raw/20260731/20260731_1659_image84.jpg,20260731,11
49_963_3,49,data/raw/20260804/20260804_1703_image120_cdw.jpg,20260804,17
38_717_1,38,data/raw/20260731/20260731_1706_image154_bdw.jpg,20260731,11
19_581_5,19,data/raw/20260731/20260731_1654_image18_rot30.jpg,20260731,0
51_1089_1,51,data/raw/20260804/20260804_1713_image246_bdw.jpg,20260804,0
50_1030_6,50,data/raw/20260804/20260804_1710_image187_rot45.jpg,20260804,15
26_389_6,26,data/raw/20260727/20260727_1722_image146_rot45.jpg,20260727,0
24_1009_2,24,data/raw/20260804/20260804_1705_image166_bup.jpg,20260804,0
37_919_6,37,data/raw/20260804/20260804_1659_image76_rot45.jpg,20260804,0
34_593_6,34,data/raw/20260731/20260731_1655_image30_rot45.jpg,20260731,13
5_139_1,5,data/raw/20260722/20260722_1742_image43_bdw.jpg,20260722,5
50_1015_7,50,data/raw/20260804/20260804_1709_image172_rot60.jpg,20260804,15
32_210_4,32,data/raw/20260722/20260722_1808_image114_cup.jpg,20260722,12
46_699_7,46,data/raw/20260731/20260731_1703_image136_rot60.jpg,20260731,2
28_202_1,28,data/raw/20260722/20260722_1803_image107_bdw.jpg,20260722,20
9_156_2,9,data/raw/20260722/20260722_1743_image60_bup.jpg,20260722,9
39_726_9,39,data/raw/20260731/20260731_1707_image163_sup.jpg,20260731,0
2_535_6,2,data/raw/20260729/20260729_1659_image2_rot45.jpg,20260729,0
47_1099_8,47,data/raw/20260804/20260804_1714_image256_sdw.jpg,20260804,11
19_892_0,19,data/raw/20260804/20260804_1655_image49.jpg,20260804,0
39_1163_0,39,data/raw/20260804/20260804_1719_image320.jpg,20260804,0
49_981_7,49,data/raw/20260804/20260804_1703_image138_rot60.jpg,20260804,17
25_188_8,25,data/raw/20260722/20260722_1802_image92_sdw.jpg,20260722,9
12_99_7,12,data/raw/20260722/20260722_1656_image3_rot60.jpg,20260722,16
29_1074_8,29,data/raw/20260804/20260804_1712_image231_sdw.jpg,20260804,0
19_581_7,19,data/raw/20260731/20260731_1654_image18_rot60.jpg,20260731,0
34_604_2,34,data/raw/20260731/20260731_1655_image41_bup.jpg,20260731,13
50_1032_5,50,data/raw/20260804/20260804_1710_image189_rot30.jpg,20260804,15
19_305_6,19,data/raw/20260727/20260727_1710_image62_rot45.jpg,20260727,4
28_781_1,28,data/raw/20260731/20260731_1713_image218_bdw.jpg,20260731,11
14_743_1,14,data/raw/20260731/20260731_1709_image180_bdw.jpg,20260731,15
42_837_5,42,data/raw/20260731/20260731_1718_image275_rot30.jpg,20260731,5
6_57_7,6,data/raw/20260715/20260715_1556_image36_rot60.jpg,20260715,5
49_967_0,49,data/raw/20260804/20260804_1703_image124.jpg,20260804,17
25_713_8,25,data/raw/20260731/20260731_1706_image150_sdw.jpg,20260731,0
9_653_4,9,data/raw/20260731/20260731_1700_image90_cup.jpg,20260731,0
9_322_3,9,data/raw/20260727/20260727_1711_image79_cdw.jpg,20260727,4
28_777_9,28,data/raw/20260731/20260731_1713_image214_sup.jpg,20260731,11
29_1076_1,29,data/raw/20260804/20260804_1713_image233_bdw.jpg,20260804,0
47_755_7,47,data/raw/20260731/20260731_1711_image192_rot60.jpg,20260731,15
28_1046_1,28,data/raw/20260804/20260804_1711_image203_bdw.jpg,20260804,7
2_251_9,2,data/raw/20260727/20260727_1555_image7_sup.jpg,20260727,2
39_1166_0,39,data/raw/20260804/20260804_1719_image323.jpg,20260804,0
49_978_5,49,data/raw/20260804/20260804_1703_image135_rot30.jpg,20260804,17
51_1082_0,51,data/raw/20260804/20260804_1713_image239.jpg,20260804,0
52_1111_9,52,data/raw/20260804/20260804_1715_image268_sup.jpg,20260804,10
39_464_4,39,data/raw/20260727/20260727_1730_image221_cup.jpg,20260727,4
22_635_4,22,data/raw/20260731/20260731_1658_image72_cup.jpg,20260731,13
29_795_9,29,data/raw/20260731/20260731_1714_image232_sup.jpg,20260731,0
52_1113_2,52,data/raw/20260804/20260804_1715_image270_bup.jpg,20260804,10
9_76_4,9,data/raw/20260715/20260715_1558_image55_cup.jpg,20260715,16
1_8_1,1,data/raw/20260712/20260712_0855_image12_bdw.jpg,20260712,3
32_207_7,32,data/raw/20260722/20260722_1807_image111_rot60.jpg,20260722,12
25_204_7,25,data/raw/20260722/20260722_1803_image99_rot60.jpg,20260722,9
25_381_2,25,data/raw/20260727/20260727_1722_image138_bup.jpg,20260727,4
53_1196_7,53,data/raw/20260804/20260804_1722_image353_rot60.jpg,20260804,4
3_78_5,3,data/raw/20260715/20260715_1559_image57_rot30.jpg,20260715,0
42_832_3,42,data/raw/20260731/20260731_1717_image270_cdw.jpg,20260731,5
2_240_5,2,data/raw/20260726/20260726_1337_image6_rot30.jpg,20260726,3
23_173_4,23,data/raw/20260722/20260722_1746_image77_cup.jpg,20260722,11
21_313_2,21,data/raw/20260727/20260727_1711_image70_bup.jpg,20260727,0
38_410_1,38,data/raw/20260727/20260727_1724_image167_bdw.jpg,20260727,15
4_26_9,4,data/raw/20260715/20260715_1554_image13_sup.jpg,20260715,9
20_164_9,20,data/raw/20260722/20260722_1744_image68_sup.jpg,20260722,16
40_740_1,40,data/raw/20260731/20260731_1709_image177_bdw.jpg,20260731,2
12_103_6,12,data/raw/20260722/20260722_1657_image7_rot45.jpg,20260722,16
38_1132_8,38,data/raw/20260804/20260804_1717_image289_sdw.jpg,20260804,7
28_432_5,28,data/raw/20260727/20260727_1726_image189_rot30.jpg,20260727,15
43_823_0,43,data/raw/20260731/20260731_1717_image261.jpg,20260731,0
50_1022_7,50,data/raw/20260804/20260804_1710_image179_rot60.jpg,20260804,15
53_1190_5,53,data/raw/20260804/20260804_1722_image347_rot30.jpg,20260804,4
12_104_2,12,data/raw/20260722/20260722_1657_image8_bup.jpg,20260722,16
28_768_2,28,data/raw/20260731/20260731_1712_image205_bup.jpg,20260731,11
35_327_4,35,data/raw/20260727/20260727_1712_image84_cup.jpg,20260727,22
39_477_0,39,data/raw/20260727/20260727_1733_image234.jpg,20260727,4
28_785_5,28,data/raw/20260731/20260731_1713_image222_rot30.jpg,20260731,11
34_878_7,34,data/raw/20260804/20260804_1654_image35_rot60.jpg,20260804,9
2_542_5,2,data/raw/20260729/20260729_1659_image9_rot30.jpg,20260729,0
31_220_2,31,data/raw/20260722/20260722_1814_image124_bup.jpg,20260722,5
20_939_9,20,data/raw/20260804/20260804_1701_image96_sup.jpg,20260804,3
49_962_6,49,data/raw/20260804/20260804_1702_image119_rot45.jpg,20260804,17
19_892_3,19,data/raw/20260804/20260804_1655_image49_cdw.jpg,20260804,0
20_993_5,20,data/raw/20260804/20260804_1704_image150_rot30.jpg,20260804,3
28_784_0,28,data/raw/20260731/20260731_1713_image221.jpg,20260731,11
34_598_3,34,data/raw/20260731/20260731_1655_image35_cdw.jpg,20260731,13
33_265_7,33,data/raw/20260727/20260727_1707_image21_rot60.jpg,20260727,12
29_790_0,29,data/raw/20260731/20260731_1713_image227.jpg,20260731,0
39_475_5,39,data/raw/20260727/20260727_1733_image232_rot30.jpg,20260727,4
25_712_2,25,data/raw/20260731/20260731_1706_image149_bup.jpg,20260731,0
5_38_4,5,data/raw/20260715/20260715_1555_image17_cup.jpg,20260715,12
34_887_4,34,data/raw/20260804/20260804_1654_image44_cup.jpg,20260804,9
29_417_5,29,data/raw/20260727/20260727_1725_image174_rot30.jpg,20260727,0
36_360_7,36,data/raw/20260727/20260727_1716_image117_rot60.jpg,20260727,4
9_156_7,9,data/raw/20260722/20260722_1743_image60_rot60.jpg,20260722,9
19_900_5,19,data/raw/20260804/20260804_1655_image57_rot30.jpg,20260804,0
44_523_6,44,data/raw/20260727/20260727_1738_image280_rot45.jpg,20260727,15
28_1053_6,28,data/raw/20260804/20260804_1711_image210_rot45.jpg,20260804,7
28_782_7,28,data/raw/20260731/20260731_1713_image219_rot60.jpg,20260731,11
39_458_4,39,data/raw/20260727/20260727_1730_image215_cup.jpg,20260727,4
22_612_8,22,data/raw/20260731/20260731_1656_image49_sdw.jpg,20260731,13
43_510_4,43,data/raw/20260727/20260727_1737_image267_cup.jpg,20260727,2
40_1172_8,40,data/raw/20260804/20260804_1720_image329_sdw.jpg,20260804,0
41_480_2,41,data/raw/20260727/20260727_1734_image237_bup.jpg,20260727,15
20_1014_1,20,data/raw/20260804/20260804_1705_image171_bdw.jpg,20260804,3
37_927_7,37,data/raw/20260804/20260804_1700_image84_rot60.jpg,20260804,0
20_349_6,20,data/raw/20260727/20260727_1714_image106_rot45.jpg,20260727,11
28_777_7,28,data/raw/20260731/20260731_1713_image214_rot60.jpg,20260731,11
30_215_9,30,data/raw/20260722/20260722_1813_image119_sup.jpg,20260722,5
20_998_6,20,data/raw/20260804/20260804_1704_image155_rot45.jpg,20260804,3
50_1032_6,50,data/raw/20260804/20260804_1710_image189_rot45.jpg,20260804,15
37_632_9,37,data/raw/20260731/20260731_1658_image69_sup.jpg,20260731,4
49_959_3,49,data/raw/20260804/20260804_1702_image116_cdw.jpg,20260804,17
4_25_7,4,data/raw/20260715/20260715_1554_image12_rot60.jpg,20260715,9
53_1184_8,53,data/raw/20260804/20260804_1722_image341_sdw.jpg,20260804,4
19_305_4,19,data/raw/20260727/20260727_1710_image62_cup.jpg,20260727,4
26_388_5,26,data/raw/20260727/20260727_1722_image145_rot30.jpg,20260727,0
39_1160_9,39,data/raw/20260804/20260804_1719_image317_sup.jpg,20260804,0
33_857_8,33,data/raw/20260804/20260804_1652_image14_sdw.jpg,20260804,4
20_164_3,20,data/raw/20260722/20260722_1744_image68_cdw.jpg,20260722,16
20_338_1,20,data/raw/20260727/20260727_1713_image95_bdw.jpg,20260727,11
18_133_7,18,data/raw/20260722/20260722_1742_image37_rot60.jpg,20260722,5
38_1120_5,38,data/raw/20260804/20260804_1716_image277_rot30.jpg,20260804,7
19_894_2,19,data/raw/20260804/20260804_1655_image51_bup.jpg,20260804,0
34_872_3,34,data/raw/20260804/20260804_1654_image29_cdw.jpg,20260804,9
20_998_1,20,data/raw/20260804/20260804_1704_image155_bdw.jpg,20260804,3
17_129_0,17,data/raw/20260722/20260722_1703_image33.jpg,20260722,17
38_1128_0,38,data/raw/20260804/20260804_1716_image285.jpg,20260804,7
42_829_8,42,data/raw/20260731/20260731_1717_image267_sdw.jpg,20260731,5
29_1073_9,29,data/raw/20260804/20260804_1712_image230_sup.jpg,20260804,0
20_353_9,20,data/raw/20260727/20260727_1714_image110_sup.jpg,20260727,11
42_827_6,42,data/raw/20260731/20260731_1717_image265_rot45.jpg,20260731,5
42_495_4,42,data/raw/20260727/20260727_1736_image252_cup.jpg,20260727,9
53_1188_6,53,data/raw/20260804/20260804_1722_image345_rot45.jpg,20260804,4
4_44_0,4,data/raw/20260715/20260715_1555_image23.jpg,20260715,9
53_1187_5,53,data/raw/20260804/20260804_1722_image344_rot30.jpg,20260804,4
39_456_7,39,data/raw/20260727/20260727_1730_image213_rot60.jpg,20260727,4
9_316_4,9,data/raw/20260727/20260727_1711_image73_cup.jpg,20260727,4
34_600_5,34,data/raw/20260731/20260731_1655_image37_rot30.jpg,20260731,13
28_419_3,28,data/raw/20260727/20260727_1725_image176_cdw.jpg,20260727,15
4_289_0,4,data/raw/20260727/20260727_1709_image46.jpg,20260727,0
20_682_6,20,data/raw/20260731/20260731_1701_image119_rot45.jpg,20260731,7
43_823_3,43,data/raw/20260731/20260731_1717_image261_cdw.jpg,20260731,0
39_729_8,39,data/raw/20260731/20260731_1707_image166_sdw.jpg,20260731,0
43_817_0,43,data/raw/20260731/20260731_1716_image255.jpg,20260731,0
43_815_8,43,data/raw/20260731/20260731_1716_image253_sdw.jpg,20260731,0
22_635_6,22,data/raw/20260731/20260731_1658_image72_rot45.jpg,20260731,13
16_117_3,16,data/raw/20260722/20260722_1659_image21_cdw.jpg,20260722,8
36_360_5,36,data/raw/20260727/20260727_1716_image117_rot30.jpg,20260727,4
24_180_0,24,data/raw/20260722/20260722_1758_image84.jpg,20260722,8
29_416_9,29,data/raw/20260727/20260727_1724_image173_sup.jpg,20260727,0
12_99_1,12,data/raw/20260722/20260722_1656_image3_bdw.jpg,20260722,16
39_446_2,39,data/raw/20260727/20260727_1730_image203_bup.jpg,20260727,4
20_947_0,20,data/raw/20260804/20260804_1702_image104.jpg,20260804,3
11_88_1,11,data/raw/20260715/20260715_1601_image67_bdw.jpg,20260715,4
28_424_1,28,data/raw/20260727/20260727_1725_image181_bdw.jpg,20260727,15
24_1009_0,24,data/raw/20260804/20260804_1705_image166.jpg,20260804,0
28_418_4,28,data/raw/20260727/20260727_1725_image175_cup.jpg,20260727,15
19_148_4,19,data/raw/20260722/20260722_1743_image52_cup.jpg,20260722,9
43_1206_2,43,data/raw/20260804/20260804_1723_image363_bup.jpg,20260804,0
8_162_2,8,data/raw/20260722/20260722_1744_image66_bup.jpg,20260722,0
33_569_0,33,data/raw/20260731/20260731_1653_image6.jpg,20260731,8
2_541_3,2,data/raw/20260729/20260729_1659_image8_cdw.jpg,20260729,0
12_104_8,12,data/raw/20260722/20260722_1657_image8_sdw.jpg,20260722,16
20_668_6,20,data/raw/20260731/20260731_1701_image105_rot45.jpg,20260731,7
53_1187_2,53,data/raw/20260804/20260804_1722_image344_bup.jpg,20260804,4
19_581_3,19,data/raw/20260731/20260731_1654_image18_cdw.jpg,20260731,0
33_845_6,33,data/raw/20260804/20260804_1651_image2_rot45.jpg,20260804,4
12_98_7,12,data/raw/20260722/20260722_1656_image2_rot60.jpg,20260722,16
33_848_1,33,data/raw/20260804/20260804_1651_image5_bdw.jpg,20260804,4
37_919_0,37,data/raw/20260804/20260804_1659_image76.jpg,20260804,0
20_999_3,20,data/raw/20260804/20260804_1704_image156_cdw.jpg,20260804,3
46_694_0,46,data/raw/20260731/20260731_1703_image131.jpg,20260731,2
40_736_8,40,data/raw/20260731/20260731_1708_image173_sdw.jpg,20260731,2
39_733_9,39,data/raw/20260731/20260731_1708_image170_sup.jpg,20260731,0
51_1080_9,51,data/raw/20260804/20260804_1713_image237_sup.jpg,20260804,0
42_497_6,42,data/raw/20260727/20260727_1736_image254_rot45.jpg,20260727,9
50_1019_5,50,data/raw/20260804/20260804_1710_image176_rot30.jpg,20260804,15
9_649_2,9,data/raw/20260731/20260731_1659_image86_bup.jpg,20260731,0
39_457_8,39,data/raw/20260727/20260727_1730_image214_sdw.jpg,20260727,4
19_578_0,19,data/raw/20260731/20260731_1654_image15.jpg,20260731,0
45_905_8,45,data/raw/20260804/20260804_1657_image62_sdw.jpg,20260804,7
45_914_3,45,data/raw/20260804/20260804_1659_image71_cdw.jpg,20260804,7
18_260_1,18,data/raw/20260727/20260727_1707_image16_bdw.jpg,20260727,0
34_606_0,34,data/raw/20260731/20260731_1656_image43.jpg,20260731,13
42_1225_1,42,data/raw/20260804/20260804_1724_image382_bdw.jpg,20260804,1
18_132_2,18,data/raw/20260722/20260722_1742_image36_bup.jpg,20260722,5
7_53_7,7,data/raw/20260715/20260715_1556_image32_rot60.jpg,20260715,0
40_739_0,40,data/raw/20260731/20260731_1709_image176.jpg,20260731,2
14_748_9,14,data/raw/20260731/20260731_1710_image185_sup.jpg,20260731,15
43_812_0,43,data/raw/20260731/20260731_1716_image250.jpg,20260731,0
17_120_3,17,data/raw/20260722/20260722_1700_image24_cdw.jpg,20260722,17
33_570_0,33,data/raw/20260731/20260731_1653_image7.jpg,20260731,8
33_844_0,33,data/raw/20260804/20260804_1651_image1.jpg,20260804,4
38_1132_2,38,data/raw/20260804/20260804_1717_image289_bup.jpg,20260804,7
17_121_3,17,data/raw/20260722/20260722_1700_image25_cdw.jpg,20260722,17
28_772_8,28,data/raw/20260731/20260731_1712_image209_sdw.jpg,20260731,11
18_262_8,18,data/raw/20260727/20260727_1707_image18_sdw.jpg,20260727,0
9_951_3,9,data/raw/20260804/20260804_1702_image108_cdw.jpg,20260804,0
25_183_9,25,data/raw/20260722/20260722_1802_image87_sup.jpg,20260722,9
34_876_3,34,data/raw/20260804/20260804_1654_image33_cdw.jpg,20260804,9
14_744_2,14,data/raw/20260731/20260731_1709_image181_bup.jpg,20260731,15
9_953_6,9,data/raw/20260804/20260804_1702_image110_rot45.jpg,20260804,0
19_379_0,19,data/raw/20260727/20260727_1720_image136.jpg,20260727,4
20_937_2,20,data/raw/20260804/20260804_1701_image94_bup.jpg,20260804,3
48_1174_4,48,data/raw/20260804/20260804_1721_image331_cup.jpg,20260804,0
50_1023_1,50,data/raw/20260804/20260804_1710_image180_bdw.jpg,20260804,15
8_160_9,8,data/raw/20260722/20260722_1744_image64_sup.jpg,20260722,0
4_55_7,4,data/raw/20260715/20260715_1556_image34_rot60.jpg,20260715,9
4_35_4,4,data/raw/20260715/20260715_1554_image9_cup.jpg,20260715,9
50_1031_7,50,data/raw/20260804/20260804_1710_image188_rot60.jpg,20260804,15
50_1024_2,50,data/raw/20260804/20260804_1710_image181_bup.jpg,20260804,15
53_1183_0,53,data/raw/20260804/20260804_1721_image340.jpg,20260804,4
5_142_0,5,data/raw/20260722/20260722_1743_image46.jpg,20260722,5
24_178_2,24,data/raw/20260722/20260722_1757_image82_bup.jpg,20260722,8
13_107_6,13,data/raw/20260722/20260722_1658_image12_rot45.jpg,20260722,8
28_768_4,28,data/raw/20260731/20260731_1712_image205_cup.jpg,20260731,11
20_938_6,20,data/raw/20260804/20260804_1701_image95_rot45.jpg,20260804,3
36_368_1,36,data/raw/20260727/20260727_1717_image125_bdw.jpg,20260727,4
1_10_8,1,data/raw/20260712/20260712_0855_image6_sdw.jpg,20260712,3
53_1189_9,53,data/raw/20260804/20260804_1722_image346_sup.jpg,20260804,4
45_911_8,45,data/raw/20260804/20260804_1658_image68_sdw.jpg,20260804,7
37_618_5,37,data/raw/20260731/20260731_1656_image55_rot30.jpg,20260731,4
2_251_6,2,data/raw/20260727/20260727_1555_image7_rot45.jpg,20260727,2
25_381_9,25,data/raw/20260727/20260727_1722_image138_sup.jpg,20260727,4
40_1171_7,40,data/raw/20260804/20260804_1720_image328_rot60.jpg,20260804,0
25_1143_0,25,data/raw/20260804/20260804_1717_image300.jpg,20260804,0
42_489_8,42,data/raw/20260727/20260727_1736_image246_sdw.jpg,20260727,9
48_807_3,48,data/raw/20260731/20260731_1716_image245_cdw.jpg,20260731,4
42_1222_0,42,data/raw/20260804/20260804_1724_image379.jpg,20260804,1
2_255_1,2,data/raw/20260727/20260727_1556_image11_bdw.jpg,20260727,2
49_959_6,49,data/raw/20260804/20260804_1702_image116_rot45.jpg,20260804,17
12_100_0,12,data/raw/20260722/20260722_1656_image4.jpg,20260722,16
2_553_9,2,data/raw/20260729/20260729_1700_image20_sup.jpg,20260729,0
25_708_1,25,data/raw/20260731/20260731_1705_image145_bdw.jpg,20260731,0
8_65_3,8,data/raw/20260715/20260715_1557_image44_cdw.jpg,20260715,0
2_19_6,2,data/raw/20260714/20260714_1017_image6_rot45.jpg,20260714,15
45_642_3,45,data/raw/20260731/20260731_1659_image79_cdw.jpg,20260731,11
8_160_7,8,data/raw/20260722/20260722_1744_image64_rot60.jpg,20260722,0
38_720_8,38,data/raw/20260731/20260731_1706_image157_sdw.jpg,20260731,11
37_919_7,37,data/raw/20260804/20260804_1659_image76_rot60.jpg,20260804,0
45_903_0,45,data/raw/20260804/20260804_1657_image60.jpg,20260804,7
50_1019_8,50,data/raw/20260804/20260804_1710_image176_sdw.jpg,20260804,15
45_909_0,45,data/raw/20260804/20260804_1658_image66.jpg,20260804,7
39_1157_9,39,data/raw/20260804/20260804_1719_image314_sup.jpg,20260804,0
37_632_2,37,data/raw/20260731/20260731_1658_image69_bup.jpg,20260731,4
42_843_7,42,data/raw/20260731/20260731_1718_image281_rot60.jpg,20260731,5
36_357_5,36,data/raw/20260727/20260727_1716_image114_rot30.jpg,20260727,4
24_177_7,24,data/raw/20260722/20260722_1757_image81_rot60.jpg,20260722,8
28_1060_1,28,data/raw/20260804/20260804_1711_image217_bdw.jpg,20260804,7
43_816_7,43,data/raw/20260731/20260731_1716_image254_rot60.jpg,20260731,0
24_345_3,24,data/raw/20260727/20260727_1713_image102_cdw.jpg,20260727,3
24_346_4,24,data/raw/20260727/20260727_1713_image103_cup.jpg,20260727,3
20_351_6,20,data/raw/20260727/20260727_1714_image108_rot45.jpg,20260727,11
53_1193_5,53,data/raw/20260804/20260804_1722_image350_rot30.jpg,20260804,4
2_540_1,2,data/raw/20260729/20260729_1659_image7_bdw.jpg,20260729,0
28_762_0,28,data/raw/20260731/20260731_1711_image199.jpg,20260731,11
45_902_0,45,data/raw/20260804/20260804_1657_image59.jpg,20260804,7
12_102_5,12,data/raw/20260722/20260722_1656_image6_rot30.jpg,20260722,16
17_128_3,17,data/raw/20260722/20260722_1703_image32_cdw.jpg,20260722,17
3_22_8,3,data/raw/20260715/20260715_1554_image1_sdw.jpg,20260715,0
25_1142_3,25,data/raw/20260804/20260804_1717_image299_cdw.jpg,20260804,0
26_389_3,26,data/raw/20260727/20260727_1722_image146_cdw.jpg,20260727,0
20_77_9,20,data/raw/20260715/20260715_1558_image56_sup.jpg,20260715,23
32_209_5,32,data/raw/20260722/20260722_1807_image113_rot30.jpg,20260722,12
8_61_3,8,data/raw/20260715/20260715_1556_image40_cdw.jpg,20260715,0
34_603_1,34,data/raw/20260731/20260731_1655_image40_bdw.jpg,20260731,13
43_1209_3,43,data/raw/20260804/20260804_1723_image366_cdw.jpg,20260804,0
2_563_1,2,data/raw/20260729/20260729_1701_image30_bdw.jpg,20260729,0
39_451_2,39,data/raw/20260727/20260727_1730_image208_bup.jpg,20260727,4
48_807_7,48,data/raw/20260731/20260731_1716_image245_rot60.jpg,20260731,4
26_396_0,26,data/raw/20260727/20260727_1722_image153.jpg,20260727,0
18_257_5,18,data/raw/20260727/20260727_1707_image13_rot30.jpg,20260727,0
28_767_4,28,data/raw/20260731/20260731_1712_image204_cup.jpg,20260731,11
33_573_1,33,data/raw/20260731/20260731_1653_image10_bdw.jpg,20260731,8
19_897_6,19,data/raw/20260804/20260804_1655_image54_rot45.jpg,20260804,0
29_205_8,29,data/raw/20260722/20260722_1804_image109_sdw.jpg,20260722,0
9_653_2,9,data/raw/20260731/20260731_1700_image90_bup.jpg,20260731,0
19_307_0,19,data/raw/20260727/20260727_1710_image64.jpg,20260727,4
25_1145_9,25,data/raw/20260804/20260804_1717_image302_sup.jpg,20260804,0
43_818_5,43,data/raw/20260731/20260731_1716_image256_rot30.jpg,20260731,0
20_350_3,20,data/raw/20260727/20260727_1714_image107_cdw.jpg,20260727,11
50_1026_7,50,data/raw/20260804/20260804_1710_image183_rot60.jpg,20260804,15
22_375_0,22,data/raw/20260727/20260727_1718_image132.jpg,20260727,17
2_252_0,2,data/raw/20260727/20260727_1555_image8.jpg,20260727,2
20_673_5,20,data/raw/20260731/20260731_1701_image110_rot30.jpg,20260731,7
13_113_8,13,data/raw/20260722/20260722_1658_image9_sdw.jpg,20260722,8
2_239_1,2,data/raw/20260726/20260726_1336_image5_bdw.jpg,20260726,3
42_831_3,42,data/raw/20260731/20260731_1717_image269_cdw.jpg,20260731,5
33_566_4,33,data/raw/20260731/20260731_1653_image3_cup.jpg,20260731,8
7_49_1,7,data/raw/20260715/20260715_1556_image28_bdw.jpg,20260715,0
33_852_1,33,data/raw/20260804/20260804_1651_image9_bdw.jpg,20260804,4
47_1090_0,47,data/raw/20260804/20260804_1713_image247.jpg,20260804,11
20_1012_5,20,data/raw/20260804/20260804_1705_image169_rot30.jpg,20260804,3
19_311_4,19,data/raw/20260727/20260727_1711_image68_cup.jpg,20260727,4
50_1020_8,50,data/raw/20260804/20260804_1710_image177_sdw.jpg,20260804,15
42_842_6,42,data/raw/20260731/20260731_1718_image280_rot45.jpg,20260731,5
19_376_9,19,data/raw/20260727/20260727_1720_image133_sup.jpg,20260727,4
28_763_5,28,data/raw/20260731/20260731_1712_image200_rot30.jpg,20260731,11
36_363_8,36,data/raw/20260727/20260727_1717_image120_sdw.jpg,20260727,4
20_1014_2,20,data/raw/20260804/20260804_1705_image171_bup.jpg,20260804,3
19_901_3,19,data/raw/20260804/20260804_1655_image58_cdw.jpg,20260804,0
47_758_3,47,data/raw/20260731/20260731_1711_image195_cdw.jpg,20260731,15
53_1192_5,53,data/raw/20260804/20260804_1722_image349_rot30.jpg,20260804,4
38_1122_0,38,data/raw/20260804/20260804_1716_image279.jpg,20260804,7
2_91_3,2,data/raw/20260720/20260720_1503_image3_cdw.jpg,20260720,9
36_355_7,36,data/raw/20260727/20260727_1716_image112_rot60.jpg,20260727,4
2_94_9,2,data/raw/20260720/20260720_1503_image6_sup.jpg,20260720,9
39_1163_5,39,data/raw/20260804/20260804_1719_image320_rot30.jpg,20260804,0
52_1118_0,52,data/raw/20260804/20260804_1716_image275.jpg,20260804,10
22_611_3,22,data/raw/20260731/20260731_1656_image48_cdw.jpg,20260731,13
2_541_7,2,data/raw/20260729/20260729_1659_image8_rot60.jpg,20260729,0
4_278_9,4,data/raw/20260727/20260727_1708_image35_sup.jpg,20260727,0
34_297_4,34,data/raw/20260727/20260727_1710_image54_cup.jpg,20260727,17
19_580_5,19,data/raw/20260731/20260731_1654_image17_rot30.jpg,20260731,0
29_1067_4,29,data/raw/20260804/20260804_1712_image224_cup.jpg,20260804,0
33_851_0,33,data/raw/20260804/20260804_1651_image8.jpg,20260804,4
45_640_2,45,data/raw/20260731/20260731_1658_image77_bup.jpg,20260731,11
39_453_9,39,data/raw/20260727/20260727_1730_image210_sup.jpg,20260727,4
50_1015_8,50,data/raw/20260804/20260804_1709_image172_sdw.jpg,20260804,15
40_466_1,40,data/raw/20260727/20260727_1731_image223_bdw.jpg,20260727,6
53_1189_2,53,data/raw/20260804/20260804_1722_image346_bup.jpg,20260804,4
28_772_0,28,data/raw/20260731/20260731_1712_image209.jpg,20260731,11
34_888_7,34,data/raw/20260804/20260804_1654_image45_rot60.jpg,20260804,9
2_228_2,2,data/raw/20260724/20260724_1628_image6_bup.jpg,20260724,5
33_853_5,33,data/raw/20260804/20260804_1651_image10_rot30.jpg,20260804,4
22_866_6,22,data/raw/20260804/20260804_1653_image23_rot45.jpg,20260804,9
31_219_1,31,data/raw/20260722/20260722_1814_image123_bdw.jpg,20260722,5
14_213_1,14,data/raw/20260722/20260722_1808_image117_bdw.jpg,20260722,9
21_168_5,21,data/raw/20260722/20260722_1745_image72_rot30.jpg,20260722,3
28_785_4,28,data/raw/20260731/20260731_1713_image222_cup.jpg,20260731,11
39_463_9,39,data/raw/20260727/20260727_1730_image220_sup.jpg,20260727,4
20_948_8,20,data/raw/20260804/20260804_1702_image105_sdw.jpg,20260804,3
21_313_9,21,data/raw/20260727/20260727_1711_image70_sup.jpg,20260727,0
50_1031_9,50,data/raw/20260804/20260804_1710_image188_sup.jpg,20260804,15
20_349_9,20,data/raw/20260727/20260727_1714_image106_sup.jpg,20260727,11
48_1176_0,48,data/raw/20260804/20260804_1721_image333.jpg,20260804,0
20_350_1,20,data/raw/20260727/20260727_1714_image107_bdw.jpg,20260727,11
19_588_0,19,data/raw/20260731/20260731_1654_image25.jpg,20260731,0
36_366_4,36,data/raw/20260727/20260727_1717_image123_cup.jpg,20260727,4
5_286_2,5,data/raw/20260727/20260727_1709_image43_bup.jpg,20260727,0
34_607_3,34,data/raw/20260731/20260731_1656_image44_cdw.jpg,20260731,13
28_1054_7,28,data/raw/20260804/20260804_1711_image211_rot60.jpg,20260804,7
4_281_2,4,data/raw/20260727/20260727_1709_image38_bup.jpg,20260727,0
50_1027_5,50,data/raw/20260804/20260804_1710_image184_rot30.jpg,20260804,15
20_671_4,20,data/raw/20260731/20260731_1701_image108_cup.jpg,20260731,7
45_916_9,45,data/raw/20260804/20260804_1659_image73_sup.jpg,20260804,7
7_45_0,7,data/raw/20260715/20260715_1555_image24.jpg,20260715,0
34_294_4,34,data/raw/20260727/20260727_1710_image51_cup.jpg,20260727,17
34_601_3,34,data/raw/20260731/20260731_1655_image38_cdw.jpg,20260731,13
17_122_6,17,data/raw/20260722/20260722_1700_image26_rot45.jpg,20260722,17
19_578_7,19,data/raw/20260731/20260731_1654_image15_rot60.jpg,20260731,0
24_354_5,24,data/raw/20260727/20260727_1714_image111_rot30.jpg,20260727,3
43_504_9,43,data/raw/20260727/20260727_1736_image261_sup.jpg,20260727,2
28_1043_9,28,data/raw/20260804/20260804_1711_image200_sup.jpg,20260804,7
9_68_9,9,data/raw/20260715/20260715_1557_image47_sup.jpg,20260715,16
38_1125_7,38,data/raw/20260804/20260804_1716_image282_rot60.jpg,20260804,7
26_394_0,26,data/raw/20260727/20260727_1722_image151.jpg,20260727,0
34_592_5,34,data/raw/20260731/20260731_1655_image29_rot30.jpg,20260731,13
28_424_6,28,data/raw/20260727/20260727_1725_image181_rot45.jpg,20260727,15
5_37_6,5,data/raw/20260715/20260715_1555_image16_rot45.jpg,20260715,12
20_987_6,20,data/raw/20260804/20260804_1704_image144_rot45.jpg,20260804,3
38_1154_5,38,data/raw/20260804/20260804_1718_image311_rot30.jpg,20260804,7
38_720_2,38,data/raw/20260731/20260731_1706_image157_bup.jpg,20260731,11
44_520_6,44,data/raw/20260727/20260727_1737_image277_rot45.jpg,20260727,15
24_339_6,24,data/raw/20260727/20260727_1713_image96_rot45.jpg,20260727,3
11_85_8,11,data/raw/20260715/20260715_1600_image64_sdw.jpg,20260715,4
44_518_7,44,data/raw/20260727/20260727_1737_image275_rot60.jpg,20260727,15
2_534_0,2,data/raw/20260729/20260729_1659_image1.jpg,20260729,0
40_466_8,40,data/raw/20260727/20260727_1731_image223_sdw.jpg,20260727,6
43_1206_9,43,data/raw/20260804/20260804_1723_image363_sup.jpg,20260804,0
34_884_4,34,data/raw/20260804/20260804_1654_image41_cup.jpg,20260804,9
7_53_6,7,data/raw/20260715/20260715_1556_image32_rot45.jpg,20260715,0
49_973_1,49,data/raw/20260804/20260804_1703_image130_bdw.jpg,20260804,17
25_706_8,25,data/raw/20260731/20260731_1705_image143_sdw.jpg,20260731,0
39_449_0,39,data/raw/20260727/20260727_1730_image206.jpg,20260727,4
33_571_8,33,data/raw/20260731/20260731_1653_image8_sdw.jpg,20260731,8
39_462_8,39,data/raw/20260727/20260727_1730_image219_sdw.jpg,20260727,4
2_223_1,2,data/raw/20260724/20260724_1627_image1_bdw.jpg,20260724,5
20_333_9,20,data/raw/20260727/20260727_1712_image90_sup.jpg,20260727,11
49_971_4,49,data/raw/20260804/20260804_1703_image128_cup.jpg,20260804,17
46_699_0,46,data/raw/20260731/20260731_1703_image136.jpg,20260731,2
2_20_4,2,data/raw/20260714/20260714_1017_image7_cup.jpg,20260714,15
20_984_3,20,data/raw/20260804/20260804_1704_image141_cdw.jpg,20260804,3
2_236_9,2,data/raw/20260726/20260726_1336_image2_sup.jpg,20260726,3
9_316_9,9,data/raw/20260727/20260727_1711_image73_sup.jpg,20260727,4
20_675_9,20,data/raw/20260731/20260731_1701_image112_sup.jpg,20260731,7
52_1119_6,52,data/raw/20260804/20260804_1716_image276_rot45.jpg,20260804,10
47_753_2,47,data/raw/20260731/20260731_1710_image190_bup.jpg,20260731,15
12_99_9,12,data/raw/20260722/20260722_1656_image3_sup.jpg,20260722,16
43_501_4,43,data/raw/20260727/20260727_1736_image258_cup.jpg,20260727,2
2_245_7,2,data/raw/20260727/20260727_1555_image1_rot60.jpg,20260727,2
2_535_8,2,data/raw/20260729/20260729_1659_image2_sdw.jpg,20260729,0
49_962_4,49,data/raw/20260804/20260804_1702_image119_cup.jpg,20260804,17
50_1028_1,50,data/raw/20260804/20260804_1710_image185_bdw.jpg,20260804,15
33_576_6,33,data/raw/20260731/20260731_1653_image13_rot45.jpg,20260731,8
43_509_7,43,data/raw/20260727/20260727_1737_image266_rot60.jpg,20260727,2
14_438_6,14,data/raw/20260727/20260727_1727_image195_rot45.jpg,20260727,4
1_2_1,1,data/raw/20260712/20260712_0854_image2_bdw.jpg,20260712,3
26_395_7,26,data/raw/20260727/20260727_1722_image152_rot60.jpg,20260727,0
53_1191_2,53,data/raw/20260804/20260804_1722_image348_bup.jpg,20260804,4
17_126_1,17,data/raw/20260722/20260722_1702_image30_bdw.jpg,20260722,17
47_1093_8,47,data/raw/20260804/20260804_1713_image250_sdw.jpg,20260804,11
53_1193_6,53,data/raw/20260804/20260804_1722_image350_rot45.jpg,20260804,4
37_924_2,37,data/raw/20260804/20260804_1659_image81_bup.jpg,20260804,0
42_828_3,42,data/raw/20260731/20260731_1717_image266_cdw.jpg,20260731,5
6_59_8,6,data/raw/20260715/20260715_1556_image38_sdw.jpg,20260715,5
34_592_6,34,data/raw/20260731/20260731_1655_image29_rot45.jpg,20260731,13
9_318_8,9,data/raw/20260727/20260727_1711_image75_sdw.jpg,20260727,4
2_232_7,2,data/raw/20260725/20260725_1759_image4_rot60.jpg,20260725,4
44_524_4,44,data/raw/20260727/20260727_1738_image281_cup.jpg,20260727,15
47_759_9,47,data/raw/20260731/20260731_1711_image196_sup.jpg,20260731,15
25_385_0,25,data/raw/20260727/20260727_1722_image142.jpg,20260727,4
28_421_8,28,data/raw/20260727/20260727_1725_image178_sdw.jpg,20260727,15
42_493_2,42,data/raw/20260727/20260727_1736_image250_bup.jpg,20260727,9
5_140_2,5,data/raw/20260722/20260722_1742_image44_bup.jpg,20260722,5
36_364_8,36,data/raw/20260727/20260727_1717_image121_sdw.jpg,20260727,4
43_826_3,43,data/raw/20260731/20260731_1717_image264_cdw.jpg,20260731,0
25_705_0,25,data/raw/20260731/20260731_1705_image142.jpg,20260731,0
14_744_4,14,data/raw/20260731/20260731_1709_image181_cup.jpg,20260731,15
22_637_4,22,data/raw/20260731/20260731_1658_image74_cup.jpg,20260731,13
29_789_2,29,data/raw/20260731/20260731_1713_image226_bup.jpg,20260731,0
43_820_3,43,data/raw/20260731/20260731_1717_image258_cdw.jpg,20260731,0
14_435_7,14,data/raw/20260727/20260727_1726_image192_rot60.jpg,20260727,4
44_519_0,44,data/raw/20260727/20260727_1737_image276.jpg,20260727,15
24_340_8,24,data/raw/20260727/20260727_1713_image97_sdw.jpg,20260727,3
39_452_3,39,data/raw/20260727/20260727_1730_image209_cdw.jpg,20260727,4
2_541_9,2,data/raw/20260729/20260729_1659_image8_sup.jpg,20260729,0
32_211_1,32,data/raw/20260722/20260722_1808_image115_bdw.jpg,20260722,12
28_769_5,28,data/raw/20260731/20260731_1712_image206_rot30.jpg,20260731,11
51_1088_7,51,data/raw/20260804/20260804_1713_image245_rot60.jpg,20260804,0
33_848_5,33,data/raw/20260804/20260804_1651_image5_rot30.jpg,20260804,4
43_821_8,43,data/raw/20260731/20260731_1717_image259_sdw.jpg,20260731,0
28_429_3,28,data/raw/20260727/20260727_1726_image186_cdw.jpg,20260727,15
3_28_8,3,data/raw/20260715/20260715_1554_image2_sdw.jpg,20260715,0
1_3_8,1,data/raw/20260712/20260712_0854_image3_sdw.jpg,20260712,3
34_878_0,34,data/raw/20260804/20260804_1654_image35.jpg,20260804,9
24_1006_9,24,data/raw/20260804/20260804_1705_image163_sup.jpg,20260804,0
34_601_6,34,data/raw/20260731/20260731_1655_image38_rot45.jpg,20260731,13
29_794_8,29,data/raw/20260731/20260731_1714_image231_sdw.jpg,20260731,0
3_33_9,3,data/raw/20260715/20260715_1554_image7_sup.jpg,20260715,0
43_1199_7,43,data/raw/20260804/20260804_1722_image356_rot60.jpg,20260804,0
28_771_1,28,data/raw/20260731/20260731_1712_image208_bdw.jpg,20260731,11
42_831_4,42,data/raw/20260731/20260731_1717_image269_cup.jpg,20260731,5
25_1149_0,25,data/raw/20260804/20260804_1718_image306.jpg,20260804,0
51_1089_9,51,data/raw/20260804/20260804_1713_image246_sup.jpg,20260804,0
49_966_2,49,data/raw/20260804/20260804_1703_image123_bup.jpg,20260804,17
37_619_7,37,data/raw/20260731/20260731_1656_image56_rot60.jpg,20260731,4
49_979_8,49,data/raw/20260804/20260804_1703_image136_sdw.jpg,20260804,17
9_653_5,9,data/raw/20260731/20260731_1700_image90_rot30.jpg,20260731,0
34_881_9,34,data/raw/20260804/20260804_1654_image38_sup.jpg,20260804,9
37_923_5,37,data/raw/20260804/20260804_1659_image80_rot30.jpg,20260804,0
37_616_1,37,data/raw/20260731/20260731_1656_image53_bdw.jpg,20260731,4
20_948_1,20,data/raw/20260804/20260804_1702_image105_bdw.jpg,20260804,3
50_1036_4,50,data/raw/20260804/20260804_1710_image193_cup.jpg,20260804,15
43_1210_4,43,data/raw/20260804/20260804_1723_image367_cup.jpg,20260804,0
49_983_8,49,data/raw/20260804/20260804_1703_image140_sdw.jpg,20260804,17
9_73_6,9,data/raw/20260715/20260715_1557_image52_rot45.jpg,20260715,16
4_26_8,4,data/raw/20260715/20260715_1554_image13_sdw.jpg,20260715,9
10_81_9,10,data/raw/20260715/20260715_1600_image60_sup.jpg,20260715,5
43_501_6,43,data/raw/20260727/20260727_1736_image258_rot45.jpg,20260727,2
9_69_1,9,data/raw/20260715/20260715_1557_image48_bdw.jpg,20260715,16
25_188_5,25,data/raw/20260722/20260722_1802_image92_rot30.jpg,20260722,9
34_880_1,34,data/raw/20260804/20260804_1654_image37_bdw.jpg,20260804,9
21_169_5,21,data/raw/20260722/20260722_1746_image73_rot30.jpg,20260722,3
29_416_5,29,data/raw/20260727/20260727_1724_image173_rot30.jpg,20260727,0
20_987_2,20,data/raw/20260804/20260804_1704_image144_bup.jpg,20260804,3
49_962_3,49,data/raw/20260804/20260804_1702_image119_cdw.jpg,20260804,17
50_1024_1,50,data/raw/20260804/20260804_1710_image181_bdw.jpg,20260804,15
22_859_0,22,data/raw/20260804/20260804_1652_image16.jpg,20260804,9
52_1107_5,52,data/raw/20260804/20260804_1715_image264_rot30.jpg,20260804,10
28_774_8,28,data/raw/20260731/20260731_1712_image211_sdw.jpg,20260731,11
22_930_2,22,data/raw/20260804/20260804_1700_image87_bup.jpg,20260804,9
31_526_5,31,data/raw/20260727/20260727_1738_image283_rot30.jpg,20260727,0
42_1223_1,42,data/raw/20260804/20260804_1724_image380_bdw.jpg,20260804,1
39_478_3,39,data/raw/20260727/20260727_1733_image235_cdw.jpg,20260727,4
43_504_6,43,data/raw/20260727/20260727_1736_image261_rot45.jpg,20260727,2
25_702_9,25,data/raw/20260731/20260731_1705_image139_sup.jpg,20260731,0
38_1129_8,38,data/raw/20260804/20260804_1716_image286_sdw.jpg,20260804,7
45_641_0,45,data/raw/20260731/20260731_1658_image78.jpg,20260731,11
37_617_0,37,data/raw/20260731/20260731_1656_image54.jpg,20260731,4
3_28_0,3,data/raw/20260715/20260715_1554_image2.jpg,20260715,0
34_610_2,34,data/raw/20260731/20260731_1656_image47_bup.jpg,20260731,13
18_132_0,18,data/raw/20260722/20260722_1742_image36.jpg,20260722,5
39_1164_3,39,data/raw/20260804/20260804_1719_image321_cdw.jpg,20260804,0
38_1134_9,38,data/raw/20260804/20260804_1717_image291_sup.jpg,20260804,7
16_115_8,16,data/raw/20260722/20260722_1659_image19_sdw.jpg,20260722,8
45_914_7,45,data/raw/20260804/20260804_1659_image71_rot60.jpg,20260804,7
37_627_3,37,data/raw/20260731/20260731_1657_image64_cdw.jpg,20260731,4
20_351_0,20,data/raw/20260727/20260727_1714_image108.jpg,20260727,11
49_969_9,49,data/raw/20260804/20260804_1703_image126_sup.jpg,20260804,17
38_410_6,38,data/raw/20260727/20260727_1724_image167_rot45.jpg,20260727,15
19_584_7,19,data/raw/20260731/20260731_1654_image21_rot60.jpg,20260731,0
20_670_8,20,data/raw/20260731/20260731_1701_image107_sdw.jpg,20260731,7
40_740_5,40,data/raw/20260731/20260731_1709_image177_rot30.jpg,20260731,2
50_1030_8,50,data/raw/20260804/20260804_1710_image187_sdw.jpg,20260804,15
50_1018_8,50,data/raw/20260804/20260804_1710_image175_sdw.jpg,20260804,15
50_1021_3,50,data/raw/20260804/20260804_1710_image178_cdw.jpg,20260804,15
9_70_1,9,data/raw/20260715/20260715_1557_image49_bdw.jpg,20260715,16
2_95_3,2,data/raw/20260720/20260720_1503_image7_cdw.jpg,20260720,9
20_176_1,20,data/raw/20260722/20260722_1757_image80_bdw.jpg,20260722,5
29_792_4,29,data/raw/20260731/20260731_1713_image229_cup.jpg,20260731,0
48_1174_2,48,data/raw/20260804/20260804_1721_image331_bup.jpg,20260804,0
40_471_1,40,data/raw/20260727/20260727_1731_image228_bdw.jpg,20260727,6
26_393_6,26,data/raw/20260727/20260727_1722_image150_rot45.jpg,20260727,0
30_217_1,30,data/raw/20260722/20260722_1813_image121_bdw.jpg,20260722,5
47_1102_3,47,data/raw/20260804/20260804_1714_image259_cdw.jpg,20260804,11
29_1070_1,29,data/raw/20260804/20260804_1712_image227_bdw.jpg,20260804,0
43_508_5,43,data/raw/20260727/20260727_1737_image265_rot30.jpg,20260727,2
34_298_1,34,data/raw/20260727/20260727_1710_image55_bdw.jpg,20260727,17
19_379_9,19,data/raw/20260727/20260727_1720_image136_sup.jpg,20260727,4
26_194_3,26,data/raw/20260722/20260722_1802_image98_cdw.jpg,20260722,5
34_873_1,34,data/raw/20260804/20260804_1654_image30_bdw.jpg,20260804,9
2_557_9,2,data/raw/20260729/20260729_1700_image24_sup.jpg,20260729,0
37_623_6,37,data/raw/20260731/20260731_1657_image60_rot45.jpg,20260731,4
52_1111_4,52,data/raw/20260804/20260804_1715_image268_cup.jpg,20260804,10
43_1213_6,43,data/raw/20260804/20260804_1723_image370_rot45.jpg,20260804,0
10_79_9,10,data/raw/20260715/20260715_1600_image58_sup.jpg,20260715,5
24_342_2,24,data/raw/20260727/20260727_1713_image99_bup.jpg,20260727,3
51_1085_8,51,data/raw/20260804/20260804_1713_image242_sdw.jpg,20260804,0
43_1205_2,43,data/raw/20260804/20260804_1723_image362_bup.jpg,20260804,0
50_1028_8,50,data/raw/20260804/20260804_1710_image185_sdw.jpg,20260804,15
39_453_0,39,data/raw/20260727/20260727_1730_image210.jpg,20260727,4
25_709_2,25,data/raw/20260731/20260731_1705_image146_bup.jpg,20260731,0
5_135_3,5,data/raw/20260722/20260722_1742_image39_cdw.jpg,20260722,5
9_320_2,9,data/raw/20260727/20260727_1711_image77_bup.jpg,20260727,4
1_9_6,1,data/raw/20260712/20260712_0855_image13_rot45.jpg,20260712,3
13_105_8,13,data/raw/20260722/20260722_1658_image10_sdw.jpg,20260722,8
5_287_8,5,data/raw/20260727/20260727_1709_image44_sdw.jpg,20260727,0
20_935_8,20,data/raw/20260804/20260804_1701_image92_sdw.jpg,20260804,3
46_696_5,46,data/raw/20260731/20260731_1703_image133_rot30.jpg,20260731,2
39_473_8,39,data/raw/20260727/20260727_1731_image230_sdw.jpg,20260727,4
25_384_7,25,data/raw/20260727/20260727_1722_image141_rot60.jpg,20260727,4
28_419_8,28,data/raw/20260727/20260727_1725_image176_sdw.jpg,20260727,15
20_675_2,20,data/raw/20260731/20260731_1701_image112_bup.jpg,20260731,7
37_619_6,37,data/raw/20260731/20260731_1656_image56_rot45.jpg,20260731,4
42_828_2,42,data/raw/20260731/20260731_1717_image266_bup.jpg,20260731,5
4_282_5,4,data/raw/20260727/20260727_1709_image39_rot30.jpg,20260727,0
2_15_5,2,data/raw/20260714/20260714_1016_image2_rot30.jpg,20260714,15
4_42_2,4,data/raw/20260715/20260715_1555_image21_bup.jpg,20260715,9
4_279_7,4,data/raw/20260727/20260727_1709_image36_rot60.jpg,20260727,0
34_883_0,34,data/raw/20260804/20260804_1654_image40.jpg,20260804,9
50_1025_3,50,data/raw/20260804/20260804_1710_image182_cdw.jpg,20260804,15
25_1142_8,25,data/raw/20260804/20260804_1717_image299_sdw.jpg,20260804,0
26_395_3,26,data/raw/20260727/20260727_1722_image152_cdw.jpg,20260727,0
43_824_4,43,data/raw/20260731/20260731_1717_image262_cup.jpg,20260731,0
50_1032_2,50,data/raw/20260804/20260804_1710_image189_bup.jpg,20260804,15
45_644_2,45,data/raw/20260731/20260731_1659_image81_bup.jpg,20260731,11
25_1146_0,25,data/raw/20260804/20260804_1717_image303.jpg,20260804,0
42_839_3,42,data/raw/20260731/20260731_1718_image277_cdw.jpg,20260731,5
9_950_5,9,data/raw/20260804/20260804_1702_image107_rot30.jpg,20260804,0
28_764_9,28,data/raw/20260731/20260731_1712_image201_sup.jpg,20260731,11
3_34_9,3,data/raw/20260715/20260715_1554_image8_sup.jpg,20260715,0
33_854_9,33,data/raw/20260804/20260804_1651_image11_sup.jpg,20260804,4
44_519_9,44,data/raw/20260727/20260727_1737_image276_sup.jpg,20260727,15
20_944_4,20,data/raw/20260804/20260804_1701_image101_cup.jpg,20260804,3
25_711_5,25,data/raw/20260731/20260731_1706_image148_rot30.jpg,20260731,0
45_917_0,45,data/raw/20260804/20260804_1659_image74.jpg,20260804,7
38_406_3,38,data/raw/20260727/20260727_1723_image163_cdw.jpg,20260727,15
30_532_7,30,data/raw/20260727/20260727_1739_image289_rot60.jpg,20260727,0
9_70_4,9,data/raw/20260715/20260715_1557_image49_cup.jpg,20260715,16
38_408_8,38,data/raw/20260727/20260727_1723_image165_sdw.jpg,20260727,15
29_1065_3,29,data/raw/20260804/20260804_1712_image222_cdw.jpg,20260804,0
38_1127_7,38,data/raw/20260804/20260804_1716_image284_rot60.jpg,20260804,7
20_164_7,20,data/raw/20260722/20260722_1744_image68_rot60.jpg,20260722,16
9_654_9,9,data/raw/20260731/20260731_1700_image91_sup.jpg,20260731,0
49_960_4,49,data/raw/20260804/20260804_1702_image117_cup.jpg,20260804,17
38_1152_7,38,data/raw/20260804/20260804_1718_image309_rot60.jpg,20260804,7
2_226_4,2,data/raw/20260724/20260724_1628_image4_cup.jpg,20260724,5
4_147_6,4,data/raw/20260722/20260722_1743_image51_rot45.jpg,20260722,2
48_803_2,48,data/raw/20260731/20260731_1715_image241_bup.jpg,20260731,4
42_834_8,42,data/raw/20260731/20260731_1717_image272_sdw.jpg,20260731,5
42_842_5,42,data/raw/20260731/20260731_1718_image280_rot30.jpg,20260731,5
29_415_7,29,data/raw/20260727/20260727_1724_image172_rot60.jpg,20260727,0
33_854_7,33,data/raw/20260804/20260804_1651_image11_rot60.jpg,20260804,4
20_941_8,20,data/raw/20260804/20260804_1701_image98_sdw.jpg,20260804,3
47_1100_1,47,data/raw/20260804/20260804_1714_image257_bdw.jpg,20260804,11
38_1137_3,38,data/raw/20260804/20260804_1717_image294_cdw.jpg,20260804,7
2_231_7,2,data/raw/20260725/20260725_1759_image3_rot60.jpg,20260725,4
49_969_3,49,data/raw/20260804/20260804_1703_image126_cdw.jpg,20260804,17
4_27_1,4,data/raw/20260715/20260715_1554_image14_bdw.jpg,20260715,9
47_759_1,47,data/raw/20260731/20260731_1711_image196_bdw.jpg,20260731,15
4_280_0,4,data/raw/20260727/20260727_1709_image37.jpg,20260727,0
43_512_4,43,data/raw/20260727/20260727_1737_image269_cup.jpg,20260727,2
2_243_2,2,data/raw/20260726/20260726_1337_image9_bup.jpg,20260726,3
47_754_5,47,data/raw/20260731/20260731_1711_image191_rot30.jpg,20260731,15
19_309_9,19,data/raw/20260727/20260727_1710_image66_sup.jpg,20260727,4
2_225_1,2,data/raw/20260724/20260724_1628_image3_bdw.jpg,20260724,5
50_1036_8,50,data/raw/20260804/20260804_1710_image193_sdw.jpg,20260804,15
19_585_4,19,data/raw/20260731/20260731_1654_image22_cup.jpg,20260731,0
38_720_6,38,data/raw/20260731/20260731_1706_image157_rot45.jpg,20260731,11
6_58_6,6,data/raw/20260715/20260715_1556_image37_rot45.jpg,20260715,5
13_108_4,13,data/raw/20260722/20260722_1658_image13_cup.jpg,20260722,8
20_329_7,20,data/raw/20260727/20260727_1712_image86_rot60.jpg,20260727,11
5_287_3,5,data/raw/20260727/20260727_1709_image44_cdw.jpg,20260727,0
34_297_3,34,data/raw/20260727/20260727_1710_image54_cdw.jpg,20260727,17
40_738_8,40,data/raw/20260731/20260731_1708_image175_sdw.jpg,20260731,2
3_28_5,3,data/raw/20260715/20260715_1554_image2_rot30.jpg,20260715,0
8_61_6,8,data/raw/20260715/20260715_1556_image40_rot45.jpg,20260715,0
6_57_0,6,data/raw/20260715/20260715_1556_image36.jpg,20260715,5
43_1200_5,43,data/raw/20260804/20260804_1722_image357_rot30.jpg,20260804,0
4_25_9,4,data/raw/20260715/20260715_1554_image12_sup.jpg,20260715,9
2_234_3,2,data/raw/20260725/20260725_1759_image6_cdw.jpg,20260725,4
34_597_9,34,data/raw/20260731/20260731_1655_image34_sup.jpg,20260731,13
42_827_1,42,data/raw/20260731/20260731_1717_image265_bdw.jpg,20260731,5
22_611_6,22,data/raw/20260731/20260731_1656_image48_rot45.jpg,20260731,13
52_1107_6,52,data/raw/20260804/20260804_1715_image264_rot45.jpg,20260804,10
47_756_5,47,data/raw/20260731/20260731_1711_image193_rot30.jpg,20260731,15
2_552_2,2,data/raw/20260729/20260729_1700_image19_bup.jpg,20260729,0
28_426_3,28,data/raw/20260727/20260727_1725_image183_cdw.jpg,20260727,15
26_393_2,26,data/raw/20260727/20260727_1722_image150_bup.jpg,20260727,0
37_623_9,37,data/raw/20260731/20260731_1657_image60_sup.jpg,20260731,4
28_788_2,28,data/raw/20260731/20260731_1713_image225_bup.jpg,20260731,11
43_823_7,43,data/raw/20260731/20260731_1717_image261_rot60.jpg,20260731,0
37_629_5,37,data/raw/20260731/20260731_1657_image66_rot30.jpg,20260731,4
20_673_3,20,data/raw/20260731/20260731_1701_image110_cdw.jpg,20260731,7
39_453_2,39,data/raw/20260727/20260727_1730_image210_bup.jpg,20260727,4
19_309_3,19,data/raw/20260727/20260727_1710_image66_cdw.jpg,20260727,4
33_567_5,33,data/raw/20260731/20260731_1653_image4_rot30.jpg,20260731,8
42_496_3,42,data/raw/20260727/20260727_1736_image253_cdw.jpg,20260727,9
28_1058_5,28,data/raw/20260804/20260804_1711_image215_rot30.jpg,20260804,7
28_775_6,28,data/raw/20260731/20260731_1712_image212_rot45.jpg,20260731,11
29_1066_5,29,data/raw/20260804/20260804_1712_image223_rot30.jpg,20260804,0
40_738_3,40,data/raw/20260731/20260731_1708_image175_cdw.jpg,20260731,2
39_728_2,39,data/raw/20260731/20260731_1707_image165_bup.jpg,20260731,0
29_791_7,29,data/raw/20260731/20260731_1713_image228_rot60.jpg,20260731,0
38_1138_1,38,data/raw/20260804/20260804_1717_image295_bdw.jpg,20260804,7
26_190_2,26,data/raw/20260722/20260722_1802_image94_bup.jpg,20260722,5
26_387_1,26,data/raw/20260727/20260727_1722_image144_bdw.jpg,20260727,0
33_572_1,33,data/raw/20260731/20260731_1653_image9_bdw.jpg,20260731,8
34_300_1,34,data/raw/20260727/20260727_1710_image57_bdw.jpg,20260727,17
4_143_4,4,data/raw/20260722/20260722_1743_image47_cup.jpg,20260722,2
50_1033_2,50,data/raw/20260804/20260804_1710_image190_bup.jpg,20260804,15
9_956_0,9,data/raw/20260804/20260804_1702_image113.jpg,20260804,0
28_1046_0,28,data/raw/20260804/20260804_1711_image203.jpg,20260804,7
30_498_3,30,data/raw/20260727/20260727_1736_image255_cdw.jpg,20260727,0
38_719_1,38,data/raw/20260731/20260731_1706_image156_bdw.jpg,20260731,11
26_192_5,26,data/raw/20260722/20260722_1802_image96_rot30.jpg,20260722,5
48_800_0,48,data/raw/20260731/20260731_1715_image238.jpg,20260731,4
34_602_8,34,data/raw/20260731/20260731_1655_image39_sdw.jpg,20260731,13
50_1019_2,50,data/raw/20260804/20260804_1710_image176_bup.jpg,20260804,15
9_154_9,9,data/raw/20260722/20260722_1743_image58_sup.jpg,20260722,9
48_807_6,48,data/raw/20260731/20260731_1716_image245_rot45.jpg,20260731,4
25_385_5,25,data/raw/20260727/20260727_1722_image142_rot30.jpg,20260727,4
9_73_5,9,data/raw/20260715/20260715_1557_image52_rot30.jpg,20260715,16
9_69_4,9,data/raw/20260715/20260715_1557_image48_cup.jpg,20260715,16
19_307_8,19,data/raw/20260727/20260727_1710_image64_sdw.jpg,20260727,4
10_81_3,10,data/raw/20260715/20260715_1600_image60_cdw.jpg,20260715,5
47_1097_5,47,data/raw/20260804/20260804_1714_image254_rot30.jpg,20260804,11
36_363_5,36,data/raw/20260727/20260727_1717_image120_rot30.jpg,20260727,4
25_1150_9,25,data/raw/20260804/20260804_1718_image307_sup.jpg,20260804,0
2_231_1,2,data/raw/20260725/20260725_1759_image3_bdw.jpg,20260725,4
42_488_3,42,data/raw/20260727/20260727_1736_image245_cdw.jpg,20260727,9
32_209_9,32,data/raw/20260722/20260722_1807_image113_sup.jpg,20260722,12
30_498_6,30,data/raw/20260727/20260727_1736_image255_rot45.jpg,20260727,0
39_450_1,39,data/raw/20260727/20260727_1730_image207_bdw.jpg,20260727,4
42_1215_5,42,data/raw/20260804/20260804_1723_image372_rot30.jpg,20260804,1
28_1059_1,28,data/raw/20260804/20260804_1711_image216_bdw.jpg,20260804,7
42_1215_2,42,data/raw/20260804/20260804_1723_image372_bup.jpg,20260804,1
30_531_6,30,data/raw/20260727/20260727_1739_image288_rot45.jpg,20260727,0
2_95_9,2,data/raw/20260720/20260720_1503_image7_sup.jpg,20260720,9
2_256_8,2,data/raw/20260727/20260727_1556_image12_sdw.jpg,20260727,2
28_785_2,28,data/raw/20260731/20260731_1713_image222_bup.jpg,20260731,11
9_315_9,9,data/raw/20260727/20260727_1711_image72_sup.jpg,20260727,4
51_1085_5,51,data/raw/20260804/20260804_1713_image242_rot30.jpg,20260804,0
28_787_6,28,data/raw/20260731/20260731_1713_image224_rot45.jpg,20260731,11
25_713_6,25,data/raw/20260731/20260731_1706_image150_rot45.jpg,20260731,0
48_1176_8,48,data/raw/20260804/20260804_1721_image333_sdw.jpg,20260804,0
22_374_5,22,data/raw/20260727/20260727_1718_image131_rot30.jpg,20260727,17
44_519_2,44,data/raw/20260727/20260727_1737_image276_bup.jpg,20260727,15
31_530_9,31,data/raw/20260727/20260727_1738_image287_sup.jpg,20260727,0
17_129_8,17,data/raw/20260722/20260722_1703_image33_sdw.jpg,20260722,17
22_375_1,22,data/raw/20260727/20260727_1718_image132_bdw.jpg,20260727,17
34_593_4,34,data/raw/20260731/20260731_1655_image30_cup.jpg,20260731,13
34_592_8,34,data/raw/20260731/20260731_1655_image29_sdw.jpg,20260731,13
47_756_7,47,data/raw/20260731/20260731_1711_image193_rot60.jpg,20260731,15
49_982_9,49,data/raw/20260804/20260804_1703_image139_sup.jpg,20260804,17
24_684_3,24,data/raw/20260731/20260731_1702_image121_cdw.jpg,20260731,0
9_76_1,9,data/raw/20260715/20260715_1558_image55_bdw.jpg,20260715,16
22_865_0,22,data/raw/20260804/20260804_1653_image22.jpg,20260804,9
2_93_8,2,data/raw/20260720/20260720_1503_image5_sdw.jpg,20260720,9
24_181_9,24,data/raw/20260722/20260722_1758_image85_sup.jpg,20260722,8
3_22_2,3,data/raw/20260715/20260715_1554_image1_bup.jpg,20260715,0
39_1162_8,39,data/raw/20260804/20260804_1719_image319_sdw.jpg,20260804,0
20_351_7,20,data/raw/20260727/20260727_1714_image108_rot60.jpg,20260727,11
40_471_0,40,data/raw/20260727/20260727_1731_image228.jpg,20260727,6
13_113_5,13,data/raw/20260722/20260722_1658_image9_rot30.jpg,20260722,8
25_185_7,25,data/raw/20260722/20260722_1802_image89_rot60.jpg,20260722,9
39_731_9,39,data/raw/20260731/20260731_1708_image168_sup.jpg,20260731,0
45_914_2,45,data/raw/20260804/20260804_1659_image71_bup.jpg,20260804,7
20_176_0,20,data/raw/20260722/20260722_1757_image80.jpg,20260722,5
24_1002_1,24,data/raw/20260804/20260804_1704_image159_bdw.jpg,20260804,0
39_475_2,39,data/raw/20260727/20260727_1733_image232_bup.jpg,20260727,4
28_1042_6,28,data/raw/20260804/20260804_1711_image199_rot45.jpg,20260804,7
43_818_2,43,data/raw/20260731/20260731_1716_image256_bup.jpg,20260731,0
14_213_2,14,data/raw/20260722/20260722_1808_image117_bup.jpg,20260722,9
28_779_2,28,data/raw/20260731/20260731_1713_image216_bup.jpg,20260731,11
14_436_2,14,data/raw/20260727/20260727_1726_image193_bup.jpg,20260727,4
33_266_2,33,data/raw/20260727/20260727_1707_image22_bup.jpg,20260727,12
25_707_9,25,data/raw/20260731/20260731_1705_image144_sup.jpg,20260731,0
48_801_7,48,data/raw/20260731/20260731_1715_image239_rot60.jpg,20260731,4
34_885_1,34,data/raw/20260804/20260804_1654_image42_bdw.jpg,20260804,9
45_904_2,45,data/raw/20260804/20260804_1657_image61_bup.jpg,20260804,7
29_796_9,29,data/raw/20260731/20260731_1714_image233_sup.jpg,20260731,0
39_456_8,39,data/raw/20260727/20260727_1730_image213_sdw.jpg,20260727,4
2_249_3,2,data/raw/20260727/20260727_1555_image5_cdw.jpg,20260727,2
17_119_0,17,data/raw/20260722/20260722_1659_image23.jpg,20260722,17
34_876_7,34,data/raw/20260804/20260804_1654_image33_rot60.jpg,20260804,9
22_636_2,22,data/raw/20260731/20260731_1658_image73_bup.jpg,20260731,13
38_721_7,38,data/raw/20260731/20260731_1706_image158_rot60.jpg,20260731,11
33_856_6,33,data/raw/20260804/20260804_1652_image13_rot45.jpg,20260804,4
10_82_6,10,data/raw/20260715/20260715_1600_image61_rot45.jpg,20260715,5
20_945_5,20,data/raw/20260804/20260804_1701_image102_rot30.jpg,20260804,3
22_862_6,22,data/raw/20260804/20260804_1652_image19_rot45.jpg,20260804,9
39_1159_9,39,data/raw/20260804/20260804_1719_image316_sup.jpg,20260804,0
37_371_2,37,data/raw/20260727/20260727_1718_image128_bup.jpg,20260727,8
34_298_6,34,data/raw/20260727/20260727_1710_image55_rot45.jpg,20260727,17
18_261_7,18,data/raw/20260727/20260727_1707_image17_rot60.jpg,20260727,0
20_674_6,20,data/raw/20260731/20260731_1701_image111_rot45.jpg,20260731,7
36_355_3,36,data/raw/20260727/20260727_1716_image112_cdw.jpg,20260727,4
27_196_9,27,data/raw/20260722/20260722_1803_image101_sup.jpg,20260722,0
49_959_4,49,data/raw/20260804/20260804_1702_image116_cup.jpg,20260804,17
28_201_5,28,data/raw/20260722/20260722_1803_image106_rot30.jpg,20260722,20
46_700_4,46,data/raw/20260731/20260731_1703_image137_cup.jpg,20260731,2
9_954_8,9,data/raw/20260804/20260804_1702_image111_sdw.jpg,20260804,0
2_235_4,2,data/raw/20260726/20260726_1336_image1_cup.jpg,20260726,3
33_276_8,33,data/raw/20260727/20260727_1708_image32_sdw.jpg,20260727,12
7_53_9,7,data/raw/20260715/20260715_1556_image32_sup.jpg,20260715,0
28_1060_3,28,data/raw/20260804/20260804_1711_image217_cdw.jpg,20260804,7
34_299_5,34,data/raw/20260727/20260727_1710_image56_rot30.jpg,20260727,17
45_914_6,45,data/raw/20260804/20260804_1659_image71_rot45.jpg,20260804,7
42_839_1,42,data/raw/20260731/20260731_1718_image277_bdw.jpg,20260731,5
42_495_0,42,data/raw/20260727/20260727_1736_image252.jpg,20260727,9
43_501_8,43,data/raw/20260727/20260727_1736_image258_sdw.jpg,20260727,2
11_87_4,11,data/raw/20260715/20260715_1600_image66_cup.jpg,20260715,4
43_502_7,43,data/raw/20260727/20260727_1736_image259_rot60.jpg,20260727,2
46_693_9,46,data/raw/20260731/20260731_1703_image130_sup.jpg,20260731,2
43_1212_5,43,data/raw/20260804/20260804_1723_image369_rot30.jpg,20260804,0
2_18_9,2,data/raw/20260714/20260714_1017_image5_sup.jpg,20260714,15
50_1017_3,50,data/raw/20260804/20260804_1710_image174_cdw.jpg,20260804,15
34_296_4,34,data/raw/20260727/20260727_1710_image53_cup.jpg,20260727,17
33_850_3,33,data/raw/20260804/20260804_1651_image7_cdw.jpg,20260804,4
25_709_1,25,data/raw/20260731/20260731_1705_image146_bdw.jpg,20260731,0
4_280_2,4,data/raw/20260727/20260727_1709_image37_bup.jpg,20260727,0
45_645_2,45,data/raw/20260731/20260731_1659_image82_bup.jpg,20260731,11
3_30_7,3,data/raw/20260715/20260715_1554_image4_rot60.jpg,20260715,0
34_877_4,34,data/raw/20260804/20260804_1654_image34_cup.jpg,20260804,9
29_1067_7,29,data/raw/20260804/20260804_1712_image224_rot60.jpg,20260804,0
43_822_5,43,data/raw/20260731/20260731_1717_image260_rot30.jpg,20260731,0
45_913_4,45,data/raw/20260804/20260804_1658_image70_cup.jpg,20260804,7
33_845_7,33,data/raw/20260804/20260804_1651_image2_rot60.jpg,20260804,4
39_464_2,39,data/raw/20260727/20260727_1730_image221_bup.jpg,20260727,4
20_931_7,20,data/raw/20260804/20260804_1701_image88_rot60.jpg,20260804,3
29_413_8,29,data/raw/20260727/20260727_1724_image170_sdw.jpg,20260727,0
25_1145_6,25,data/raw/20260804/20260804_1717_image302_rot45.jpg,20260804,0
8_62_9,8,data/raw/20260715/20260715_1557_image41_sup.jpg,20260715,0
42_830_9,42,data/raw/20260731/20260731_1717_image268_sup.jpg,20260731,5
20_164_2,20,data/raw/20260722/20260722_1744_image68_bup.jpg,20260722,16
22_863_5,22,data/raw/20260804/20260804_1653_image20_rot30.jpg,20260804,9
28_1051_0,28,data/raw/20260804/20260804_1711_image208.jpg,20260804,7
43_811_1,43,data/raw/20260731/20260731_1716_image249_bdw.jpg,20260731,0
45_642_0,45,data/raw/20260731/20260731_1659_image79.jpg,20260731,11
19_308_8,19,data/raw/20260727/20260727_1710_image65_sdw.jpg,20260727,4
38_410_8,38,data/raw/20260727/20260727_1724_image167_sdw.jpg,20260727,15
50_1026_2,50,data/raw/20260804/20260804_1710_image183_bup.jpg,20260804,15
43_825_3,43,data/raw/20260731/20260731_1717_image263_cdw.jpg,20260731,0
20_999_9,20,data/raw/20260804/20260804_1704_image156_sup.jpg,20260804,3
30_484_2,30,data/raw/20260727/20260727_1735_image241_bup.jpg,20260727,0
39_474_2,39,data/raw/20260727/20260727_1731_image231_bup.jpg,20260727,4
42_836_4,42,data/raw/20260731/20260731_1717_image274_cup.jpg,20260731,5
22_861_7,22,data/raw/20260804/20260804_1652_image18_rot60.jpg,20260804,9
43_509_4,43,data/raw/20260727/20260727_1737_image266_cup.jpg,20260727,2
50_1041_7,50,data/raw/20260804/20260804_1711_image198_rot60.jpg,20260804,15
42_833_4,42,data/raw/20260731/20260731_1717_image271_cup.jpg,20260731,5
2_536_2,2,data/raw/20260729/20260729_1659_image3_bup.jpg,20260729,0
42_837_3,42,data/raw/20260731/20260731_1718_image275_cdw.jpg,20260731,5
43_1207_6,43,data/raw/20260804/20260804_1723_image364_rot45.jpg,20260804,0
42_497_3,42,data/raw/20260727/20260727_1736_image254_cdw.jpg,20260727,9
45_915_0,45,data/raw/20260804/20260804_1659_image72.jpg,20260804,7
53_1182_6,53,data/raw/20260804/20260804_1721_image339_rot45.jpg,20260804,4
43_506_4,43,data/raw/20260727/20260727_1736_image263_cup.jpg,20260727,2
29_1067_3,29,data/raw/20260804/20260804_1712_image224_cdw.jpg,20260804,0
43_1199_2,43,data/raw/20260804/20260804_1722_image356_bup.jpg,20260804,0
38_398_8,38,data/raw/20260727/20260727_1723_image155_sdw.jpg,20260727,15
25_184_6,25,data/raw/20260722/20260722_1802_image88_rot45.jpg,20260722,9
44_524_7,44,data/raw/20260727/20260727_1738_image281_rot60.jpg,20260727,15
2_558_2,2,data/raw/20260729/20260729_1700_image25_bup.jpg,20260729,0
29_795_0,29,data/raw/20260731/20260731_1714_image232.jpg,20260731,0
38_411_4,38,data/raw/20260727/20260727_1724_image168_cup.jpg,20260727,15
34_607_1,34,data/raw/20260731/20260731_1656_image44_bdw.jpg,20260731,13
28_1048_1,28,data/raw/20260804/20260804_1711_image205_bdw.jpg,20260804,7
5_39_8,5,data/raw/20260715/20260715_1555_image18_sdw.jpg,20260715,12
48_804_1,48,data/raw/20260731/20260731_1716_image242_bdw.jpg,20260731,4
4_54_6,4,data/raw/20260715/20260715_1556_image33_rot45.jpg,20260715,9
45_639_8,45,data/raw/20260731/20260731_1658_image76_sdw.jpg,20260731,11
34_601_9,34,data/raw/20260731/20260731_1655_image38_sup.jpg,20260731,13
33_856_4,33,data/raw/20260804/20260804_1652_image13_cup.jpg,20260804,4
12_101_0,12,data/raw/20260722/20260722_1656_image5.jpg,20260722,16
10_81_4,10,data/raw/20260715/20260715_1600_image60_cup.jpg,20260715,5
19_590_4,19,data/raw/20260731/20260731_1654_image27_cup.jpg,20260731,0
7_48_8,7,data/raw/20260715/20260715_1556_image27_sdw.jpg,20260715,0
38_1132_3,38,data/raw/20260804/20260804_1717_image289_cdw.jpg,20260804,7
1_11_5,1,data/raw/20260712/20260712_0855_image7_rot30.jpg,20260712,3
45_647_7,45,data/raw/20260731/20260731_1659_image84_rot60.jpg,20260731,11
29_790_6,29,data/raw/20260731/20260731_1713_image227_rot45.jpg,20260731,0
52_1112_5,52,data/raw/20260804/20260804_1715_image269_rot30.jpg,20260804,10
33_849_1,33,data/raw/20260804/20260804_1651_image6_bdw.jpg,20260804,4
28_1064_2,28,data/raw/20260804/20260804_1712_image221_bup.jpg,20260804,7
9_951_1,9,data/raw/20260804/20260804_1702_image108_bdw.jpg,20260804,0
34_880_6,34,data/raw/20260804/20260804_1654_image37_rot45.jpg,20260804,9
47_756_1,47,data/raw/20260731/20260731_1711_image193_bdw.jpg,20260731,15
39_457_9,39,data/raw/20260727/20260727_1730_image214_sup.jpg,20260727,4
2_229_4,2,data/raw/20260725/20260725_1759_image1_cup.jpg,20260725,4
34_873_3,34,data/raw/20260804/20260804_1654_image30_cdw.jpg,20260804,9
20_935_0,20,data/raw/20260804/20260804_1701_image92.jpg,20260804,3
22_373_1,22,data/raw/20260727/20260727_1718_image130_bdw.jpg,20260727,17
38_1134_7,38,data/raw/20260804/20260804_1717_image291_rot60.jpg,20260804,7
14_743_8,14,data/raw/20260731/20260731_1709_image180_sdw.jpg,20260731,15
34_599_6,34,data/raw/20260731/20260731_1655_image36_rot45.jpg,20260731,13
20_681_1,20,data/raw/20260731/20260731_1701_image118_bdw.jpg,20260731,7
33_844_3,33,data/raw/20260804/20260804_1651_image1_cdw.jpg,20260804,4
5_283_4,5,data/raw/20260727/20260727_1709_image40_cup.jpg,20260727,0
45_913_0,45,data/raw/20260804/20260804_1658_image70.jpg,20260804,7
28_1057_3,28,data/raw/20260804/20260804_1711_image214_cdw.jpg,20260804,7
5_286_4,5,data/raw/20260727/20260727_1709_image43_cup.jpg,20260727,0
28_1044_2,28,data/raw/20260804/20260804_1711_image201_bup.jpg,20260804,7
9_952_3,9,data/raw/20260804/20260804_1702_image109_cdw.jpg,20260804,0
22_636_7,22,data/raw/20260731/20260731_1658_image73_rot60.jpg,20260731,13
5_137_2,5,data/raw/20260722/20260722_1742_image41_bup.jpg,20260722,5
38_1133_3,38,data/raw/20260804/20260804_1717_image290_cdw.jpg,20260804,7
43_1211_7,43,data/raw/20260804/20260804_1723_image368_rot60.jpg,20260804,0
29_795_7,29,data/raw/20260731/20260731_1714_image232_rot60.jpg,20260731,0
33_265_6,33,data/raw/20260727/20260727_1707_image21_rot45.jpg,20260727,12
47_754_7,47,data/raw/20260731/20260731_1711_image191_rot60.jpg,20260731,15
28_201_6,28,data/raw/20260722/20260722_1803_image106_rot45.jpg,20260722,20
39_459_6,39,data/raw/20260727/20260727_1730_image216_rot45.jpg,20260727,4
25_1147_1,25,data/raw/20260804/20260804_1717_image304_bdw.jpg,20260804,0
34_605_7,34,data/raw/20260731/20260731_1655_image42_rot60.jpg,20260731,13
2_540_0,2,data/raw/20260729/20260729_1659_image7.jpg,20260729,0
24_1007_3,24,data/raw/20260804/20260804_1705_image164_cdw.jpg,20260804,0
46_692_5,46,data/raw/20260731/20260731_1703_image129_rot30.jpg,20260731,2
52_1108_5,52,data/raw/20260804/20260804_1715_image265_rot30.jpg,20260804,10
50_1030_7,50,data/raw/20260804/20260804_1710_image187_rot60.jpg,20260804,15
22_611_1,22,data/raw/20260731/20260731_1656_image48_bdw.jpg,20260731,13
20_680_3,20,data/raw/20260731/20260731_1701_image117_cdw.jpg,20260731,7
25_380_5,25,data/raw/20260727/20260727_1722_image137_rot30.jpg,20260727,4
2_552_1,2,data/raw/20260729/20260729_1700_image19_bdw.jpg,20260729,0
20_989_0,20,data/raw/20260804/20260804_1704_image146.jpg,20260804,3
12_103_9,12,data/raw/20260722/20260722_1657_image7_sup.jpg,20260722,16
33_849_8,33,data/raw/20260804/20260804_1651_image6_sdw.jpg,20260804,4
28_774_7,28,data/raw/20260731/20260731_1712_image211_rot60.jpg,20260731,11
34_883_1,34,data/raw/20260804/20260804_1654_image40_bdw.jpg,20260804,9
33_271_3,33,data/raw/20260727/20260727_1708_image27_cdw.jpg,20260727,12
31_530_0,31,data/raw/20260727/20260727_1738_image287.jpg,20260727,0
25_187_0,25,data/raw/20260722/20260722_1802_image91.jpg,20260722,9
1_10_1,1,data/raw/20260712/20260712_0855_image6_bdw.jpg,20260712,3
50_1040_9,50,data/raw/20260804/20260804_1711_image197_sup.jpg,20260804,15
6_57_9,6,data/raw/20260715/20260715_1556_image36_sup.jpg,20260715,5
8_162_6,8,data/raw/20260722/20260722_1744_image66_rot45.jpg,20260722,0
20_660_0,20,data/raw/20260731/20260731_1700_image97.jpg,20260731,7
43_500_2,43,data/raw/20260727/20260727_1736_image257_bup.jpg,20260727,2
53_1182_3,53,data/raw/20260804/20260804_1721_image339_cdw.jpg,20260804,4
48_809_9,48,data/raw/20260731/20260731_1716_image247_sup.jpg,20260731,4
20_988_6,20,data/raw/20260804/20260804_1704_image145_rot45.jpg,20260804,3
9_69_6,9,data/raw/20260715/20260715_1557_image48_rot45.jpg,20260715,16
24_341_5,24,data/raw/20260727/20260727_1713_image98_rot30.jpg,20260727,3
43_510_7,43,data/raw/20260727/20260727_1737_image267_rot60.jpg,20260727,2
17_125_1,17,data/raw/20260722/20260722_1702_image29_bdw.jpg,20260722,17
5_39_4,5,data/raw/20260715/20260715_1555_image18_cup.jpg,20260715,12
30_222_3,30,data/raw/20260722/20260722_1814_image126_cdw.jpg,20260722,5
38_399_6,38,data/raw/20260727/20260727_1723_image156_rot45.jpg,20260727,15
20_990_1,20,data/raw/20260804/20260804_1704_image147_bdw.jpg,20260804,3
3_34_8,3,data/raw/20260715/20260715_1554_image8_sdw.jpg,20260715,0
2_546_3,2,data/raw/20260729/20260729_1659_image13_cdw.jpg,20260729,0
2_555_7,2,data/raw/20260729/20260729_1700_image22_rot60.jpg,20260729,0
19_587_0,19,data/raw/20260731/20260731_1654_image24.jpg,20260731,0
8_61_9,8,data/raw/20260715/20260715_1556_image40_sup.jpg,20260715,0
20_672_3,20,data/raw/20260731/20260731_1701_image109_cdw.jpg,20260731,7
34_597_1,34,data/raw/20260731/20260731_1655_image34_bdw.jpg,20260731,13
24_341_3,24,data/raw/20260727/20260727_1713_image98_cdw.jpg,20260727,3
9_76_5,9,data/raw/20260715/20260715_1558_image55_rot30.jpg,20260715,16
2_548_6,2,data/raw/20260729/20260729_1700_image15_rot45.jpg,20260729,0
28_1050_0,28,data/raw/20260804/20260804_1711_image207.jpg,20260804,7
16_118_9,16,data/raw/20260722/20260722_1659_image22_sup.jpg,20260722,8
20_337_3,20,data/raw/20260727/20260727_1712_image94_cdw.jpg,20260727,11
20_944_0,20,data/raw/20260804/20260804_1701_image101.jpg,20260804,3
9_72_5,9,data/raw/20260715/20260715_1557_image51_rot30.jpg,20260715,16
30_533_0,30,data/raw/20260727/20260727_1739_image290.jpg,20260727,0
34_606_3,34,data/raw/20260731/20260731_1656_image43_cdw.jpg,20260731,13
2_248_1,2,data/raw/20260727/20260727_1555_image4_bdw.jpg,20260727,2
42_493_6,42,data/raw/20260727/20260727_1736_image250_rot45.jpg,20260727,9
52_1103_0,52,data/raw/20260804/20260804_1715_image260.jpg,20260804,10
25_705_3,25,data/raw/20260731/20260731_1705_image142_cdw.jpg,20260731,0
40_742_6,40,data/raw/20260731/20260731_1709_image179_rot45.jpg,20260731,2
37_616_5,37,data/raw/20260731/20260731_1656_image53_rot30.jpg,20260731,4
42_832_4,42,data/raw/20260731/20260731_1717_image270_cup.jpg,20260731,5
33_573_7,33,data/raw/20260731/20260731_1653_image10_rot60.jpg,20260731,8
38_722_7,38,data/raw/20260731/20260731_1706_image159_rot60.jpg,20260731,11
20_163_5,20,data/raw/20260722/20260722_1744_image67_rot30.jpg,20260722,16
2_238_2,2,data/raw/20260726/20260726_1336_image4_bup.jpg,20260726,3
42_491_4,42,data/raw/20260727/20260727_1736_image248_cup.jpg,20260727,9
29_795_4,29,data/raw/20260731/20260731_1714_image232_cup.jpg,20260731,0
16_115_5,16,data/raw/20260722/20260722_1659_image19_rot30.jpg,20260722,8
2_240_3,2,data/raw/20260726/20260726_1337_image6_cdw.jpg,20260726,3
43_1203_2,43,data/raw/20260804/20260804_1723_image360_bup.jpg,20260804,0
39_733_8,39,data/raw/20260731/20260731_1708_image170_sdw.jpg,20260731,0
24_1010_8,24,data/raw/20260804/20260804_1705_image167_sdw.jpg,20260804,0
20_987_0,20,data/raw/20260804/20260804_1704_image144.jpg,20260804,3
19_589_3,19,data/raw/20260731/20260731_1654_image26_cdw.jpg,20260731,0
49_977_3,49,data/raw/20260804/20260804_1703_image134_cdw.jpg,20260804,17
2_538_2,2,data/raw/20260729/20260729_1659_image5_bup.jpg,20260729,0
42_1218_0,42,data/raw/20260804/20260804_1724_image375.jpg,20260804,1
20_331_2,20,data/raw/20260727/20260727_1712_image88_bup.jpg,20260727,11
9_657_2,9,data/raw/20260731/20260731_1700_image94_bup.jpg,20260731,0
20_990_2,20,data/raw/20260804/20260804_1704_image147_bup.jpg,20260804,3
33_566_7,33,data/raw/20260731/20260731_1653_image3_rot60.jpg,20260731,8
49_973_8,49,data/raw/20260804/20260804_1703_image130_sdw.jpg,20260804,17
28_1063_2,28,data/raw/20260804/20260804_1712_image220_bup.jpg,20260804,7
20_679_1,20,data/raw/20260731/20260731_1701_image116_bdw.jpg,20260731,7
48_806_9,48,data/raw/20260731/20260731_1716_image244_sup.jpg,20260731,4
20_669_7,20,data/raw/20260731/20260731_1701_image106_rot60.jpg,20260731,7
39_1160_5,39,data/raw/20260804/20260804_1719_image317_rot30.jpg,20260804,0
24_683_5,24,data/raw/20260731/20260731_1702_image120_rot30.jpg,20260731,0
33_573_4,33,data/raw/20260731/20260731_1653_image10_cup.jpg,20260731,8
2_95_0,2,data/raw/20260720/20260720_1503_image7.jpg,20260720,9
5_36_9,5,data/raw/20260715/20260715_1555_image15_sup.jpg,20260715,12
34_294_8,34,data/raw/20260727/20260727_1710_image51_sdw.jpg,20260727,17
37_620_1,37,data/raw/20260731/20260731_1656_image57_bdw.jpg,20260731,4
43_815_1,43,data/raw/20260731/20260731_1716_image253_bdw.jpg,20260731,0
2_21_3,2,data/raw/20260714/20260714_1017_image8_cdw.jpg,20260714,15
48_808_4,48,data/raw/20260731/20260731_1716_image246_cup.jpg,20260731,4
28_787_0,28,data/raw/20260731/20260731_1713_image224.jpg,20260731,11
7_53_0,7,data/raw/20260715/20260715_1556_image32.jpg,20260715,0
19_889_4,19,data/raw/20260804/20260804_1655_image46_cup.jpg,20260804,0
2_242_6,2,data/raw/20260726/20260726_1337_image8_rot45.jpg,20260726,3
12_101_1,12,data/raw/20260722/20260722_1656_image5_bdw.jpg,20260722,16
14_435_8,14,data/raw/20260727/20260727_1726_image192_sdw.jpg,20260727,4
39_731_2,39,data/raw/20260731/20260731_1708_image168_bup.jpg,20260731,0
2_16_3,2,data/raw/20260714/20260714_1016_image3_cdw.jpg,20260714,15
38_716_6,38,data/raw/20260731/20260731_1706_image153_rot45.jpg,20260731,11
42_1225_7,42,data/raw/20260804/20260804_1724_image382_rot60.jpg,20260804,1
12_101_3,12,data/raw/20260722/20260722_1656_image5_cdw.jpg,20260722,16
49_979_5,49,data/raw/20260804/20260804_1703_image136_rot30.jpg,20260804,17
34_877_6,34,data/raw/20260804/20260804_1654_image34_rot45.jpg,20260804,9
39_1157_6,39,data/raw/20260804/20260804_1719_image314_rot45.jpg,20260804,0
17_124_3,17,data/raw/20260722/20260722_1700_image28_cdw.jpg,20260722,17
37_370_9,37,data/raw/20260727/20260727_1717_image127_sup.jpg,20260727,8
43_1198_9,43,data/raw/20260804/20260804_1722_image355_sup.jpg,20260804,0
37_632_3,37,data/raw/20260731/20260731_1658_image69_cdw.jpg,20260731,4
20_350_8,20,data/raw/20260727/20260727_1714_image107_sdw.jpg,20260727,11
2_554_1,2,data/raw/20260729/20260729_1700_image21_bdw.jpg,20260729,0
20_682_3,20,data/raw/20260731/20260731_1701_image119_cdw.jpg,20260731,7
27_197_3,27,data/raw/20260722/20260722_1803_image102_cdw.jpg,20260722,0
47_1094_3,47,data/raw/20260804/20260804_1714_image251_cdw.jpg,20260804,11
28_1056_5,28,data/raw/20260804/20260804_1711_image213_rot30.jpg,20260804,7
39_453_5,39,data/raw/20260727/20260727_1730_image210_rot30.jpg,20260727,4
29_1076_3,29,data/raw/20260804/20260804_1713_image233_cdw.jpg,20260804,0
4_290_1,4,data/raw/20260727/20260727_1709_image47_bdw.jpg,20260727,0
20_941_4,20,data/raw/20260804/20260804_1701_image98_cup.jpg,20260804,3
29_1070_4,29,data/raw/20260804/20260804_1712_image227_cup.jpg,20260804,0
25_701_7,25,data/raw/20260731/20260731_1705_image138_rot60.jpg,20260731,0
43_1204_5,43,data/raw/20260804/20260804_1723_image361_rot30.jpg,20260804,0
39_734_0,39,data/raw/20260731/20260731_1708_image171.jpg,20260731,0
43_824_6,43,data/raw/20260731/20260731_1717_image262_rot45.jpg,20260731,0
31_218_8,31,data/raw/20260722/20260722_1814_image122_sdw.jpg,20260722,5
8_158_7,8,data/raw/20260722/20260722_1743_image62_rot60.jpg,20260722,0
30_498_1,30,data/raw/20260727/20260727_1736_image255_bdw.jpg,20260727,0
39_472_3,39,data/raw/20260727/20260727_1731_image229_cdw.jpg,20260727,4
40_1172_2,40,data/raw/20260804/20260804_1720_image329_bup.jpg,20260804,0
9_322_5,9,data/raw/20260727/20260727_1711_image79_rot30.jpg,20260727,4
7_49_2,7,data/raw/20260715/20260715_1556_image28_bup.jpg,20260715,0
19_895_9,19,data/raw/20260804/20260804_1655_image52_sup.jpg,20260804,0
40_737_1,40,data/raw/20260731/20260731_1708_image174_bdw.jpg,20260731,2
42_1215_7,42,data/raw/20260804/20260804_1723_image372_rot60.jpg,20260804,1
53_1194_6,53,data/raw/20260804/20260804_1722_image351_rot45.jpg,20260804,4
28_1062_1,28,data/raw/20260804/20260804_1712_image219_bdw.jpg,20260804,7
20_942_0,20,data/raw/20260804/20260804_1701_image99.jpg,20260804,3
2_92_0,2,data/raw/20260720/20260720_1503_image4.jpg,20260720,9
33_575_3,33,data/raw/20260731/20260731_1653_image12_cdw.jpg,20260731,8
5_284_5,5,data/raw/20260727/20260727_1709_image41_rot30.jpg,20260727,0
31_219_5,31,data/raw/20260722/20260722_1814_image123_rot30.jpg,20260722,5
36_359_3,36,data/raw/20260727/20260727_1716_image116_cdw.jpg,20260727,4
19_586_0,19,data/raw/20260731/20260731_1654_image23.jpg,20260731,0
34_600_2,34,data/raw/20260731/20260731_1655_image37_bup.jpg,20260731,13
22_868_5,22,data/raw/20260804/20260804_1653_image25_rot30.jpg,20260804,9
40_740_4,40,data/raw/20260731/20260731_1709_image177_cup.jpg,20260731,2
43_826_9,43,data/raw/20260731/20260731_1717_image264_sup.jpg,20260731,0
29_1066_3,29,data/raw/20260804/20260804_1712_image223_cdw.jpg,20260804,0
49_958_8,49,data/raw/20260804/20260804_1702_image115_sdw.jpg,20260804,17
5_284_6,5,data/raw/20260727/20260727_1709_image41_rot45.jpg,20260727,0
51_1080_0,51,data/raw/20260804/20260804_1713_image237.jpg,20260804,0
28_786_4,28,data/raw/20260731/20260731_1713_image223_cup.jpg,20260731,11
9_650_9,9,data/raw/20260731/20260731_1659_image87_sup.jpg,20260731,0
2_558_6,2,data/raw/20260729/20260729_1700_image25_rot45.jpg,20260729,0
20_945_3,20,data/raw/20260804/20260804_1701_image102_cdw.jpg,20260804,3
20_933_7,20,data/raw/20260804/20260804_1701_image90_rot60.jpg,20260804,3
29_417_4,29,data/raw/20260727/20260727_1725_image174_cup.jpg,20260727,0
19_590_5,19,data/raw/20260731/20260731_1654_image27_rot30.jpg,20260731,0
26_387_6,26,data/raw/20260727/20260727_1722_image144_rot45.jpg,20260727,0
53_1185_8,53,data/raw/20260804/20260804_1722_image342_sdw.jpg,20260804,4
33_845_4,33,data/raw/20260804/20260804_1651_image2_cup.jpg,20260804,4
33_852_3,33,data/raw/20260804/20260804_1651_image9_cdw.jpg,20260804,4
9_67_6,9,data/raw/20260715/20260715_1557_image46_rot45.jpg,20260715,16
32_211_7,32,data/raw/20260722/20260722_1808_image115_rot60.jpg,20260722,12
19_894_4,19,data/raw/20260804/20260804_1655_image51_cup.jpg,20260804,0
2_540_8,2,data/raw/20260729/20260729_1659_image7_sdw.jpg,20260729,0
20_997_3,20,data/raw/20260804/20260804_1704_image154_cdw.jpg,20260804,3
19_586_5,19,data/raw/20260731/20260731_1654_image23_rot30.jpg,20260731,0
26_388_1,26,data/raw/20260727/20260727_1722_image145_bdw.jpg,20260727,0
24_346_5,24,data/raw/20260727/20260727_1713_image103_rot30.jpg,20260727,3
42_495_2,42,data/raw/20260727/20260727_1736_image252_bup.jpg,20260727,9
51_1087_1,51,data/raw/20260804/20260804_1713_image244_bdw.jpg,20260804,0
4_291_3,4,data/raw/20260727/20260727_1709_image48_cdw.jpg,20260727,0
2_558_3,2,data/raw/20260729/20260729_1700_image25_cdw.jpg,20260729,0
2_537_5,2,data/raw/20260729/20260729_1659_image4_rot30.jpg,20260729,0
9_951_8,9,data/raw/20260804/20260804_1702_image108_sdw.jpg,20260804,0
25_708_2,25,data/raw/20260731/20260731_1705_image145_bup.jpg,20260731,0
42_838_8,42,data/raw/20260731/20260731_1718_image276_sdw.jpg,20260731,5
20_336_1,20,data/raw/20260727/20260727_1712_image93_bdw.jpg,20260727,11
48_806_6,48,data/raw/20260731/20260731_1716_image244_rot45.jpg,20260731,4
38_405_5,38,data/raw/20260727/20260727_1723_image162_rot30.jpg,20260727,15
37_621_3,37,data/raw/20260731/20260731_1657_image58_cdw.jpg,20260731,4
38_1130_5,38,data/raw/20260804/20260804_1716_image287_rot30.jpg,20260804,7
28_769_3,28,data/raw/20260731/20260731_1712_image206_cdw.jpg,20260731,11
34_296_8,34,data/raw/20260727/20260727_1710_image53_sdw.jpg,20260727,17
38_1154_1,38,data/raw/20260804/20260804_1718_image311_bdw.jpg,20260804,7
45_913_6,45,data/raw/20260804/20260804_1658_image70_rot45.jpg,20260804,7
20_937_6,20,data/raw/20260804/20260804_1701_image94_rot45.jpg,20260804,3
39_472_9,39,data/raw/20260727/20260727_1731_image229_sup.jpg,20260727,4
9_320_4,9,data/raw/20260727/20260727_1711_image77_cup.jpg,20260727,4
9_657_3,9,data/raw/20260731/20260731_1700_image94_cdw.jpg,20260731,0
48_1175_1,48,data/raw/20260804/20260804_1721_image332_bdw.jpg,20260804,0
20_942_6,20,data/raw/20260804/20260804_1701_image99_rot45.jpg,20260804,3
8_63_6,8,data/raw/20260715/20260715_1557_image42_rot45.jpg,20260715,0
30_485_6,30,data/raw/20260727/20260727_1735_image242_rot45.jpg,20260727,0
34_603_2,34,data/raw/20260731/20260731_1655_image40_bup.jpg,20260731,13
37_923_7,37,data/raw/20260804/20260804_1659_image80_rot60.jpg,20260804,0
34_876_9,34,data/raw/20260804/20260804_1654_image33_sup.jpg,20260804,9
2_224_2,2,data/raw/20260724/20260724_1628_image2_bup.jpg,20260724,5
39_458_7,39,data/raw/20260727/20260727_1730_image215_rot60.jpg,20260727,4
39_463_1,39,data/raw/20260727/20260727_1730_image220_bdw.jpg,20260727,4
51_1089_7,51,data/raw/20260804/20260804_1713_image246_rot60.jpg,20260804,0
19_591_7,19,data/raw/20260731/20260731_1654_image28_rot60.jpg,20260731,0
22_858_5,22,data/raw/20260804/20260804_1652_image15_rot30.jpg,20260804,9
33_271_1,33,data/raw/20260727/20260727_1708_image27_bdw.jpg,20260727,12
22_171_6,22,data/raw/20260722/20260722_1746_image75_rot45.jpg,20260722,22
22_866_1,22,data/raw/20260804/20260804_1653_image23_bdw.jpg,20260804,9
19_149_1,19,data/raw/20260722/20260722_1743_image53_bdw.jpg,20260722,9
43_1204_7,43,data/raw/20260804/20260804_1723_image361_rot60.jpg,20260804,0
20_679_2,20,data/raw/20260731/20260731_1701_image116_bup.jpg,20260731,7
9_318_6,9,data/raw/20260727/20260727_1711_image75_rot45.jpg,20260727,4
44_515_5,44,data/raw/20260727/20260727_1737_image272_rot30.jpg,20260727,15
29_1072_7,29,data/raw/20260804/20260804_1712_image229_rot60.jpg,20260804,0
34_595_5,34,data/raw/20260731/20260731_1655_image32_rot30.jpg,20260731,13
25_187_6,25,data/raw/20260722/20260722_1802_image91_rot45.jpg,20260722,9
53_1182_1,53,data/raw/20260804/20260804_1721_image339_bdw.jpg,20260804,4
29_416_7,29,data/raw/20260727/20260727_1724_image173_rot60.jpg,20260727,0
1_10_7,1,data/raw/20260712/20260712_0855_image6_rot60.jpg,20260712,3
50_1031_5,50,data/raw/20260804/20260804_1710_image188_rot30.jpg,20260804,15
28_428_0,28,data/raw/20260727/20260727_1725_image185.jpg,20260727,15
5_135_5,5,data/raw/20260722/20260722_1742_image39_rot30.jpg,20260722,5
44_514_1,44,data/raw/20260727/20260727_1737_image271_bdw.jpg,20260727,15
36_366_2,36,data/raw/20260727/20260727_1717_image123_bup.jpg,20260727,4
2_242_5,2,data/raw/20260726/20260726_1337_image8_rot30.jpg,20260726,3
9_318_1,9,data/raw/20260727/20260727_1711_image75_bdw.jpg,20260727,4
53_1183_4,53,data/raw/20260804/20260804_1721_image340_cup.jpg,20260804,4
31_219_0,31,data/raw/20260722/20260722_1814_image123.jpg,20260722,5
28_763_6,28,data/raw/20260731/20260731_1712_image200_rot45.jpg,20260731,11
2_230_7,2,data/raw/20260725/20260725_1759_image2_rot60.jpg,20260725,4
39_1167_3,39,data/raw/20260804/20260804_1720_image324_cdw.jpg,20260804,0
5_140_1,5,data/raw/20260722/20260722_1742_image44_bdw.jpg,20260722,5
43_1197_5,43,data/raw/20260804/20260804_1722_image354_rot30.jpg,20260804,0
9_649_5,9,data/raw/20260731/20260731_1659_image86_rot30.jpg,20260731,0
20_941_5,20,data/raw/20260804/20260804_1701_image98_rot30.jpg,20260804,3
39_464_3,39,data/raw/20260727/20260727_1730_image221_cdw.jpg,20260727,4
30_214_0,30,data/raw/20260722/20260722_1813_image118.jpg,20260722,5
43_1197_2,43,data/raw/20260804/20260804_1722_image354_bup.jpg,20260804,0
34_876_5,34,data/raw/20260804/20260804_1654_image33_rot30.jpg,20260804,9
38_398_5,38,data/raw/20260727/20260727_1723_image155_rot30.jpg,20260727,15
20_352_4,20,data/raw/20260727/20260727_1714_image109_cup.jpg,20260727,11
19_311_8,19,data/raw/20260727/20260727_1711_image68_sdw.jpg,20260727,4
39_734_1,39,data/raw/20260731/20260731_1708_image171_bdw.jpg,20260731,0
33_576_4,33,data/raw/20260731/20260731_1653_image13_cup.jpg,20260731,8
49_983_3,49,data/raw/20260804/20260804_1703_image140_cdw.jpg,20260804,17
42_831_8,42,data/raw/20260731/20260731_1717_image269_sdw.jpg,20260731,5
47_1092_5,47,data/raw/20260804/20260804_1713_image249_rot30.jpg,20260804,11
4_291_2,4,data/raw/20260727/20260727_1709_image48_bup.jpg,20260727,0
3_78_7,3,data/raw/20260715/20260715_1559_image57_rot60.jpg,20260715,0
40_467_6,40,data/raw/20260727/20260727_1731_image224_rot45.jpg,20260727,6
43_814_1,43,data/raw/20260731/20260731_1716_image252_bdw.jpg,20260731,0
26_387_3,26,data/raw/20260727/20260727_1722_image144_cdw.jpg,20260727,0
25_186_0,25,data/raw/20260722/20260722_1802_image90.jpg,20260722,9
25_711_9,25,data/raw/20260731/20260731_1706_image148_sup.jpg,20260731,0
19_148_6,19,data/raw/20260722/20260722_1743_image52_rot45.jpg,20260722,9
22_859_8,22,data/raw/20260804/20260804_1652_image16_sdw.jpg,20260804,9
38_1127_0,38,data/raw/20260804/20260804_1716_image284.jpg,20260804,7
2_537_2,2,data/raw/20260729/20260729_1659_image4_bup.jpg,20260729,0
9_318_7,9,data/raw/20260727/20260727_1711_image75_rot60.jpg,20260727,4
20_661_4,20,data/raw/20260731/20260731_1700_image98_cup.jpg,20260731,7
43_503_9,43,data/raw/20260727/20260727_1736_image260_sup.jpg,20260727,2
51_1082_7,51,data/raw/20260804/20260804_1713_image239_rot60.jpg,20260804,0
26_395_0,26,data/raw/20260727/20260727_1722_image152.jpg,20260727,0
13_106_7,13,data/raw/20260722/20260722_1658_image11_rot60.jpg,20260722,8
34_602_3,34,data/raw/20260731/20260731_1655_image39_cdw.jpg,20260731,13
43_821_4,43,data/raw/20260731/20260731_1717_image259_cup.jpg,20260731,0
49_962_5,49,data/raw/20260804/20260804_1702_image119_rot30.jpg,20260804,17
37_170_5,37,data/raw/20260722/20260722_1746_image74_rot30.jpg,20260722,13
20_942_7,20,data/raw/20260804/20260804_1701_image99_rot60.jpg,20260804,3
37_633_6,37,data/raw/20260731/20260731_1658_image70_rot45.jpg,20260731,4
20_660_4,20,data/raw/20260731/20260731_1700_image97_cup.jpg,20260731,7
45_907_0,45,data/raw/20260804/20260804_1657_image64.jpg,20260804,7
34_881_1,34,data/raw/20260804/20260804_1654_image38_bdw.jpg,20260804,9
18_262_9,18,data/raw/20260727/20260727_1707_image18_sup.jpg,20260727,0
19_585_1,19,data/raw/20260731/20260731_1654_image22_bdw.jpg,20260731,0
5_286_0,5,data/raw/20260727/20260727_1709_image43.jpg,20260727,0
20_937_9,20,data/raw/20260804/20260804_1701_image94_sup.jpg,20260804,3
33_569_3,33,data/raw/20260731/20260731_1653_image6_cdw.jpg,20260731,8
22_865_5,22,data/raw/20260804/20260804_1653_image22_rot30.jpg,20260804,9
42_1218_5,42,data/raw/20260804/20260804_1724_image375_rot30.jpg,20260804,1
36_368_0,36,data/raw/20260727/20260727_1717_image125.jpg,20260727,4
20_165_6,20,data/raw/20260722/20260722_1744_image69_rot45.jpg,20260722,16
52_1108_1,52,data/raw/20260804/20260804_1715_image265_bdw.jpg,20260804,10
20_330_7,20,data/raw/20260727/20260727_1712_image87_rot60.jpg,20260727,11
33_267_9,33,data/raw/20260727/20260727_1707_image23_sup.jpg,20260727,12
30_533_1,30,data/raw/20260727/20260727_1739_image290_bdw.jpg,20260727,0
28_428_3,28,data/raw/20260727/20260727_1725_image185_cdw.jpg,20260727,15
18_258_6,18,data/raw/20260727/20260727_1707_image14_rot45.jpg,20260727,0
17_123_6,17,data/raw/20260722/20260722_1700_image27_rot45.jpg,20260722,17
20_330_5,20,data/raw/20260727/20260727_1712_image87_rot30.jpg,20260727,11
13_107_2,13,data/raw/20260722/20260722_1658_image12_bup.jpg,20260722,8
38_1139_7,38,data/raw/20260804/20260804_1717_image296_rot60.jpg,20260804,7
47_758_0,47,data/raw/20260731/20260731_1711_image195.jpg,20260731,15
40_1172_1,40,data/raw/20260804/20260804_1720_image329_bdw.jpg,20260804,0
53_1195_3,53,data/raw/20260804/20260804_1722_image352_cdw.jpg,20260804,4
20_985_7,20,data/raw/20260804/20260804_1704_image142_rot60.jpg,20260804,3
29_799_1,29,data/raw/20260731/20260731_1714_image236_bdw.jpg,20260731,0
2_548_1,2,data/raw/20260729/20260729_1700_image15_bdw.jpg,20260729,0
20_1013_0,20,data/raw/20260804/20260804_1705_image170.jpg,20260804,3
37_617_6,37,data/raw/20260731/20260731_1656_image54_rot45.jpg,20260731,4
7_47_4,7,data/raw/20260715/20260715_1555_image26_cup.jpg,20260715,0
13_108_0,13,data/raw/20260722/20260722_1658_image13.jpg,20260722,8
37_629_8,37,data/raw/20260731/20260731_1657_image66_sdw.jpg,20260731,4
19_377_4,19,data/raw/20260727/20260727_1720_image134_cup.jpg,20260727,4
49_982_4,49,data/raw/20260804/20260804_1703_image139_cup.jpg,20260804,17
34_596_5,34,data/raw/20260731/20260731_1655_image33_rot30.jpg,20260731,13
34_882_0,34,data/raw/20260804/20260804_1654_image39.jpg,20260804,9
29_203_4,29,data/raw/20260722/20260722_1803_image108_cup.jpg,20260722,0
34_606_9,34,data/raw/20260731/20260731_1656_image43_sup.jpg,20260731,13
15_112_4,15,data/raw/20260722/20260722_1658_image17_cup.jpg,20260722,0
9_955_4,9,data/raw/20260804/20260804_1702_image112_cup.jpg,20260804,0
26_189_2,26,data/raw/20260722/20260722_1802_image93_bup.jpg,20260722,5
48_1175_3,48,data/raw/20260804/20260804_1721_image332_cdw.jpg,20260804,0
38_1132_6,38,data/raw/20260804/20260804_1717_image289_rot45.jpg,20260804,7
39_726_8,39,data/raw/20260731/20260731_1707_image163_sdw.jpg,20260731,0
46_695_3,46,data/raw/20260731/20260731_1703_image132_cdw.jpg,20260731,2
20_680_7,20,data/raw/20260731/20260731_1701_image117_rot60.jpg,20260731,7
1_13_7,1,data/raw/20260712/20260712_0855_image9_rot60.jpg,20260712,3
45_911_4,45,data/raw/20260804/20260804_1658_image68_cup.jpg,20260804,7
49_964_1,49,data/raw/20260804/20260804_1703_image121_bdw.jpg,20260804,17
38_1134_2,38,data/raw/20260804/20260804_1717_image291_bup.jpg,20260804,7
20_666_6,20,data/raw/20260731/20260731_1701_image103_rot45.jpg,20260731,7
48_1178_5,48,data/raw/20260804/20260804_1721_image335_rot30.jpg,20260804,0
41_481_1,41,data/raw/20260727/20260727_1734_image238_bdw.jpg,20260727,15
28_788_6,28,data/raw/20260731/20260731_1713_image225_rot45.jpg,20260731,11
18_257_8,18,data/raw/20260727/20260727_1707_image13_sdw.jpg,20260727,0
43_1198_6,43,data/raw/20260804/20260804_1722_image355_rot45.jpg,20260804,0
39_1164_6,39,data/raw/20260804/20260804_1719_image321_rot45.jpg,20260804,0
37_623_5,37,data/raw/20260731/20260731_1657_image60_rot30.jpg,20260731,4
28_202_3,28,data/raw/20260722/20260722_1803_image107_cdw.jpg,20260722,20
24_342_5,24,data/raw/20260727/20260727_1713_image99_rot30.jpg,20260727,3
8_64_6,8,data/raw/20260715/20260715_1557_image43_rot45.jpg,20260715,0
2_94_5,2,data/raw/20260720/20260720_1503_image6_rot30.jpg,20260720,9
30_486_0,30,data/raw/20260727/20260727_1735_image243.jpg,20260727,0
37_921_0,37,data/raw/20260804/20260804_1659_image78.jpg,20260804,0
19_582_5,19,data/raw/20260731/20260731_1654_image19_rot30.jpg,20260731,0
52_1107_1,52,data/raw/20260804/20260804_1715_image264_bdw.jpg,20260804,10
22_864_1,22,data/raw/20260804/20260804_1653_image21_bdw.jpg,20260804,9
25_706_2,25,data/raw/20260731/20260731_1705_image143_bup.jpg,20260731,0
28_426_1,28,data/raw/20260727/20260727_1725_image183_bdw.jpg,20260727,15
34_299_8,34,data/raw/20260727/20260727_1710_image56_sdw.jpg,20260727,17
9_649_3,9,data/raw/20260731/20260731_1659_image86_cdw.jpg,20260731,0
20_944_2,20,data/raw/20260804/20260804_1701_image101_bup.jpg,20260804,3
33_853_1,33,data/raw/20260804/20260804_1651_image10_bdw.jpg,20260804,4
34_881_2,34,data/raw/20260804/20260804_1654_image38_bup.jpg,20260804,9
29_1079_0,29,data/raw/20260804/20260804_1713_image236.jpg,20260804,0
52_1114_9,52,data/raw/20260804/20260804_1716_image271_sup.jpg,20260804,10
2_561_0,2,data/raw/20260729/20260729_1701_image28.jpg,20260729,0
43_1207_1,43,data/raw/20260804/20260804_1723_image364_bdw.jpg,20260804,0
25_184_4,25,data/raw/20260722/20260722_1802_image88_cup.jpg,20260722,9
44_515_2,44,data/raw/20260727/20260727_1737_image272_bup.jpg,20260727,15
38_720_4,38,data/raw/20260731/20260731_1706_image157_cup.jpg,20260731,11
45_909_4,45,data/raw/20260804/20260804_1658_image66_cup.jpg,20260804,7
20_673_8,20,data/raw/20260731/20260731_1701_image110_sdw.jpg,20260731,7
37_170_3,37,data/raw/20260722/20260722_1746_image74_cdw.jpg,20260722,13
25_1149_4,25,data/raw/20260804/20260804_1718_image306_cup.jpg,20260804,0
29_793_2,29,data/raw/20260731/20260731_1713_image230_bup.jpg,20260731,0
20_989_4,20,data/raw/20260804/20260804_1704_image146_cup.jpg,20260804,3
34_598_7,34,data/raw/20260731/20260731_1655_image35_rot60.jpg,20260731,13
30_482_5,30,data/raw/20260727/20260727_1735_image239_rot30.jpg,20260727,0
18_260_8,18,data/raw/20260727/20260727_1707_image16_sdw.jpg,20260727,0
22_862_2,22,data/raw/20260804/20260804_1652_image19_bup.jpg,20260804,9
52_1104_6,52,data/raw/20260804/20260804_1715_image261_rot45.jpg,20260804,10
4_147_9,4,data/raw/20260722/20260722_1743_image51_sup.jpg,20260722,2
33_852_0,33,data/raw/20260804/20260804_1651_image9.jpg,20260804,4
49_971_1,49,data/raw/20260804/20260804_1703_image128_bdw.jpg,20260804,17
23_174_7,23,data/raw/20260722/20260722_1746_image78_rot60.jpg,20260722,11
2_233_6,2,data/raw/20260725/20260725_1759_image5_rot45.jpg,20260725,4
28_1060_2,28,data/raw/20260804/20260804_1711_image217_bup.jpg,20260804,7
14_743_2,14,data/raw/20260731/20260731_1709_image180_bup.jpg,20260731,15
2_227_0,2,data/raw/20260724/20260724_1628_image5.jpg,20260724,5
37_626_8,37,data/raw/20260731/20260731_1657_image63_sdw.jpg,20260731,4
28_1045_5,28,data/raw/20260804/20260804_1711_image202_rot30.jpg,20260804,7
9_655_4,9,data/raw/20260731/20260731_1700_image92_cup.jpg,20260731,0
45_905_6,45,data/raw/20260804/20260804_1657_image62_rot45.jpg,20260804,7
42_827_5,42,data/raw/20260731/20260731_1717_image265_rot30.jpg,20260731,5
28_1055_7,28,data/raw/20260804/20260804_1711_image212_rot60.jpg,20260804,7
45_639_0,45,data/raw/20260731/20260731_1658_image76.jpg,20260731,11
20_999_7,20,data/raw/20260804/20260804_1704_image156_rot60.jpg,20260804,3
2_21_6,2,data/raw/20260714/20260714_1017_image8_rot45.jpg,20260714,15
43_820_2,43,data/raw/20260731/20260731_1717_image258_bup.jpg,20260731,0
25_1140_7,25,data/raw/20260804/20260804_1717_image297_rot60.jpg,20260804,0
51_1080_2,51,data/raw/20260804/20260804_1713_image237_bup.jpg,20260804,0
4_145_9,4,data/raw/20260722/20260722_1743_image49_sup.jpg,20260722,2
16_115_0,16,data/raw/20260722/20260722_1659_image19.jpg,20260722,8
30_532_0,30,data/raw/20260727/20260727_1739_image289.jpg,20260727,0
50_1037_1,50,data/raw/20260804/20260804_1710_image194_bdw.jpg,20260804,15
20_995_6,20,data/raw/20260804/20260804_1704_image152_rot45.jpg,20260804,3
22_374_0,22,data/raw/20260727/20260727_1718_image131.jpg,20260727,17
49_958_9,49,data/raw/20260804/20260804_1702_image115_sup.jpg,20260804,17
47_1094_1,47,data/raw/20260804/20260804_1714_image251_bdw.jpg,20260804,11
19_892_8,19,data/raw/20260804/20260804_1655_image49_sdw.jpg,20260804,0
18_133_9,18,data/raw/20260722/20260722_1742_image37_sup.jpg,20260722,5
2_542_3,2,data/raw/20260729/20260729_1659_image9_cdw.jpg,20260729,0
39_1165_1,39,data/raw/20260804/20260804_1719_image322_bdw.jpg,20260804,0
5_38_7,5,data/raw/20260715/20260715_1555_image17_rot60.jpg,20260715,12
19_151_5,19,data/raw/20260722/20260722_1743_image55_rot30.jpg,20260722,9
36_361_8,36,data/raw/20260727/20260727_1716_image118_sdw.jpg,20260727,4
42_489_7,42,data/raw/20260727/20260727_1736_image246_rot60.jpg,20260727,9
34_601_4,34,data/raw/20260731/20260731_1655_image38_cup.jpg,20260731,13
28_432_1,28,data/raw/20260727/20260727_1726_image189_bdw.jpg,20260727,15
9_951_9,9,data/raw/20260804/20260804_1702_image108_sup.jpg,20260804,0
16_114_1,16,data/raw/20260722/20260722_1659_image18_bdw.jpg,20260722,8
2_550_0,2,data/raw/20260729/20260729_1700_image17.jpg,20260729,0
50_1025_9,50,data/raw/20260804/20260804_1710_image182_sup.jpg,20260804,15
33_270_7,33,data/raw/20260727/20260727_1708_image26_rot60.jpg,20260727,12
42_830_8,42,data/raw/20260731/20260731_1717_image268_sdw.jpg,20260731,5
39_456_9,39,data/raw/20260727/20260727_1730_image213_sup.jpg,20260727,4
43_821_7,43,data/raw/20260731/20260731_1717_image259_rot60.jpg,20260731,0
45_638_8,45,data/raw/20260731/20260731_1658_image75_sdw.jpg,20260731,11
53_1189_7,53,data/raw/20260804/20260804_1722_image346_rot60.jpg,20260804,4
5_285_9,5,data/raw/20260727/20260727_1709_image42_sup.jpg,20260727,0
49_957_9,49,data/raw/20260804/20260804_1702_image114_sup.jpg,20260804,17
50_1024_8,50,data/raw/20260804/20260804_1710_image181_sdw.jpg,20260804,15
45_918_8,45,data/raw/20260804/20260804_1659_image75_sdw.jpg,20260804,7
30_484_0,30,data/raw/20260727/20260727_1735_image241.jpg,20260727,0
44_523_4,44,data/raw/20260727/20260727_1738_image280_cup.jpg,20260727,15
2_540_6,2,data/raw/20260729/20260729_1659_image7_rot45.jpg,20260729,0
29_789_4,29,data/raw/20260731/20260731_1713_image226_cup.jpg,20260731,0
39_452_4,39,data/raw/20260727/20260727_1730_image209_cup.jpg,20260727,4
37_632_5,37,data/raw/20260731/20260731_1658_image69_rot30.jpg,20260731,4
20_679_7,20,data/raw/20260731/20260731_1701_image116_rot60.jpg,20260731,7
50_1028_0,50,data/raw/20260804/20260804_1710_image185.jpg,20260804,15
2_546_6,2,data/raw/20260729/20260729_1659_image13_rot45.jpg,20260729,0
45_917_1,45,data/raw/20260804/20260804_1659_image74_bdw.jpg,20260804,7
49_982_7,49,data/raw/20260804/20260804_1703_image139_rot60.jpg,20260804,17
33_851_7,33,data/raw/20260804/20260804_1651_image8_rot60.jpg,20260804,4
24_686_3,24,data/raw/20260731/20260731_1702_image123_cdw.jpg,20260731,0
28_782_0,28,data/raw/20260731/20260731_1713_image219.jpg,20260731,11
33_564_6,33,data/raw/20260731/20260731_1653_image1_rot45.jpg,20260731,8
28_772_6,28,data/raw/20260731/20260731_1712_image209_rot45.jpg,20260731,11
45_909_6,45,data/raw/20260804/20260804_1658_image66_rot45.jpg,20260804,7
19_379_1,19,data/raw/20260727/20260727_1720_image136_bdw.jpg,20260727,4
11_86_1,11,data/raw/20260715/20260715_1600_image65_bdw.jpg,20260715,4
19_151_7,19,data/raw/20260722/20260722_1743_image55_rot60.jpg,20260722,9
20_677_6,20,data/raw/20260731/20260731_1701_image114_rot45.jpg,20260731,7
19_894_6,19,data/raw/20260804/20260804_1655_image51_rot45.jpg,20260804,0
9_320_7,9,data/raw/20260727/20260727_1711_image77_rot60.jpg,20260727,4
35_323_5,35,data/raw/20260727/20260727_1712_image80_rot30.jpg,20260727,22
22_929_2,22,data/raw/20260804/20260804_1700_image86_bup.jpg,20260804,9
48_803_8,48,data/raw/20260731/20260731_1715_image241_sdw.jpg,20260731,4
48_1176_3,48,data/raw/20260804/20260804_1721_image333_cdw.jpg,20260804,0
9_319_5,9,data/raw/20260727/20260727_1711_image76_rot30.jpg,20260727,4
39_448_9,39,data/raw/20260727/20260727_1730_image205_sup.jpg,20260727,4
43_1201_9,43,data/raw/20260804/20260804_1722_image358_sup.jpg,20260804,0
20_670_3,20,data/raw/20260731/20260731_1701_image107_cdw.jpg,20260731,7
28_430_1,28,data/raw/20260727/20260727_1726_image187_bdw.jpg,20260727,15
30_531_4,30,data/raw/20260727/20260727_1739_image288_cup.jpg,20260727,0
19_377_6,19,data/raw/20260727/20260727_1720_image134_rot45.jpg,20260727,4
43_506_5,43,data/raw/20260727/20260727_1736_image263_rot30.jpg,20260727,2
22_860_5,22,data/raw/20260804/20260804_1652_image17_rot30.jpg,20260804,9
29_206_6,29,data/raw/20260722/20260722_1804_image110_rot45.jpg,20260722,0
51_1084_9,51,data/raw/20260804/20260804_1713_image241_sup.jpg,20260804,0
4_145_1,4,data/raw/20260722/20260722_1743_image49_bdw.jpg,20260722,2
39_729_1,39,data/raw/20260731/20260731_1707_image166_bdw.jpg,20260731,0
22_171_4,22,data/raw/20260722/20260722_1746_image75_cup.jpg,20260722,22
42_1224_4,42,data/raw/20260804/20260804_1724_image381_cup.jpg,20260804,1
17_127_4,17,data/raw/20260722/20260722_1702_image31_cup.jpg,20260722,17
52_1113_3,52,data/raw/20260804/20260804_1715_image270_cdw.jpg,20260804,10
12_97_2,12,data/raw/20260722/20260722_1656_image1_bup.jpg,20260722,16
17_120_8,17,data/raw/20260722/20260722_1700_image24_sdw.jpg,20260722,17
47_755_4,47,data/raw/20260731/20260731_1711_image192_cup.jpg,20260731,15
28_766_2,28,data/raw/20260731/20260731_1712_image203_bup.jpg,20260731,11
38_1125_3,38,data/raw/20260804/20260804_1716_image282_cdw.jpg,20260804,7
5_137_1,5,data/raw/20260722/20260722_1742_image41_bdw.jpg,20260722,5
29_791_0,29,data/raw/20260731/20260731_1713_image228.jpg,20260731,0
33_564_8,33,data/raw/20260731/20260731_1653_image1_sdw.jpg,20260731,8
28_421_2,28,data/raw/20260727/20260727_1725_image178_bup.jpg,20260727,15
40_736_4,40,data/raw/20260731/20260731_1708_image173_cup.jpg,20260731,2
37_923_3,37,data/raw/20260804/20260804_1659_image80_cdw.jpg,20260804,0
43_503_7,43,data/raw/20260727/20260727_1736_image260_rot60.jpg,20260727,2
29_1079_4,29,data/raw/20260804/20260804_1713_image236_cup.jpg,20260804,0
24_686_7,24,data/raw/20260731/20260731_1702_image123_rot60.jpg,20260731,0
8_60_5,8,data/raw/20260715/20260715_1556_image39_rot30.jpg,20260715,0
53_1189_5,53,data/raw/20260804/20260804_1722_image346_rot30.jpg,20260804,4
53_1192_4,53,data/raw/20260804/20260804_1722_image349_cup.jpg,20260804,4
20_350_9,20,data/raw/20260727/20260727_1714_image107_sup.jpg,20260727,11
42_830_2,42,data/raw/20260731/20260731_1717_image268_bup.jpg,20260731,5
19_303_9,19,data/raw/20260727/20260727_1710_image60_sup.jpg,20260727,4
27_195_6,27,data/raw/20260722/20260722_1803_image100_rot45.jpg,20260722,0
24_343_0,24,data/raw/20260727/20260727_1713_image100.jpg,20260727,3
53_1196_3,53,data/raw/20260804/20260804_1722_image353_cdw.jpg,20260804,4
45_915_7,45,data/raw/20260804/20260804_1659_image72_rot60.jpg,20260804,7
12_98_4,12,data/raw/20260722/20260722_1656_image2_cup.jpg,20260722,16
49_959_8,49,data/raw/20260804/20260804_1702_image116_sdw.jpg,20260804,17
28_770_3,28,data/raw/20260731/20260731_1712_image207_cdw.jpg,20260731,11
12_98_5,12,data/raw/20260722/20260722_1656_image2_rot30.jpg,20260722,16
44_520_8,44,data/raw/20260727/20260727_1737_image277_sdw.jpg,20260727,15
25_705_6,25,data/raw/20260731/20260731_1705_image142_rot45.jpg,20260731,0
38_1122_1,38,data/raw/20260804/20260804_1716_image279_bdw.jpg,20260804,7
28_1053_9,28,data/raw/20260804/20260804_1711_image210_sup.jpg,20260804,7
37_628_5,37,data/raw/20260731/20260731_1657_image65_rot30.jpg,20260731,4
24_348_5,24,data/raw/20260727/20260727_1713_image105_rot30.jpg,20260727,3
39_457_0,39,data/raw/20260727/20260727_1730_image214.jpg,20260727,4
45_640_4,45,data/raw/20260731/20260731_1658_image77_cup.jpg,20260731,11
28_766_6,28,data/raw/20260731/20260731_1712_image203_rot45.jpg,20260731,11
28_787_4,28,data/raw/20260731/20260731_1713_image224_cup.jpg,20260731,11
24_344_4,24,data/raw/20260727/20260727_1713_image101_cup.jpg,20260727,3
8_63_0,8,data/raw/20260715/20260715_1557_image42.jpg,20260715,0
25_184_7,25,data/raw/20260722/20260722_1802_image88_rot60.jpg,20260722,9
34_873_2,34,data/raw/20260804/20260804_1654_image30_bup.jpg,20260804,9
4_291_7,4,data/raw/20260727/20260727_1709_image48_rot60.jpg,20260727,0
2_562_4,2,data/raw/20260729/20260729_1701_image29_cup.jpg,20260729,0
2_230_2,2,data/raw/20260725/20260725_1759_image2_bup.jpg,20260725,4
8_162_5,8,data/raw/20260722/20260722_1744_image66_rot30.jpg,20260722,0
2_246_2,2,data/raw/20260727/20260727_1555_image2_bup.jpg,20260727,2
2_91_1,2,data/raw/20260720/20260720_1503_image3_bdw.jpg,20260720,9
14_747_9,14,data/raw/20260731/20260731_1710_image184_sup.jpg,20260731,15
38_1153_1,38,data/raw/20260804/20260804_1718_image310_bdw.jpg,20260804,7
28_1061_2,28,data/raw/20260804/20260804_1711_image218_bup.jpg,20260804,7
30_216_6,30,data/raw/20260722/20260722_1813_image120_rot45.jpg,20260722,5
25_380_9,25,data/raw/20260727/20260727_1722_image137_sup.jpg,20260727,4
2_255_4,2,data/raw/20260727/20260727_1556_image11_cup.jpg,20260727,2
24_1002_4,24,data/raw/20260804/20260804_1704_image159_cup.jpg,20260804,0
3_78_0,3,data/raw/20260715/20260715_1559_image57.jpg,20260715,0
33_857_3,33,data/raw/20260804/20260804_1652_image14_cdw.jpg,20260804,4
39_1157_8,39,data/raw/20260804/20260804_1719_image314_sdw.jpg,20260804,0
22_861_6,22,data/raw/20260804/20260804_1652_image18_rot45.jpg,20260804,9
24_1003_6,24,data/raw/20260804/20260804_1705_image160_rot45.jpg,20260804,0
28_201_3,28,data/raw/20260722/20260722_1803_image106_cdw.jpg,20260722,20
29_1072_1,29,data/raw/20260804/20260804_1712_image229_bdw.jpg,20260804,0
8_162_1,8,data/raw/20260722/20260722_1744_image66_bdw.jpg,20260722,0
38_409_0,38,data/raw/20260727/20260727_1724_image166.jpg,20260727,15
42_1215_3,42,data/raw/20260804/20260804_1723_image372_cdw.jpg,20260804,1
19_310_0,19,data/raw/20260727/20260727_1710_image67.jpg,20260727,4
38_1130_4,38,data/raw/20260804/20260804_1716_image287_cup.jpg,20260804,7
25_707_4,25,data/raw/20260731/20260731_1705_image144_cup.jpg,20260731,0
4_292_9,4,data/raw/20260727/20260727_1709_image49_sup.jpg,20260727,0
17_130_6,17,data/raw/20260722/20260722_1703_image34_rot45.jpg,20260722,17
28_199_0,28,data/raw/20260722/20260722_1803_image104.jpg,20260722,20
34_877_0,34,data/raw/20260804/20260804_1654_image34.jpg,20260804,9
34_296_9,34,data/raw/20260727/20260727_1710_image53_sup.jpg,20260727,17
40_1168_3,40,data/raw/20260804/20260804_1720_image325_cdw.jpg,20260804,0
24_683_7,24,data/raw/20260731/20260731_1702_image120_rot60.jpg,20260731,0
42_829_2,42,data/raw/20260731/20260731_1717_image267_bup.jpg,20260731,5
33_844_2,33,data/raw/20260804/20260804_1651_image1_bup.jpg,20260804,4
25_707_0,25,data/raw/20260731/20260731_1705_image144.jpg,20260731,0
9_321_7,9,data/raw/20260727/20260727_1711_image78_rot60.jpg,20260727,4
28_771_2,28,data/raw/20260731/20260731_1712_image208_bup.jpg,20260731,11
37_927_3,37,data/raw/20260804/20260804_1700_image84_cdw.jpg,20260804,0
7_47_3,7,data/raw/20260715/20260715_1555_image26_cdw.jpg,20260715,0
29_414_3,29,data/raw/20260727/20260727_1724_image171_cdw.jpg,20260727,0
21_312_0,21,data/raw/20260727/20260727_1711_image69.jpg,20260727,0
50_1016_8,50,data/raw/20260804/20260804_1709_image173_sdw.jpg,20260804,15
30_214_8,30,data/raw/20260722/20260722_1813_image118_sdw.jpg,20260722,5
52_1107_4,52,data/raw/20260804/20260804_1715_image264_cup.jpg,20260804,10
38_408_5,38,data/raw/20260727/20260727_1723_image165_rot30.jpg,20260727,15
22_861_9,22,data/raw/20260804/20260804_1652_image18_sup.jpg,20260804,9
52_1111_8,52,data/raw/20260804/20260804_1715_image268_sdw.jpg,20260804,10
43_1198_2,43,data/raw/20260804/20260804_1722_image355_bup.jpg,20260804,0
19_310_3,19,data/raw/20260727/20260727_1710_image67_cdw.jpg,20260727,4
4_279_9,4,data/raw/20260727/20260727_1709_image36_sup.jpg,20260727,0
22_613_1,22,data/raw/20260731/20260731_1656_image50_bdw.jpg,20260731,13
28_1058_3,28,data/raw/20260804/20260804_1711_image215_cdw.jpg,20260804,7
22_372_8,22,data/raw/20260727/20260727_1718_image129_sdw.jpg,20260727,17
22_863_2,22,data/raw/20260804/20260804_1653_image20_bup.jpg,20260804,9
19_590_3,19,data/raw/20260731/20260731_1654_image27_cdw.jpg,20260731,0
20_666_0,20,data/raw/20260731/20260731_1701_image103.jpg,20260731,7
2_230_3,2,data/raw/20260725/20260725_1759_image2_cdw.jpg,20260725,4
45_918_6,45,data/raw/20260804/20260804_1659_image75_rot45.jpg,20260804,7
28_420_0,28,data/raw/20260727/20260727_1725_image177.jpg,20260727,15
34_605_0,34,data/raw/20260731/20260731_1655_image42.jpg,20260731,13
11_84_1,11,data/raw/20260715/20260715_1600_image63_bdw.jpg,20260715,4
19_898_6,19,data/raw/20260804/20260804_1655_image55_rot45.jpg,20260804,0
25_1148_3,25,data/raw/20260804/20260804_1717_image305_cdw.jpg,20260804,0
19_579_7,19,data/raw/20260731/20260731_1654_image16_rot60.jpg,20260731,0
28_765_5,28,data/raw/20260731/20260731_1712_image202_rot30.jpg,20260731,11
30_484_5,30,data/raw/20260727/20260727_1735_image241_rot30.jpg,20260727,0
5_40_2,5,data/raw/20260715/20260715_1555_image19_bup.jpg,20260715,12
33_853_7,33,data/raw/20260804/20260804_1651_image10_rot60.jpg,20260804,4
40_739_6,40,data/raw/20260731/20260731_1709_image176_rot45.jpg,20260731,2
24_339_5,24,data/raw/20260727/20260727_1713_image96_rot30.jpg,20260727,3
37_620_9,37,data/raw/20260731/20260731_1656_image57_sup.jpg,20260731,4
19_901_5,19,data/raw/20260804/20260804_1655_image58_rot30.jpg,20260804,0
20_996_8,20,data/raw/20260804/20260804_1704_image153_sdw.jpg,20260804,3
33_854_4,33,data/raw/20260804/20260804_1651_image11_cup.jpg,20260804,4
24_1004_8,24,data/raw/20260804/20260804_1705_image161_sdw.jpg,20260804,0
2_538_3,2,data/raw/20260729/20260729_1659_image5_cdw.jpg,20260729,0
22_930_9,22,data/raw/20260804/20260804_1700_image87_sup.jpg,20260804,9
39_730_6,39,data/raw/20260731/20260731_1708_image167_rot45.jpg,20260731,0
15_112_0,15,data/raw/20260722/20260722_1658_image17.jpg,20260722,0
43_1209_8,43,data/raw/20260804/20260804_1723_image366_sdw.jpg,20260804,0
45_905_4,45,data/raw/20260804/20260804_1657_image62_cup.jpg,20260804,7
29_1065_5,29,data/raw/20260804/20260804_1712_image222_rot30.jpg,20260804,0
44_521_0,44,data/raw/20260727/20260727_1737_image278.jpg,20260727,15
5_136_9,5,data/raw/20260722/20260722_1742_image40_sup.jpg,20260722,5
36_357_3,36,data/raw/20260727/20260727_1716_image114_cdw.jpg,20260727,4
52_1103_7,52,data/raw/20260804/20260804_1715_image260_rot60.jpg,20260804,10
28_1052_1,28,data/raw/20260804/20260804_1711_image209_bdw.jpg,20260804,7
9_657_7,9,data/raw/20260731/20260731_1700_image94_rot60.jpg,20260731,0
29_1074_4,29,data/raw/20260804/20260804_1712_image231_cup.jpg,20260804,0
39_453_4,39,data/raw/20260727/20260727_1730_image210_cup.jpg,20260727,4
53_1186_5,53,data/raw/20260804/20260804_1722_image343_rot30.jpg,20260804,4
34_884_8,34,data/raw/20260804/20260804_1654_image41_sdw.jpg,20260804,9
5_287_2,5,data/raw/20260727/20260727_1709_image44_bup.jpg,20260727,0
19_897_2,19,data/raw/20260804/20260804_1655_image54_bup.jpg,20260804,0
50_1019_7,50,data/raw/20260804/20260804_1710_image176_rot60.jpg,20260804,15
9_155_2,9,data/raw/20260722/20260722_1743_image59_bup.jpg,20260722,9
14_443_2,14,data/raw/20260727/20260727_1727_image200_bup.jpg,20260727,4
10_81_5,10,data/raw/20260715/20260715_1600_image60_rot30.jpg,20260715,5
8_162_8,8,data/raw/20260722/20260722_1744_image66_sdw.jpg,20260722,0
28_422_7,28,data/raw/20260727/20260727_1725_image179_rot60.jpg,20260727,15
20_993_1,20,data/raw/20260804/20260804_1704_image150_bdw.jpg,20260804,3
51_1085_6,51,data/raw/20260804/20260804_1713_image242_rot45.jpg,20260804,0
14_442_2,14,data/raw/20260727/20260727_1727_image199_bup.jpg,20260727,4
2_546_2,2,data/raw/20260729/20260729_1659_image13_bup.jpg,20260729,0
19_891_2,19,data/raw/20260804/20260804_1655_image48_bup.jpg,20260804,0
49_981_3,49,data/raw/20260804/20260804_1703_image138_cdw.jpg,20260804,17
34_877_2,34,data/raw/20260804/20260804_1654_image34_bup.jpg,20260804,9
20_332_2,20,data/raw/20260727/20260727_1712_image89_bup.jpg,20260727,11
8_62_4,8,data/raw/20260715/20260715_1557_image41_cup.jpg,20260715,0
43_1213_2,43,data/raw/20260804/20260804_1723_image370_bup.jpg,20260804,0
8_65_4,8,data/raw/20260715/20260715_1557_image44_cup.jpg,20260715,0
43_1205_0,43,data/raw/20260804/20260804_1723_image362.jpg,20260804,0
24_341_1,24,data/raw/20260727/20260727_1713_image98_bdw.jpg,20260727,3
49_972_8,49,data/raw/20260804/20260804_1703_image129_sdw.jpg,20260804,17
9_320_0,9,data/raw/20260727/20260727_1711_image77.jpg,20260727,4
14_745_6,14,data/raw/20260731/20260731_1709_image182_rot45.jpg,20260731,15
25_711_2,25,data/raw/20260731/20260731_1706_image148_bup.jpg,20260731,0
39_728_1,39,data/raw/20260731/20260731_1707_image165_bdw.jpg,20260731,0
39_473_7,39,data/raw/20260727/20260727_1731_image230_rot60.jpg,20260727,4
40_1168_2,40,data/raw/20260804/20260804_1720_image325_bup.jpg,20260804,0
8_161_7,8,data/raw/20260722/20260722_1744_image65_rot60.jpg,20260722,0
51_1084_5,51,data/raw/20260804/20260804_1713_image241_rot30.jpg,20260804,0
20_175_4,20,data/raw/20260722/20260722_1757_image79_cup.jpg,20260722,5
47_1101_2,47,data/raw/20260804/20260804_1714_image258_bup.jpg,20260804,11
20_673_6,20,data/raw/20260731/20260731_1701_image110_rot45.jpg,20260731,7
37_920_1,37,data/raw/20260804/20260804_1659_image77_bdw.jpg,20260804,0
43_501_3,43,data/raw/20260727/20260727_1736_image258_cdw.jpg,20260727,2
48_1176_4,48,data/raw/20260804/20260804_1721_image333_cup.jpg,20260804,0
3_29_1,3,data/raw/20260715/20260715_1554_image3_bdw.jpg,20260715,0
5_135_2,5,data/raw/20260722/20260722_1742_image39_bup.jpg,20260722,5
37_617_5,37,data/raw/20260731/20260731_1656_image54_rot30.jpg,20260731,4
38_716_4,38,data/raw/20260731/20260731_1706_image153_cup.jpg,20260731,11
20_671_8,20,data/raw/20260731/20260731_1701_image108_sdw.jpg,20260731,7
53_1195_9,53,data/raw/20260804/20260804_1722_image352_sup.jpg,20260804,4
38_1122_7,38,data/raw/20260804/20260804_1716_image279_rot60.jpg,20260804,7
3_22_6,3,data/raw/20260715/20260715_1554_image1_rot45.jpg,20260715,0
43_500_5,43,data/raw/20260727/20260727_1736_image257_rot30.jpg,20260727,2
9_315_5,9,data/raw/20260727/20260727_1711_image72_rot30.jpg,20260727,4
2_559_2,2,data/raw/20260729/20260729_1700_image26_bup.jpg,20260729,0
16_114_3,16,data/raw/20260722/20260722_1659_image18_cdw.jpg,20260722,8
19_586_1,19,data/raw/20260731/20260731_1654_image23_bdw.jpg,20260731,0
28_1061_7,28,data/raw/20260804/20260804_1711_image218_rot60.jpg,20260804,7
19_590_8,19,data/raw/20260731/20260731_1654_image27_sdw.jpg,20260731,0
28_772_3,28,data/raw/20260731/20260731_1712_image209_cdw.jpg,20260731,11
9_155_4,9,data/raw/20260722/20260722_1743_image59_cup.jpg,20260722,9
25_382_5,25,data/raw/20260727/20260727_1722_image139_rot30.jpg,20260727,4
49_981_9,49,data/raw/20260804/20260804_1703_image138_sup.jpg,20260804,17
34_598_8,34,data/raw/20260731/20260731_1655_image35_sdw.jpg,20260731,13
28_425_8,28,data/raw/20260727/20260727_1725_image182_sdw.jpg,20260727,15
39_1164_9,39,data/raw/20260804/20260804_1719_image321_sup.jpg,20260804,0
4_27_9,4,data/raw/20260715/20260715_1554_image14_sup.jpg,20260715,9
20_676_4,20,data/raw/20260731/20260731_1701_image113_cup.jpg,20260731,7
18_132_6,18,data/raw/20260722/20260722_1742_image36_rot45.jpg,20260722,5
13_109_9,13,data/raw/20260722/20260722_1658_image14_sup.jpg,20260722,8
50_1019_0,50,data/raw/20260804/20260804_1710_image176.jpg,20260804,15
9_73_3,9,data/raw/20260715/20260715_1557_image52_cdw.jpg,20260715,16
42_1224_1,42,data/raw/20260804/20260804_1724_image381_bdw.jpg,20260804,1
39_464_7,39,data/raw/20260727/20260727_1730_image221_rot60.jpg,20260727,4
38_1138_3,38,data/raw/20260804/20260804_1717_image295_cdw.jpg,20260804,7
25_1144_0,25,data/raw/20260804/20260804_1717_image301.jpg,20260804,0
50_1026_5,50,data/raw/20260804/20260804_1710_image183_rot30.jpg,20260804,15
39_464_1,39,data/raw/20260727/20260727_1730_image221_bdw.jpg,20260727,4
33_852_2,33,data/raw/20260804/20260804_1651_image9_bup.jpg,20260804,4
30_215_1,30,data/raw/20260722/20260722_1813_image119_bdw.jpg,20260722,5
34_599_8,34,data/raw/20260731/20260731_1655_image36_sdw.jpg,20260731,13
47_758_9,47,data/raw/20260731/20260731_1711_image195_sup.jpg,20260731,15
49_980_7,49,data/raw/20260804/20260804_1703_image137_rot60.jpg,20260804,17
37_618_1,37,data/raw/20260731/20260731_1656_image55_bdw.jpg,20260731,4
22_372_9,22,data/raw/20260727/20260727_1718_image129_sup.jpg,20260727,17
15_112_6,15,data/raw/20260722/20260722_1658_image17_rot45.jpg,20260722,0
25_186_2,25,data/raw/20260722/20260722_1802_image90_bup.jpg,20260722,9
22_929_7,22,data/raw/20260804/20260804_1700_image86_rot60.jpg,20260804,9
24_1010_2,24,data/raw/20260804/20260804_1705_image167_bup.jpg,20260804,0
20_678_0,20,data/raw/20260731/20260731_1701_image115.jpg,20260731,7
20_167_4,20,data/raw/20260722/20260722_1744_image71_cup.jpg,20260722,16
22_866_8,22,data/raw/20260804/20260804_1653_image23_sdw.jpg,20260804,9
9_70_0,9,data/raw/20260715/20260715_1557_image49.jpg,20260715,16
37_622_1,37,data/raw/20260731/20260731_1657_image59_bdw.jpg,20260731,4
43_1210_5,43,data/raw/20260804/20260804_1723_image367_rot30.jpg,20260804,0
34_607_4,34,data/raw/20260731/20260731_1656_image44_cup.jpg,20260731,13
20_163_0,20,data/raw/20260722/20260722_1744_image67.jpg,20260722,16
24_181_1,24,data/raw/20260722/20260722_1758_image85_bdw.jpg,20260722,8
9_650_2,9,data/raw/20260731/20260731_1659_image87_bup.jpg,20260731,0
15_111_5,15,data/raw/20260722/20260722_1658_image16_rot30.jpg,20260722,0
26_395_6,26,data/raw/20260727/20260727_1722_image152_rot45.jpg,20260727,0
12_98_6,12,data/raw/20260722/20260722_1656_image2_rot45.jpg,20260722,16
4_35_0,4,data/raw/20260715/20260715_1554_image9.jpg,20260715,9
45_911_9,45,data/raw/20260804/20260804_1658_image68_sup.jpg,20260804,7
28_781_0,28,data/raw/20260731/20260731_1713_image218.jpg,20260731,11
20_669_1,20,data/raw/20260731/20260731_1701_image106_bdw.jpg,20260731,7
19_311_5,19,data/raw/20260727/20260727_1711_image68_rot30.jpg,20260727,4
39_1166_3,39,data/raw/20260804/20260804_1719_image323_cdw.jpg,20260804,0
50_1038_0,50,data/raw/20260804/20260804_1711_image195.jpg,20260804,15
28_1056_3,28,data/raw/20260804/20260804_1711_image213_cdw.jpg,20260804,7
22_636_4,22,data/raw/20260731/20260731_1658_image73_cup.jpg,20260731,13
34_601_1,34,data/raw/20260731/20260731_1655_image38_bdw.jpg,20260731,13
8_159_2,8,data/raw/20260722/20260722_1744_image63_bup.jpg,20260722,0
20_999_8,20,data/raw/20260804/20260804_1704_image156_sdw.jpg,20260804,3
12_97_1,12,data/raw/20260722/20260722_1656_image1_bdw.jpg,20260722,16
14_437_0,14,data/raw/20260727/20260727_1726_image194.jpg,20260727,4
19_892_5,19,data/raw/20260804/20260804_1655_image49_rot30.jpg,20260804,0
2_14_8,2,data/raw/20260714/20260714_1016_image1_sdw.jpg,20260714,15
51_1087_3,51,data/raw/20260804/20260804_1713_image244_cdw.jpg,20260804,0
1_4_0,1,data/raw/20260712/20260712_0854_image4.jpg,20260712,3
38_720_5,38,data/raw/20260731/20260731_1706_image157_rot30.jpg,20260731,11
26_391_1,26,data/raw/20260727/20260727_1722_image148_bdw.jpg,20260727,0
24_182_5,24,data/raw/20260722/20260722_1758_image86_rot30.jpg,20260722,8
20_940_3,20,data/raw/20260804/20260804_1701_image97_cdw.jpg,20260804,3
30_221_8,30,data/raw/20260722/20260722_1814_image125_sdw.jpg,20260722,5
28_1050_6,28,data/raw/20260804/20260804_1711_image207_rot45.jpg,20260804,7
19_584_5,19,data/raw/20260731/20260731_1654_image21_rot30.jpg,20260731,0
43_1212_2,43,data/raw/20260804/20260804_1723_image369_bup.jpg,20260804,0
33_856_5,33,data/raw/20260804/20260804_1652_image13_rot30.jpg,20260804,4
40_1173_1,40,data/raw/20260804/20260804_1720_image330_bdw.jpg,20260804,0
19_308_2,19,data/raw/20260727/20260727_1710_image65_bup.jpg,20260727,4
36_359_2,36,data/raw/20260727/20260727_1716_image116_bup.jpg,20260727,4
28_1054_4,28,data/raw/20260804/20260804_1711_image211_cup.jpg,20260804,7
52_1107_7,52,data/raw/20260804/20260804_1715_image264_rot60.jpg,20260804,10
39_1162_6,39,data/raw/20260804/20260804_1719_image319_rot45.jpg,20260804,0
2_233_0,2,data/raw/20260725/20260725_1759_image5.jpg,20260725,4
45_644_0,45,data/raw/20260731/20260731_1659_image81.jpg,20260731,11
31_220_8,31,data/raw/20260722/20260722_1814_image124_sdw.jpg,20260722,5
46_699_2,46,data/raw/20260731/20260731_1703_image136_bup.jpg,20260731,2
28_768_8,28,data/raw/20260731/20260731_1712_image205_sdw.jpg,20260731,11
9_320_3,9,data/raw/20260727/20260727_1711_image77_cdw.jpg,20260727,4
24_686_9,24,data/raw/20260731/20260731_1702_image123_sup.jpg,20260731,0
20_163_8,20,data/raw/20260722/20260722_1744_image67_sdw.jpg,20260722,16
43_504_3,43,data/raw/20260727/20260727_1736_image261_cdw.jpg,20260727,2
20_988_3,20,data/raw/20260804/20260804_1704_image145_cdw.jpg,20260804,3
22_171_5,22,data/raw/20260722/20260722_1746_image75_rot30.jpg,20260722,22
47_1099_2,47,data/raw/20260804/20260804_1714_image256_bup.jpg,20260804,11
14_437_8,14,data/raw/20260727/20260727_1726_image194_sdw.jpg,20260727,4
49_963_9,49,data/raw/20260804/20260804_1703_image120_sup.jpg,20260804,17
43_1202_8,43,data/raw/20260804/20260804_1722_image359_sdw.jpg,20260804,0
29_205_2,29,data/raw/20260722/20260722_1804_image109_bup.jpg,20260722,0
24_1007_4,24,data/raw/20260804/20260804_1705_image164_cup.jpg,20260804,0
25_711_1,25,data/raw/20260731/20260731_1706_image148_bdw.jpg,20260731,0
14_440_5,14,data/raw/20260727/20260727_1727_image197_rot30.jpg,20260727,4
34_595_8,34,data/raw/20260731/20260731_1655_image32_sdw.jpg,20260731,13
38_401_5,38,data/raw/20260727/20260727_1723_image158_rot30.jpg,20260727,15
2_89_8,2,data/raw/20260720/20260720_1503_image1_sdw.jpg,20260720,9
52_1108_7,52,data/raw/20260804/20260804_1715_image265_rot60.jpg,20260804,10
34_888_8,34,data/raw/20260804/20260804_1654_image45_sdw.jpg,20260804,9
39_446_0,39,data/raw/20260727/20260727_1730_image203.jpg,20260727,4
34_610_5,34,data/raw/20260731/20260731_1656_image47_rot30.jpg,20260731,13
2_19_4,2,data/raw/20260714/20260714_1017_image6_cup.jpg,20260714,15
38_1128_8,38,data/raw/20260804/20260804_1716_image285_sdw.jpg,20260804,7
25_1147_6,25,data/raw/20260804/20260804_1717_image304_rot45.jpg,20260804,0
1_9_4,1,data/raw/20260712/20260712_0855_image13_cup.jpg,20260712,3
38_398_4,38,data/raw/20260727/20260727_1723_image155_cup.jpg,20260727,15
2_248_3,2,data/raw/20260727/20260727_1555_image4_cdw.jpg,20260727,2
34_295_5,34,data/raw/20260727/20260727_1710_image52_rot30.jpg,20260727,17
47_1101_7,47,data/raw/20260804/20260804_1714_image258_rot60.jpg,20260804,11
45_642_5,45,data/raw/20260731/20260731_1659_image79_rot30.jpg,20260731,11
34_299_4,34,data/raw/20260727/20260727_1710_image56_cup.jpg,20260727,17
39_731_3,39,data/raw/20260731/20260731_1708_image168_cdw.jpg,20260731,0
42_836_7,42,data/raw/20260731/20260731_1717_image274_rot60.jpg,20260731,5
30_486_1,30,data/raw/20260727/20260727_1735_image243_bdw.jpg,20260727,0
14_441_6,14,data/raw/20260727/20260727_1727_image198_rot45.jpg,20260727,4
8_60_3,8,data/raw/20260715/20260715_1556_image39_cdw.jpg,20260715,0
28_1047_4,28,data/raw/20260804/20260804_1711_image204_cup.jpg,20260804,7
34_604_5,34,data/raw/20260731/20260731_1655_image41_rot30.jpg,20260731,13
38_1137_7,38,data/raw/20260804/20260804_1717_image294_rot60.jpg,20260804,7
7_50_2,7,data/raw/20260715/20260715_1556_image29_bup.jpg,20260715,0
19_900_7,19,data/raw/20260804/20260804_1655_image57_rot60.jpg,20260804,0
26_396_4,26,data/raw/20260727/20260727_1722_image153_cup.jpg,20260727,0
35_323_0,35,data/raw/20260727/20260727_1712_image80.jpg,20260727,22
9_652_0,9,data/raw/20260731/20260731_1700_image89.jpg,20260731,0
36_366_9,36,data/raw/20260727/20260727_1717_image123_sup.jpg,20260727,4
2_541_4,2,data/raw/20260729/20260729_1659_image8_cup.jpg,20260729,0
44_521_2,44,data/raw/20260727/20260727_1737_image278_bup.jpg,20260727,15
48_1174_6,48,data/raw/20260804/20260804_1721_image331_rot45.jpg,20260804,0
50_1038_3,50,data/raw/20260804/20260804_1711_image195_cdw.jpg,20260804,15
49_968_8,49,data/raw/20260804/20260804_1703_image125_sdw.jpg,20260804,17
34_609_6,34,data/raw/20260731/20260731_1656_image46_rot45.jpg,20260731,13
17_123_9,17,data/raw/20260722/20260722_1700_image27_sup.jpg,20260722,17
20_990_9,20,data/raw/20260804/20260804_1704_image147_sup.jpg,20260804,3
25_204_1,25,data/raw/20260722/20260722_1803_image99_bdw.jpg,20260722,9
43_815_9,43,data/raw/20260731/20260731_1716_image253_sup.jpg,20260731,0
14_439_8,14,data/raw/20260727/20260727_1727_image196_sdw.jpg,20260727,4
45_643_2,45,data/raw/20260731/20260731_1659_image80_bup.jpg,20260731,11
5_36_8,5,data/raw/20260715/20260715_1555_image15_sdw.jpg,20260715,12
39_463_2,39,data/raw/20260727/20260727_1730_image220_bup.jpg,20260727,4
29_1066_0,29,data/raw/20260804/20260804_1712_image223.jpg,20260804,0
34_593_7,34,data/raw/20260731/20260731_1655_image30_rot60.jpg,20260731,13
52_1113_6,52,data/raw/20260804/20260804_1715_image270_rot45.jpg,20260804,10
40_1173_7,40,data/raw/20260804/20260804_1720_image330_rot60.jpg,20260804,0
36_364_2,36,data/raw/20260727/20260727_1717_image121_bup.jpg,20260727,4
28_768_9,28,data/raw/20260731/20260731_1712_image205_sup.jpg,20260731,11
36_359_6,36,data/raw/20260727/20260727_1716_image116_rot45.jpg,20260727,4
39_463_4,39,data/raw/20260727/20260727_1730_image220_cup.jpg,20260727,4
28_774_4,28,data/raw/20260731/20260731_1712_image211_cup.jpg,20260731,11
38_1139_4,38,data/raw/20260804/20260804_1717_image296_cup.jpg,20260804,7
37_625_1,37,data/raw/20260731/20260731_1657_image62_bdw.jpg,20260731,4
2_237_1,2,data/raw/20260726/20260726_1336_image3_bdw.jpg,20260726,3
20_1013_7,20,data/raw/20260804/20260804_1705_image170_rot60.jpg,20260804,3
28_424_3,28,data/raw/20260727/20260727_1725_image181_cdw.jpg,20260727,15
25_381_6,25,data/raw/20260727/20260727_1722_image138_rot45.jpg,20260727,4
25_188_7,25,data/raw/20260722/20260722_1802_image92_rot60.jpg,20260722,9
38_411_8,38,data/raw/20260727/20260727_1724_image168_sdw.jpg,20260727,15
37_370_5,37,data/raw/20260727/20260727_1717_image127_rot30.jpg,20260727,8
4_25_5,4,data/raw/20260715/20260715_1554_image12_rot30.jpg,20260715,9
28_1062_8,28,data/raw/20260804/20260804_1712_image219_sdw.jpg,20260804,7
2_244_9,2,data/raw/20260726/20260726_1337_image10_sup.jpg,20260726,3
28_767_8,28,data/raw/20260731/20260731_1712_image204_sdw.jpg,20260731,11
19_588_8,19,data/raw/20260731/20260731_1654_image25_sdw.jpg,20260731,0
52_1106_6,52,data/raw/20260804/20260804_1715_image263_rot45.jpg,20260804,10
20_680_9,20,data/raw/20260731/20260731_1701_image117_sup.jpg,20260731,7
44_523_9,44,data/raw/20260727/20260727_1738_image280_sup.jpg,20260727,15
20_675_8,20,data/raw/20260731/20260731_1701_image112_sdw.jpg,20260731,7
35_326_7,35,data/raw/20260727/20260727_1712_image83_rot60.jpg,20260727,22
47_1094_8,47,data/raw/20260804/20260804_1714_image251_sdw.jpg,20260804,11
14_749_4,14,data/raw/20260731/20260731_1710_image186_cup.jpg,20260731,15
19_148_8,19,data/raw/20260722/20260722_1743_image52_sdw.jpg,20260722,9
40_736_5,40,data/raw/20260731/20260731_1708_image173_rot30.jpg,20260731,2
42_840_4,42,data/raw/20260731/20260731_1718_image278_cup.jpg,20260731,5
31_220_1,31,data/raw/20260722/20260722_1814_image124_bdw.jpg,20260722,5
42_1225_9,42,data/raw/20260804/20260804_1724_image382_sup.jpg,20260804,1
40_466_0,40,data/raw/20260727/20260727_1731_image223.jpg,20260727,6
24_181_0,24,data/raw/20260722/20260722_1758_image85.jpg,20260722,8
22_613_6,22,data/raw/20260731/20260731_1656_image50_rot45.jpg,20260731,13
43_1203_5,43,data/raw/20260804/20260804_1723_image360_rot30.jpg,20260804,0
28_762_1,28,data/raw/20260731/20260731_1711_image199_bdw.jpg,20260731,11
38_1123_4,38,data/raw/20260804/20260804_1716_image280_cup.jpg,20260804,7
38_1139_0,38,data/raw/20260804/20260804_1717_image296.jpg,20260804,7
49_975_1,49,data/raw/20260804/20260804_1703_image132_bdw.jpg,20260804,17
24_1003_8,24,data/raw/20260804/20260804_1705_image160_sdw.jpg,20260804,0
4_281_9,4,data/raw/20260727/20260727_1709_image38_sup.jpg,20260727,0
42_497_9,42,data/raw/20260727/20260727_1736_image254_sup.jpg,20260727,9
20_176_3,20,data/raw/20260722/20260722_1757_image80_cdw.jpg,20260722,5
43_1212_6,43,data/raw/20260804/20260804_1723_image369_rot45.jpg,20260804,0
18_263_2,18,data/raw/20260727/20260727_1707_image19_bup.jpg,20260727,0
25_385_8,25,data/raw/20260727/20260727_1722_image142_sdw.jpg,20260727,4
32_207_6,32,data/raw/20260722/20260722_1807_image111_rot45.jpg,20260722,12
24_1008_7,24,data/raw/20260804/20260804_1705_image165_rot60.jpg,20260804,0
38_1128_4,38,data/raw/20260804/20260804_1716_image285_cup.jpg,20260804,7
20_164_5,20,data/raw/20260722/20260722_1744_image68_rot30.jpg,20260722,16
26_397_2,26,data/raw/20260727/20260727_1723_image154_bup.jpg,20260727,0
24_684_4,24,data/raw/20260731/20260731_1702_image121_cup.jpg,20260731,0
2_249_5,2,data/raw/20260727/20260727_1555_image5_rot30.jpg,20260727,2
51_1089_5,51,data/raw/20260804/20260804_1713_image246_rot30.jpg,20260804,0
28_761_3,28,data/raw/20260731/20260731_1711_image198_cdw.jpg,20260731,11
43_501_9,43,data/raw/20260727/20260727_1736_image258_sup.jpg,20260727,2
20_935_2,20,data/raw/20260804/20260804_1701_image92_bup.jpg,20260804,3
34_298_0,34,data/raw/20260727/20260727_1710_image55.jpg,20260727,17
20_945_2,20,data/raw/20260804/20260804_1701_image102_bup.jpg,20260804,3
28_778_8,28,data/raw/20260731/20260731_1713_image215_sdw.jpg,20260731,11
24_354_0,24,data/raw/20260727/20260727_1714_image111.jpg,20260727,3
28_760_7,28,data/raw/20260731/20260731_1711_image197_rot60.jpg,20260731,11
40_468_9,40,data/raw/20260727/20260727_1731_image225_sup.jpg,20260727,6
45_646_0,45,data/raw/20260731/20260731_1659_image83.jpg,20260731,11
17_127_6,17,data/raw/20260722/20260722_1702_image31_rot45.jpg,20260722,17
7_52_9,7,data/raw/20260715/20260715_1556_image31_sup.jpg,20260715,0
18_132_5,18,data/raw/20260722/20260722_1742_image36_rot30.jpg,20260722,5
28_1050_1,28,data/raw/20260804/20260804_1711_image207_bdw.jpg,20260804,7
20_352_0,20,data/raw/20260727/20260727_1714_image109.jpg,20260727,11
20_664_2,20,data/raw/20260731/20260731_1700_image101_bup.jpg,20260731,7
8_161_3,8,data/raw/20260722/20260722_1744_image65_cdw.jpg,20260722,0
33_269_6,33,data/raw/20260727/20260727_1708_image25_rot45.jpg,20260727,12
33_570_7,33,data/raw/20260731/20260731_1653_image7_rot60.jpg,20260731,8
34_887_2,34,data/raw/20260804/20260804_1654_image44_bup.jpg,20260804,9
6_56_5,6,data/raw/20260715/20260715_1556_image35_rot30.jpg,20260715,5
9_73_8,9,data/raw/20260715/20260715_1557_image52_sdw.jpg,20260715,16
40_1172_7,40,data/raw/20260804/20260804_1720_image329_rot60.jpg,20260804,0
39_735_9,39,data/raw/20260731/20260731_1708_image172_sup.jpg,20260731,0
20_1014_0,20,data/raw/20260804/20260804_1705_image171.jpg,20260804,3
24_182_4,24,data/raw/20260722/20260722_1758_image86_cup.jpg,20260722,8
39_464_6,39,data/raw/20260727/20260727_1730_image221_rot45.jpg,20260727,4
9_954_6,9,data/raw/20260804/20260804_1702_image111_rot45.jpg,20260804,0
12_104_3,12,data/raw/20260722/20260722_1657_image8_cdw.jpg,20260722,16
32_208_7,32,data/raw/20260722/20260722_1807_image112_rot60.jpg,20260722,12
25_1141_7,25,data/raw/20260804/20260804_1717_image298_rot60.jpg,20260804,0
48_803_3,48,data/raw/20260731/20260731_1715_image241_cdw.jpg,20260731,4
19_149_4,19,data/raw/20260722/20260722_1743_image53_cup.jpg,20260722,9
19_310_2,19,data/raw/20260727/20260727_1710_image67_bup.jpg,20260727,4
26_189_3,26,data/raw/20260722/20260722_1802_image93_cdw.jpg,20260722,5
47_1098_0,47,data/raw/20260804/20260804_1714_image255.jpg,20260804,11
20_175_6,20,data/raw/20260722/20260722_1757_image79_rot45.jpg,20260722,5
2_252_3,2,data/raw/20260727/20260727_1555_image8_cdw.jpg,20260727,2
22_172_5,22,data/raw/20260722/20260722_1746_image76_rot30.jpg,20260722,22
24_683_1,24,data/raw/20260731/20260731_1702_image120_bdw.jpg,20260731,0
20_996_4,20,data/raw/20260804/20260804_1704_image153_cup.jpg,20260804,3
38_411_0,38,data/raw/20260727/20260727_1724_image168.jpg,20260727,15
33_570_1,33,data/raw/20260731/20260731_1653_image7_bdw.jpg,20260731,8
15_110_9,15,data/raw/20260722/20260722_1658_image15_sup.jpg,20260722,0
9_655_1,9,data/raw/20260731/20260731_1700_image92_bdw.jpg,20260731,0
18_131_8,18,data/raw/20260722/20260722_1742_image35_sdw.jpg,20260722,5
2_96_9,2,data/raw/20260720/20260720_1504_image8_sup.jpg,20260720,9
19_377_2,19,data/raw/20260727/20260727_1720_image134_bup.jpg,20260727,4
29_1079_9,29,data/raw/20260804/20260804_1713_image236_sup.jpg,20260804,0
50_1041_8,50,data/raw/20260804/20260804_1711_image198_sdw.jpg,20260804,15
47_1097_3,47,data/raw/20260804/20260804_1714_image254_cdw.jpg,20260804,11
38_399_5,38,data/raw/20260727/20260727_1723_image156_rot30.jpg,20260727,15
40_740_7,40,data/raw/20260731/20260731_1709_image177_rot60.jpg,20260731,2
24_354_1,24,data/raw/20260727/20260727_1714_image111_bdw.jpg,20260727,3
19_311_1,19,data/raw/20260727/20260727_1711_image68_bdw.jpg,20260727,4
28_428_8,28,data/raw/20260727/20260727_1725_image185_sdw.jpg,20260727,15
25_188_1,25,data/raw/20260722/20260722_1802_image92_bdw.jpg,20260722,9
38_1132_9,38,data/raw/20260804/20260804_1717_image289_sup.jpg,20260804,7
14_750_6,14,data/raw/20260731/20260731_1710_image187_rot45.jpg,20260731,15
9_152_8,9,data/raw/20260722/20260722_1743_image56_sdw.jpg,20260722,9
20_1013_4,20,data/raw/20260804/20260804_1705_image170_cup.jpg,20260804,3
19_579_4,19,data/raw/20260731/20260731_1654_image16_cup.jpg,20260731,0
16_116_9,16,data/raw/20260722/20260722_1659_image20_sup.jpg,20260722,8
43_503_0,43,data/raw/20260727/20260727_1736_image260.jpg,20260727,2
52_1116_0,52,data/raw/20260804/20260804_1716_image273.jpg,20260804,10
33_571_3,33,data/raw/20260731/20260731_1653_image8_cdw.jpg,20260731,8
33_566_9,33,data/raw/20260731/20260731_1653_image3_sup.jpg,20260731,8
38_1126_1,38,data/raw/20260804/20260804_1716_image283_bdw.jpg,20260804,7
43_505_7,43,data/raw/20260727/20260727_1736_image262_rot60.jpg,20260727,2
1_4_8,1,data/raw/20260712/20260712_0854_image4_sdw.jpg,20260712,3
50_1027_6,50,data/raw/20260804/20260804_1710_image184_rot45.jpg,20260804,15
38_1123_9,38,data/raw/20260804/20260804_1716_image280_sup.jpg,20260804,7
34_887_0,34,data/raw/20260804/20260804_1654_image44.jpg,20260804,9
8_61_7,8,data/raw/20260715/20260715_1556_image40_rot60.jpg,20260715,0
9_156_8,9,data/raw/20260722/20260722_1743_image60_sdw.jpg,20260722,9
20_677_4,20,data/raw/20260731/20260731_1701_image114_cup.jpg,20260731,7
46_693_4,46,data/raw/20260731/20260731_1703_image130_cup.jpg,20260731,2
37_619_1,37,data/raw/20260731/20260731_1656_image56_bdw.jpg,20260731,4
2_90_7,2,data/raw/20260720/20260720_1503_image2_rot60.jpg,20260720,9
18_260_6,18,data/raw/20260727/20260727_1707_image16_rot45.jpg,20260727,0
48_805_8,48,data/raw/20260731/20260731_1716_image243_sdw.jpg,20260731,4
45_905_2,45,data/raw/20260804/20260804_1657_image62_bup.jpg,20260804,7
52_1117_4,52,data/raw/20260804/20260804_1716_image274_cup.jpg,20260804,10
22_612_0,22,data/raw/20260731/20260731_1656_image49.jpg,20260731,13
13_108_6,13,data/raw/20260722/20260722_1658_image13_rot45.jpg,20260722,8
33_850_5,33,data/raw/20260804/20260804_1651_image7_rot30.jpg,20260804,4
39_454_8,39,data/raw/20260727/20260727_1730_image211_sdw.jpg,20260727,4
50_1025_0,50,data/raw/20260804/20260804_1710_image182.jpg,20260804,15
2_553_0,2,data/raw/20260729/20260729_1700_image20.jpg,20260729,0
28_421_0,28,data/raw/20260727/20260727_1725_image178.jpg,20260727,15
44_514_7,44,data/raw/20260727/20260727_1737_image271_rot60.jpg,20260727,15
20_674_4,20,data/raw/20260731/20260731_1701_image111_cup.jpg,20260731,7
14_746_1,14,data/raw/20260731/20260731_1710_image183_bdw.jpg,20260731,15
16_114_0,16,data/raw/20260722/20260722_1659_image18.jpg,20260722,8
28_200_4,28,data/raw/20260722/20260722_1803_image105_cup.jpg,20260722,20
28_1042_1,28,data/raw/20260804/20260804_1711_image199_bdw.jpg,20260804,7
20_997_1,20,data/raw/20260804/20260804_1704_image154_bdw.jpg,20260804,3
38_1131_4,38,data/raw/20260804/20260804_1716_image288_cup.jpg,20260804,7
33_565_9,33,data/raw/20260731/20260731_1653_image2_sup.jpg,20260731,8
33_851_2,33,data/raw/20260804/20260804_1651_image8_bup.jpg,20260804,4
39_447_7,39,data/raw/20260727/20260727_1730_image204_rot60.jpg,20260727,4
25_204_0,25,data/raw/20260722/20260722_1803_image99.jpg,20260722,9
22_929_6,22,data/raw/20260804/20260804_1700_image86_rot45.jpg,20260804,9
28_419_4,28,data/raw/20260727/20260727_1725_image176_cup.jpg,20260727,15
2_555_3,2,data/raw/20260729/20260729_1700_image22_cdw.jpg,20260729,0
28_773_4,28,data/raw/20260731/20260731_1712_image210_cup.jpg,20260731,11
24_354_3,24,data/raw/20260727/20260727_1714_image111_cdw.jpg,20260727,3
38_724_7,38,data/raw/20260731/20260731_1707_image161_rot60.jpg,20260731,11
42_832_2,42,data/raw/20260731/20260731_1717_image270_bup.jpg,20260731,5
20_680_6,20,data/raw/20260731/20260731_1701_image117_rot45.jpg,20260731,7
25_712_4,25,data/raw/20260731/20260731_1706_image149_cup.jpg,20260731,0
28_1063_4,28,data/raw/20260804/20260804_1712_image220_cup.jpg,20260804,7
37_924_3,37,data/raw/20260804/20260804_1659_image81_cdw.jpg,20260804,0
32_208_8,32,data/raw/20260722/20260722_1807_image112_sdw.jpg,20260722,12
12_98_3,12,data/raw/20260722/20260722_1656_image2_cdw.jpg,20260722,16
43_1199_9,43,data/raw/20260804/20260804_1722_image356_sup.jpg,20260804,0
37_628_7,37,data/raw/20260731/20260731_1657_image65_rot60.jpg,20260731,4
33_265_4,33,data/raw/20260727/20260727_1707_image21_cup.jpg,20260727,12
9_649_8,9,data/raw/20260731/20260731_1659_image86_sdw.jpg,20260731,0
48_1178_1,48,data/raw/20260804/20260804_1721_image335_bdw.jpg,20260804,0
1_9_0,1,data/raw/20260712/20260712_0855_image13.jpg,20260712,3
20_936_4,20,data/raw/20260804/20260804_1701_image93_cup.jpg,20260804,3
25_1150_1,25,data/raw/20260804/20260804_1718_image307_bdw.jpg,20260804,0
42_828_7,42,data/raw/20260731/20260731_1717_image266_rot60.jpg,20260731,5
9_74_8,9,data/raw/20260715/20260715_1558_image53_sdw.jpg,20260715,16
25_701_1,25,data/raw/20260731/20260731_1705_image138_bdw.jpg,20260731,0
19_303_0,19,data/raw/20260727/20260727_1710_image60.jpg,20260727,4
9_155_6,9,data/raw/20260722/20260722_1743_image59_rot45.jpg,20260722,9
25_188_6,25,data/raw/20260722/20260722_1802_image92_rot45.jpg,20260722,9
33_269_9,33,data/raw/20260727/20260727_1708_image25_sup.jpg,20260727,12
24_344_2,24,data/raw/20260727/20260727_1713_image101_bup.jpg,20260727,3
39_1161_3,39,data/raw/20260804/20260804_1719_image318_cdw.jpg,20260804,0
45_906_9,45,data/raw/20260804/20260804_1657_image63_sup.jpg,20260804,7
25_185_2,25,data/raw/20260722/20260722_1802_image89_bup.jpg,20260722,9
42_835_2,42,data/raw/20260731/20260731_1717_image273_bup.jpg,20260731,5
2_243_4,2,data/raw/20260726/20260726_1337_image9_cup.jpg,20260726,3
14_212_4,14,data/raw/20260722/20260722_1808_image116_cup.jpg,20260722,9
19_588_1,19,data/raw/20260731/20260731_1654_image25_bdw.jpg,20260731,0
50_1015_3,50,data/raw/20260804/20260804_1709_image172_cdw.jpg,20260804,15
22_864_9,22,data/raw/20260804/20260804_1653_image21_sup.jpg,20260804,9
39_1158_8,39,data/raw/20260804/20260804_1719_image315_sdw.jpg,20260804,0
20_1000_9,20,data/raw/20260804/20260804_1704_image157_sup.jpg,20260804,3
38_1122_4,38,data/raw/20260804/20260804_1716_image279_cup.jpg,20260804,7
43_504_1,43,data/raw/20260727/20260727_1736_image261_bdw.jpg,20260727,2
9_322_2,9,data/raw/20260727/20260727_1711_image79_bup.jpg,20260727,4
28_1063_3,28,data/raw/20260804/20260804_1712_image220_cdw.jpg,20260804,7
45_647_4,45,data/raw/20260731/20260731_1659_image84_cup.jpg,20260731,11
19_585_2,19,data/raw/20260731/20260731_1654_image22_bup.jpg,20260731,0
39_731_8,39,data/raw/20260731/20260731_1708_image168_sdw.jpg,20260731,0
34_300_0,34,data/raw/20260727/20260727_1710_image57.jpg,20260727,17
39_463_8,39,data/raw/20260727/20260727_1730_image220_sdw.jpg,20260727,4
29_797_3,29,data/raw/20260731/20260731_1714_image234_cdw.jpg,20260731,0
9_154_1,9,data/raw/20260722/20260722_1743_image58_bdw.jpg,20260722,9
34_879_3,34,data/raw/20260804/20260804_1654_image36_cdw.jpg,20260804,9
47_755_8,47,data/raw/20260731/20260731_1711_image192_sdw.jpg,20260731,15
17_120_0,17,data/raw/20260722/20260722_1700_image24.jpg,20260722,17
28_767_3,28,data/raw/20260731/20260731_1712_image204_cdw.jpg,20260731,11
2_549_0,2,data/raw/20260729/20260729_1700_image16.jpg,20260729,0
17_130_0,17,data/raw/20260722/20260722_1703_image34.jpg,20260722,17
42_489_6,42,data/raw/20260727/20260727_1736_image246_rot45.jpg,20260727,9
49_976_0,49,data/raw/20260804/20260804_1703_image133.jpg,20260804,17
28_1052_8,28,data/raw/20260804/20260804_1711_image209_sdw.jpg,20260804,7
52_1111_5,52,data/raw/20260804/20260804_1715_image268_rot30.jpg,20260804,10
20_667_4,20,data/raw/20260731/20260731_1701_image104_cup.jpg,20260731,7
45_915_5,45,data/raw/20260804/20260804_1659_image72_rot30.jpg,20260804,7
20_661_9,20,data/raw/20260731/20260731_1700_image98_sup.jpg,20260731,7
34_295_2,34,data/raw/20260727/20260727_1710_image52_bup.jpg,20260727,17
31_530_3,31,data/raw/20260727/20260727_1738_image287_cdw.jpg,20260727,0
39_459_8,39,data/raw/20260727/20260727_1730_image216_sdw.jpg,20260727,4
45_641_7,45,data/raw/20260731/20260731_1658_image78_rot60.jpg,20260731,11
49_962_2,49,data/raw/20260804/20260804_1702_image119_bup.jpg,20260804,17
37_369_1,37,data/raw/20260727/20260727_1717_image126_bdw.jpg,20260727,8
2_230_8,2,data/raw/20260725/20260725_1759_image2_sdw.jpg,20260725,4
43_500_6,43,data/raw/20260727/20260727_1736_image257_rot45.jpg,20260727,2
43_1201_1,43,data/raw/20260804/20260804_1722_image358_bdw.jpg,20260804,0
43_820_5,43,data/raw/20260731/20260731_1717_image258_rot30.jpg,20260731,0
37_369_6,37,data/raw/20260727/20260727_1717_image126_rot45.jpg,20260727,8
3_32_3,3,data/raw/20260715/20260715_1554_image6_cdw.jpg,20260715,0
9_655_7,9,data/raw/20260731/20260731_1700_image92_rot60.jpg,20260731,0
8_159_3,8,data/raw/20260722/20260722_1744_image63_cdw.jpg,20260722,0
25_1150_7,25,data/raw/20260804/20260804_1718_image307_rot60.jpg,20260804,0
38_1130_7,38,data/raw/20260804/20260804_1716_image287_rot60.jpg,20260804,7
26_395_4,26,data/raw/20260727/20260727_1722_image152_cup.jpg,20260727,0
35_324_1,35,data/raw/20260727/20260727_1712_image81_bdw.jpg,20260727,22
20_175_5,20,data/raw/20260722/20260722_1757_image79_rot30.jpg,20260722,5
36_358_2,36,data/raw/20260727/20260727_1716_image115_bup.jpg,20260727,4
45_911_3,45,data/raw/20260804/20260804_1658_image68_cdw.jpg,20260804,7
40_1168_9,40,data/raw/20260804/20260804_1720_image325_sup.jpg,20260804,0
5_36_2,5,data/raw/20260715/20260715_1555_image15_bup.jpg,20260715,12
28_423_5,28,data/raw/20260727/20260727_1725_image180_rot30.jpg,20260727,15
7_51_6,7,data/raw/20260715/20260715_1556_image30_rot45.jpg,20260715,0
2_545_9,2,data/raw/20260729/20260729_1659_image12_sup.jpg,20260729,0
5_288_6,5,data/raw/20260727/20260727_1709_image45_rot45.jpg,20260727,0
20_988_9,20,data/raw/20260804/20260804_1704_image145_sup.jpg,20260804,3
22_636_5,22,data/raw/20260731/20260731_1658_image73_rot30.jpg,20260731,13
28_761_2,28,data/raw/20260731/20260731_1711_image198_bup.jpg,20260731,11
20_332_5,20,data/raw/20260727/20260727_1712_image89_rot30.jpg,20260727,11
33_272_8,33,data/raw/20260727/20260727_1708_image28_sdw.jpg,20260727,12
5_39_9,5,data/raw/20260715/20260715_1555_image18_sup.jpg,20260715,12
29_414_1,29,data/raw/20260727/20260727_1724_image171_bdw.jpg,20260727,0
2_89_9,2,data/raw/20260720/20260720_1503_image1_sup.jpg,20260720,9
44_518_4,44,data/raw/20260727/20260727_1737_image275_cup.jpg,20260727,15
18_133_5,18,data/raw/20260722/20260722_1742_image37_rot30.jpg,20260722,5
8_158_1,8,data/raw/20260722/20260722_1743_image62_bdw.jpg,20260722,0
49_972_5,49,data/raw/20260804/20260804_1703_image129_rot30.jpg,20260804,17
2_95_5,2,data/raw/20260720/20260720_1503_image7_rot30.jpg,20260720,9
22_636_8,22,data/raw/20260731/20260731_1658_image73_sdw.jpg,20260731,13
8_62_1,8,data/raw/20260715/20260715_1557_image41_bdw.jpg,20260715,0
43_1209_2,43,data/raw/20260804/20260804_1723_image366_bup.jpg,20260804,0
2_554_9,2,data/raw/20260729/20260729_1700_image21_sup.jpg,20260729,0
48_808_6,48,data/raw/20260731/20260731_1716_image246_rot45.jpg,20260731,4
35_324_3,35,data/raw/20260727/20260727_1712_image81_cdw.jpg,20260727,22
43_825_8,43,data/raw/20260731/20260731_1717_image263_sdw.jpg,20260731,0
20_997_2,20,data/raw/20260804/20260804_1704_image154_bup.jpg,20260804,3
43_1209_7,43,data/raw/20260804/20260804_1723_image366_rot60.jpg,20260804,0
42_841_2,42,data/raw/20260731/20260731_1718_image279_bup.jpg,20260731,5
25_183_6,25,data/raw/20260722/20260722_1802_image87_rot45.jpg,20260722,9
28_202_6,28,data/raw/20260722/20260722_1803_image107_rot45.jpg,20260722,20
2_548_0,2,data/raw/20260729/20260729_1700_image15.jpg,20260729,0
42_497_1,42,data/raw/20260727/20260727_1736_image254_bdw.jpg,20260727,9
14_433_4,14,data/raw/20260727/20260727_1726_image190_cup.jpg,20260727,4
19_890_0,19,data/raw/20260804/20260804_1655_image47.jpg,20260804,0
51_1086_2,51,data/raw/20260804/20260804_1713_image243_bup.jpg,20260804,0
29_1076_7,29,data/raw/20260804/20260804_1713_image233_rot60.jpg,20260804,0
37_628_4,37,data/raw/20260731/20260731_1657_image65_cup.jpg,20260731,4
22_861_1,22,data/raw/20260804/20260804_1652_image18_bdw.jpg,20260804,9
20_166_1,20,data/raw/20260722/20260722_1744_image70_bdw.jpg,20260722,16
2_225_2,2,data/raw/20260724/20260724_1628_image3_bup.jpg,20260724,5
2_232_6,2,data/raw/20260725/20260725_1759_image4_rot45.jpg,20260725,4
2_14_2,2,data/raw/20260714/20260714_1016_image1_bup.jpg,20260714,15
38_403_5,38,data/raw/20260727/20260727_1723_image160_rot30.jpg,20260727,15
38_1136_3,38,data/raw/20260804/20260804_1717_image293_cdw.jpg,20260804,7
29_1068_4,29,data/raw/20260804/20260804_1712_image225_cup.jpg,20260804,0
38_1152_6,38,data/raw/20260804/20260804_1718_image309_rot45.jpg,20260804,7
39_459_4,39,data/raw/20260727/20260727_1730_image216_cup.jpg,20260727,4
53_1188_3,53,data/raw/20260804/20260804_1722_image345_cdw.jpg,20260804,4
52_1106_4,52,data/raw/20260804/20260804_1715_image263_cup.jpg,20260804,10
14_444_0,14,data/raw/20260727/20260727_1727_image201.jpg,20260727,4
39_474_4,39,data/raw/20260727/20260727_1731_image231_cup.jpg,20260727,4
2_251_5,2,data/raw/20260727/20260727_1555_image7_rot30.jpg,20260727,2
33_565_5,33,data/raw/20260731/20260731_1653_image2_rot30.jpg,20260731,8
9_655_6,9,data/raw/20260731/20260731_1700_image92_rot45.jpg,20260731,0
25_1149_8,25,data/raw/20260804/20260804_1718_image306_sdw.jpg,20260804,0
34_881_0,34,data/raw/20260804/20260804_1654_image38.jpg,20260804,9
2_543_7,2,data/raw/20260729/20260729_1659_image10_rot60.jpg,20260729,0
38_1128_7,38,data/raw/20260804/20260804_1716_image285_rot60.jpg,20260804,7
39_453_8,39,data/raw/20260727/20260727_1730_image210_sdw.jpg,20260727,4
19_894_8,19,data/raw/20260804/20260804_1655_image51_sdw.jpg,20260804,0
48_809_0,48,data/raw/20260731/20260731_1716_image247.jpg,20260731,4
9_656_2,9,data/raw/20260731/20260731_1700_image93_bup.jpg,20260731,0
45_917_6,45,data/raw/20260804/20260804_1659_image74_rot45.jpg,20260804,7
24_1011_2,24,data/raw/20260804/20260804_1705_image168_bup.jpg,20260804,0
24_1010_4,24,data/raw/20260804/20260804_1705_image167_cup.jpg,20260804,0
9_650_0,9,data/raw/20260731/20260731_1659_image87.jpg,20260731,0
19_890_6,19,data/raw/20260804/20260804_1655_image47_rot45.jpg,20260804,0
2_556_1,2,data/raw/20260729/20260729_1700_image23_bdw.jpg,20260729,0
36_361_7,36,data/raw/20260727/20260727_1716_image118_rot60.jpg,20260727,4
4_43_2,4,data/raw/20260715/20260715_1555_image22_bup.jpg,20260715,9
29_415_9,29,data/raw/20260727/20260727_1724_image172_sup.jpg,20260727,0
42_829_1,42,data/raw/20260731/20260731_1717_image267_bdw.jpg,20260731,5
22_613_9,22,data/raw/20260731/20260731_1656_image50_sup.jpg,20260731,13
22_928_0,22,data/raw/20260804/20260804_1700_image85.jpg,20260804,9
20_994_1,20,data/raw/20260804/20260804_1704_image151_bdw.jpg,20260804,3
42_828_9,42,data/raw/20260731/20260731_1717_image266_sup.jpg,20260731,5
2_234_8,2,data/raw/20260725/20260725_1759_image6_sdw.jpg,20260725,4
9_649_1,9,data/raw/20260731/20260731_1659_image86_bdw.jpg,20260731,0
27_197_7,27,data/raw/20260722/20260722_1803_image102_rot60.jpg,20260722,0
36_361_3,36,data/raw/20260727/20260727_1716_image118_cdw.jpg,20260727,4
24_344_9,24,data/raw/20260727/20260727_1713_image101_sup.jpg,20260727,3
40_741_6,40,data/raw/20260731/20260731_1709_image178_rot45.jpg,20260731,2
40_470_2,40,data/raw/20260727/20260727_1731_image227_bup.jpg,20260727,6
50_1038_5,50,data/raw/20260804/20260804_1711_image195_rot30.jpg,20260804,15
39_472_6,39,data/raw/20260727/20260727_1731_image229_rot45.jpg,20260727,4
33_847_1,33,data/raw/20260804/20260804_1651_image4_bdw.jpg,20260804,4
34_604_1,34,data/raw/20260731/20260731_1655_image41_bdw.jpg,20260731,13
30_222_9,30,data/raw/20260722/20260722_1814_image126_sup.jpg,20260722,5
28_765_1,28,data/raw/20260731/20260731_1712_image202_bdw.jpg,20260731,11
44_517_6,44,data/raw/20260727/20260727_1737_image274_rot45.jpg,20260727,15
28_425_7,28,data/raw/20260727/20260727_1725_image182_rot60.jpg,20260727,15
4_43_1,4,data/raw/20260715/20260715_1555_image22_bdw.jpg,20260715,9
14_445_7,14,data/raw/20260727/20260727_1727_image202_rot60.jpg,20260727,4
39_727_6,39,data/raw/20260731/20260731_1707_image164_rot45.jpg,20260731,0
1_2_2,1,data/raw/20260712/20260712_0854_image2_bup.jpg,20260712,3
48_1174_5,48,data/raw/20260804/20260804_1721_image331_rot30.jpg,20260804,0
42_1220_7,42,data/raw/20260804/20260804_1724_image377_rot60.jpg,20260804,1
45_640_6,45,data/raw/20260731/20260731_1658_image77_rot45.jpg,20260731,11
43_812_2,43,data/raw/20260731/20260731_1716_image250_bup.jpg,20260731,0
28_1058_2,28,data/raw/20260804/20260804_1711_image215_bup.jpg,20260804,7
48_808_7,48,data/raw/20260731/20260731_1716_image246_rot60.jpg,20260731,4
24_344_5,24,data/raw/20260727/20260727_1713_image101_rot30.jpg,20260727,3
47_1092_7,47,data/raw/20260804/20260804_1713_image249_rot60.jpg,20260804,11
14_746_7,14,data/raw/20260731/20260731_1710_image183_rot60.jpg,20260731,15
7_53_4,7,data/raw/20260715/20260715_1556_image32_cup.jpg,20260715,0
19_584_9,19,data/raw/20260731/20260731_1654_image21_sup.jpg,20260731,0
20_936_7,20,data/raw/20260804/20260804_1701_image93_rot60.jpg,20260804,3
39_477_5,39,data/raw/20260727/20260727_1733_image234_rot30.jpg,20260727,4
2_229_6,2,data/raw/20260725/20260725_1759_image1_rot45.jpg,20260725,4
39_458_8,39,data/raw/20260727/20260727_1730_image215_sdw.jpg,20260727,4
29_797_4,29,data/raw/20260731/20260731_1714_image234_cup.jpg,20260731,0
39_465_9,39,data/raw/20260727/20260727_1730_image222_sup.jpg,20260727,4
2_553_7,2,data/raw/20260729/20260729_1700_image20_rot60.jpg,20260729,0
20_338_2,20,data/raw/20260727/20260727_1713_image95_bup.jpg,20260727,11
48_1179_9,48,data/raw/20260804/20260804_1721_image336_sup.jpg,20260804,0
22_613_4,22,data/raw/20260731/20260731_1656_image50_cup.jpg,20260731,13
22_860_3,22,data/raw/20260804/20260804_1652_image17_cdw.jpg,20260804,9
36_363_1,36,data/raw/20260727/20260727_1717_image120_bdw.jpg,20260727,4
28_1048_9,28,data/raw/20260804/20260804_1711_image205_sup.jpg,20260804,7
36_358_4,36,data/raw/20260727/20260727_1716_image115_cup.jpg,20260727,4
9_956_1,9,data/raw/20260804/20260804_1702_image113_bdw.jpg,20260804,0
4_43_0,4,data/raw/20260715/20260715_1555_image22.jpg,20260715,9
7_48_0,7,data/raw/20260715/20260715_1556_image27.jpg,20260715,0
26_190_1,26,data/raw/20260722/20260722_1802_image94_bdw.jpg,20260722,5
20_167_1,20,data/raw/20260722/20260722_1744_image71_bdw.jpg,20260722,16
47_1095_1,47,data/raw/20260804/20260804_1714_image252_bdw.jpg,20260804,11
39_728_5,39,data/raw/20260731/20260731_1707_image165_rot30.jpg,20260731,0
50_1026_6,50,data/raw/20260804/20260804_1710_image183_rot45.jpg,20260804,15
42_496_4,42,data/raw/20260727/20260727_1736_image253_cup.jpg,20260727,9
44_519_3,44,data/raw/20260727/20260727_1737_image276_cdw.jpg,20260727,15
28_1059_7,28,data/raw/20260804/20260804_1711_image216_rot60.jpg,20260804,7
12_100_1,12,data/raw/20260722/20260722_1656_image4_bdw.jpg,20260722,16
20_994_7,20,data/raw/20260804/20260804_1704_image151_rot60.jpg,20260804,3
48_810_2,48,data/raw/20260731/20260731_1716_image248_bup.jpg,20260731,4
26_389_7,26,data/raw/20260727/20260727_1722_image146_rot60.jpg,20260727,0
2_542_2,2,data/raw/20260729/20260729_1659_image9_bup.jpg,20260729,0
49_969_5,49,data/raw/20260804/20260804_1703_image126_rot30.jpg,20260804,17
14_436_5,14,data/raw/20260727/20260727_1726_image193_rot30.jpg,20260727,4
37_629_4,37,data/raw/20260731/20260731_1657_image66_cup.jpg,20260731,4
39_452_2,39,data/raw/20260727/20260727_1730_image209_bup.jpg,20260727,4
28_764_2,28,data/raw/20260731/20260731_1712_image201_bup.jpg,20260731,11
42_839_0,42,data/raw/20260731/20260731_1718_image277.jpg,20260731,5
19_150_5,19,data/raw/20260722/20260722_1743_image54_rot30.jpg,20260722,9
9_654_7,9,data/raw/20260731/20260731_1700_image91_rot60.jpg,20260731,0
32_209_6,32,data/raw/20260722/20260722_1807_image113_rot45.jpg,20260722,12
28_774_2,28,data/raw/20260731/20260731_1712_image211_bup.jpg,20260731,11
49_973_7,49,data/raw/20260804/20260804_1703_image130_rot60.jpg,20260804,17
4_25_1,4,data/raw/20260715/20260715_1554_image12_bdw.jpg,20260715,9
2_548_3,2,data/raw/20260729/20260729_1700_image15_cdw.jpg,20260729,0
47_1100_4,47,data/raw/20260804/20260804_1714_image257_cup.jpg,20260804,11
8_62_0,8,data/raw/20260715/20260715_1557_image41.jpg,20260715,0
33_576_7,33,data/raw/20260731/20260731_1653_image13_rot60.jpg,20260731,8
43_818_1,43,data/raw/20260731/20260731_1716_image256_bdw.jpg,20260731,0
25_1151_4,25,data/raw/20260804/20260804_1718_image308_cup.jpg,20260804,0
2_228_9,2,data/raw/20260724/20260724_1628_image6_sup.jpg,20260724,5
2_256_7,2,data/raw/20260727/20260727_1556_image12_rot60.jpg,20260727,2
48_806_8,48,data/raw/20260731/20260731_1716_image244_sdw.jpg,20260731,4
33_568_6,33,data/raw/20260731/20260731_1653_image5_rot45.jpg,20260731,8
39_726_6,39,data/raw/20260731/20260731_1707_image163_rot45.jpg,20260731,0
25_711_4,25,data/raw/20260731/20260731_1706_image148_cup.jpg,20260731,0
9_66_4,9,data/raw/20260715/20260715_1557_image45_cup.jpg,20260715,16
51_1089_4,51,data/raw/20260804/20260804_1713_image246_cup.jpg,20260804,0
4_281_8,4,data/raw/20260727/20260727_1709_image38_sdw.jpg,20260727,0
18_133_1,18,data/raw/20260722/20260722_1742_image37_bdw.jpg,20260722,5
22_928_9,22,data/raw/20260804/20260804_1700_image85_sup.jpg,20260804,9
38_1133_5,38,data/raw/20260804/20260804_1717_image290_rot30.jpg,20260804,7
2_250_6,2,data/raw/20260727/20260727_1555_image6_rot45.jpg,20260727,2
1_7_9,1,data/raw/20260712/20260712_0855_image11_sup.jpg,20260712,3
9_155_9,9,data/raw/20260722/20260722_1743_image59_sup.jpg,20260722,9
28_1053_1,28,data/raw/20260804/20260804_1711_image210_bdw.jpg,20260804,7
46_695_9,46,data/raw/20260731/20260731_1703_image132_sup.jpg,20260731,2
29_797_8,29,data/raw/20260731/20260731_1714_image234_sdw.jpg,20260731,0
29_1073_0,29,data/raw/20260804/20260804_1712_image230.jpg,20260804,0
7_49_6,7,data/raw/20260715/20260715_1556_image28_rot45.jpg,20260715,0
49_958_4,49,data/raw/20260804/20260804_1702_image115_cup.jpg,20260804,17
22_928_7,22,data/raw/20260804/20260804_1700_image85_rot60.jpg,20260804,9
22_865_1,22,data/raw/20260804/20260804_1653_image22_bdw.jpg,20260804,9
34_602_4,34,data/raw/20260731/20260731_1655_image39_cup.jpg,20260731,13
38_725_0,38,data/raw/20260731/20260731_1707_image162.jpg,20260731,11
17_121_9,17,data/raw/20260722/20260722_1700_image25_sup.jpg,20260722,17
12_98_2,12,data/raw/20260722/20260722_1656_image2_bup.jpg,20260722,16
49_971_5,49,data/raw/20260804/20260804_1703_image128_rot30.jpg,20260804,17
5_137_7,5,data/raw/20260722/20260722_1742_image41_rot60.jpg,20260722,5
29_1068_9,29,data/raw/20260804/20260804_1712_image225_sup.jpg,20260804,0
5_36_0,5,data/raw/20260715/20260715_1555_image15.jpg,20260715,12
38_409_3,38,data/raw/20260727/20260727_1724_image166_cdw.jpg,20260727,15
2_253_2,2,data/raw/20260727/20260727_1555_image9_bup.jpg,20260727,2
24_686_0,24,data/raw/20260731/20260731_1702_image123.jpg,20260731,0
2_556_9,2,data/raw/20260729/20260729_1700_image23_sup.jpg,20260729,0
51_1080_7,51,data/raw/20260804/20260804_1713_image237_rot60.jpg,20260804,0
34_602_9,34,data/raw/20260731/20260731_1655_image39_sup.jpg,20260731,13
9_648_6,9,data/raw/20260731/20260731_1659_image85_rot45.jpg,20260731,0
5_140_0,5,data/raw/20260722/20260722_1742_image44.jpg,20260722,5
39_727_4,39,data/raw/20260731/20260731_1707_image164_cup.jpg,20260731,0
40_741_9,40,data/raw/20260731/20260731_1709_image178_sup.jpg,20260731,2
19_582_2,19,data/raw/20260731/20260731_1654_image19_bup.jpg,20260731,0
22_613_7,22,data/raw/20260731/20260731_1656_image50_rot60.jpg,20260731,13
5_284_9,5,data/raw/20260727/20260727_1709_image41_sup.jpg,20260727,0
33_571_2,33,data/raw/20260731/20260731_1653_image8_bup.jpg,20260731,8
53_1182_4,53,data/raw/20260804/20260804_1721_image339_cup.jpg,20260804,4
2_231_3,2,data/raw/20260725/20260725_1759_image3_cdw.jpg,20260725,4
25_1140_5,25,data/raw/20260804/20260804_1717_image297_rot30.jpg,20260804,0
26_190_7,26,data/raw/20260722/20260722_1802_image94_rot60.jpg,20260722,5
40_1170_0,40,data/raw/20260804/20260804_1720_image327.jpg,20260804,0
5_287_4,5,data/raw/20260727/20260727_1709_image44_cup.jpg,20260727,0
43_1205_4,43,data/raw/20260804/20260804_1723_image362_cup.jpg,20260804,0
3_28_6,3,data/raw/20260715/20260715_1554_image2_rot45.jpg,20260715,0
39_452_8,39,data/raw/20260727/20260727_1730_image209_sdw.jpg,20260727,4
53_1184_6,53,data/raw/20260804/20260804_1722_image341_rot45.jpg,20260804,4
40_467_8,40,data/raw/20260727/20260727_1731_image224_sdw.jpg,20260727,6
2_253_7,2,data/raw/20260727/20260727_1555_image9_rot60.jpg,20260727,2
19_304_0,19,data/raw/20260727/20260727_1710_image61.jpg,20260727,4
39_729_4,39,data/raw/20260731/20260731_1707_image166_cup.jpg,20260731,0
36_359_5,36,data/raw/20260727/20260727_1716_image116_rot30.jpg,20260727,4
42_1217_7,42,data/raw/20260804/20260804_1723_image374_rot60.jpg,20260804,1
25_701_8,25,data/raw/20260731/20260731_1705_image138_sdw.jpg,20260731,0
28_431_2,28,data/raw/20260727/20260727_1726_image188_bup.jpg,20260727,15
53_1188_1,53,data/raw/20260804/20260804_1722_image345_bdw.jpg,20260804,4
34_298_8,34,data/raw/20260727/20260727_1710_image55_sdw.jpg,20260727,17
39_458_3,39,data/raw/20260727/20260727_1730_image215_cdw.jpg,20260727,4
7_46_6,7,data/raw/20260715/20260715_1555_image25_rot45.jpg,20260715,0
48_800_2,48,data/raw/20260731/20260731_1715_image238_bup.jpg,20260731,4
19_585_0,19,data/raw/20260731/20260731_1654_image22.jpg,20260731,0
2_224_0,2,data/raw/20260724/20260724_1628_image2.jpg,20260724,5
42_1217_5,42,data/raw/20260804/20260804_1723_image374_rot30.jpg,20260804,1
9_72_2,9,data/raw/20260715/20260715_1557_image51_bup.jpg,20260715,16
33_847_6,33,data/raw/20260804/20260804_1651_image4_rot45.jpg,20260804,4
19_378_8,19,data/raw/20260727/20260727_1720_image135_sdw.jpg,20260727,4
39_475_6,39,data/raw/20260727/20260727_1733_image232_rot45.jpg,20260727,4
20_328_2,20,data/raw/20260727/20260727_1712_image85_bup.jpg,20260727,11
42_493_5,42,data/raw/20260727/20260727_1736_image250_rot30.jpg,20260727,9
19_893_4,19,data/raw/20260804/20260804_1655_image50_cup.jpg,20260804,0
39_451_8,39,data/raw/20260727/20260727_1730_image208_sdw.jpg,20260727,4
46_695_5,46,data/raw/20260731/20260731_1703_image132_rot30.jpg,20260731,2
51_1083_9,51,data/raw/20260804/20260804_1713_image240_sup.jpg,20260804,0
40_740_8,40,data/raw/20260731/20260731_1709_image177_sdw.jpg,20260731,2
1_13_2,1,data/raw/20260712/20260712_0855_image9_bup.jpg,20260712,3
19_591_6,19,data/raw/20260731/20260731_1654_image28_rot45.jpg,20260731,0
50_1018_1,50,data/raw/20260804/20260804_1710_image175_bdw.jpg,20260804,15
40_469_4,40,data/raw/20260727/20260727_1731_image226_cup.jpg,20260727,6
33_847_3,33,data/raw/20260804/20260804_1651_image4_cdw.jpg,20260804,4
26_191_8,26,data/raw/20260722/20260722_1802_image95_sdw.jpg,20260722,5
49_976_6,49,data/raw/20260804/20260804_1703_image133_rot45.jpg,20260804,17
36_358_5,36,data/raw/20260727/20260727_1716_image115_rot30.jpg,20260727,4
28_1046_2,28,data/raw/20260804/20260804_1711_image203_bup.jpg,20260804,7
24_343_3,24,data/raw/20260727/20260727_1713_image100_cdw.jpg,20260727,3
24_177_8,24,data/raw/20260722/20260722_1757_image81_sdw.jpg,20260722,8
24_691_0,24,data/raw/20260731/20260731_1702_image128.jpg,20260731,0
26_395_2,26,data/raw/20260727/20260727_1722_image152_bup.jpg,20260727,0
28_1057_4,28,data/raw/20260804/20260804_1711_image214_cup.jpg,20260804,7
53_1195_6,53,data/raw/20260804/20260804_1722_image352_rot45.jpg,20260804,4
34_294_3,34,data/raw/20260727/20260727_1710_image51_cdw.jpg,20260727,17
29_799_6,29,data/raw/20260731/20260731_1714_image236_rot45.jpg,20260731,0
38_1125_9,38,data/raw/20260804/20260804_1716_image282_sup.jpg,20260804,7
17_129_1,17,data/raw/20260722/20260722_1703_image33_bdw.jpg,20260722,17
43_1212_3,43,data/raw/20260804/20260804_1723_image369_cdw.jpg,20260804,0
39_728_3,39,data/raw/20260731/20260731_1707_image165_cdw.jpg,20260731,0
27_197_1,27,data/raw/20260722/20260722_1803_image102_bdw.jpg,20260722,0
28_1049_3,28,data/raw/20260804/20260804_1711_image206_cdw.jpg,20260804,7
20_944_5,20,data/raw/20260804/20260804_1701_image101_rot30.jpg,20260804,3
41_480_1,41,data/raw/20260727/20260727_1734_image237_bdw.jpg,20260727,15
34_600_9,34,data/raw/20260731/20260731_1655_image37_sup.jpg,20260731,13
9_76_7,9,data/raw/20260715/20260715_1558_image55_rot60.jpg,20260715,16
2_549_2,2,data/raw/20260729/20260729_1700_image16_bup.jpg,20260729,0
20_176_7,20,data/raw/20260722/20260722_1757_image80_rot60.jpg,20260722,5
40_1171_5,40,data/raw/20260804/20260804_1720_image328_rot30.jpg,20260804,0
9_655_9,9,data/raw/20260731/20260731_1700_image92_sup.jpg,20260731,0
37_926_2,37,data/raw/20260804/20260804_1659_image83_bup.jpg,20260804,0
49_960_0,49,data/raw/20260804/20260804_1702_image117.jpg,20260804,17
51_1082_2,51,data/raw/20260804/20260804_1713_image239_bup.jpg,20260804,0
43_509_5,43,data/raw/20260727/20260727_1737_image266_rot30.jpg,20260727,2
37_630_5,37,data/raw/20260731/20260731_1657_image67_rot30.jpg,20260731,4
20_944_7,20,data/raw/20260804/20260804_1701_image101_rot60.jpg,20260804,3
52_1109_7,52,data/raw/20260804/20260804_1715_image266_rot60.jpg,20260804,10
46_696_1,46,data/raw/20260731/20260731_1703_image133_bdw.jpg,20260731,2
43_1211_8,43,data/raw/20260804/20260804_1723_image368_sdw.jpg,20260804,0
31_220_5,31,data/raw/20260722/20260722_1814_image124_rot30.jpg,20260722,5
43_823_6,43,data/raw/20260731/20260731_1717_image261_rot45.jpg,20260731,0
31_525_1,31,data/raw/20260727/20260727_1738_image282_bdw.jpg,20260727,0
17_123_1,17,data/raw/20260722/20260722_1700_image27_bdw.jpg,20260722,17
53_1187_9,53,data/raw/20260804/20260804_1722_image344_sup.jpg,20260804,4
29_793_1,29,data/raw/20260731/20260731_1713_image230_bdw.jpg,20260731,0
14_746_5,14,data/raw/20260731/20260731_1710_image183_rot30.jpg,20260731,15
24_348_1,24,data/raw/20260727/20260727_1713_image105_bdw.jpg,20260727,3
37_629_0,37,data/raw/20260731/20260731_1657_image66.jpg,20260731,4
9_315_0,9,data/raw/20260727/20260727_1711_image72.jpg,20260727,4
14_433_5,14,data/raw/20260727/20260727_1726_image190_rot30.jpg,20260727,4
20_661_7,20,data/raw/20260731/20260731_1700_image98_rot60.jpg,20260731,7
19_148_3,19,data/raw/20260722/20260722_1743_image52_cdw.jpg,20260722,9
20_665_0,20,data/raw/20260731/20260731_1700_image102.jpg,20260731,7
5_138_7,5,data/raw/20260722/20260722_1742_image42_rot60.jpg,20260722,5
1_6_5,1,data/raw/20260712/20260712_0855_image10_rot30.jpg,20260712,3
26_397_3,26,data/raw/20260727/20260727_1723_image154_cdw.jpg,20260727,0
3_29_9,3,data/raw/20260715/20260715_1554_image3_sup.jpg,20260715,0
48_802_8,48,data/raw/20260731/20260731_1715_image240_sdw.jpg,20260731,4
43_1208_1,43,data/raw/20260804/20260804_1723_image365_bdw.jpg,20260804,0
20_998_3,20,data/raw/20260804/20260804_1704_image155_cdw.jpg,20260804,3
51_1087_4,51,data/raw/20260804/20260804_1713_image244_cup.jpg,20260804,0
48_1176_2,48,data/raw/20260804/20260804_1721_image333_bup.jpg,20260804,0
31_527_8,31,data/raw/20260727/20260727_1738_image284_sdw.jpg,20260727,0
12_99_3,12,data/raw/20260722/20260722_1656_image3_cdw.jpg,20260722,16
50_1015_4,50,data/raw/20260804/20260804_1709_image172_cup.jpg,20260804,15
52_1109_0,52,data/raw/20260804/20260804_1715_image266.jpg,20260804,10
8_65_2,8,data/raw/20260715/20260715_1557_image44_bup.jpg,20260715,0
19_379_4,19,data/raw/20260727/20260727_1720_image136_cup.jpg,20260727,4
2_559_8,2,data/raw/20260729/20260729_1700_image26_sdw.jpg,20260729,0
34_607_2,34,data/raw/20260731/20260731_1656_image44_bup.jpg,20260731,13
34_880_5,34,data/raw/20260804/20260804_1654_image37_rot30.jpg,20260804,9
38_1132_0,38,data/raw/20260804/20260804_1717_image289.jpg,20260804,7
2_225_0,2,data/raw/20260724/20260724_1628_image3.jpg,20260724,5
33_268_3,33,data/raw/20260727/20260727_1708_image24_cdw.jpg,20260727,12
10_80_0,10,data/raw/20260715/20260715_1600_image59.jpg,20260715,5
2_227_6,2,data/raw/20260724/20260724_1628_image5_rot45.jpg,20260724,5
49_960_8,49,data/raw/20260804/20260804_1702_image117_sdw.jpg,20260804,17
31_525_5,31,data/raw/20260727/20260727_1738_image282_rot30.jpg,20260727,0
39_1155_9,39,data/raw/20260804/20260804_1719_image312_sup.jpg,20260804,0
49_966_7,49,data/raw/20260804/20260804_1703_image123_rot60.jpg,20260804,17
20_338_0,20,data/raw/20260727/20260727_1713_image95.jpg,20260727,11
43_1210_3,43,data/raw/20260804/20260804_1723_image367_cdw.jpg,20260804,0
38_716_0,38,data/raw/20260731/20260731_1706_image153.jpg,20260731,11
45_902_4,45,data/raw/20260804/20260804_1657_image59_cup.jpg,20260804,7
28_1047_3,28,data/raw/20260804/20260804_1711_image204_cdw.jpg,20260804,7
7_49_5,7,data/raw/20260715/20260715_1556_image28_rot30.jpg,20260715,0
34_296_6,34,data/raw/20260727/20260727_1710_image53_rot45.jpg,20260727,17
12_104_7,12,data/raw/20260722/20260722_1657_image8_rot60.jpg,20260722,16
34_877_9,34,data/raw/20260804/20260804_1654_image34_sup.jpg,20260804,9
36_361_4,36,data/raw/20260727/20260727_1716_image118_cup.jpg,20260727,4
48_1177_4,48,data/raw/20260804/20260804_1721_image334_cup.jpg,20260804,0
34_606_2,34,data/raw/20260731/20260731_1656_image43_bup.jpg,20260731,13
50_1025_7,50,data/raw/20260804/20260804_1710_image182_rot60.jpg,20260804,15
39_461_6,39,data/raw/20260727/20260727_1730_image218_rot45.jpg,20260727,4
9_950_8,9,data/raw/20260804/20260804_1702_image107_sdw.jpg,20260804,0
42_1226_0,42,data/raw/20260804/20260804_1724_image383.jpg,20260804,1
9_319_3,9,data/raw/20260727/20260727_1711_image76_cdw.jpg,20260727,4
52_1119_4,52,data/raw/20260804/20260804_1716_image276_cup.jpg,20260804,10
52_1104_1,52,data/raw/20260804/20260804_1715_image261_bdw.jpg,20260804,10
39_462_2,39,data/raw/20260727/20260727_1730_image219_bup.jpg,20260727,4
43_1200_6,43,data/raw/20260804/20260804_1722_image357_rot45.jpg,20260804,0
5_141_7,5,data/raw/20260722/20260722_1743_image45_rot60.jpg,20260722,5
42_492_4,42,data/raw/20260727/20260727_1736_image249_cup.jpg,20260727,9
19_891_6,19,data/raw/20260804/20260804_1655_image48_rot45.jpg,20260804,0
25_706_3,25,data/raw/20260731/20260731_1705_image143_cdw.jpg,20260731,0
19_579_6,19,data/raw/20260731/20260731_1654_image16_rot45.jpg,20260731,0
2_226_5,2,data/raw/20260724/20260724_1628_image4_rot30.jpg,20260724,5
52_1112_9,52,data/raw/20260804/20260804_1715_image269_sup.jpg,20260804,10
28_423_1,28,data/raw/20260727/20260727_1725_image180_bdw.jpg,20260727,15
36_364_0,36,data/raw/20260727/20260727_1717_image121.jpg,20260727,4
34_876_6,34,data/raw/20260804/20260804_1654_image33_rot45.jpg,20260804,9
44_524_8,44,data/raw/20260727/20260727_1738_image281_sdw.jpg,20260727,15
40_468_8,40,data/raw/20260727/20260727_1731_image225_sdw.jpg,20260727,6
2_234_6,2,data/raw/20260725/20260725_1759_image6_rot45.jpg,20260725,4
9_649_7,9,data/raw/20260731/20260731_1659_image86_rot60.jpg,20260731,0
40_1168_4,40,data/raw/20260804/20260804_1720_image325_cup.jpg,20260804,0
27_195_2,27,data/raw/20260722/20260722_1803_image100_bup.jpg,20260722,0
4_145_4,4,data/raw/20260722/20260722_1743_image49_cup.jpg,20260722,2
33_851_5,33,data/raw/20260804/20260804_1651_image8_rot30.jpg,20260804,4
34_875_6,34,data/raw/20260804/20260804_1654_image32_rot45.jpg,20260804,9
30_531_9,30,data/raw/20260727/20260727_1739_image288_sup.jpg,20260727,0
39_1158_6,39,data/raw/20260804/20260804_1719_image315_rot45.jpg,20260804,0
2_223_2,2,data/raw/20260724/20260724_1627_image1_bup.jpg,20260724,5
25_714_0,25,data/raw/20260731/20260731_1706_image151.jpg,20260731,0
20_931_3,20,data/raw/20260804/20260804_1701_image88_cdw.jpg,20260804,3
26_390_2,26,data/raw/20260727/20260727_1722_image147_bup.jpg,20260727,0
22_862_3,22,data/raw/20260804/20260804_1652_image19_cdw.jpg,20260804,9
38_1152_5,38,data/raw/20260804/20260804_1718_image309_rot30.jpg,20260804,7
14_212_0,14,data/raw/20260722/20260722_1808_image116.jpg,20260722,9
2_241_6,2,data/raw/20260726/20260726_1337_image7_rot45.jpg,20260726,3
6_56_7,6,data/raw/20260715/20260715_1556_image35_rot60.jpg,20260715,5
25_183_3,25,data/raw/20260722/20260722_1802_image87_cdw.jpg,20260722,9
2_539_7,2,data/raw/20260729/20260729_1659_image6_rot60.jpg,20260729,0
22_859_6,22,data/raw/20260804/20260804_1652_image16_rot45.jpg,20260804,9
45_907_5,45,data/raw/20260804/20260804_1657_image64_rot30.jpg,20260804,7
49_967_2,49,data/raw/20260804/20260804_1703_image124_bup.jpg,20260804,17
2_225_7,2,data/raw/20260724/20260724_1628_image3_rot60.jpg,20260724,5
31_530_1,31,data/raw/20260727/20260727_1738_image287_bdw.jpg,20260727,0
37_624_3,37,data/raw/20260731/20260731_1657_image61_cdw.jpg,20260731,4
49_979_2,49,data/raw/20260804/20260804_1703_image136_bup.jpg,20260804,17
20_660_7,20,data/raw/20260731/20260731_1700_image97_rot60.jpg,20260731,7
20_166_3,20,data/raw/20260722/20260722_1744_image70_cdw.jpg,20260722,16
43_815_7,43,data/raw/20260731/20260731_1716_image253_rot60.jpg,20260731,0
4_143_8,4,data/raw/20260722/20260722_1743_image47_sdw.jpg,20260722,2
38_405_9,38,data/raw/20260727/20260727_1723_image162_sup.jpg,20260727,15
44_513_3,44,data/raw/20260727/20260727_1737_image270_cdw.jpg,20260727,15
39_1156_5,39,data/raw/20260804/20260804_1719_image313_rot30.jpg,20260804,0
30_533_8,30,data/raw/20260727/20260727_1739_image290_sdw.jpg,20260727,0
25_713_2,25,data/raw/20260731/20260731_1706_image150_bup.jpg,20260731,0
49_964_9,49,data/raw/20260804/20260804_1703_image121_sup.jpg,20260804,17
6_59_2,6,data/raw/20260715/20260715_1556_image38_bup.jpg,20260715,5
19_901_9,19,data/raw/20260804/20260804_1655_image58_sup.jpg,20260804,0
42_1215_1,42,data/raw/20260804/20260804_1723_image372_bdw.jpg,20260804,1
20_945_6,20,data/raw/20260804/20260804_1701_image102_rot45.jpg,20260804,3
25_709_8,25,data/raw/20260731/20260731_1705_image146_sdw.jpg,20260731,0
43_1206_3,43,data/raw/20260804/20260804_1723_image363_cdw.jpg,20260804,0
45_904_7,45,data/raw/20260804/20260804_1657_image61_rot60.jpg,20260804,7
20_676_1,20,data/raw/20260731/20260731_1701_image113_bdw.jpg,20260731,7
22_635_1,22,data/raw/20260731/20260731_1658_image72_bdw.jpg,20260731,13
29_1072_6,29,data/raw/20260804/20260804_1712_image229_rot45.jpg,20260804,0
33_568_3,33,data/raw/20260731/20260731_1653_image5_cdw.jpg,20260731,8
20_670_1,20,data/raw/20260731/20260731_1701_image107_bdw.jpg,20260731,7
20_998_5,20,data/raw/20260804/20260804_1704_image155_rot30.jpg,20260804,3
14_436_8,14,data/raw/20260727/20260727_1726_image193_sdw.jpg,20260727,4
40_468_5,40,data/raw/20260727/20260727_1731_image225_rot30.jpg,20260727,6
39_447_8,39,data/raw/20260727/20260727_1730_image204_sdw.jpg,20260727,4
4_279_0,4,data/raw/20260727/20260727_1709_image36.jpg,20260727,0
33_847_0,33,data/raw/20260804/20260804_1651_image4.jpg,20260804,4
39_450_0,39,data/raw/20260727/20260727_1730_image207.jpg,20260727,4
28_427_5,28,data/raw/20260727/20260727_1725_image184_rot30.jpg,20260727,15
22_637_5,22,data/raw/20260731/20260731_1658_image74_rot30.jpg,20260731,13
42_837_1,42,data/raw/20260731/20260731_1718_image275_bdw.jpg,20260731,5
46_700_9,46,data/raw/20260731/20260731_1703_image137_sup.jpg,20260731,2
40_740_6,40,data/raw/20260731/20260731_1709_image177_rot45.jpg,20260731,2
37_627_6,37,data/raw/20260731/20260731_1657_image64_rot45.jpg,20260731,4
20_667_8,20,data/raw/20260731/20260731_1701_image104_sdw.jpg,20260731,7
38_398_6,38,data/raw/20260727/20260727_1723_image155_rot45.jpg,20260727,15
34_609_4,34,data/raw/20260731/20260731_1656_image46_cup.jpg,20260731,13
5_139_9,5,data/raw/20260722/20260722_1742_image43_sup.jpg,20260722,5
33_572_8,33,data/raw/20260731/20260731_1653_image9_sdw.jpg,20260731,8
42_1224_9,42,data/raw/20260804/20260804_1724_image381_sup.jpg,20260804,1
26_193_1,26,data/raw/20260722/20260722_1802_image97_bdw.jpg,20260722,5
45_644_7,45,data/raw/20260731/20260731_1659_image81_rot60.jpg,20260731,11
2_230_4,2,data/raw/20260725/20260725_1759_image2_cup.jpg,20260725,4
20_986_1,20,data/raw/20260804/20260804_1704_image143_bdw.jpg,20260804,3
26_390_6,26,data/raw/20260727/20260727_1722_image147_rot45.jpg,20260727,0
2_238_9,2,data/raw/20260726/20260726_1336_image4_sup.jpg,20260726,3
33_571_9,33,data/raw/20260731/20260731_1653_image8_sup.jpg,20260731,8
29_793_7,29,data/raw/20260731/20260731_1713_image230_rot60.jpg,20260731,0
41_479_0,41,data/raw/20260727/20260727_1734_image236.jpg,20260727,15
12_97_6,12,data/raw/20260722/20260722_1656_image1_rot45.jpg,20260722,16
20_948_2,20,data/raw/20260804/20260804_1702_image105_bup.jpg,20260804,3
38_715_7,38,data/raw/20260731/20260731_1706_image152_rot60.jpg,20260731,11
24_1006_5,24,data/raw/20260804/20260804_1705_image163_rot30.jpg,20260804,0
32_208_3,32,data/raw/20260722/20260722_1807_image112_cdw.jpg,20260722,12
30_221_4,30,data/raw/20260722/20260722_1814_image125_cup.jpg,20260722,5
19_899_1,19,data/raw/20260804/20260804_1655_image56_bdw.jpg,20260804,0
39_1159_2,39,data/raw/20260804/20260804_1719_image316_bup.jpg,20260804,0
50_1039_6,50,data/raw/20260804/20260804_1711_image196_rot45.jpg,20260804,15
20_674_1,20,data/raw/20260731/20260731_1701_image111_bdw.jpg,20260731,7
45_642_1,45,data/raw/20260731/20260731_1659_image79_bdw.jpg,20260731,11
34_883_3,34,data/raw/20260804/20260804_1654_image40_cdw.jpg,20260804,9
20_996_5,20,data/raw/20260804/20260804_1704_image153_rot30.jpg,20260804,3
52_1113_7,52,data/raw/20260804/20260804_1715_image270_rot60.jpg,20260804,10
14_212_1,14,data/raw/20260722/20260722_1808_image116_bdw.jpg,20260722,9
39_1156_9,39,data/raw/20260804/20260804_1719_image313_sup.jpg,20260804,0
34_300_2,34,data/raw/20260727/20260727_1710_image57_bup.jpg,20260727,17
2_228_4,2,data/raw/20260724/20260724_1628_image6_cup.jpg,20260724,5
43_824_1,43,data/raw/20260731/20260731_1717_image262_bdw.jpg,20260731,0
42_1220_6,42,data/raw/20260804/20260804_1724_image377_rot45.jpg,20260804,1
39_455_3,39,data/raw/20260727/20260727_1730_image212_cdw.jpg,20260727,4
28_1052_7,28,data/raw/20260804/20260804_1711_image209_rot60.jpg,20260804,7
24_182_2,24,data/raw/20260722/20260722_1758_image86_bup.jpg,20260722,8
50_1027_3,50,data/raw/20260804/20260804_1710_image184_cdw.jpg,20260804,15
39_455_6,39,data/raw/20260727/20260727_1730_image212_rot45.jpg,20260727,4
2_557_1,2,data/raw/20260729/20260729_1700_image24_bdw.jpg,20260729,0
34_600_8,34,data/raw/20260731/20260731_1655_image37_sdw.jpg,20260731,13
30_217_9,30,data/raw/20260722/20260722_1813_image121_sup.jpg,20260722,5
