class,filename,image_path
vegetative,20260712_0846_vegetative_108_cdown.jpg,data/raw/vegetative/20260712_0846_vegetative_108_cdown.jpg
budding,20260328_1005_budding_47_rot45.jpg,data/raw/budding/20260328_1005_budding_47_rot45.jpg
full_bloom,20260727_1709_full_bloom_45_sdown.jpg,data/raw/full_bloom/20260727_1709_full_bloom_45_sdown.jpg
full_bloom,20260328_1059_full_bloom_93_sup.jpg,data/raw/full_bloom/20260328_1059_full_bloom_93_sup.jpg
wilting,20260814_1637_wilting_26.jpg,data/raw/wilting/20260814_1637_wilting_26.jpg
pre_bloom,20260731_1708_pre_bloom_91_cup.jpg,data/raw/pre_bloom/20260731_1708_pre_bloom_91_cup.jpg
seed_formation,20260727_1733_seed_formation_175_rot30.jpg,data/raw/seed_formation/20260727_1733_seed_formation_175_rot30.jpg
budding,20260328_1121_budding_190_bup.jpg,data/raw/budding/20260328_1121_budding_190_bup.jpg
full_bloom,flowerin_0000_full_bloom_154_bdown.jpg,data/raw/full_bloom/flowerin_0000_full_bloom_154_bdown.jpg
vegetative,20260328_1117_vegetative_77_sdown.jpg,data/raw/vegetative/20260328_1117_vegetative_77_sdown.jpg
seed_formation,20260328_1021_seed_formation_60_rot60.jpg,data/raw/seed_formation/20260328_1021_seed_formation_60_rot60.jpg
budding,20260328_1005_budding_38_cup.jpg,data/raw/budding/20260328_1005_budding_38_cup.jpg
full_bloom,20260715_1555_full_bloom_1_rot45.jpg,data/raw/full_bloom/20260715_1555_full_bloom_1_rot45.jpg
full_bloom,20260328_1115_full_bloom_139.jpg,data/raw/full_bloom/20260328_1115_full_bloom_139.jpg
wilting,20260814_1637_wilting_12_rot45.jpg,data/raw/wilting/20260814_1637_wilting_12_rot45.jpg
pre_bloom,20260731_1656_pre_bloom_79.jpg,data/raw/pre_bloom/20260731_1656_pre_bloom_79.jpg
vegetative,20260328_1032_vegetative_37_bup.jpg,data/raw/vegetative/20260328_1032_vegetative_37_bup.jpg
wilting,20260814_1646_wilting_39_sup.jpg,data/raw/wilting/20260814_1646_wilting_39_sup.jpg
pre_bloom,20260328_1043_pre_bloom_43_rot30.jpg,data/raw/pre_bloom/20260328_1043_pre_bloom_43_rot30.jpg
pre_bloom,20260727_1556_pre_bloom_48_bdown.jpg,data/raw/pre_bloom/20260727_1556_pre_bloom_48_bdown.jpg
pre_bloom,20260722_1743_pre_bloom_24_bdown.jpg,data/raw/pre_bloom/20260722_1743_pre_bloom_24_bdown.jpg
full_bloom,20260328_1052_full_bloom_64_bdown.jpg,data/raw/full_bloom/20260328_1052_full_bloom_64_bdown.jpg
full_bloom,20260727_1711_full_bloom_56_bup.jpg,data/raw/full_bloom/20260727_1711_full_bloom_56_bup.jpg
vegetative,20260712_0901_vegetative_121.jpg,data/raw/vegetative/20260712_0901_vegetative_121.jpg
vegetative,20260712_0843_vegetative_107_rot45.jpg,data/raw/vegetative/20260712_0843_vegetative_107_rot45.jpg
full_bloom,20260328_1013_full_bloom_8_rot45.jpg,data/raw/full_bloom/20260328_1013_full_bloom_8_rot45.jpg
full_bloom,20260328_1100_full_bloom_98_bdown.jpg,data/raw/full_bloom/20260328_1100_full_bloom_98_bdown.jpg
seed_formation,20260328_1042_seed_formation_121_cdown.jpg,data/raw/seed_formation/20260328_1042_seed_formation_121_cdown.jpg
seed_formation,20260731_1719_seed_formation_184_sdown.jpg,data/raw/seed_formation/20260731_1719_seed_formation_184_sdown.jpg
seed_formation,20260328_1040_seed_formation_96_rot45.jpg,data/raw/seed_formation/20260328_1040_seed_formation_96_rot45.jpg
full_bloom,20260328_1110_full_bloom_119_bup.jpg,data/raw/full_bloom/20260328_1110_full_bloom_119_bup.jpg
seed_formation,20260328_1007_seed_formation_5_rot30.jpg,data/raw/seed_formation/20260328_1007_seed_formation_5_rot30.jpg
seed_formation,20260727_1715_seed_formation_23_sdown.jpg,data/raw/seed_formation/20260727_1715_seed_formation_23_sdown.jpg
full_bloom,20260328_1052_full_bloom_57_rot30.jpg,data/raw/full_bloom/20260328_1052_full_bloom_57_rot30.jpg
pre_bloom,20260328_1108_pre_bloom_63.jpg,data/raw/pre_bloom/20260328_1108_pre_bloom_63.jpg
vegetative,20260328_1117_vegetative_79_cdown.jpg,data/raw/vegetative/20260328_1117_vegetative_79_cdown.jpg
vegetative,20260804_1655_vegetative_154_bup.jpg,data/raw/vegetative/20260804_1655_vegetative_154_bup.jpg
pre_bloom,20260328_1005_pre_bloom_7_rot30.jpg,data/raw/pre_bloom/20260328_1005_pre_bloom_7_rot30.jpg
pre_bloom,20260731_1658_pre_bloom_86_cdown.jpg,data/raw/pre_bloom/20260731_1658_pre_bloom_86_cdown.jpg
full_bloom,20260328_1109_full_bloom_104_rot60.jpg,data/raw/full_bloom/20260328_1109_full_bloom_104_rot60.jpg
full_bloom,20260328_1038_full_bloom_44_cup.jpg,data/raw/full_bloom/20260328_1038_full_bloom_44_cup.jpg
wilting,20260824_1721_wilting_107_bdown.jpg,data/raw/wilting/20260824_1721_wilting_107_bdown.jpg
budding,20260328_1121_budding_186_bup.jpg,data/raw/budding/20260328_1121_budding_186_bup.jpg
pre_bloom,20260726_1336_pre_bloom_29.jpg,data/raw/pre_bloom/20260726_1336_pre_bloom_29.jpg
pre_bloom,20260726_1337_pre_bloom_33_sup.jpg,data/raw/pre_bloom/20260726_1337_pre_bloom_33_sup.jpg
wilting,20260824_1706_wilting_54_rot60.jpg,data/raw/wilting/20260824_1706_wilting_54_rot60.jpg
full_bloom,20260727_1724_full_bloom_70.jpg,data/raw/full_bloom/20260727_1724_full_bloom_70.jpg
pre_bloom,20260804_1724_pre_bloom_102_sup.jpg,data/raw/pre_bloom/20260804_1724_pre_bloom_102_sup.jpg
wilting,20260819_1716_wilting_22_bdown.jpg,data/raw/wilting/20260819_1716_wilting_22_bdown.jpg
seed_formation,20260328_1039_seed_formation_90_bup.jpg,data/raw/seed_formation/20260328_1039_seed_formation_90_bup.jpg
pre_bloom,20260328_1042_pre_bloom_34_bup.jpg,data/raw/pre_bloom/20260328_1042_pre_bloom_34_bup.jpg
budding,20260328_1042_budding_130.jpg,data/raw/budding/20260328_1042_budding_130.jpg
seed_formation,20260328_1009_seed_formation_32.jpg,data/raw/seed_formation/20260328_1009_seed_formation_32.jpg
seed_formation,20260328_1020_seed_formation_58_cup.jpg,data/raw/seed_formation/20260328_1020_seed_formation_58_cup.jpg
budding,20260328_1110_budding_166_rot60.jpg,data/raw/budding/20260328_1110_budding_166_rot60.jpg
pre_bloom,20260328_1109_pre_bloom_72_cdown.jpg,data/raw/pre_bloom/20260328_1109_pre_bloom_72_cdown.jpg
wilting,20260722_1658_wilting_6.jpg,data/raw/wilting/20260722_1658_wilting_6.jpg
full_bloom,20260328_1052_full_bloom_62_rot30.jpg,data/raw/full_bloom/20260328_1052_full_bloom_62_rot30.jpg
budding,20260328_1121_budding_184_sup.jpg,data/raw/budding/20260328_1121_budding_184_sup.jpg
budding,20260328_1018_budding_128_cup.jpg,data/raw/budding/20260328_1018_budding_128_cup.jpg
full_bloom,20260727_1709_full_bloom_40_rot30.jpg,data/raw/full_bloom/20260727_1709_full_bloom_40_rot30.jpg
pre_bloom,20260727_1711_pre_bloom_50.jpg,data/raw/pre_bloom/20260727_1711_pre_bloom_50.jpg
pre_bloom,20260712_0854_pre_bloom_2_rot45.jpg,data/raw/pre_bloom/20260712_0854_pre_bloom_2_rot45.jpg
seed_formation,seedformation4.jpg,data/raw/seed_formation/seedformation4.jpg
wilting,20260819_1717_wilting_28_sup.jpg,data/raw/wilting/20260819_1717_wilting_28_sup.jpg
full_bloom,20260328_1109_full_bloom_105_cdown.jpg,data/raw/full_bloom/20260328_1109_full_bloom_105_cdown.jpg
vegetative,20260328_1037_vegetative_41_sup.jpg,data/raw/vegetative/20260328_1037_vegetative_41_sup.jpg
seed_formation,20260727_1733_seed_formation_175_bdown.jpg,data/raw/seed_formation/20260727_1733_seed_formation_175_bdown.jpg
wilting,20260814_1636_wilting_17_rot30.jpg,data/raw/wilting/20260814_1636_wilting_17_rot30.jpg
seed_formation,20260328_1040_seed_formation_96_sdown.jpg,data/raw/seed_formation/20260328_1040_seed_formation_96_sdown.jpg
pre_bloom,20260726_1337_pre_bloom_35_cdown.jpg,data/raw/pre_bloom/20260726_1337_pre_bloom_35_cdown.jpg
seed_formation,20260328_1023_seed_formation_72.jpg,data/raw/seed_formation/20260328_1023_seed_formation_72.jpg
wilting,20260824_1706_wilting_55_rot45.jpg,data/raw/wilting/20260824_1706_wilting_55_rot45.jpg
pre_bloom,20260811_1639_pre_bloom_112.jpg,data/raw/pre_bloom/20260811_1639_pre_bloom_112.jpg
seed_formation,20260328_1041_seed_formation_113_cdown.jpg,data/raw/seed_formation/20260328_1041_seed_formation_113_cdown.jpg
pre_bloom,20260722_1742_pre_bloom_16_rot60.jpg,data/raw/pre_bloom/20260722_1742_pre_bloom_16_rot60.jpg
full_bloom,20260328_1013_full_bloom_3_sup.jpg,data/raw/full_bloom/20260328_1013_full_bloom_3_sup.jpg
pre_bloom,20260328_1043_pre_bloom_39_sdown.jpg,data/raw/pre_bloom/20260328_1043_pre_bloom_39_sdown.jpg
vegetative,20260328_1046_vegetative_65_sup.jpg,data/raw/vegetative/20260328_1046_vegetative_65_sup.jpg
full_bloom,20260328_1037_full_bloom_36_bup.jpg,data/raw/full_bloom/20260328_1037_full_bloom_36_bup.jpg
vegetative,20260722_1821_vegetative_151_sdown.jpg,data/raw/vegetative/20260722_1821_vegetative_151_sdown.jpg
vegetative,flowerin_0000_vegetative_166_rot60.jpg,data/raw/vegetative/flowerin_0000_vegetative_166_rot60.jpg
vegetative,20260712_0838_vegetative_102_bup.jpg,data/raw/vegetative/20260712_0838_vegetative_102_bup.jpg
wilting,20260824_1707_wilting_68_cup.jpg,data/raw/wilting/20260824_1707_wilting_68_cup.jpg
budding,20260328_1110_budding_166_bup.jpg,data/raw/budding/20260328_1110_budding_166_bup.jpg
seed_formation,20260328_1009_seed_formation_28.jpg,data/raw/seed_formation/20260328_1009_seed_formation_28.jpg
wilting,20260814_1637_wilting_27_rot30.jpg,data/raw/wilting/20260814_1637_wilting_27_rot30.jpg
vegetative,vegetati_0000_vegetative_173_bup.jpg,data/raw/vegetative/vegetati_0000_vegetative_173_bup.jpg
full_bloom,20260328_1053_full_bloom_79_bup.jpg,data/raw/full_bloom/20260328_1053_full_bloom_79_bup.jpg
full_bloom,20260328_1111_full_bloom_121_cdown.jpg,data/raw/full_bloom/20260328_1111_full_bloom_121_cdown.jpg
wilting,20260328_1056_wilting_2_cup.jpg,data/raw/wilting/20260328_1056_wilting_2_cup.jpg
pre_bloom,20260811_1640_pre_bloom_124_rot60.jpg,data/raw/pre_bloom/20260811_1640_pre_bloom_124_rot60.jpg
seed_formation,20260328_1022_seed_formation_61_bdown.jpg,data/raw/seed_formation/20260328_1022_seed_formation_61_bdown.jpg
full_bloom,20260727_1709_full_bloom_47_cup.jpg,data/raw/full_bloom/20260727_1709_full_bloom_47_cup.jpg
full_bloom,20260328_1109_full_bloom_109_bdown.jpg,data/raw/full_bloom/20260328_1109_full_bloom_109_bdown.jpg
pre_bloom,20260328_1108_pre_bloom_48_cup.jpg,data/raw/pre_bloom/20260328_1108_pre_bloom_48_cup.jpg
wilting,20260824_1709_wilting_80_rot30.jpg,data/raw/wilting/20260824_1709_wilting_80_rot30.jpg
vegetative,20260328_1038_vegetative_51_rot30.jpg,data/raw/vegetative/20260328_1038_vegetative_51_rot30.jpg
seed_formation,20260328_1041_seed_formation_116_rot60.jpg,data/raw/seed_formation/20260328_1041_seed_formation_116_rot60.jpg
full_bloom,20260328_1110_full_bloom_117_bup.jpg,data/raw/full_bloom/20260328_1110_full_bloom_117_bup.jpg
vegetative,vegetati_0000_vegetative_177_cdown.jpg,data/raw/vegetative/vegetati_0000_vegetative_177_cdown.jpg
vegetative,20260328_1015_vegetative_13_bdown.jpg,data/raw/vegetative/20260328_1015_vegetative_13_bdown.jpg
wilting,20260819_1718_wilting_33_cdown.jpg,data/raw/wilting/20260819_1718_wilting_33_cdown.jpg
vegetative,20260328_1116_vegetative_74_rot60.jpg,data/raw/vegetative/20260328_1116_vegetative_74_rot60.jpg
full_bloom,20260727_1709_full_bloom_43.jpg,data/raw/full_bloom/20260727_1709_full_bloom_43.jpg
full_bloom,flowerin_0000_full_bloom_149_bup.jpg,data/raw/full_bloom/flowerin_0000_full_bloom_149_bup.jpg
vegetative,20260328_1038_vegetative_51_sup.jpg,data/raw/vegetative/20260328_1038_vegetative_51_sup.jpg
seed_formation,20260328_1019_seed_formation_35_cdown.jpg,data/raw/seed_formation/20260328_1019_seed_formation_35_cdown.jpg
budding,20260328_1123_budding_222_sdown.jpg,data/raw/budding/20260328_1123_budding_222_sdown.jpg
pre_bloom,20260727_1737_pre_bloom_72_rot30.jpg,data/raw/pre_bloom/20260727_1737_pre_bloom_72_rot30.jpg
wilting,20260824_1708_wilting_72_sup.jpg,data/raw/wilting/20260824_1708_wilting_72_sup.jpg
full_bloom,flowerin_0000_full_bloom_147_rot60.jpg,data/raw/full_bloom/flowerin_0000_full_bloom_147_rot60.jpg
budding,20260328_1121_budding_189.jpg,data/raw/budding/20260328_1121_budding_189.jpg
pre_bloom,20260328_1109_pre_bloom_70_cup.jpg,data/raw/pre_bloom/20260328_1109_pre_bloom_70_cup.jpg
seed_formation,20260328_1042_seed_formation_123_sdown.jpg,data/raw/seed_formation/20260328_1042_seed_formation_123_sdown.jpg
full_bloom,20260328_1038_full_bloom_43_rot30.jpg,data/raw/full_bloom/20260328_1038_full_bloom_43_rot30.jpg
full_bloom,20260328_1052_full_bloom_72_rot60.jpg,data/raw/full_bloom/20260328_1052_full_bloom_72_rot60.jpg
seed_formation,20260328_1007_seed_formation_5_cdown.jpg,data/raw/seed_formation/20260328_1007_seed_formation_5_cdown.jpg
full_bloom,20260328_1053_full_bloom_74_cdown.jpg,data/raw/full_bloom/20260328_1053_full_bloom_74_cdown.jpg
full_bloom,20260328_1059_full_bloom_92_bdown.jpg,data/raw/full_bloom/20260328_1059_full_bloom_92_bdown.jpg
budding,20260328_1011_budding_100_rot45.jpg,data/raw/budding/20260328_1011_budding_100_rot45.jpg
vegetative,20260328_1117_vegetative_81_cup.jpg,data/raw/vegetative/20260328_1117_vegetative_81_cup.jpg
full_bloom,20260727_1707_full_bloom_33_cdown.jpg,data/raw/full_bloom/20260727_1707_full_bloom_33_cdown.jpg
wilting,20260824_1708_wilting_71.jpg,data/raw/wilting/20260824_1708_wilting_71.jpg
wilting,20260824_1721_wilting_98_rot30.jpg,data/raw/wilting/20260824_1721_wilting_98_rot30.jpg
budding,20260328_1005_budding_31_bdown.jpg,data/raw/budding/20260328_1005_budding_31_bdown.jpg
budding,20260328_1121_budding_187_rot60.jpg,data/raw/budding/20260328_1121_budding_187_rot60.jpg
budding,20260328_1054_budding_133_bdown.jpg,data/raw/budding/20260328_1054_budding_133_bdown.jpg
wilting,20260819_1717_wilting_31_bup.jpg,data/raw/wilting/20260819_1717_wilting_31_bup.jpg
budding,20260328_1042_budding_131_bdown.jpg,data/raw/budding/20260328_1042_budding_131_bdown.jpg
pre_bloom,20260811_1639_pre_bloom_109.jpg,data/raw/pre_bloom/20260811_1639_pre_bloom_109.jpg
budding,20260328_1005_budding_66_bup.jpg,data/raw/budding/20260328_1005_budding_66_bup.jpg
full_bloom,20260328_1012_full_bloom_1_rot60.jpg,data/raw/full_bloom/20260328_1012_full_bloom_1_rot60.jpg
seed_formation,20260328_1041_seed_formation_110.jpg,data/raw/seed_formation/20260328_1041_seed_formation_110.jpg
full_bloom,20260328_1038_full_bloom_47_rot60.jpg,data/raw/full_bloom/20260328_1038_full_bloom_47_rot60.jpg
budding,20260328_1123_budding_219_sup.jpg,data/raw/budding/20260328_1123_budding_219_sup.jpg
full_bloom,20260328_1110_full_bloom_117_bdown.jpg,data/raw/full_bloom/20260328_1110_full_bloom_117_bdown.jpg
wilting,20260722_1658_wilting_7_bup.jpg,data/raw/wilting/20260722_1658_wilting_7_bup.jpg
seed_formation,20260328_1041_seed_formation_115_rot45.jpg,data/raw/seed_formation/20260328_1041_seed_formation_115_rot45.jpg
full_bloom,20260328_1013_full_bloom_10_rot60.jpg,data/raw/full_bloom/20260328_1013_full_bloom_10_rot60.jpg
full_bloom,20260727_1707_full_bloom_37_bdown.jpg,data/raw/full_bloom/20260727_1707_full_bloom_37_bdown.jpg
full_bloom,20260727_1711_full_bloom_56_sdown.jpg,data/raw/full_bloom/20260727_1711_full_bloom_56_sdown.jpg
seed_formation,20260722_1745_seed_formation_10_rot45.jpg,data/raw/seed_formation/20260722_1745_seed_formation_10_rot45.jpg
budding,20260328_1011_budding_97_sup.jpg,data/raw/budding/20260328_1011_budding_97_sup.jpg
wilting,20260814_1637_wilting_23_cdown.jpg,data/raw/wilting/20260814_1637_wilting_23_cdown.jpg
full_bloom,20260328_1109_full_bloom_112_sup.jpg,data/raw/full_bloom/20260328_1109_full_bloom_112_sup.jpg
seed_formation,20260328_1020_seed_formation_41_bdown.jpg,data/raw/seed_formation/20260328_1020_seed_formation_41_bdown.jpg
pre_bloom,20260328_1043_pre_bloom_35_sdown.jpg,data/raw/pre_bloom/20260328_1043_pre_bloom_35_sdown.jpg
full_bloom,20260328_1052_full_bloom_63_bdown.jpg,data/raw/full_bloom/20260328_1052_full_bloom_63_bdown.jpg
budding,20260328_1005_budding_14_bup.jpg,data/raw/budding/20260328_1005_budding_14_bup.jpg
pre_bloom,20260328_1109_pre_bloom_72_sdown.jpg,data/raw/pre_bloom/20260328_1109_pre_bloom_72_sdown.jpg
budding,20260328_1005_budding_33_bdown.jpg,data/raw/budding/20260328_1005_budding_33_bdown.jpg
wilting,20260814_1647_wilting_43_sdown.jpg,data/raw/wilting/20260814_1647_wilting_43_sdown.jpg
pre_bloom,20260727_1711_pre_bloom_50_cdown.jpg,data/raw/pre_bloom/20260727_1711_pre_bloom_50_cdown.jpg
budding,20260328_1110_budding_172.jpg,data/raw/budding/20260328_1110_budding_172.jpg
seed_formation,20260731_1719_seed_formation_184.jpg,data/raw/seed_formation/20260731_1719_seed_formation_184.jpg
budding,20260328_1005_budding_1_cup.jpg,data/raw/budding/20260328_1005_budding_1_cup.jpg
pre_bloom,Budding0_0000_pre_bloom_76_cdown.jpg,data/raw/pre_bloom/Budding0_0000_pre_bloom_76_cdown.jpg
seed_formation,20260722_1745_seed_formation_10_cup.jpg,data/raw/seed_formation/20260722_1745_seed_formation_10_cup.jpg
budding,20260328_1005_budding_8_rot60.jpg,data/raw/budding/20260328_1005_budding_8_rot60.jpg
seed_formation,20260722_1754_seed_formation_158_bup.jpg,data/raw/seed_formation/20260722_1754_seed_formation_158_bup.jpg
vegetative,20260712_0914_vegetative_144.jpg,data/raw/vegetative/20260712_0914_vegetative_144.jpg
pre_bloom,20260328_1109_pre_bloom_68_sdown.jpg,data/raw/pre_bloom/20260328_1109_pre_bloom_68_sdown.jpg
budding,20260328_1121_budding_196_cup.jpg,data/raw/budding/20260328_1121_budding_196_cup.jpg
vegetative,20260328_1117_vegetative_79_sdown.jpg,data/raw/vegetative/20260328_1117_vegetative_79_sdown.jpg
pre_bloom,20260811_1639_pre_bloom_112_sdown.jpg,data/raw/pre_bloom/20260811_1639_pre_bloom_112_sdown.jpg
seed_formation,20260722_1745_seed_formation_11_bup.jpg,data/raw/seed_formation/20260722_1745_seed_formation_11_bup.jpg
pre_bloom,20260722_1743_pre_bloom_24_rot60.jpg,data/raw/pre_bloom/20260722_1743_pre_bloom_24_rot60.jpg
vegetative,20260712_0851_vegetative_111_cdown.jpg,data/raw/vegetative/20260712_0851_vegetative_111_cdown.jpg
wilting,20260814_1646_wilting_36_bdown.jpg,data/raw/wilting/20260814_1646_wilting_36_bdown.jpg
seed_formation,20260727_1733_seed_formation_177_sup.jpg,data/raw/seed_formation/20260727_1733_seed_formation_177_sup.jpg
wilting,20260819_1717_wilting_31.jpg,data/raw/wilting/20260819_1717_wilting_31.jpg
full_bloom,20260727_1707_full_bloom_35_sup.jpg,data/raw/full_bloom/20260727_1707_full_bloom_35_sup.jpg
vegetative,20260712_0902_vegetative_141_rot60.jpg,data/raw/vegetative/20260712_0902_vegetative_141_rot60.jpg
full_bloom,20260722_1744_full_bloom_22_bup.jpg,data/raw/full_bloom/20260722_1744_full_bloom_22_bup.jpg
full_bloom,20260727_1722_full_bloom_65_bdown.jpg,data/raw/full_bloom/20260727_1722_full_bloom_65_bdown.jpg
vegetative,20260804_1656_vegetative_155_rot45.jpg,data/raw/vegetative/20260804_1656_vegetative_155_rot45.jpg
vegetative,20260328_1037_vegetative_41_cdown.jpg,data/raw/vegetative/20260328_1037_vegetative_41_cdown.jpg
seed_formation,20260715_1554_seed_formation_127_sdown.jpg,data/raw/seed_formation/20260715_1554_seed_formation_127_sdown.jpg
budding,20260328_1110_budding_159_cup.jpg,data/raw/budding/20260328_1110_budding_159_cup.jpg
full_bloom,20260328_1110_full_bloom_120_rot30.jpg,data/raw/full_bloom/20260328_1110_full_bloom_120_rot30.jpg
vegetative,20260804_1656_vegetative_155_rot60.jpg,data/raw/vegetative/20260804_1656_vegetative_155_rot60.jpg
wilting,20260824_1705_wilting_45_rot60.jpg,data/raw/wilting/20260824_1705_wilting_45_rot60.jpg
wilting,20260824_1709_wilting_82_sdown.jpg,data/raw/wilting/20260824_1709_wilting_82_sdown.jpg
vegetative,20260804_1655_vegetative_154_cup.jpg,data/raw/vegetative/20260804_1655_vegetative_154_cup.jpg
full_bloom,20260727_1709_full_bloom_47_rot30.jpg,data/raw/full_bloom/20260727_1709_full_bloom_47_rot30.jpg
full_bloom,20260328_1114_full_bloom_132_sup.jpg,data/raw/full_bloom/20260328_1114_full_bloom_132_sup.jpg
full_bloom,20260328_1053_full_bloom_77.jpg,data/raw/full_bloom/20260328_1053_full_bloom_77.jpg
wilting,wilting1_0000_wilting_45_rot30.jpg,data/raw/wilting/wilting1_0000_wilting_45_rot30.jpg
wilting,20260814_1637_wilting_22_cdown.jpg,data/raw/wilting/20260814_1637_wilting_22_cdown.jpg
vegetative,flowerin_0000_vegetative_166_cdown.jpg,data/raw/vegetative/flowerin_0000_vegetative_166_cdown.jpg
budding,20260328_1011_budding_103_rot60.jpg,data/raw/budding/20260328_1011_budding_103_rot60.jpg
seed_formation,20260328_1039_seed_formation_79_rot30.jpg,data/raw/seed_formation/20260328_1039_seed_formation_79_rot30.jpg
seed_formation,20260715_1602_seed_formation_143_sdown.jpg,data/raw/seed_formation/20260715_1602_seed_formation_143_sdown.jpg
vegetative,20260712_0902_vegetative_131_rot45.jpg,data/raw/vegetative/20260712_0902_vegetative_131_rot45.jpg
seed_formation,20260727_1733_seed_formation_175_cup.jpg,data/raw/seed_formation/20260727_1733_seed_formation_175_cup.jpg
wilting,20260824_1708_wilting_75_rot30.jpg,data/raw/wilting/20260824_1708_wilting_75_rot30.jpg
seed_formation,20260328_1042_seed_formation_124_bdown.jpg,data/raw/seed_formation/20260328_1042_seed_formation_124_bdown.jpg
full_bloom,20260727_1709_full_bloom_51_rot30.jpg,data/raw/full_bloom/20260727_1709_full_bloom_51_rot30.jpg
wilting,20260824_1720_wilting_92_rot45.jpg,data/raw/wilting/20260824_1720_wilting_92_rot45.jpg
vegetative,20260804_1655_vegetative_154_rot45.jpg,data/raw/vegetative/20260804_1655_vegetative_154_rot45.jpg
wilting,20260819_1705_wilting_17_rot30.jpg,data/raw/wilting/20260819_1705_wilting_17_rot30.jpg
pre_bloom,20260712_0854_pre_bloom_2_cup.jpg,data/raw/pre_bloom/20260712_0854_pre_bloom_2_cup.jpg
vegetative,20260712_0902_vegetative_135_sdown.jpg,data/raw/vegetative/20260712_0902_vegetative_135_sdown.jpg
budding,20260328_1110_budding_159.jpg,data/raw/budding/20260328_1110_budding_159.jpg
pre_bloom,20260722_1743_pre_bloom_25_rot30.jpg,data/raw/pre_bloom/20260722_1743_pre_bloom_25_rot30.jpg
wilting,20260824_1709_wilting_81_sdown.jpg,data/raw/wilting/20260824_1709_wilting_81_sdown.jpg
vegetative,20260712_0846_vegetative_108_sdown.jpg,data/raw/vegetative/20260712_0846_vegetative_108_sdown.jpg
pre_bloom,20260731_1709_pre_bloom_92_bdown.jpg,data/raw/pre_bloom/20260731_1709_pre_bloom_92_bdown.jpg
vegetative,20260328_1046_vegetative_54_cup.jpg,data/raw/vegetative/20260328_1046_vegetative_54_cup.jpg
wilting,20260824_1721_wilting_100_sup.jpg,data/raw/wilting/20260824_1721_wilting_100_sup.jpg
vegetative,20260328_1002_vegetative_3_cdown.jpg,data/raw/vegetative/20260328_1002_vegetative_3_cdown.jpg
budding,20260328_1122_budding_210_bup.jpg,data/raw/budding/20260328_1122_budding_210_bup.jpg
pre_bloom,20260727_1737_pre_bloom_74_cup.jpg,data/raw/pre_bloom/20260727_1737_pre_bloom_74_cup.jpg
pre_bloom,20260727_1737_pre_bloom_72_sup.jpg,data/raw/pre_bloom/20260727_1737_pre_bloom_72_sup.jpg
full_bloom,20260328_1110_full_bloom_118.jpg,data/raw/full_bloom/20260328_1110_full_bloom_118.jpg
full_bloom,20260328_1038_full_bloom_41.jpg,data/raw/full_bloom/20260328_1038_full_bloom_41.jpg
full_bloom,20260328_1052_full_bloom_69_bup.jpg,data/raw/full_bloom/20260328_1052_full_bloom_69_bup.jpg
pre_bloom,20260811_1640_pre_bloom_122_sup.jpg,data/raw/pre_bloom/20260811_1640_pre_bloom_122_sup.jpg
full_bloom,20260328_1059_full_bloom_93_rot45.jpg,data/raw/full_bloom/20260328_1059_full_bloom_93_rot45.jpg
pre_bloom,20260727_1555_pre_bloom_41_sdown.jpg,data/raw/pre_bloom/20260727_1555_pre_bloom_41_sdown.jpg
seed_formation,20260328_1008_seed_formation_21_rot60.jpg,data/raw/seed_formation/20260328_1008_seed_formation_21_rot60.jpg
pre_bloom,20260727_1555_pre_bloom_46_bup.jpg,data/raw/pre_bloom/20260727_1555_pre_bloom_46_bup.jpg
seed_formation,20260328_1020_seed_formation_58_bdown.jpg,data/raw/seed_formation/20260328_1020_seed_formation_58_bdown.jpg
budding,20260328_1011_budding_95.jpg,data/raw/budding/20260328_1011_budding_95.jpg
vegetative,20260328_1006_vegetative_7_rot30.jpg,data/raw/vegetative/20260328_1006_vegetative_7_rot30.jpg
vegetative,20260712_0838_vegetative_105_bup.jpg,data/raw/vegetative/20260712_0838_vegetative_105_bup.jpg
wilting,wilting1_0000_wilting_45_rot45.jpg,data/raw/wilting/wilting1_0000_wilting_45_rot45.jpg
vegetative,20260328_1116_vegetative_73_bup.jpg,data/raw/vegetative/20260328_1116_vegetative_73_bup.jpg
full_bloom,20260328_1013_full_bloom_7_sdown.jpg,data/raw/full_bloom/20260328_1013_full_bloom_7_sdown.jpg
vegetative,20260722_1821_vegetative_152_rot30.jpg,data/raw/vegetative/20260722_1821_vegetative_152_rot30.jpg
full_bloom,20260328_1036_full_bloom_29_cdown.jpg,data/raw/full_bloom/20260328_1036_full_bloom_29_cdown.jpg
full_bloom,20260328_1038_full_bloom_41_sdown.jpg,data/raw/full_bloom/20260328_1038_full_bloom_41_sdown.jpg
wilting,20260819_1718_wilting_37_cdown.jpg,data/raw/wilting/20260819_1718_wilting_37_cdown.jpg
vegetative,20260712_0901_vegetative_123_bdown.jpg,data/raw/vegetative/20260712_0901_vegetative_123_bdown.jpg
vegetative,20260328_1037_vegetative_45_cdown.jpg,data/raw/vegetative/20260328_1037_vegetative_45_cdown.jpg
pre_bloom,20260727_1711_pre_bloom_56_cdown.jpg,data/raw/pre_bloom/20260727_1711_pre_bloom_56_cdown.jpg
budding,20260328_1123_budding_217_cup.jpg,data/raw/budding/20260328_1123_budding_217_cup.jpg
seed_formation,20260328_1022_seed_formation_65_rot60.jpg,data/raw/seed_formation/20260328_1022_seed_formation_65_rot60.jpg
full_bloom,20260727_1709_full_bloom_48_bdown.jpg,data/raw/full_bloom/20260727_1709_full_bloom_48_bdown.jpg
full_bloom,20260715_1557_full_bloom_13_sdown.jpg,data/raw/full_bloom/20260715_1557_full_bloom_13_sdown.jpg
budding,20260328_1055_budding_134_cup.jpg,data/raw/budding/20260328_1055_budding_134_cup.jpg
budding,20260328_1005_budding_29_sup.jpg,data/raw/budding/20260328_1005_budding_29_sup.jpg
full_bloom,20260328_1053_full_bloom_75.jpg,data/raw/full_bloom/20260328_1053_full_bloom_75.jpg
pre_bloom,20260328_1108_pre_bloom_49_bup.jpg,data/raw/pre_bloom/20260328_1108_pre_bloom_49_bup.jpg
budding,20260328_1005_budding_65_rot30.jpg,data/raw/budding/20260328_1005_budding_65_rot30.jpg
full_bloom,20260328_1100_full_bloom_100_bup.jpg,data/raw/full_bloom/20260328_1100_full_bloom_100_bup.jpg
wilting,20260824_1720_wilting_96_rot60.jpg,data/raw/wilting/20260824_1720_wilting_96_rot60.jpg
full_bloom,20260727_1709_full_bloom_53_sdown.jpg,data/raw/full_bloom/20260727_1709_full_bloom_53_sdown.jpg
full_bloom,20260328_1014_full_bloom_17_rot45.jpg,data/raw/full_bloom/20260328_1014_full_bloom_17_rot45.jpg
full_bloom,20260328_1013_full_bloom_8_rot30.jpg,data/raw/full_bloom/20260328_1013_full_bloom_8_rot30.jpg
budding,20260328_1005_budding_48_rot45.jpg,data/raw/budding/20260328_1005_budding_48_rot45.jpg
budding,20260328_1010_budding_82_cup.jpg,data/raw/budding/20260328_1010_budding_82_cup.jpg
seed_formation,20260328_1023_seed_formation_72_cdown.jpg,data/raw/seed_formation/20260328_1023_seed_formation_72_cdown.jpg
budding,20260328_1110_budding_162_rot60.jpg,data/raw/budding/20260328_1110_budding_162_rot60.jpg
full_bloom,20260722_1803_full_bloom_25_rot60.jpg,data/raw/full_bloom/20260722_1803_full_bloom_25_rot60.jpg
full_bloom,20260328_1110_full_bloom_116.jpg,data/raw/full_bloom/20260328_1110_full_bloom_116.jpg
budding,20260328_1010_budding_80_cdown.jpg,data/raw/budding/20260328_1010_budding_80_cdown.jpg
vegetative,20260328_1038_vegetative_51_sdown.jpg,data/raw/vegetative/20260328_1038_vegetative_51_sdown.jpg
wilting,20260824_1706_wilting_61_rot45.jpg,data/raw/wilting/20260824_1706_wilting_61_rot45.jpg
vegetative,20260804_1656_vegetative_162_cdown.jpg,data/raw/vegetative/20260804_1656_vegetative_162_cdown.jpg
budding,20260328_1005_budding_8_rot30.jpg,data/raw/budding/20260328_1005_budding_8_rot30.jpg
pre_bloom,20260727_1737_pre_bloom_72_sdown.jpg,data/raw/pre_bloom/20260727_1737_pre_bloom_72_sdown.jpg
wilting,20260824_1707_wilting_65_sup.jpg,data/raw/wilting/20260824_1707_wilting_65_sup.jpg
full_bloom,flowerin_0000_full_bloom_156_sdown.jpg,data/raw/full_bloom/flowerin_0000_full_bloom_156_sdown.jpg
seed_formation,20260328_1020_seed_formation_50_cdown.jpg,data/raw/seed_formation/20260328_1020_seed_formation_50_cdown.jpg
vegetative,20260328_1116_vegetative_75_rot45.jpg,data/raw/vegetative/20260328_1116_vegetative_75_rot45.jpg
vegetative,20260328_1030_vegetative_22_bup.jpg,data/raw/vegetative/20260328_1030_vegetative_22_bup.jpg
budding,20260328_1122_budding_207_bdown.jpg,data/raw/budding/20260328_1122_budding_207_bdown.jpg
budding,20260328_1110_budding_170.jpg,data/raw/budding/20260328_1110_budding_170.jpg
budding,20260328_1122_budding_212_cdown.jpg,data/raw/budding/20260328_1122_budding_212_cdown.jpg
vegetative,20260712_0843_vegetative_107.jpg,data/raw/vegetative/20260712_0843_vegetative_107.jpg
full_bloom,20260328_1037_full_bloom_36_cdown.jpg,data/raw/full_bloom/20260328_1037_full_bloom_36_cdown.jpg
pre_bloom,20260328_1109_pre_bloom_72.jpg,data/raw/pre_bloom/20260328_1109_pre_bloom_72.jpg
full_bloom,20260727_1709_full_bloom_48_bup.jpg,data/raw/full_bloom/20260727_1709_full_bloom_48_bup.jpg
seed_formation,20260328_1023_seed_formation_73_rot60.jpg,data/raw/seed_formation/20260328_1023_seed_formation_73_rot60.jpg
vegetative,20260328_1116_vegetative_72_rot30.jpg,data/raw/vegetative/20260328_1116_vegetative_72_rot30.jpg
full_bloom,20260328_1038_full_bloom_43_bup.jpg,data/raw/full_bloom/20260328_1038_full_bloom_43_bup.jpg
pre_bloom,20260727_1711_pre_bloom_49_bup.jpg,data/raw/pre_bloom/20260727_1711_pre_bloom_49_bup.jpg
seed_formation,20260328_1039_seed_formation_88_rot60.jpg,data/raw/seed_formation/20260328_1039_seed_formation_88_rot60.jpg
wilting,20260814_1637_wilting_15_sdown.jpg,data/raw/wilting/20260814_1637_wilting_15_sdown.jpg
full_bloom,20260722_1658_full_bloom_18_bup.jpg,data/raw/full_bloom/20260722_1658_full_bloom_18_bup.jpg
vegetative,20260722_1659_vegetative_146_cup.jpg,data/raw/vegetative/20260722_1659_vegetative_146_cup.jpg
pre_bloom,20260811_1640_pre_bloom_121_rot60.jpg,data/raw/pre_bloom/20260811_1640_pre_bloom_121_rot60.jpg
wilting,20260814_1637_wilting_22_bup.jpg,data/raw/wilting/20260814_1637_wilting_22_bup.jpg
seed_formation,20260328_1021_seed_formation_60_rot45.jpg,data/raw/seed_formation/20260328_1021_seed_formation_60_rot45.jpg
pre_bloom,20260727_1736_pre_bloom_69_rot30.jpg,data/raw/pre_bloom/20260727_1736_pre_bloom_69_rot30.jpg
seed_formation,20260727_1733_seed_formation_175_cdown.jpg,data/raw/seed_formation/20260727_1733_seed_formation_175_cdown.jpg
pre_bloom,20260727_1737_pre_bloom_72_bdown.jpg,data/raw/pre_bloom/20260727_1737_pre_bloom_72_bdown.jpg
vegetative,vegetati_0000_vegetative_179_bdown.jpg,data/raw/vegetative/vegetati_0000_vegetative_179_bdown.jpg
wilting,20260824_1707_wilting_66_sup.jpg,data/raw/wilting/20260824_1707_wilting_66_sup.jpg
budding,inflores_0000_budding_227_sup.jpg,data/raw/budding/inflores_0000_budding_227_sup.jpg
pre_bloom,20260328_1108_pre_bloom_48_rot30.jpg,data/raw/pre_bloom/20260328_1108_pre_bloom_48_rot30.jpg
vegetative,20260328_1005_vegetative_4_rot60.jpg,data/raw/vegetative/20260328_1005_vegetative_4_rot60.jpg
full_bloom,20260328_1036_full_bloom_23_sup.jpg,data/raw/full_bloom/20260328_1036_full_bloom_23_sup.jpg
seed_formation,20260328_1041_seed_formation_109_bup.jpg,data/raw/seed_formation/20260328_1041_seed_formation_109_bup.jpg
budding,20260328_1122_budding_212_bdown.jpg,data/raw/budding/20260328_1122_budding_212_bdown.jpg
full_bloom,20260328_1110_full_bloom_114_cup.jpg,data/raw/full_bloom/20260328_1110_full_bloom_114_cup.jpg
wilting,20260824_1708_wilting_71_rot60.jpg,data/raw/wilting/20260824_1708_wilting_71_rot60.jpg
wilting,20260824_1721_wilting_100_bdown.jpg,data/raw/wilting/20260824_1721_wilting_100_bdown.jpg
budding,20260328_1010_budding_78_rot45.jpg,data/raw/budding/20260328_1010_budding_78_rot45.jpg
full_bloom,20260328_1115_full_bloom_137_rot30.jpg,data/raw/full_bloom/20260328_1115_full_bloom_137_rot30.jpg
budding,20260328_1110_budding_165.jpg,data/raw/budding/20260328_1110_budding_165.jpg
full_bloom,20260715_1557_full_bloom_15.jpg,data/raw/full_bloom/20260715_1557_full_bloom_15.jpg
vegetative,20260328_1015_vegetative_12_rot30.jpg,data/raw/vegetative/20260328_1015_vegetative_12_rot30.jpg
seed_formation,20260722_1745_seed_formation_11_sup.jpg,data/raw/seed_formation/20260722_1745_seed_formation_11_sup.jpg
seed_formation,20260722_1745_seed_formation_11_rot60.jpg,data/raw/seed_formation/20260722_1745_seed_formation_11_rot60.jpg
budding,20260328_1115_budding_182_rot60.jpg,data/raw/budding/20260328_1115_budding_182_rot60.jpg
full_bloom,20260328_1112_full_bloom_123.jpg,data/raw/full_bloom/20260328_1112_full_bloom_123.jpg
wilting,20260814_1646_wilting_42_cdown.jpg,data/raw/wilting/20260814_1646_wilting_42_cdown.jpg
full_bloom,20260328_1038_full_bloom_47_cup.jpg,data/raw/full_bloom/20260328_1038_full_bloom_47_cup.jpg
vegetative,20260328_1117_vegetative_76_cdown.jpg,data/raw/vegetative/20260328_1117_vegetative_76_cdown.jpg
budding,20260328_1122_budding_213_sdown.jpg,data/raw/budding/20260328_1122_budding_213_sdown.jpg
full_bloom,20260328_1109_full_bloom_104_rot45.jpg,data/raw/full_bloom/20260328_1109_full_bloom_104_rot45.jpg
seed_formation,20260328_1041_seed_formation_113_rot45.jpg,data/raw/seed_formation/20260328_1041_seed_formation_113_rot45.jpg
full_bloom,20260727_1723_full_bloom_67_rot60.jpg,data/raw/full_bloom/20260727_1723_full_bloom_67_rot60.jpg
vegetative,vegetati_0000_vegetative_175_cdown.jpg,data/raw/vegetative/vegetati_0000_vegetative_175_cdown.jpg
full_bloom,20260328_1111_full_bloom_121_bdown.jpg,data/raw/full_bloom/20260328_1111_full_bloom_121_bdown.jpg
vegetative,20260328_1037_vegetative_44_bdown.jpg,data/raw/vegetative/20260328_1037_vegetative_44_bdown.jpg
wilting,20260819_1718_wilting_33_rot30.jpg,data/raw/wilting/20260819_1718_wilting_33_rot30.jpg
seed_formation,20260727_1733_seed_formation_177_rot30.jpg,data/raw/seed_formation/20260727_1733_seed_formation_177_rot30.jpg
budding,20260328_1005_budding_5_bdown.jpg,data/raw/budding/20260328_1005_budding_5_bdown.jpg
wilting,20260824_1721_wilting_107_rot30.jpg,data/raw/wilting/20260824_1721_wilting_107_rot30.jpg
vegetative,20260328_1117_vegetative_87_rot45.jpg,data/raw/vegetative/20260328_1117_vegetative_87_rot45.jpg
seed_formation,20260328_1020_seed_formation_55_bup.jpg,data/raw/seed_formation/20260328_1020_seed_formation_55_bup.jpg
vegetative,20260712_0902_vegetative_132_sup.jpg,data/raw/vegetative/20260712_0902_vegetative_132_sup.jpg
vegetative,20260328_1046_vegetative_55_sup.jpg,data/raw/vegetative/20260328_1046_vegetative_55_sup.jpg
vegetative,20260712_0843_vegetative_107_rot60.jpg,data/raw/vegetative/20260712_0843_vegetative_107_rot60.jpg
full_bloom,20260727_1707_full_bloom_37_cdown.jpg,data/raw/full_bloom/20260727_1707_full_bloom_37_cdown.jpg
seed_formation,20260328_1042_seed_formation_121_bup.jpg,data/raw/seed_formation/20260328_1042_seed_formation_121_bup.jpg
budding,20260328_1005_budding_22_bdown.jpg,data/raw/budding/20260328_1005_budding_22_bdown.jpg
vegetative,vegetati_0000_vegetative_172_sdown.jpg,data/raw/vegetative/vegetati_0000_vegetative_172_sdown.jpg
pre_bloom,20260328_1018_pre_bloom_15_bdown.jpg,data/raw/pre_bloom/20260328_1018_pre_bloom_15_bdown.jpg
full_bloom,20260328_1038_full_bloom_45_cup.jpg,data/raw/full_bloom/20260328_1038_full_bloom_45_cup.jpg
seed_formation,20260328_1022_seed_formation_63_sdown.jpg,data/raw/seed_formation/20260328_1022_seed_formation_63_sdown.jpg
pre_bloom,20260811_1640_pre_bloom_121_cdown.jpg,data/raw/pre_bloom/20260811_1640_pre_bloom_121_cdown.jpg
vegetative,vegetative6.jpg,data/raw/vegetative/vegetative6.jpg
seed_formation,20260328_1020_seed_formation_40_cdown.jpg,data/raw/seed_formation/20260328_1020_seed_formation_40_cdown.jpg
full_bloom,20260328_1053_full_bloom_83_sup.jpg,data/raw/full_bloom/20260328_1053_full_bloom_83_sup.jpg
pre_bloom,20260731_1709_pre_bloom_92.jpg,data/raw/pre_bloom/20260731_1709_pre_bloom_92.jpg
full_bloom,20260328_1111_full_bloom_122_sdown.jpg,data/raw/full_bloom/20260328_1111_full_bloom_122_sdown.jpg
vegetative,20260328_1030_vegetative_27_rot60.jpg,data/raw/vegetative/20260328_1030_vegetative_27_rot60.jpg
seed_formation,20260328_1039_seed_formation_87_bup.jpg,data/raw/seed_formation/20260328_1039_seed_formation_87_bup.jpg
budding,20260328_1110_budding_162_rot45.jpg,data/raw/budding/20260328_1110_budding_162_rot45.jpg
full_bloom,20260328_1013_full_bloom_11_rot45.jpg,data/raw/full_bloom/20260328_1013_full_bloom_11_rot45.jpg
wilting,20260824_1721_wilting_106_cup.jpg,data/raw/wilting/20260824_1721_wilting_106_cup.jpg
full_bloom,20260328_1110_full_bloom_117_sdown.jpg,data/raw/full_bloom/20260328_1110_full_bloom_117_sdown.jpg
vegetative,vegetati_0000_vegetative_172_cdown.jpg,data/raw/vegetative/vegetati_0000_vegetative_172_cdown.jpg
vegetative,20260804_1656_vegetative_155_rot30.jpg,data/raw/vegetative/20260804_1656_vegetative_155_rot30.jpg
pre_bloom,20260722_1743_pre_bloom_26_cdown.jpg,data/raw/pre_bloom/20260722_1743_pre_bloom_26_cdown.jpg
wilting,20260824_1720_wilting_94_cdown.jpg,data/raw/wilting/20260824_1720_wilting_94_cdown.jpg
full_bloom,20260328_1109_full_bloom_106_rot30.jpg,data/raw/full_bloom/20260328_1109_full_bloom_106_rot30.jpg
budding,20260328_1122_budding_204_rot30.jpg,data/raw/budding/20260328_1122_budding_204_rot30.jpg
seed_formation,20260328_1041_seed_formation_113_sdown.jpg,data/raw/seed_formation/20260328_1041_seed_formation_113_sdown.jpg
full_bloom,flowerin_0000_full_bloom_156_rot60.jpg,data/raw/full_bloom/flowerin_0000_full_bloom_156_rot60.jpg
full_bloom,20260722_1658_full_bloom_17_sdown.jpg,data/raw/full_bloom/20260722_1658_full_bloom_17_sdown.jpg
budding,20260328_1121_budding_185_cup.jpg,data/raw/budding/20260328_1121_budding_185_cup.jpg
budding,20260328_1011_budding_97_sdown.jpg,data/raw/budding/20260328_1011_budding_97_sdown.jpg
seed_formation,20260731_1719_seed_formation_181_sup.jpg,data/raw/seed_formation/20260731_1719_seed_formation_181_sup.jpg
pre_bloom,20260328_1006_pre_bloom_13_rot30.jpg,data/raw/pre_bloom/20260328_1006_pre_bloom_13_rot30.jpg
wilting,20260814_1646_wilting_35_rot30.jpg,data/raw/wilting/20260814_1646_wilting_35_rot30.jpg
vegetative,20260328_1047_vegetative_68_rot60.jpg,data/raw/vegetative/20260328_1047_vegetative_68_rot60.jpg
budding,20260328_1005_budding_16_sdown.jpg,data/raw/budding/20260328_1005_budding_16_sdown.jpg
seed_formation,20260328_1020_seed_formation_42_sdown.jpg,data/raw/seed_formation/20260328_1020_seed_formation_42_sdown.jpg
vegetative,20260804_1656_vegetative_160_rot60.jpg,data/raw/vegetative/20260804_1656_vegetative_160_rot60.jpg
wilting,20260819_1717_wilting_28_sdown.jpg,data/raw/wilting/20260819_1717_wilting_28_sdown.jpg
wilting,20260824_1707_wilting_68_bup.jpg,data/raw/wilting/20260824_1707_wilting_68_bup.jpg
budding,20260328_1005_budding_17.jpg,data/raw/budding/20260328_1005_budding_17.jpg
seed_formation,20260328_1008_seed_formation_12_bup.jpg,data/raw/seed_formation/20260328_1008_seed_formation_12_bup.jpg
seed_formation,20260727_1715_seed_formation_30_sup.jpg,data/raw/seed_formation/20260727_1715_seed_formation_30_sup.jpg
full_bloom,20260328_1013_full_bloom_2_cdown.jpg,data/raw/full_bloom/20260328_1013_full_bloom_2_cdown.jpg
vegetative,20260328_1117_vegetative_80.jpg,data/raw/vegetative/20260328_1117_vegetative_80.jpg
budding,inflores_0000_budding_228_bdown.jpg,data/raw/budding/inflores_0000_budding_228_bdown.jpg
vegetative,20260328_1046_vegetative_56_cdown.jpg,data/raw/vegetative/20260328_1046_vegetative_56_cdown.jpg
budding,20260328_1005_budding_52.jpg,data/raw/budding/20260328_1005_budding_52.jpg
full_bloom,20260727_1722_full_bloom_63_rot30.jpg,data/raw/full_bloom/20260727_1722_full_bloom_63_rot30.jpg
budding,20260328_1011_budding_95_rot30.jpg,data/raw/budding/20260328_1011_budding_95_rot30.jpg
wilting,20260824_1709_wilting_83_rot45.jpg,data/raw/wilting/20260824_1709_wilting_83_rot45.jpg
full_bloom,20260328_1109_full_bloom_109_sup.jpg,data/raw/full_bloom/20260328_1109_full_bloom_109_sup.jpg
budding,20260328_1005_budding_45_cup.jpg,data/raw/budding/20260328_1005_budding_45_cup.jpg
budding,20260328_1005_budding_5_sup.jpg,data/raw/budding/20260328_1005_budding_5_sup.jpg
pre_bloom,20260328_1043_pre_bloom_44_rot60.jpg,data/raw/pre_bloom/20260328_1043_pre_bloom_44_rot60.jpg
wilting,20260814_1637_wilting_15_bdown.jpg,data/raw/wilting/20260814_1637_wilting_15_bdown.jpg
full_bloom,20260328_1059_full_bloom_92_bup.jpg,data/raw/full_bloom/20260328_1059_full_bloom_92_bup.jpg
pre_bloom,20260722_1743_pre_bloom_26_sup.jpg,data/raw/pre_bloom/20260722_1743_pre_bloom_26_sup.jpg
budding,20260328_1010_budding_81_bup.jpg,data/raw/budding/20260328_1010_budding_81_bup.jpg
pre_bloom,20260727_1555_pre_bloom_43_cdown.jpg,data/raw/pre_bloom/20260727_1555_pre_bloom_43_cdown.jpg
full_bloom,20260328_1109_full_bloom_107_cdown.jpg,data/raw/full_bloom/20260328_1109_full_bloom_107_cdown.jpg
wilting,20260814_1637_wilting_23_sup.jpg,data/raw/wilting/20260814_1637_wilting_23_sup.jpg
pre_bloom,20260811_1640_pre_bloom_116_rot60.jpg,data/raw/pre_bloom/20260811_1640_pre_bloom_116_rot60.jpg
budding,20260328_1115_budding_182_sdown.jpg,data/raw/budding/20260328_1115_budding_182_sdown.jpg
budding,20260328_1005_budding_33_bup.jpg,data/raw/budding/20260328_1005_budding_33_bup.jpg
full_bloom,20260727_1707_full_bloom_35_bdown.jpg,data/raw/full_bloom/20260727_1707_full_bloom_35_bdown.jpg
vegetative,20260804_1656_vegetative_159_cup.jpg,data/raw/vegetative/20260804_1656_vegetative_159_cup.jpg
pre_bloom,20260726_1337_pre_bloom_34_cdown.jpg,data/raw/pre_bloom/20260726_1337_pre_bloom_34_cdown.jpg
vegetative,20260712_0838_vegetative_105.jpg,data/raw/vegetative/20260712_0838_vegetative_105.jpg
pre_bloom,20260328_1006_pre_bloom_9_bup.jpg,data/raw/pre_bloom/20260328_1006_pre_bloom_9_bup.jpg
full_bloom,20260328_1013_full_bloom_3.jpg,data/raw/full_bloom/20260328_1013_full_bloom_3.jpg
full_bloom,20260328_1052_full_bloom_58_rot60.jpg,data/raw/full_bloom/20260328_1052_full_bloom_58_rot60.jpg
budding,20260328_1005_budding_17_rot60.jpg,data/raw/budding/20260328_1005_budding_17_rot60.jpg
seed_formation,20260328_1039_seed_formation_87_bdown.jpg,data/raw/seed_formation/20260328_1039_seed_formation_87_bdown.jpg
pre_bloom,20260731_1708_pre_bloom_90_cup.jpg,data/raw/pre_bloom/20260731_1708_pre_bloom_90_cup.jpg
budding,20260328_1005_budding_59_cdown.jpg,data/raw/budding/20260328_1005_budding_59_cdown.jpg
pre_bloom,20260727_1711_pre_bloom_53_rot60.jpg,data/raw/pre_bloom/20260727_1711_pre_bloom_53_rot60.jpg
budding,20260328_1005_budding_54_bdown.jpg,data/raw/budding/20260328_1005_budding_54_bdown.jpg
budding,20260328_1122_budding_214_bdown.jpg,data/raw/budding/20260328_1122_budding_214_bdown.jpg
budding,20260328_1005_budding_17_sdown.jpg,data/raw/budding/20260328_1005_budding_17_sdown.jpg
wilting,20260824_1721_wilting_97_cup.jpg,data/raw/wilting/20260824_1721_wilting_97_cup.jpg
wilting,20260814_1646_wilting_35.jpg,data/raw/wilting/20260814_1646_wilting_35.jpg
seed_formation,20260328_1021_seed_formation_60_rot30.jpg,data/raw/seed_formation/20260328_1021_seed_formation_60_rot30.jpg
full_bloom,20260328_1013_full_bloom_14_rot60.jpg,data/raw/full_bloom/20260328_1013_full_bloom_14_rot60.jpg
pre_bloom,20260731_1708_pre_bloom_89_rot30.jpg,data/raw/pre_bloom/20260731_1708_pre_bloom_89_rot30.jpg
full_bloom,20260727_1707_full_bloom_35.jpg,data/raw/full_bloom/20260727_1707_full_bloom_35.jpg
wilting,20260814_1637_wilting_22_cup.jpg,data/raw/wilting/20260814_1637_wilting_22_cup.jpg
full_bloom,20260727_1723_full_bloom_67_cup.jpg,data/raw/full_bloom/20260727_1723_full_bloom_67_cup.jpg
vegetative,20260328_1047_vegetative_68_cdown.jpg,data/raw/vegetative/20260328_1047_vegetative_68_cdown.jpg
wilting,20260814_1637_wilting_24_rot60.jpg,data/raw/wilting/20260814_1637_wilting_24_rot60.jpg
pre_bloom,20260804_1723_pre_bloom_98_rot60.jpg,data/raw/pre_bloom/20260804_1723_pre_bloom_98_rot60.jpg
vegetative,20260712_0902_vegetative_139_bup.jpg,data/raw/vegetative/20260712_0902_vegetative_139_bup.jpg
pre_bloom,20260811_1640_pre_bloom_116_cdown.jpg,data/raw/pre_bloom/20260811_1640_pre_bloom_116_cdown.jpg
full_bloom,20260328_1114_full_bloom_129_rot30.jpg,data/raw/full_bloom/20260328_1114_full_bloom_129_rot30.jpg
seed_formation,20260715_1554_seed_formation_127_rot60.jpg,data/raw/seed_formation/20260715_1554_seed_formation_127_rot60.jpg
budding,20260328_1005_budding_2_sup.jpg,data/raw/budding/20260328_1005_budding_2_sup.jpg
seed_formation,20260727_1715_seed_formation_33_rot60.jpg,data/raw/seed_formation/20260727_1715_seed_formation_33_rot60.jpg
wilting,20260814_1637_wilting_10_cdown.jpg,data/raw/wilting/20260814_1637_wilting_10_cdown.jpg
full_bloom,20260328_1116_full_bloom_144_bup.jpg,data/raw/full_bloom/20260328_1116_full_bloom_144_bup.jpg
full_bloom,20260328_1110_full_bloom_115_cdown.jpg,data/raw/full_bloom/20260328_1110_full_bloom_115_cdown.jpg
vegetative,20260722_1821_vegetative_152_bup.jpg,data/raw/vegetative/20260722_1821_vegetative_152_bup.jpg
budding,20260328_1005_budding_48_cup.jpg,data/raw/budding/20260328_1005_budding_48_cup.jpg
budding,20260328_1111_budding_179_bdown.jpg,data/raw/budding/20260328_1111_budding_179_bdown.jpg
pre_bloom,20260722_1743_pre_bloom_23_cdown.jpg,data/raw/pre_bloom/20260722_1743_pre_bloom_23_cdown.jpg
pre_bloom,20260328_1108_pre_bloom_50_cup.jpg,data/raw/pre_bloom/20260328_1108_pre_bloom_50_cup.jpg
wilting,20260824_1706_wilting_60_bup.jpg,data/raw/wilting/20260824_1706_wilting_60_bup.jpg
vegetative,20260328_1117_vegetative_91_rot30.jpg,data/raw/vegetative/20260328_1117_vegetative_91_rot30.jpg
vegetative,20260328_1116_vegetative_74_cdown.jpg,data/raw/vegetative/20260328_1116_vegetative_74_cdown.jpg
budding,20260328_1005_budding_65_rot45.jpg,data/raw/budding/20260328_1005_budding_65_rot45.jpg
seed_formation,20260328_1020_seed_formation_46_cdown.jpg,data/raw/seed_formation/20260328_1020_seed_formation_46_cdown.jpg
seed_formation,20260727_1715_seed_formation_27_cup.jpg,data/raw/seed_formation/20260727_1715_seed_formation_27_cup.jpg
wilting,20260824_1707_wilting_66_bup.jpg,data/raw/wilting/20260824_1707_wilting_66_bup.jpg
seed_formation,20260715_1602_seed_formation_143_rot60.jpg,data/raw/seed_formation/20260715_1602_seed_formation_143_rot60.jpg
pre_bloom,20260328_1003_pre_bloom_5_rot60.jpg,data/raw/pre_bloom/20260328_1003_pre_bloom_5_rot60.jpg
seed_formation,20260328_1039_seed_formation_81_rot30.jpg,data/raw/seed_formation/20260328_1039_seed_formation_81_rot30.jpg
budding,20260328_1059_budding_155_rot45.jpg,data/raw/budding/20260328_1059_budding_155_rot45.jpg
seed_formation,20260722_1745_seed_formation_156_rot60.jpg,data/raw/seed_formation/20260722_1745_seed_formation_156_rot60.jpg
wilting,20260824_1705_wilting_51_rot30.jpg,data/raw/wilting/20260824_1705_wilting_51_rot30.jpg
pre_bloom,20260811_1639_pre_bloom_112_cup.jpg,data/raw/pre_bloom/20260811_1639_pre_bloom_112_cup.jpg
pre_bloom,20260328_1043_pre_bloom_35_bup.jpg,data/raw/pre_bloom/20260328_1043_pre_bloom_35_bup.jpg
seed_formation,20260328_1039_seed_formation_90_rot60.jpg,data/raw/seed_formation/20260328_1039_seed_formation_90_rot60.jpg
wilting,20260824_1709_wilting_83_bdown.jpg,data/raw/wilting/20260824_1709_wilting_83_bdown.jpg
pre_bloom,20260328_1043_pre_bloom_42_rot60.jpg,data/raw/pre_bloom/20260328_1043_pre_bloom_42_rot60.jpg
full_bloom,20260328_1053_full_bloom_84_rot60.jpg,data/raw/full_bloom/20260328_1053_full_bloom_84_rot60.jpg
pre_bloom,20260804_1723_pre_bloom_96_sdown.jpg,data/raw/pre_bloom/20260804_1723_pre_bloom_96_sdown.jpg
vegetative,20260328_1046_vegetative_62_cdown.jpg,data/raw/vegetative/20260328_1046_vegetative_62_cdown.jpg
pre_bloom,20260712_0855_pre_bloom_10_sdown.jpg,data/raw/pre_bloom/20260712_0855_pre_bloom_10_sdown.jpg
full_bloom,20260727_1707_full_bloom_35_cup.jpg,data/raw/full_bloom/20260727_1707_full_bloom_35_cup.jpg
vegetative,20260328_1037_vegetative_41.jpg,data/raw/vegetative/20260328_1037_vegetative_41.jpg
pre_bloom,flowerin_0000_pre_bloom_81_bdown.jpg,data/raw/pre_bloom/flowerin_0000_pre_bloom_81_bdown.jpg
pre_bloom,20260726_1336_pre_bloom_27_rot45.jpg,data/raw/pre_bloom/20260726_1336_pre_bloom_27_rot45.jpg
budding,20260328_1005_budding_44.jpg,data/raw/budding/20260328_1005_budding_44.jpg
wilting,20260824_1720_wilting_90_cdown.jpg,data/raw/wilting/20260824_1720_wilting_90_cdown.jpg
pre_bloom,20260328_1043_pre_bloom_35_rot30.jpg,data/raw/pre_bloom/20260328_1043_pre_bloom_35_rot30.jpg
seed_formation,20260328_1008_seed_formation_15_bup.jpg,data/raw/seed_formation/20260328_1008_seed_formation_15_bup.jpg
vegetative,20260328_1005_vegetative_4_cdown.jpg,data/raw/vegetative/20260328_1005_vegetative_4_cdown.jpg
budding,20260328_1011_budding_100_sup.jpg,data/raw/budding/20260328_1011_budding_100_sup.jpg
wilting,20260814_1647_wilting_43_rot45.jpg,data/raw/wilting/20260814_1647_wilting_43_rot45.jpg
wilting,20260814_1637_wilting_23_rot45.jpg,data/raw/wilting/20260814_1637_wilting_23_rot45.jpg
wilting,20260824_1707_wilting_68.jpg,data/raw/wilting/20260824_1707_wilting_68.jpg
budding,20260328_1055_budding_135.jpg,data/raw/budding/20260328_1055_budding_135.jpg
pre_bloom,20260328_1042_pre_bloom_29_cdown.jpg,data/raw/pre_bloom/20260328_1042_pre_bloom_29_cdown.jpg
vegetative,20260804_1656_vegetative_155_cdown.jpg,data/raw/vegetative/20260804_1656_vegetative_155_cdown.jpg
seed_formation,20260328_1008_seed_formation_10_sdown.jpg,data/raw/seed_formation/20260328_1008_seed_formation_10_sdown.jpg
vegetative,20260712_0902_vegetative_140.jpg,data/raw/vegetative/20260712_0902_vegetative_140.jpg
budding,20260328_1010_budding_82_bdown.jpg,data/raw/budding/20260328_1010_budding_82_bdown.jpg
full_bloom,20260328_1053_full_bloom_75_rot60.jpg,data/raw/full_bloom/20260328_1053_full_bloom_75_rot60.jpg
wilting,20260824_1720_wilting_91_rot30.jpg,data/raw/wilting/20260824_1720_wilting_91_rot30.jpg
vegetative,20260328_1006_vegetative_7_bdown.jpg,data/raw/vegetative/20260328_1006_vegetative_7_bdown.jpg
full_bloom,20260328_1014_full_bloom_17_rot60.jpg,data/raw/full_bloom/20260328_1014_full_bloom_17_rot60.jpg
vegetative,20260712_0901_vegetative_124_sdown.jpg,data/raw/vegetative/20260712_0901_vegetative_124_sdown.jpg
pre_bloom,20260712_0855_pre_bloom_11_rot45.jpg,data/raw/pre_bloom/20260712_0855_pre_bloom_11_rot45.jpg
vegetative,20260722_1820_vegetative_148_rot30.jpg,data/raw/vegetative/20260722_1820_vegetative_148_rot30.jpg
pre_bloom,20260811_1640_pre_bloom_113.jpg,data/raw/pre_bloom/20260811_1640_pre_bloom_113.jpg
vegetative,20260328_1046_vegetative_54_bup.jpg,data/raw/vegetative/20260328_1046_vegetative_54_bup.jpg
wilting,20260819_1718_wilting_33_bup.jpg,data/raw/wilting/20260819_1718_wilting_33_bup.jpg
full_bloom,20260727_1709_full_bloom_42_sdown.jpg,data/raw/full_bloom/20260727_1709_full_bloom_42_sdown.jpg
wilting,20260819_1717_wilting_30_cdown.jpg,data/raw/wilting/20260819_1717_wilting_30_cdown.jpg
pre_bloom,flowerin_0000_pre_bloom_82_sup.jpg,data/raw/pre_bloom/flowerin_0000_pre_bloom_82_sup.jpg
wilting,20260727_1724_wilting_10_bup.jpg,data/raw/wilting/20260727_1724_wilting_10_bup.jpg
vegetative,20260712_0901_vegetative_117_sup.jpg,data/raw/vegetative/20260712_0901_vegetative_117_sup.jpg
pre_bloom,20260328_1006_pre_bloom_13_bdown.jpg,data/raw/pre_bloom/20260328_1006_pre_bloom_13_bdown.jpg
wilting,20260814_1646_wilting_38_cup.jpg,data/raw/wilting/20260814_1646_wilting_38_cup.jpg
pre_bloom,20260811_1640_pre_bloom_121_sdown.jpg,data/raw/pre_bloom/20260811_1640_pre_bloom_121_sdown.jpg
wilting,20260824_1706_wilting_62_cup.jpg,data/raw/wilting/20260824_1706_wilting_62_cup.jpg
full_bloom,20260328_1037_full_bloom_36_rot60.jpg,data/raw/full_bloom/20260328_1037_full_bloom_36_rot60.jpg
pre_bloom,20260804_1723_pre_bloom_96_cup.jpg,data/raw/pre_bloom/20260804_1723_pre_bloom_96_cup.jpg
budding,20260328_1011_budding_95_cdown.jpg,data/raw/budding/20260328_1011_budding_95_cdown.jpg
pre_bloom,20260804_1724_pre_bloom_108_bup.jpg,data/raw/pre_bloom/20260804_1724_pre_bloom_108_bup.jpg
budding,20260328_1005_budding_36_rot45.jpg,data/raw/budding/20260328_1005_budding_36_rot45.jpg
pre_bloom,20260712_0854_pre_bloom_4_rot45.jpg,data/raw/pre_bloom/20260712_0854_pre_bloom_4_rot45.jpg
full_bloom,20260715_1557_full_bloom_14_sup.jpg,data/raw/full_bloom/20260715_1557_full_bloom_14_sup.jpg
wilting,20260814_1647_wilting_43_cup.jpg,data/raw/wilting/20260814_1647_wilting_43_cup.jpg
pre_bloom,20260726_1336_pre_bloom_31_rot60.jpg,data/raw/pre_bloom/20260726_1336_pre_bloom_31_rot60.jpg
seed_formation,20260727_1715_seed_formation_28_bup.jpg,data/raw/seed_formation/20260727_1715_seed_formation_28_bup.jpg
pre_bloom,20260328_1108_pre_bloom_59_rot45.jpg,data/raw/pre_bloom/20260328_1108_pre_bloom_59_rot45.jpg
budding,20260328_1059_budding_156_cup.jpg,data/raw/budding/20260328_1059_budding_156_cup.jpg
wilting,20260824_1706_wilting_63_rot45.jpg,data/raw/wilting/20260824_1706_wilting_63_rot45.jpg
seed_formation,seedling_0000_seed_formation_189_sdown.jpg,data/raw/seed_formation/seedling_0000_seed_formation_189_sdown.jpg
budding,20260328_1121_budding_195_cdown.jpg,data/raw/budding/20260328_1121_budding_195_cdown.jpg
seed_formation,20260727_1733_seed_formation_176_rot45.jpg,data/raw/seed_formation/20260727_1733_seed_formation_176_rot45.jpg
pre_bloom,20260722_1742_pre_bloom_17.jpg,data/raw/pre_bloom/20260722_1742_pre_bloom_17.jpg
pre_bloom,20260731_1656_pre_bloom_80_bdown.jpg,data/raw/pre_bloom/20260731_1656_pre_bloom_80_bdown.jpg
full_bloom,flowerin_0000_full_bloom_154_rot45.jpg,data/raw/full_bloom/flowerin_0000_full_bloom_154_rot45.jpg
pre_bloom,20260727_1711_pre_bloom_49_sdown.jpg,data/raw/pre_bloom/20260727_1711_pre_bloom_49_sdown.jpg
budding,20260328_1010_budding_83_cup.jpg,data/raw/budding/20260328_1010_budding_83_cup.jpg
pre_bloom,20260722_1743_pre_bloom_25_bup.jpg,data/raw/pre_bloom/20260722_1743_pre_bloom_25_bup.jpg
full_bloom,20260715_1557_full_bloom_13_sup.jpg,data/raw/full_bloom/20260715_1557_full_bloom_13_sup.jpg
wilting,20260819_1717_wilting_27_sdown.jpg,data/raw/wilting/20260819_1717_wilting_27_sdown.jpg
seed_formation,20260715_1554_seed_formation_131_sdown.jpg,data/raw/seed_formation/20260715_1554_seed_formation_131_sdown.jpg
vegetative,20260328_1117_vegetative_89_bdown.jpg,data/raw/vegetative/20260328_1117_vegetative_89_bdown.jpg
full_bloom,20260328_1114_full_bloom_132_cup.jpg,data/raw/full_bloom/20260328_1114_full_bloom_132_cup.jpg
vegetative,20260328_1011_vegetative_8_sup.jpg,data/raw/vegetative/20260328_1011_vegetative_8_sup.jpg
wilting,20260824_1719_wilting_88_bdown.jpg,data/raw/wilting/20260824_1719_wilting_88_bdown.jpg
vegetative,20260712_0902_vegetative_130_rot45.jpg,data/raw/vegetative/20260712_0902_vegetative_130_rot45.jpg
seed_formation,20260328_1009_seed_formation_29_bup.jpg,data/raw/seed_formation/20260328_1009_seed_formation_29_bup.jpg
vegetative,20260722_1659_vegetative_146_rot60.jpg,data/raw/vegetative/20260722_1659_vegetative_146_rot60.jpg
seed_formation,20260715_1602_seed_formation_139_bdown.jpg,data/raw/seed_formation/20260715_1602_seed_formation_139_bdown.jpg
budding,20260328_1121_budding_186_sup.jpg,data/raw/budding/20260328_1121_budding_186_sup.jpg
vegetative,20260712_0838_vegetative_104_rot45.jpg,data/raw/vegetative/20260712_0838_vegetative_104_rot45.jpg
budding,20260328_1122_budding_216_cdown.jpg,data/raw/budding/20260328_1122_budding_216_cdown.jpg
seed_formation,20260328_1022_seed_formation_66_bdown.jpg,data/raw/seed_formation/20260328_1022_seed_formation_66_bdown.jpg
seed_formation,20260328_1039_seed_formation_80_bdown.jpg,data/raw/seed_formation/20260328_1039_seed_formation_80_bdown.jpg
budding,20260328_1005_budding_58.jpg,data/raw/budding/20260328_1005_budding_58.jpg
budding,20260328_1005_budding_48_bup.jpg,data/raw/budding/20260328_1005_budding_48_bup.jpg
wilting,20260824_1705_wilting_50_cdown.jpg,data/raw/wilting/20260824_1705_wilting_50_cdown.jpg
full_bloom,20260727_1709_full_bloom_53_cdown.jpg,data/raw/full_bloom/20260727_1709_full_bloom_53_cdown.jpg
vegetative,20260328_1030_vegetative_23_sup.jpg,data/raw/vegetative/20260328_1030_vegetative_23_sup.jpg
budding,20260328_1121_budding_191_cup.jpg,data/raw/budding/20260328_1121_budding_191_cup.jpg
wilting,20260328_1056_wilting_2_bup.jpg,data/raw/wilting/20260328_1056_wilting_2_bup.jpg
full_bloom,20260328_1051_full_bloom_50_sup.jpg,data/raw/full_bloom/20260328_1051_full_bloom_50_sup.jpg
vegetative,20260328_1030_vegetative_28_sup.jpg,data/raw/vegetative/20260328_1030_vegetative_28_sup.jpg
vegetative,vegetati_0000_vegetative_173_rot45.jpg,data/raw/vegetative/vegetati_0000_vegetative_173_rot45.jpg
seed_formation,20260328_1041_seed_formation_111_rot30.jpg,data/raw/seed_formation/20260328_1041_seed_formation_111_rot30.jpg
full_bloom,20260715_1556_full_bloom_5_rot45.jpg,data/raw/full_bloom/20260715_1556_full_bloom_5_rot45.jpg
pre_bloom,20260328_1042_pre_bloom_34_rot30.jpg,data/raw/pre_bloom/20260328_1042_pre_bloom_34_rot30.jpg
seed_formation,20260328_1022_seed_formation_64_rot30.jpg,data/raw/seed_formation/20260328_1022_seed_formation_64_rot30.jpg
budding,20260328_1110_budding_166_cdown.jpg,data/raw/budding/20260328_1110_budding_166_cdown.jpg
budding,20260328_1005_budding_47_rot60.jpg,data/raw/budding/20260328_1005_budding_47_rot60.jpg
seed_formation,20260328_1022_seed_formation_66_cdown.jpg,data/raw/seed_formation/20260328_1022_seed_formation_66_cdown.jpg
budding,20260328_1011_budding_95_rot45.jpg,data/raw/budding/20260328_1011_budding_95_rot45.jpg
seed_formation,20260722_1755_seed_formation_167_bup.jpg,data/raw/seed_formation/20260722_1755_seed_formation_167_bup.jpg
seed_formation,20260727_1732_seed_formation_171_rot30.jpg,data/raw/seed_formation/20260727_1732_seed_formation_171_rot30.jpg
budding,20260328_1005_budding_33_sdown.jpg,data/raw/budding/20260328_1005_budding_33_sdown.jpg
seed_formation,20260722_1745_seed_formation_12.jpg,data/raw/seed_formation/20260722_1745_seed_formation_12.jpg
seed_formation,20260328_1040_seed_formation_106_rot45.jpg,data/raw/seed_formation/20260328_1040_seed_formation_106_rot45.jpg
pre_bloom,20260727_1722_pre_bloom_60_cdown.jpg,data/raw/pre_bloom/20260727_1722_pre_bloom_60_cdown.jpg
vegetative,20260328_1117_vegetative_76_sup.jpg,data/raw/vegetative/20260328_1117_vegetative_76_sup.jpg
full_bloom,20260328_1052_full_bloom_63_sup.jpg,data/raw/full_bloom/20260328_1052_full_bloom_63_sup.jpg
pre_bloom,20260727_1736_pre_bloom_64_cup.jpg,data/raw/pre_bloom/20260727_1736_pre_bloom_64_cup.jpg
pre_bloom,20260727_1722_pre_bloom_58_bup.jpg,data/raw/pre_bloom/20260727_1722_pre_bloom_58_bup.jpg
budding,20260328_1010_budding_78_cup.jpg,data/raw/budding/20260328_1010_budding_78_cup.jpg
seed_formation,20260328_1039_seed_formation_80_bup.jpg,data/raw/seed_formation/20260328_1039_seed_formation_80_bup.jpg
full_bloom,20260328_1100_full_bloom_100_sup.jpg,data/raw/full_bloom/20260328_1100_full_bloom_100_sup.jpg
seed_formation,20260328_1009_seed_formation_29.jpg,data/raw/seed_formation/20260328_1009_seed_formation_29.jpg
seed_formation,20260328_1039_seed_formation_91_sup.jpg,data/raw/seed_formation/20260328_1039_seed_formation_91_sup.jpg
seed_formation,20260328_1009_seed_formation_29_sdown.jpg,data/raw/seed_formation/20260328_1009_seed_formation_29_sdown.jpg
wilting,20260824_1705_wilting_49_rot45.jpg,data/raw/wilting/20260824_1705_wilting_49_rot45.jpg
vegetative,20260328_1117_vegetative_94_rot60.jpg,data/raw/vegetative/20260328_1117_vegetative_94_rot60.jpg
pre_bloom,20260727_1722_pre_bloom_59_bup.jpg,data/raw/pre_bloom/20260727_1722_pre_bloom_59_bup.jpg
full_bloom,20260328_1114_full_bloom_129_rot60.jpg,data/raw/full_bloom/20260328_1114_full_bloom_129_rot60.jpg
pre_bloom,20260804_1724_pre_bloom_104_rot60.jpg,data/raw/pre_bloom/20260804_1724_pre_bloom_104_rot60.jpg
pre_bloom,20260731_1658_pre_bloom_86.jpg,data/raw/pre_bloom/20260731_1658_pre_bloom_86.jpg
pre_bloom,20260811_1640_pre_bloom_116_bup.jpg,data/raw/pre_bloom/20260811_1640_pre_bloom_116_bup.jpg
budding,20260328_1110_budding_171_sup.jpg,data/raw/budding/20260328_1110_budding_171_sup.jpg
seed_formation,20260328_1008_seed_formation_16_cup.jpg,data/raw/seed_formation/20260328_1008_seed_formation_16_cup.jpg
wilting,20260819_1718_wilting_33_rot60.jpg,data/raw/wilting/20260819_1718_wilting_33_rot60.jpg
full_bloom,20260328_1111_full_bloom_121.jpg,data/raw/full_bloom/20260328_1111_full_bloom_121.jpg
vegetative,20260328_1117_vegetative_80_cup.jpg,data/raw/vegetative/20260328_1117_vegetative_80_cup.jpg
pre_bloom,20260804_1724_pre_bloom_108_sdown.jpg,data/raw/pre_bloom/20260804_1724_pre_bloom_108_sdown.jpg
seed_formation,20260328_1020_seed_formation_51_sdown.jpg,data/raw/seed_formation/20260328_1020_seed_formation_51_sdown.jpg
budding,20260328_1005_budding_53_cdown.jpg,data/raw/budding/20260328_1005_budding_53_cdown.jpg
full_bloom,20260328_1114_full_bloom_129_cdown.jpg,data/raw/full_bloom/20260328_1114_full_bloom_129_cdown.jpg
seed_formation,20260715_1554_seed_formation_127_rot30.jpg,data/raw/seed_formation/20260715_1554_seed_formation_127_rot30.jpg
pre_bloom,20260731_1657_pre_bloom_83_rot30.jpg,data/raw/pre_bloom/20260731_1657_pre_bloom_83_rot30.jpg
pre_bloom,20260328_1108_pre_bloom_60_rot30.jpg,data/raw/pre_bloom/20260328_1108_pre_bloom_60_rot30.jpg
seed_formation,20260722_1745_seed_formation_10_bup.jpg,data/raw/seed_formation/20260722_1745_seed_formation_10_bup.jpg
wilting,20260824_1707_wilting_69_cup.jpg,data/raw/wilting/20260824_1707_wilting_69_cup.jpg
seed_formation,20260722_1745_seed_formation_157_sup.jpg,data/raw/seed_formation/20260722_1745_seed_formation_157_sup.jpg
seed_formation,20260715_1602_seed_formation_145_sdown.jpg,data/raw/seed_formation/20260715_1602_seed_formation_145_sdown.jpg
wilting,20260814_1637_wilting_10_sdown.jpg,data/raw/wilting/20260814_1637_wilting_10_sdown.jpg
wilting,20260819_1716_wilting_18_cup.jpg,data/raw/wilting/20260819_1716_wilting_18_cup.jpg
seed_formation,20260727_1715_seed_formation_31.jpg,data/raw/seed_formation/20260727_1715_seed_formation_31.jpg
seed_formation,20260328_1020_seed_formation_42_sup.jpg,data/raw/seed_formation/20260328_1020_seed_formation_42_sup.jpg
seed_formation,20260731_1719_seed_formation_186_rot60.jpg,data/raw/seed_formation/20260731_1719_seed_formation_186_rot60.jpg
full_bloom,20260328_1114_full_bloom_132_rot45.jpg,data/raw/full_bloom/20260328_1114_full_bloom_132_rot45.jpg
pre_bloom,20260328_1003_pre_bloom_3_bup.jpg,data/raw/pre_bloom/20260328_1003_pre_bloom_3_bup.jpg
full_bloom,20260328_1051_full_bloom_53.jpg,data/raw/full_bloom/20260328_1051_full_bloom_53.jpg
vegetative,20260328_1046_vegetative_63_sdown.jpg,data/raw/vegetative/20260328_1046_vegetative_63_sdown.jpg
full_bloom,20260328_1109_full_bloom_109_rot45.jpg,data/raw/full_bloom/20260328_1109_full_bloom_109_rot45.jpg
budding,20260328_1123_budding_217_rot30.jpg,data/raw/budding/20260328_1123_budding_217_rot30.jpg
full_bloom,20260328_1115_full_bloom_137_bup.jpg,data/raw/full_bloom/20260328_1115_full_bloom_137_bup.jpg
budding,20260328_1005_budding_20.jpg,data/raw/budding/20260328_1005_budding_20.jpg
full_bloom,20260328_1038_full_bloom_40_bup.jpg,data/raw/full_bloom/20260328_1038_full_bloom_40_bup.jpg
budding,20260328_1122_budding_210_rot30.jpg,data/raw/budding/20260328_1122_budding_210_rot30.jpg
pre_bloom,20260328_1108_pre_bloom_63_bdown.jpg,data/raw/pre_bloom/20260328_1108_pre_bloom_63_bdown.jpg
seed_formation,20260715_1554_seed_formation_127_bdown.jpg,data/raw/seed_formation/20260715_1554_seed_formation_127_bdown.jpg
budding,20260328_1005_budding_5_cdown.jpg,data/raw/budding/20260328_1005_budding_5_cdown.jpg
full_bloom,20260328_1053_full_bloom_84_bup.jpg,data/raw/full_bloom/20260328_1053_full_bloom_84_bup.jpg
pre_bloom,20260731_1708_pre_bloom_91.jpg,data/raw/pre_bloom/20260731_1708_pre_bloom_91.jpg
budding,20260328_1010_budding_81.jpg,data/raw/budding/20260328_1010_budding_81.jpg
wilting,20260824_1709_wilting_85_sdown.jpg,data/raw/wilting/20260824_1709_wilting_85_sdown.jpg
full_bloom,20260328_1013_full_bloom_14_sup.jpg,data/raw/full_bloom/20260328_1013_full_bloom_14_sup.jpg
seed_formation,20260715_1602_seed_formation_144_sdown.jpg,data/raw/seed_formation/20260715_1602_seed_formation_144_sdown.jpg
vegetative,20260328_1117_vegetative_84_rot45.jpg,data/raw/vegetative/20260328_1117_vegetative_84_rot45.jpg
pre_bloom,flowerin_0000_pre_bloom_82_rot45.jpg,data/raw/pre_bloom/flowerin_0000_pre_bloom_82_rot45.jpg
seed_formation,20260731_1719_seed_formation_182_cdown.jpg,data/raw/seed_formation/20260731_1719_seed_formation_182_cdown.jpg
full_bloom,20260328_1109_full_bloom_103_cup.jpg,data/raw/full_bloom/20260328_1109_full_bloom_103_cup.jpg
pre_bloom,20260328_1108_pre_bloom_64_rot45.jpg,data/raw/pre_bloom/20260328_1108_pre_bloom_64_rot45.jpg
wilting,20260814_1636_wilting_20.jpg,data/raw/wilting/20260814_1636_wilting_20.jpg
full_bloom,20260328_1116_full_bloom_144_sup.jpg,data/raw/full_bloom/20260328_1116_full_bloom_144_sup.jpg
vegetative,20260328_1030_vegetative_29_rot60.jpg,data/raw/vegetative/20260328_1030_vegetative_29_rot60.jpg
vegetative,20260722_1821_vegetative_151_rot60.jpg,data/raw/vegetative/20260722_1821_vegetative_151_rot60.jpg
seed_formation,20260715_1602_seed_formation_140_sdown.jpg,data/raw/seed_formation/20260715_1602_seed_formation_140_sdown.jpg
wilting,20260824_1708_wilting_71_cup.jpg,data/raw/wilting/20260824_1708_wilting_71_cup.jpg
seed_formation,20260328_1042_seed_formation_124_cdown.jpg,data/raw/seed_formation/20260328_1042_seed_formation_124_cdown.jpg
seed_formation,20260715_1602_seed_formation_146_rot60.jpg,data/raw/seed_formation/20260715_1602_seed_formation_146_rot60.jpg
seed_formation,20260328_1041_seed_formation_115_sup.jpg,data/raw/seed_formation/20260328_1041_seed_formation_115_sup.jpg
vegetative,20260712_0838_vegetative_103_rot45.jpg,data/raw/vegetative/20260712_0838_vegetative_103_rot45.jpg
vegetative,20260328_1038_vegetative_53_sdown.jpg,data/raw/vegetative/20260328_1038_vegetative_53_sdown.jpg
budding,20260328_1055_budding_143_sdown.jpg,data/raw/budding/20260328_1055_budding_143_sdown.jpg
vegetative,20260712_0902_vegetative_130_sdown.jpg,data/raw/vegetative/20260712_0902_vegetative_130_sdown.jpg
pre_bloom,20260727_1711_pre_bloom_49_rot45.jpg,data/raw/pre_bloom/20260727_1711_pre_bloom_49_rot45.jpg
seed_formation,seedling_0000_seed_formation_190_rot45.jpg,data/raw/seed_formation/seedling_0000_seed_formation_190_rot45.jpg
wilting,20260819_1716_wilting_18_rot60.jpg,data/raw/wilting/20260819_1716_wilting_18_rot60.jpg
vegetative,20260712_0837_vegetative_100_rot45.jpg,data/raw/vegetative/20260712_0837_vegetative_100_rot45.jpg
full_bloom,20260727_1709_full_bloom_42_cdown.jpg,data/raw/full_bloom/20260727_1709_full_bloom_42_cdown.jpg
full_bloom,20260722_1744_full_bloom_23.jpg,data/raw/full_bloom/20260722_1744_full_bloom_23.jpg
pre_bloom,20260328_1006_pre_bloom_9.jpg,data/raw/pre_bloom/20260328_1006_pre_bloom_9.jpg
pre_bloom,20260727_1555_pre_bloom_42_sdown.jpg,data/raw/pre_bloom/20260727_1555_pre_bloom_42_sdown.jpg
seed_formation,20260727_1715_seed_formation_29_cup.jpg,data/raw/seed_formation/20260727_1715_seed_formation_29_cup.jpg
budding,20260328_1055_budding_143_rot45.jpg,data/raw/budding/20260328_1055_budding_143_rot45.jpg
seed_formation,20260731_1719_seed_formation_183_rot30.jpg,data/raw/seed_formation/20260731_1719_seed_formation_183_rot30.jpg
budding,20260328_1011_budding_103_cdown.jpg,data/raw/budding/20260328_1011_budding_103_cdown.jpg
budding,20260328_1123_budding_222.jpg,data/raw/budding/20260328_1123_budding_222.jpg
budding,20260328_1011_budding_89_rot45.jpg,data/raw/budding/20260328_1011_budding_89_rot45.jpg
full_bloom,20260328_1109_full_bloom_103_rot60.jpg,data/raw/full_bloom/20260328_1109_full_bloom_103_rot60.jpg
wilting,20260814_1646_wilting_35_rot60.jpg,data/raw/wilting/20260814_1646_wilting_35_rot60.jpg
budding,20260328_1005_budding_15_bup.jpg,data/raw/budding/20260328_1005_budding_15_bup.jpg
vegetative,20260722_1821_vegetative_153_cup.jpg,data/raw/vegetative/20260722_1821_vegetative_153_cup.jpg
vegetative,20260328_1031_vegetative_30_bdown.jpg,data/raw/vegetative/20260328_1031_vegetative_30_bdown.jpg
full_bloom,20260328_1038_full_bloom_40_sdown.jpg,data/raw/full_bloom/20260328_1038_full_bloom_40_sdown.jpg
pre_bloom,20260328_1043_pre_bloom_43_sdown.jpg,data/raw/pre_bloom/20260328_1043_pre_bloom_43_sdown.jpg
seed_formation,20260328_1041_seed_formation_118_bup.jpg,data/raw/seed_formation/20260328_1041_seed_formation_118_bup.jpg
wilting,20260824_1721_wilting_102_cup.jpg,data/raw/wilting/20260824_1721_wilting_102_cup.jpg
seed_formation,20260328_1041_seed_formation_108_sdown.jpg,data/raw/seed_formation/20260328_1041_seed_formation_108_sdown.jpg
vegetative,20260712_0838_vegetative_102_cdown.jpg,data/raw/vegetative/20260712_0838_vegetative_102_cdown.jpg
wilting,20260824_1706_wilting_59_sdown.jpg,data/raw/wilting/20260824_1706_wilting_59_sdown.jpg
full_bloom,20260328_1038_full_bloom_45_sup.jpg,data/raw/full_bloom/20260328_1038_full_bloom_45_sup.jpg
budding,20260328_1005_budding_46_bup.jpg,data/raw/budding/20260328_1005_budding_46_bup.jpg
pre_bloom,20260328_1108_pre_bloom_58_sup.jpg,data/raw/pre_bloom/20260328_1108_pre_bloom_58_sup.jpg
wilting,20260814_1637_wilting_7_cdown.jpg,data/raw/wilting/20260814_1637_wilting_7_cdown.jpg
pre_bloom,20260727_1555_pre_bloom_46_rot30.jpg,data/raw/pre_bloom/20260727_1555_pre_bloom_46_rot30.jpg
full_bloom,flowerin_0000_full_bloom_157_bdown.jpg,data/raw/full_bloom/flowerin_0000_full_bloom_157_bdown.jpg
vegetative,20260328_1006_vegetative_5_bdown.jpg,data/raw/vegetative/20260328_1006_vegetative_5_bdown.jpg
pre_bloom,20260727_1555_pre_bloom_43_rot30.jpg,data/raw/pre_bloom/20260727_1555_pre_bloom_43_rot30.jpg
budding,20260328_1005_budding_36_bup.jpg,data/raw/budding/20260328_1005_budding_36_bup.jpg
seed_formation,20260727_1715_seed_formation_31_bdown.jpg,data/raw/seed_formation/20260727_1715_seed_formation_31_bdown.jpg
full_bloom,20260328_1052_full_bloom_69_cup.jpg,data/raw/full_bloom/20260328_1052_full_bloom_69_cup.jpg
vegetative,20260328_1032_vegetative_35_rot60.jpg,data/raw/vegetative/20260328_1032_vegetative_35_rot60.jpg
vegetative,20260328_1031_vegetative_30_rot30.jpg,data/raw/vegetative/20260328_1031_vegetative_30_rot30.jpg
seed_formation,20260715_1602_seed_formation_146_bdown.jpg,data/raw/seed_formation/20260715_1602_seed_formation_146_bdown.jpg
pre_bloom,20260727_1722_pre_bloom_59_cdown.jpg,data/raw/pre_bloom/20260727_1722_pre_bloom_59_cdown.jpg
pre_bloom,20260731_1656_pre_bloom_82_sdown.jpg,data/raw/pre_bloom/20260731_1656_pre_bloom_82_sdown.jpg
full_bloom,20260727_1722_full_bloom_59_bup.jpg,data/raw/full_bloom/20260727_1722_full_bloom_59_bup.jpg
pre_bloom,20260727_1555_pre_bloom_42_cdown.jpg,data/raw/pre_bloom/20260727_1555_pre_bloom_42_cdown.jpg
budding,20260328_1005_budding_57_sdown.jpg,data/raw/budding/20260328_1005_budding_57_sdown.jpg
budding,20260328_1055_budding_135_rot60.jpg,data/raw/budding/20260328_1055_budding_135_rot60.jpg
pre_bloom,20260328_1043_pre_bloom_39_cdown.jpg,data/raw/pre_bloom/20260328_1043_pre_bloom_39_cdown.jpg
vegetative,20260328_1011_vegetative_9_rot60.jpg,data/raw/vegetative/20260328_1011_vegetative_9_rot60.jpg
full_bloom,20260328_1109_full_bloom_105_sup.jpg,data/raw/full_bloom/20260328_1109_full_bloom_105_sup.jpg
pre_bloom,20260328_1108_pre_bloom_52_rot60.jpg,data/raw/pre_bloom/20260328_1108_pre_bloom_52_rot60.jpg
full_bloom,20260727_1709_full_bloom_43_cup.jpg,data/raw/full_bloom/20260727_1709_full_bloom_43_cup.jpg
seed_formation,20260328_1039_seed_formation_82_bup.jpg,data/raw/seed_formation/20260328_1039_seed_formation_82_bup.jpg
seed_formation,20260727_1732_seed_formation_171_sdown.jpg,data/raw/seed_formation/20260727_1732_seed_formation_171_sdown.jpg
seed_formation,20260328_1041_seed_formation_117_sup.jpg,data/raw/seed_formation/20260328_1041_seed_formation_117_sup.jpg
full_bloom,20260328_1052_full_bloom_60_bup.jpg,data/raw/full_bloom/20260328_1052_full_bloom_60_bup.jpg
vegetative,20260328_1037_vegetative_44_rot60.jpg,data/raw/vegetative/20260328_1037_vegetative_44_rot60.jpg
full_bloom,20260722_1744_full_bloom_23_rot30.jpg,data/raw/full_bloom/20260722_1744_full_bloom_23_rot30.jpg
full_bloom,20260328_1115_full_bloom_137.jpg,data/raw/full_bloom/20260328_1115_full_bloom_137.jpg
pre_bloom,20260328_1043_pre_bloom_45_sdown.jpg,data/raw/pre_bloom/20260328_1043_pre_bloom_45_sdown.jpg
pre_bloom,20260328_1108_pre_bloom_64_rot30.jpg,data/raw/pre_bloom/20260328_1108_pre_bloom_64_rot30.jpg
budding,20260328_1111_budding_179_cdown.jpg,data/raw/budding/20260328_1111_budding_179_cdown.jpg
vegetative,20260712_0846_vegetative_108_bup.jpg,data/raw/vegetative/20260712_0846_vegetative_108_bup.jpg
pre_bloom,Budding0_0000_pre_bloom_75_rot30.jpg,data/raw/pre_bloom/Budding0_0000_pre_bloom_75_rot30.jpg
pre_bloom,20260328_1006_pre_bloom_9_bdown.jpg,data/raw/pre_bloom/20260328_1006_pre_bloom_9_bdown.jpg
full_bloom,20260328_1052_full_bloom_69_sup.jpg,data/raw/full_bloom/20260328_1052_full_bloom_69_sup.jpg
seed_formation,20260328_1008_seed_formation_17_sdown.jpg,data/raw/seed_formation/20260328_1008_seed_formation_17_sdown.jpg
pre_bloom,20260727_1722_pre_bloom_59_rot30.jpg,data/raw/pre_bloom/20260727_1722_pre_bloom_59_rot30.jpg
vegetative,20260328_1117_vegetative_80_cdown.jpg,data/raw/vegetative/20260328_1117_vegetative_80_cdown.jpg
budding,20260328_1005_budding_29_sdown.jpg,data/raw/budding/20260328_1005_budding_29_sdown.jpg
pre_bloom,20260328_1043_pre_bloom_37_rot45.jpg,data/raw/pre_bloom/20260328_1043_pre_bloom_37_rot45.jpg
full_bloom,20260328_1059_full_bloom_93_bup.jpg,data/raw/full_bloom/20260328_1059_full_bloom_93_bup.jpg
budding,inflores_0000_budding_227_cdown.jpg,data/raw/budding/inflores_0000_budding_227_cdown.jpg
budding,20260328_1110_budding_169_cdown.jpg,data/raw/budding/20260328_1110_budding_169_cdown.jpg
vegetative,20260722_1820_vegetative_148_sup.jpg,data/raw/vegetative/20260722_1820_vegetative_148_sup.jpg
wilting,20260814_1637_wilting_13_sup.jpg,data/raw/wilting/20260814_1637_wilting_13_sup.jpg
seed_formation,20260727_1715_seed_formation_28_bdown.jpg,data/raw/seed_formation/20260727_1715_seed_formation_28_bdown.jpg
pre_bloom,20260328_1043_pre_bloom_36_sdown.jpg,data/raw/pre_bloom/20260328_1043_pre_bloom_36_sdown.jpg
vegetative,20260328_1046_vegetative_60_bdown.jpg,data/raw/vegetative/20260328_1046_vegetative_60_bdown.jpg
vegetative,20260328_1006_vegetative_6_rot45.jpg,data/raw/vegetative/20260328_1006_vegetative_6_rot45.jpg
vegetative,20260328_1006_vegetative_7_sup.jpg,data/raw/vegetative/20260328_1006_vegetative_7_sup.jpg
full_bloom,20260328_1114_full_bloom_131_cdown.jpg,data/raw/full_bloom/20260328_1114_full_bloom_131_cdown.jpg
pre_bloom,20260726_1336_pre_bloom_31_rot30.jpg,data/raw/pre_bloom/20260726_1336_pre_bloom_31_rot30.jpg
seed_formation,20260727_1733_seed_formation_172_cup.jpg,data/raw/seed_formation/20260727_1733_seed_formation_172_cup.jpg
full_bloom,20260328_1038_full_bloom_47_sup.jpg,data/raw/full_bloom/20260328_1038_full_bloom_47_sup.jpg
budding,20260328_1010_budding_74_rot45.jpg,data/raw/budding/20260328_1010_budding_74_rot45.jpg
wilting,20260824_1706_wilting_58_cdown.jpg,data/raw/wilting/20260824_1706_wilting_58_cdown.jpg
full_bloom,20260328_1112_full_bloom_124_rot60.jpg,data/raw/full_bloom/20260328_1112_full_bloom_124_rot60.jpg
seed_formation,20260328_1009_seed_formation_29_bdown.jpg,data/raw/seed_formation/20260328_1009_seed_formation_29_bdown.jpg
full_bloom,20260727_1722_full_bloom_65_cdown.jpg,data/raw/full_bloom/20260727_1722_full_bloom_65_cdown.jpg
full_bloom,20260328_1115_full_bloom_137_sdown.jpg,data/raw/full_bloom/20260328_1115_full_bloom_137_sdown.jpg
vegetative,20260328_1047_vegetative_67_rot30.jpg,data/raw/vegetative/20260328_1047_vegetative_67_rot30.jpg
pre_bloom,20260712_0854_pre_bloom_2_rot30.jpg,data/raw/pre_bloom/20260712_0854_pre_bloom_2_rot30.jpg
budding,20260328_1122_budding_208_sup.jpg,data/raw/budding/20260328_1122_budding_208_sup.jpg
pre_bloom,Budding0_0000_pre_bloom_76_sdown.jpg,data/raw/pre_bloom/Budding0_0000_pre_bloom_76_sdown.jpg
pre_bloom,20260328_1043_pre_bloom_44_rot30.jpg,data/raw/pre_bloom/20260328_1043_pre_bloom_44_rot30.jpg
pre_bloom,20260731_1658_pre_bloom_86_bdown.jpg,data/raw/pre_bloom/20260731_1658_pre_bloom_86_bdown.jpg
seed_formation,20260328_1019_seed_formation_34_bdown.jpg,data/raw/seed_formation/20260328_1019_seed_formation_34_bdown.jpg
budding,20260328_1005_budding_53_rot60.jpg,data/raw/budding/20260328_1005_budding_53_rot60.jpg
wilting,20260824_1721_wilting_98_bdown.jpg,data/raw/wilting/20260824_1721_wilting_98_bdown.jpg
budding,20260328_1011_budding_89_rot30.jpg,data/raw/budding/20260328_1011_budding_89_rot30.jpg
budding,20260328_1111_budding_178_bdown.jpg,data/raw/budding/20260328_1111_budding_178_bdown.jpg
seed_formation,20260727_1732_seed_formation_169_rot45.jpg,data/raw/seed_formation/20260727_1732_seed_formation_169_rot45.jpg
budding,20260328_1110_budding_165_cup.jpg,data/raw/budding/20260328_1110_budding_165_cup.jpg
vegetative,20260328_1002_vegetative_2_sup.jpg,data/raw/vegetative/20260328_1002_vegetative_2_sup.jpg
seed_formation,20260328_1020_seed_formation_56_sdown.jpg,data/raw/seed_formation/20260328_1020_seed_formation_56_sdown.jpg
seed_formation,20260328_1039_seed_formation_79_bdown.jpg,data/raw/seed_formation/20260328_1039_seed_formation_79_bdown.jpg
seed_formation,seedling_0000_seed_formation_190_rot60.jpg,data/raw/seed_formation/seedling_0000_seed_formation_190_rot60.jpg
full_bloom,20260328_1053_full_bloom_79_sdown.jpg,data/raw/full_bloom/20260328_1053_full_bloom_79_sdown.jpg
pre_bloom,20260804_1724_pre_bloom_103_bup.jpg,data/raw/pre_bloom/20260804_1724_pre_bloom_103_bup.jpg
seed_formation,20260328_1041_seed_formation_114_sup.jpg,data/raw/seed_formation/20260328_1041_seed_formation_114_sup.jpg
wilting,20260819_1718_wilting_37_sdown.jpg,data/raw/wilting/20260819_1718_wilting_37_sdown.jpg
pre_bloom,20260726_1337_pre_bloom_33_cdown.jpg,data/raw/pre_bloom/20260726_1337_pre_bloom_33_cdown.jpg
seed_formation,20260328_1020_seed_formation_40_bdown.jpg,data/raw/seed_formation/20260328_1020_seed_formation_40_bdown.jpg
vegetative,20260328_1116_vegetative_73_rot45.jpg,data/raw/vegetative/20260328_1116_vegetative_73_rot45.jpg
seed_formation,20260328_1041_seed_formation_117_bdown.jpg,data/raw/seed_formation/20260328_1041_seed_formation_117_bdown.jpg
pre_bloom,20260727_1711_pre_bloom_53_cup.jpg,data/raw/pre_bloom/20260727_1711_pre_bloom_53_cup.jpg
budding,20260328_1055_budding_146_bup.jpg,data/raw/budding/20260328_1055_budding_146_bup.jpg
vegetative,20260328_1116_vegetative_72_sdown.jpg,data/raw/vegetative/20260328_1116_vegetative_72_sdown.jpg
wilting,20260814_1636_wilting_14_bup.jpg,data/raw/wilting/20260814_1636_wilting_14_bup.jpg
seed_formation,20260328_1039_seed_formation_82_sup.jpg,data/raw/seed_formation/20260328_1039_seed_formation_82_sup.jpg
vegetative,20260328_1038_vegetative_50_sdown.jpg,data/raw/vegetative/20260328_1038_vegetative_50_sdown.jpg
seed_formation,20260328_1041_seed_formation_116_sdown.jpg,data/raw/seed_formation/20260328_1041_seed_formation_116_sdown.jpg
pre_bloom,20260328_1108_pre_bloom_53_sup.jpg,data/raw/pre_bloom/20260328_1108_pre_bloom_53_sup.jpg
budding,20260328_1011_budding_105_cdown.jpg,data/raw/budding/20260328_1011_budding_105_cdown.jpg
budding,20260328_1055_budding_141_sdown.jpg,data/raw/budding/20260328_1055_budding_141_sdown.jpg
seed_formation,20260328_1019_seed_formation_39_rot60.jpg,data/raw/seed_formation/20260328_1019_seed_formation_39_rot60.jpg
full_bloom,20260727_1711_full_bloom_56_rot45.jpg,data/raw/full_bloom/20260727_1711_full_bloom_56_rot45.jpg
seed_formation,20260328_1008_seed_formation_21_cup.jpg,data/raw/seed_formation/20260328_1008_seed_formation_21_cup.jpg
vegetative,20260712_0901_vegetative_120_cup.jpg,data/raw/vegetative/20260712_0901_vegetative_120_cup.jpg
wilting,20260814_1637_wilting_12_cdown.jpg,data/raw/wilting/20260814_1637_wilting_12_cdown.jpg
seed_formation,20260328_1008_seed_formation_18_cup.jpg,data/raw/seed_formation/20260328_1008_seed_formation_18_cup.jpg
full_bloom,20260727_1722_full_bloom_58_sup.jpg,data/raw/full_bloom/20260727_1722_full_bloom_58_sup.jpg
budding,20260328_1110_budding_173_rot30.jpg,data/raw/budding/20260328_1110_budding_173_rot30.jpg
vegetative,20260328_1011_vegetative_9.jpg,data/raw/vegetative/20260328_1011_vegetative_9.jpg
full_bloom,20260727_1722_full_bloom_61_rot60.jpg,data/raw/full_bloom/20260727_1722_full_bloom_61_rot60.jpg
vegetative,20260328_1117_vegetative_94_bdown.jpg,data/raw/vegetative/20260328_1117_vegetative_94_bdown.jpg
pre_bloom,20260727_1555_pre_bloom_38_rot30.jpg,data/raw/pre_bloom/20260727_1555_pre_bloom_38_rot30.jpg
budding,20260328_1005_budding_59_bdown.jpg,data/raw/budding/20260328_1005_budding_59_bdown.jpg
full_bloom,20260328_1053_full_bloom_83_bdown.jpg,data/raw/full_bloom/20260328_1053_full_bloom_83_bdown.jpg
budding,20260328_1111_budding_178_rot60.jpg,data/raw/budding/20260328_1111_budding_178_rot60.jpg
pre_bloom,20260727_1737_pre_bloom_74_sdown.jpg,data/raw/pre_bloom/20260727_1737_pre_bloom_74_sdown.jpg
full_bloom,20260328_1052_full_bloom_72.jpg,data/raw/full_bloom/20260328_1052_full_bloom_72.jpg
vegetative,vegetati_0000_vegetative_175_rot60.jpg,data/raw/vegetative/vegetati_0000_vegetative_175_rot60.jpg
full_bloom,20260328_1036_full_bloom_28.jpg,data/raw/full_bloom/20260328_1036_full_bloom_28.jpg
seed_formation,20260328_1042_seed_formation_121_rot60.jpg,data/raw/seed_formation/20260328_1042_seed_formation_121_rot60.jpg
pre_bloom,20260328_1109_pre_bloom_68_bup.jpg,data/raw/pre_bloom/20260328_1109_pre_bloom_68_bup.jpg
wilting,20260819_1716_wilting_18_rot45.jpg,data/raw/wilting/20260819_1716_wilting_18_rot45.jpg
pre_bloom,20260727_1555_pre_bloom_45_rot45.jpg,data/raw/pre_bloom/20260727_1555_pre_bloom_45_rot45.jpg
full_bloom,20260328_1112_full_bloom_125_bdown.jpg,data/raw/full_bloom/20260328_1112_full_bloom_125_bdown.jpg
pre_bloom,20260328_1043_pre_bloom_43_bup.jpg,data/raw/pre_bloom/20260328_1043_pre_bloom_43_bup.jpg
full_bloom,20260328_1110_full_bloom_120_rot45.jpg,data/raw/full_bloom/20260328_1110_full_bloom_120_rot45.jpg
wilting,20260814_1637_wilting_7_bdown.jpg,data/raw/wilting/20260814_1637_wilting_7_bdown.jpg
seed_formation,20260328_1008_seed_formation_16_bup.jpg,data/raw/seed_formation/20260328_1008_seed_formation_16_bup.jpg
vegetative,20260328_1015_vegetative_15_sdown.jpg,data/raw/vegetative/20260328_1015_vegetative_15_sdown.jpg
seed_formation,20260328_1009_seed_formation_32_cup.jpg,data/raw/seed_formation/20260328_1009_seed_formation_32_cup.jpg
pre_bloom,20260328_1019_pre_bloom_23_sup.jpg,data/raw/pre_bloom/20260328_1019_pre_bloom_23_sup.jpg
seed_formation,20260722_1754_seed_formation_159_bdown.jpg,data/raw/seed_formation/20260722_1754_seed_formation_159_bdown.jpg
budding,20260328_1005_budding_22.jpg,data/raw/budding/20260328_1005_budding_22.jpg
budding,20260328_1055_budding_140_sdown.jpg,data/raw/budding/20260328_1055_budding_140_sdown.jpg
full_bloom,20260727_1722_full_bloom_61_sdown.jpg,data/raw/full_bloom/20260727_1722_full_bloom_61_sdown.jpg
full_bloom,20260328_1013_full_bloom_2_bup.jpg,data/raw/full_bloom/20260328_1013_full_bloom_2_bup.jpg
full_bloom,20260328_1115_full_bloom_137_sup.jpg,data/raw/full_bloom/20260328_1115_full_bloom_137_sup.jpg
full_bloom,flowerin_0000_full_bloom_148_rot45.jpg,data/raw/full_bloom/flowerin_0000_full_bloom_148_rot45.jpg
seed_formation,20260328_1006_seed_formation_3_rot30.jpg,data/raw/seed_formation/20260328_1006_seed_formation_3_rot30.jpg
seed_formation,20260722_1745_seed_formation_156_cdown.jpg,data/raw/seed_formation/20260722_1745_seed_formation_156_cdown.jpg
full_bloom,20260328_1052_full_bloom_58_cup.jpg,data/raw/full_bloom/20260328_1052_full_bloom_58_cup.jpg
seed_formation,20260328_1009_seed_formation_27_rot30.jpg,data/raw/seed_formation/20260328_1009_seed_formation_27_rot30.jpg
seed_formation,20260328_1020_seed_formation_44_rot30.jpg,data/raw/seed_formation/20260328_1020_seed_formation_44_rot30.jpg
budding,20260328_1121_budding_187_cdown.jpg,data/raw/budding/20260328_1121_budding_187_cdown.jpg
full_bloom,20260328_1051_full_bloom_51_rot45.jpg,data/raw/full_bloom/20260328_1051_full_bloom_51_rot45.jpg
seed_formation,20260328_1039_seed_formation_83_bup.jpg,data/raw/seed_formation/20260328_1039_seed_formation_83_bup.jpg
full_bloom,20260328_1013_full_bloom_8.jpg,data/raw/full_bloom/20260328_1013_full_bloom_8.jpg
seed_formation,20260328_1041_seed_formation_113_rot30.jpg,data/raw/seed_formation/20260328_1041_seed_formation_113_rot30.jpg
pre_bloom,20260328_1108_pre_bloom_65_bup.jpg,data/raw/pre_bloom/20260328_1108_pre_bloom_65_bup.jpg
full_bloom,20260715_1557_full_bloom_14_rot45.jpg,data/raw/full_bloom/20260715_1557_full_bloom_14_rot45.jpg
budding,20260328_1123_budding_220_rot60.jpg,data/raw/budding/20260328_1123_budding_220_rot60.jpg
vegetative,20260804_1656_vegetative_160_cup.jpg,data/raw/vegetative/20260804_1656_vegetative_160_cup.jpg
full_bloom,20260328_1037_full_bloom_36_cup.jpg,data/raw/full_bloom/20260328_1037_full_bloom_36_cup.jpg
full_bloom,20260328_1109_full_bloom_108_rot45.jpg,data/raw/full_bloom/20260328_1109_full_bloom_108_rot45.jpg
pre_bloom,20260727_1711_pre_bloom_50_rot60.jpg,data/raw/pre_bloom/20260727_1711_pre_bloom_50_rot60.jpg
pre_bloom,20260727_1711_pre_bloom_55_rot45.jpg,data/raw/pre_bloom/20260727_1711_pre_bloom_55_rot45.jpg
budding,20260328_1110_budding_171_cup.jpg,data/raw/budding/20260328_1110_budding_171_cup.jpg
seed_formation,20260328_1006_seed_formation_3.jpg,data/raw/seed_formation/20260328_1006_seed_formation_3.jpg
pre_bloom,20260726_1337_pre_bloom_35_bdown.jpg,data/raw/pre_bloom/20260726_1337_pre_bloom_35_bdown.jpg
seed_formation,20260328_1019_seed_formation_35_bup.jpg,data/raw/seed_formation/20260328_1019_seed_formation_35_bup.jpg
full_bloom,20260715_1556_full_bloom_7_rot60.jpg,data/raw/full_bloom/20260715_1556_full_bloom_7_rot60.jpg
wilting,20260824_1708_wilting_75_rot60.jpg,data/raw/wilting/20260824_1708_wilting_75_rot60.jpg
pre_bloom,flowerin_0000_pre_bloom_85_cdown.jpg,data/raw/pre_bloom/flowerin_0000_pre_bloom_85_cdown.jpg
pre_bloom,flowerin_0000_pre_bloom_82_cup.jpg,data/raw/pre_bloom/flowerin_0000_pre_bloom_82_cup.jpg
seed_formation,20260731_1719_seed_formation_181_bdown.jpg,data/raw/seed_formation/20260731_1719_seed_formation_181_bdown.jpg
pre_bloom,20260328_1108_pre_bloom_64.jpg,data/raw/pre_bloom/20260328_1108_pre_bloom_64.jpg
seed_formation,20260328_1020_seed_formation_46_bdown.jpg,data/raw/seed_formation/20260328_1020_seed_formation_46_bdown.jpg
vegetative,20260712_0900_vegetative_115_cdown.jpg,data/raw/vegetative/20260712_0900_vegetative_115_cdown.jpg
pre_bloom,20260811_1640_pre_bloom_125_bup.jpg,data/raw/pre_bloom/20260811_1640_pre_bloom_125_bup.jpg
wilting,20260824_1721_wilting_98_cdown.jpg,data/raw/wilting/20260824_1721_wilting_98_cdown.jpg
seed_formation,20260328_1022_seed_formation_68_sdown.jpg,data/raw/seed_formation/20260328_1022_seed_formation_68_sdown.jpg
pre_bloom,20260328_1108_pre_bloom_53_cdown.jpg,data/raw/pre_bloom/20260328_1108_pre_bloom_53_cdown.jpg
vegetative,20260328_1006_vegetative_6.jpg,data/raw/vegetative/20260328_1006_vegetative_6.jpg
full_bloom,20260727_1723_full_bloom_67_sup.jpg,data/raw/full_bloom/20260727_1723_full_bloom_67_sup.jpg
vegetative,20260712_0843_vegetative_107_cdown.jpg,data/raw/vegetative/20260712_0843_vegetative_107_cdown.jpg
vegetative,20260328_1037_vegetative_42_rot30.jpg,data/raw/vegetative/20260328_1037_vegetative_42_rot30.jpg
pre_bloom,20260727_1555_pre_bloom_41_sup.jpg,data/raw/pre_bloom/20260727_1555_pre_bloom_41_sup.jpg
vegetative,20260328_1030_vegetative_29_sup.jpg,data/raw/vegetative/20260328_1030_vegetative_29_sup.jpg
seed_formation,20260328_1020_seed_formation_45_rot45.jpg,data/raw/seed_formation/20260328_1020_seed_formation_45_rot45.jpg
vegetative,20260328_1002_vegetative_2_rot60.jpg,data/raw/vegetative/20260328_1002_vegetative_2_rot60.jpg
seed_formation,20260722_1745_seed_formation_10_sup.jpg,data/raw/seed_formation/20260722_1745_seed_formation_10_sup.jpg
full_bloom,20260328_1036_full_bloom_23_bdown.jpg,data/raw/full_bloom/20260328_1036_full_bloom_23_bdown.jpg
budding,20260328_1123_budding_218_rot45.jpg,data/raw/budding/20260328_1123_budding_218_rot45.jpg
pre_bloom,20260722_1742_pre_bloom_16_sup.jpg,data/raw/pre_bloom/20260722_1742_pre_bloom_16_sup.jpg
full_bloom,20260727_1707_full_bloom_34_rot60.jpg,data/raw/full_bloom/20260727_1707_full_bloom_34_rot60.jpg
pre_bloom,20260731_1708_pre_bloom_90_rot45.jpg,data/raw/pre_bloom/20260731_1708_pre_bloom_90_rot45.jpg
full_bloom,20260328_1013_full_bloom_9_rot45.jpg,data/raw/full_bloom/20260328_1013_full_bloom_9_rot45.jpg
pre_bloom,20260731_1709_pre_bloom_92_cup.jpg,data/raw/pre_bloom/20260731_1709_pre_bloom_92_cup.jpg
full_bloom,20260328_1052_full_bloom_61_rot60.jpg,data/raw/full_bloom/20260328_1052_full_bloom_61_rot60.jpg
pre_bloom,20260328_1042_pre_bloom_26_rot45.jpg,data/raw/pre_bloom/20260328_1042_pre_bloom_26_rot45.jpg
wilting,20260814_1637_wilting_15_rot30.jpg,data/raw/wilting/20260814_1637_wilting_15_rot30.jpg
pre_bloom,20260727_1556_pre_bloom_48_bup.jpg,data/raw/pre_bloom/20260727_1556_pre_bloom_48_bup.jpg
vegetative,20260328_1117_vegetative_77_bdown.jpg,data/raw/vegetative/20260328_1117_vegetative_77_bdown.jpg
vegetative,20260328_1038_vegetative_53_bdown.jpg,data/raw/vegetative/20260328_1038_vegetative_53_bdown.jpg
full_bloom,20260328_1052_full_bloom_71_cup.jpg,data/raw/full_bloom/20260328_1052_full_bloom_71_cup.jpg
wilting,20260819_1717_wilting_30_rot30.jpg,data/raw/wilting/20260819_1717_wilting_30_rot30.jpg
budding,20260328_1122_budding_207_sdown.jpg,data/raw/budding/20260328_1122_budding_207_sdown.jpg
full_bloom,20260328_1051_full_bloom_49.jpg,data/raw/full_bloom/20260328_1051_full_bloom_49.jpg
budding,20260328_1010_budding_74_cup.jpg,data/raw/budding/20260328_1010_budding_74_cup.jpg
budding,20260328_1055_budding_146.jpg,data/raw/budding/20260328_1055_budding_146.jpg
seed_formation,20260715_1602_seed_formation_140_cdown.jpg,data/raw/seed_formation/20260715_1602_seed_formation_140_cdown.jpg
vegetative,20260722_1821_vegetative_151.jpg,data/raw/vegetative/20260722_1821_vegetative_151.jpg
seed_formation,20260727_1733_seed_formation_174_cup.jpg,data/raw/seed_formation/20260727_1733_seed_formation_174_cup.jpg
wilting,20260824_1708_wilting_78_cup.jpg,data/raw/wilting/20260824_1708_wilting_78_cup.jpg
pre_bloom,20260804_1723_pre_bloom_98_cdown.jpg,data/raw/pre_bloom/20260804_1723_pre_bloom_98_cdown.jpg
seed_formation,seedling_0000_seed_formation_191.jpg,data/raw/seed_formation/seedling_0000_seed_formation_191.jpg
full_bloom,20260328_1013_full_bloom_8_sdown.jpg,data/raw/full_bloom/20260328_1013_full_bloom_8_sdown.jpg
seed_formation,20260328_1042_seed_formation_121_cup.jpg,data/raw/seed_formation/20260328_1042_seed_formation_121_cup.jpg
budding,20260328_1055_budding_139_cup.jpg,data/raw/budding/20260328_1055_budding_139_cup.jpg
pre_bloom,20260328_1003_pre_bloom_5_bdown.jpg,data/raw/pre_bloom/20260328_1003_pre_bloom_5_bdown.jpg
budding,20260328_1011_budding_93_rot45.jpg,data/raw/budding/20260328_1011_budding_93_rot45.jpg
pre_bloom,20260726_1337_pre_bloom_34_rot30.jpg,data/raw/pre_bloom/20260726_1337_pre_bloom_34_rot30.jpg
full_bloom,20260328_1100_full_bloom_95_sdown.jpg,data/raw/full_bloom/20260328_1100_full_bloom_95_sdown.jpg
seed_formation,20260715_1602_seed_formation_139_cdown.jpg,data/raw/seed_formation/20260715_1602_seed_formation_139_cdown.jpg
pre_bloom,flowerin_0000_pre_bloom_85_bup.jpg,data/raw/pre_bloom/flowerin_0000_pre_bloom_85_bup.jpg
wilting,20260328_1056_wilting_3_rot60.jpg,data/raw/wilting/20260328_1056_wilting_3_rot60.jpg
full_bloom,flowerin_0000_full_bloom_152_bup.jpg,data/raw/full_bloom/flowerin_0000_full_bloom_152_bup.jpg
wilting,20260824_1721_wilting_110_bdown.jpg,data/raw/wilting/20260824_1721_wilting_110_bdown.jpg
wilting,20260824_1707_wilting_68_cdown.jpg,data/raw/wilting/20260824_1707_wilting_68_cdown.jpg
full_bloom,20260328_1013_full_bloom_7_cup.jpg,data/raw/full_bloom/20260328_1013_full_bloom_7_cup.jpg
budding,20260328_1005_budding_11_sdown.jpg,data/raw/budding/20260328_1005_budding_11_sdown.jpg
full_bloom,20260328_1115_full_bloom_137_rot60.jpg,data/raw/full_bloom/20260328_1115_full_bloom_137_rot60.jpg
seed_formation,seedling_0000_seed_formation_191_cdown.jpg,data/raw/seed_formation/seedling_0000_seed_formation_191_cdown.jpg
seed_formation,20260715_1602_seed_formation_146_rot30.jpg,data/raw/seed_formation/20260715_1602_seed_formation_146_rot30.jpg
budding,20260328_1005_budding_55.jpg,data/raw/budding/20260328_1005_budding_55.jpg
vegetative,flowerin_0000_vegetative_170_cup.jpg,data/raw/vegetative/flowerin_0000_vegetative_170_cup.jpg
vegetative,20260712_0910_vegetative_143_rot30.jpg,data/raw/vegetative/20260712_0910_vegetative_143_rot30.jpg
pre_bloom,20260722_1742_pre_bloom_17_rot45.jpg,data/raw/pre_bloom/20260722_1742_pre_bloom_17_rot45.jpg
wilting,20260824_1709_wilting_83_sdown.jpg,data/raw/wilting/20260824_1709_wilting_83_sdown.jpg
vegetative,flowerin_0000_vegetative_170_bup.jpg,data/raw/vegetative/flowerin_0000_vegetative_170_bup.jpg
budding,20260328_1005_budding_15_rot60.jpg,data/raw/budding/20260328_1005_budding_15_rot60.jpg
wilting,20260722_1658_wilting_7_cup.jpg,data/raw/wilting/20260722_1658_wilting_7_cup.jpg
vegetative,20260328_1046_vegetative_66_rot30.jpg,data/raw/vegetative/20260328_1046_vegetative_66_rot30.jpg
budding,20260328_1005_budding_15.jpg,data/raw/budding/20260328_1005_budding_15.jpg
vegetative,20260712_0914_vegetative_145_bup.jpg,data/raw/vegetative/20260712_0914_vegetative_145_bup.jpg
pre_bloom,20260727_1711_pre_bloom_56_bdown.jpg,data/raw/pre_bloom/20260727_1711_pre_bloom_56_bdown.jpg
pre_bloom,20260727_1555_pre_bloom_38.jpg,data/raw/pre_bloom/20260727_1555_pre_bloom_38.jpg
seed_formation,20260727_1715_seed_formation_27_rot45.jpg,data/raw/seed_formation/20260727_1715_seed_formation_27_rot45.jpg
vegetative,vegetati_0000_vegetative_175_sup.jpg,data/raw/vegetative/vegetati_0000_vegetative_175_sup.jpg
budding,20260328_1005_budding_32_rot45.jpg,data/raw/budding/20260328_1005_budding_32_rot45.jpg
budding,20260328_1005_budding_1_rot45.jpg,data/raw/budding/20260328_1005_budding_1_rot45.jpg
budding,20260328_1121_budding_184_rot45.jpg,data/raw/budding/20260328_1121_budding_184_rot45.jpg
pre_bloom,20260328_1002_pre_bloom_1_sdown.jpg,data/raw/pre_bloom/20260328_1002_pre_bloom_1_sdown.jpg
budding,20260328_1121_budding_196_rot60.jpg,data/raw/budding/20260328_1121_budding_196_rot60.jpg
pre_bloom,20260712_0854_pre_bloom_2_sdown.jpg,data/raw/pre_bloom/20260712_0854_pre_bloom_2_sdown.jpg
seed_formation,20260328_1023_seed_formation_73_rot30.jpg,data/raw/seed_formation/20260328_1023_seed_formation_73_rot30.jpg
pre_bloom,20260727_1711_pre_bloom_49.jpg,data/raw/pre_bloom/20260727_1711_pre_bloom_49.jpg
budding,20260328_1110_budding_167_sdown.jpg,data/raw/budding/20260328_1110_budding_167_sdown.jpg
full_bloom,20260727_1722_full_bloom_66_bup.jpg,data/raw/full_bloom/20260727_1722_full_bloom_66_bup.jpg
budding,20260328_1005_budding_20_cup.jpg,data/raw/budding/20260328_1005_budding_20_cup.jpg
seed_formation,20260328_1020_seed_formation_42_bdown.jpg,data/raw/seed_formation/20260328_1020_seed_formation_42_bdown.jpg
vegetative,20260328_1116_vegetative_74_rot45.jpg,data/raw/vegetative/20260328_1116_vegetative_74_rot45.jpg
vegetative,20260804_1656_vegetative_159_sdown.jpg,data/raw/vegetative/20260804_1656_vegetative_159_sdown.jpg
vegetative,20260328_1032_vegetative_33_sup.jpg,data/raw/vegetative/20260328_1032_vegetative_33_sup.jpg
budding,20260328_1005_budding_67_bdown.jpg,data/raw/budding/20260328_1005_budding_67_bdown.jpg
wilting,20260814_1637_wilting_23.jpg,data/raw/wilting/20260814_1637_wilting_23.jpg
seed_formation,20260328_1041_seed_formation_113_bdown.jpg,data/raw/seed_formation/20260328_1041_seed_formation_113_bdown.jpg
budding,20260328_1122_budding_215_rot60.jpg,data/raw/budding/20260328_1122_budding_215_rot60.jpg
wilting,20260824_1706_wilting_61_cup.jpg,data/raw/wilting/20260824_1706_wilting_61_cup.jpg
vegetative,20260722_1821_vegetative_152_rot60.jpg,data/raw/vegetative/20260722_1821_vegetative_152_rot60.jpg
full_bloom,20260328_1038_full_bloom_43_rot60.jpg,data/raw/full_bloom/20260328_1038_full_bloom_43_rot60.jpg
pre_bloom,20260722_1742_pre_bloom_16_bup.jpg,data/raw/pre_bloom/20260722_1742_pre_bloom_16_bup.jpg
budding,20260328_1111_budding_179_rot30.jpg,data/raw/budding/20260328_1111_budding_179_rot30.jpg
seed_formation,seedling_0000_seed_formation_190_bdown.jpg,data/raw/seed_formation/seedling_0000_seed_formation_190_bdown.jpg
vegetative,vegetati_0000_vegetative_174.jpg,data/raw/vegetative/vegetati_0000_vegetative_174.jpg
full_bloom,20260722_1658_full_bloom_17_sup.jpg,data/raw/full_bloom/20260722_1658_full_bloom_17_sup.jpg
full_bloom,20260328_1037_full_bloom_38_rot60.jpg,data/raw/full_bloom/20260328_1037_full_bloom_38_rot60.jpg
vegetative,20260712_0902_vegetative_138_rot60.jpg,data/raw/vegetative/20260712_0902_vegetative_138_rot60.jpg
full_bloom,20260715_1556_full_bloom_7_sdown.jpg,data/raw/full_bloom/20260715_1556_full_bloom_7_sdown.jpg
full_bloom,20260722_1658_full_bloom_17_bup.jpg,data/raw/full_bloom/20260722_1658_full_bloom_17_bup.jpg
wilting,20260824_1709_wilting_84_sdown.jpg,data/raw/wilting/20260824_1709_wilting_84_sdown.jpg
wilting,20260824_1708_wilting_74_cdown.jpg,data/raw/wilting/20260824_1708_wilting_74_cdown.jpg
pre_bloom,20260328_1043_pre_bloom_42.jpg,data/raw/pre_bloom/20260328_1043_pre_bloom_42.jpg
full_bloom,20260328_1114_full_bloom_132.jpg,data/raw/full_bloom/20260328_1114_full_bloom_132.jpg
pre_bloom,20260731_1708_pre_bloom_90_sdown.jpg,data/raw/pre_bloom/20260731_1708_pre_bloom_90_sdown.jpg
vegetative,20260712_0838_vegetative_105_bdown.jpg,data/raw/vegetative/20260712_0838_vegetative_105_bdown.jpg
vegetative,20260328_1046_vegetative_56_cup.jpg,data/raw/vegetative/20260328_1046_vegetative_56_cup.jpg
wilting,20260814_1637_wilting_12_bdown.jpg,data/raw/wilting/20260814_1637_wilting_12_bdown.jpg
vegetative,20260804_1656_vegetative_159_rot30.jpg,data/raw/vegetative/20260804_1656_vegetative_159_rot30.jpg
vegetative,20260328_1006_vegetative_5_sdown.jpg,data/raw/vegetative/20260328_1006_vegetative_5_sdown.jpg
pre_bloom,20260328_1108_pre_bloom_60_sup.jpg,data/raw/pre_bloom/20260328_1108_pre_bloom_60_sup.jpg
vegetative,20260328_1117_vegetative_94_bup.jpg,data/raw/vegetative/20260328_1117_vegetative_94_bup.jpg
full_bloom,20260328_1100_full_bloom_98_sdown.jpg,data/raw/full_bloom/20260328_1100_full_bloom_98_sdown.jpg
full_bloom,20260328_1038_full_bloom_43_rot45.jpg,data/raw/full_bloom/20260328_1038_full_bloom_43_rot45.jpg
vegetative,20260328_1030_vegetative_29_rot45.jpg,data/raw/vegetative/20260328_1030_vegetative_29_rot45.jpg
seed_formation,20260328_1008_seed_formation_17_rot45.jpg,data/raw/seed_formation/20260328_1008_seed_formation_17_rot45.jpg
full_bloom,20260328_1036_full_bloom_29_sdown.jpg,data/raw/full_bloom/20260328_1036_full_bloom_29_sdown.jpg
vegetative,20260722_1820_vegetative_148_bup.jpg,data/raw/vegetative/20260722_1820_vegetative_148_bup.jpg
vegetative,20260712_0901_vegetative_117_rot45.jpg,data/raw/vegetative/20260712_0901_vegetative_117_rot45.jpg
seed_formation,20260328_1009_seed_formation_29_rot60.jpg,data/raw/seed_formation/20260328_1009_seed_formation_29_rot60.jpg
full_bloom,20260727_1707_full_bloom_31_cup.jpg,data/raw/full_bloom/20260727_1707_full_bloom_31_cup.jpg
pre_bloom,20260328_1042_pre_bloom_26_bdown.jpg,data/raw/pre_bloom/20260328_1042_pre_bloom_26_bdown.jpg
pre_bloom,20260328_1108_pre_bloom_55_cdown.jpg,data/raw/pre_bloom/20260328_1108_pre_bloom_55_cdown.jpg
budding,inflores_0000_budding_228_sdown.jpg,data/raw/budding/inflores_0000_budding_228_sdown.jpg
full_bloom,20260328_1036_full_bloom_28_bdown.jpg,data/raw/full_bloom/20260328_1036_full_bloom_28_bdown.jpg
wilting,20260824_1706_wilting_60_rot45.jpg,data/raw/wilting/20260824_1706_wilting_60_rot45.jpg
vegetative,20260328_1015_vegetative_12_bdown.jpg,data/raw/vegetative/20260328_1015_vegetative_12_bdown.jpg
full_bloom,20260328_1100_full_bloom_98_cup.jpg,data/raw/full_bloom/20260328_1100_full_bloom_98_cup.jpg
vegetative,20260722_1659_vegetative_146_rot45.jpg,data/raw/vegetative/20260722_1659_vegetative_146_rot45.jpg
pre_bloom,20260328_1108_pre_bloom_59_sup.jpg,data/raw/pre_bloom/20260328_1108_pre_bloom_59_sup.jpg
seed_formation,20260328_1022_seed_formation_61_sdown.jpg,data/raw/seed_formation/20260328_1022_seed_formation_61_sdown.jpg
budding,20260328_1005_budding_1.jpg,data/raw/budding/20260328_1005_budding_1.jpg
seed_formation,20260328_1041_seed_formation_112_bup.jpg,data/raw/seed_formation/20260328_1041_seed_formation_112_bup.jpg
pre_bloom,20260727_1722_pre_bloom_59_bdown.jpg,data/raw/pre_bloom/20260727_1722_pre_bloom_59_bdown.jpg
vegetative,20260328_1117_vegetative_79.jpg,data/raw/vegetative/20260328_1117_vegetative_79.jpg
pre_bloom,20260328_1042_pre_bloom_29_cup.jpg,data/raw/pre_bloom/20260328_1042_pre_bloom_29_cup.jpg
wilting,20260328_1056_wilting_3_rot45.jpg,data/raw/wilting/20260328_1056_wilting_3_rot45.jpg
pre_bloom,20260712_0854_pre_bloom_3.jpg,data/raw/pre_bloom/20260712_0854_pre_bloom_3.jpg
seed_formation,20260715_1602_seed_formation_134_cdown.jpg,data/raw/seed_formation/20260715_1602_seed_formation_134_cdown.jpg
pre_bloom,20260722_1743_pre_bloom_21_rot60.jpg,data/raw/pre_bloom/20260722_1743_pre_bloom_21_rot60.jpg
budding,20260328_1122_budding_204_cup.jpg,data/raw/budding/20260328_1122_budding_204_cup.jpg
pre_bloom,flowerin_0000_pre_bloom_83_bdown.jpg,data/raw/pre_bloom/flowerin_0000_pre_bloom_83_bdown.jpg
vegetative,20260328_1015_vegetative_13_rot45.jpg,data/raw/vegetative/20260328_1015_vegetative_13_rot45.jpg
pre_bloom,20260727_1555_pre_bloom_38_bdown.jpg,data/raw/pre_bloom/20260727_1555_pre_bloom_38_bdown.jpg
wilting,20260824_1708_wilting_78_sup.jpg,data/raw/wilting/20260824_1708_wilting_78_sup.jpg
budding,20260328_1005_budding_33_cdown.jpg,data/raw/budding/20260328_1005_budding_33_cdown.jpg
seed_formation,20260722_1745_seed_formation_13_cdown.jpg,data/raw/seed_formation/20260722_1745_seed_formation_13_cdown.jpg
seed_formation,20260328_1023_seed_formation_73.jpg,data/raw/seed_formation/20260328_1023_seed_formation_73.jpg
vegetative,20260328_1030_vegetative_22_bdown.jpg,data/raw/vegetative/20260328_1030_vegetative_22_bdown.jpg
budding,20260328_1005_budding_66_sdown.jpg,data/raw/budding/20260328_1005_budding_66_sdown.jpg
seed_formation,20260328_1007_seed_formation_5_sdown.jpg,data/raw/seed_formation/20260328_1007_seed_formation_5_sdown.jpg
full_bloom,20260328_1110_full_bloom_116_bup.jpg,data/raw/full_bloom/20260328_1110_full_bloom_116_bup.jpg
wilting,20260824_1708_wilting_71_sup.jpg,data/raw/wilting/20260824_1708_wilting_71_sup.jpg
budding,20260328_1005_budding_32_sdown.jpg,data/raw/budding/20260328_1005_budding_32_sdown.jpg
budding,20260328_1122_budding_213_cdown.jpg,data/raw/budding/20260328_1122_budding_213_cdown.jpg
seed_formation,20260328_1008_seed_formation_17_bdown.jpg,data/raw/seed_formation/20260328_1008_seed_formation_17_bdown.jpg
budding,20260328_1055_budding_144_rot60.jpg,data/raw/budding/20260328_1055_budding_144_rot60.jpg
full_bloom,flowerin_0000_full_bloom_147_rot45.jpg,data/raw/full_bloom/flowerin_0000_full_bloom_147_rot45.jpg
full_bloom,bloom4.p_0000_full_bloom_146_sup.jpg,data/raw/full_bloom/bloom4.p_0000_full_bloom_146_sup.jpg
seed_formation,20260715_1554_seed_formation_127.jpg,data/raw/seed_formation/20260715_1554_seed_formation_127.jpg
seed_formation,20260715_1554_seed_formation_129_sup.jpg,data/raw/seed_formation/20260715_1554_seed_formation_129_sup.jpg
budding,20260328_1010_budding_80_rot45.jpg,data/raw/budding/20260328_1010_budding_80_rot45.jpg
full_bloom,20260328_1053_full_bloom_80_rot30.jpg,data/raw/full_bloom/20260328_1053_full_bloom_80_rot30.jpg
seed_formation,20260328_1007_seed_formation_4_rot60.jpg,data/raw/seed_formation/20260328_1007_seed_formation_4_rot60.jpg
budding,20260328_1005_budding_5_cup.jpg,data/raw/budding/20260328_1005_budding_5_cup.jpg
seed_formation,20260727_1733_seed_formation_172_rot60.jpg,data/raw/seed_formation/20260727_1733_seed_formation_172_rot60.jpg
budding,20260328_1110_budding_166_sup.jpg,data/raw/budding/20260328_1110_budding_166_sup.jpg
vegetative,20260712_0838_vegetative_103_cup.jpg,data/raw/vegetative/20260712_0838_vegetative_103_cup.jpg
seed_formation,20260722_1745_seed_formation_157_bup.jpg,data/raw/seed_formation/20260722_1745_seed_formation_157_bup.jpg
budding,20260328_1123_budding_219_rot60.jpg,data/raw/budding/20260328_1123_budding_219_rot60.jpg
seed_formation,20260328_1041_seed_formation_113.jpg,data/raw/seed_formation/20260328_1041_seed_formation_113.jpg
budding,20260328_1121_budding_198.jpg,data/raw/budding/20260328_1121_budding_198.jpg
seed_formation,20260328_1006_seed_formation_3_sdown.jpg,data/raw/seed_formation/20260328_1006_seed_formation_3_sdown.jpg
vegetative,20260328_1030_vegetative_28_rot60.jpg,data/raw/vegetative/20260328_1030_vegetative_28_rot60.jpg
vegetative,20260328_1015_vegetative_12_cdown.jpg,data/raw/vegetative/20260328_1015_vegetative_12_cdown.jpg
vegetative,20260328_1046_vegetative_58_rot60.jpg,data/raw/vegetative/20260328_1046_vegetative_58_rot60.jpg
pre_bloom,20260811_1640_pre_bloom_121_bup.jpg,data/raw/pre_bloom/20260811_1640_pre_bloom_121_bup.jpg
full_bloom,20260715_1556_full_bloom_8.jpg,data/raw/full_bloom/20260715_1556_full_bloom_8.jpg
full_bloom,20260328_1109_full_bloom_111_rot45.jpg,data/raw/full_bloom/20260328_1109_full_bloom_111_rot45.jpg
seed_formation,20260328_1023_seed_formation_71_rot60.jpg,data/raw/seed_formation/20260328_1023_seed_formation_71_rot60.jpg
vegetative,20260712_0901_vegetative_128_rot30.jpg,data/raw/vegetative/20260712_0901_vegetative_128_rot30.jpg
wilting,20260824_1705_wilting_41_bdown.jpg,data/raw/wilting/20260824_1705_wilting_41_bdown.jpg
seed_formation,20260731_1719_seed_formation_183_rot60.jpg,data/raw/seed_formation/20260731_1719_seed_formation_183_rot60.jpg
pre_bloom,20260328_1108_pre_bloom_53_rot45.jpg,data/raw/pre_bloom/20260328_1108_pre_bloom_53_rot45.jpg
full_bloom,flowerin_0000_full_bloom_152.jpg,data/raw/full_bloom/flowerin_0000_full_bloom_152.jpg
wilting,20260814_1637_wilting_13_rot30.jpg,data/raw/wilting/20260814_1637_wilting_13_rot30.jpg
wilting,20260814_1646_wilting_41_cdown.jpg,data/raw/wilting/20260814_1646_wilting_41_cdown.jpg
wilting,20260814_1637_wilting_28_rot60.jpg,data/raw/wilting/20260814_1637_wilting_28_rot60.jpg
vegetative,vegetati_0000_vegetative_174_cdown.jpg,data/raw/vegetative/vegetati_0000_vegetative_174_cdown.jpg
full_bloom,20260328_1054_full_bloom_86_rot30.jpg,data/raw/full_bloom/20260328_1054_full_bloom_86_rot30.jpg
full_bloom,20260328_1051_full_bloom_48_cup.jpg,data/raw/full_bloom/20260328_1051_full_bloom_48_cup.jpg
full_bloom,20260722_1804_full_bloom_30_cup.jpg,data/raw/full_bloom/20260722_1804_full_bloom_30_cup.jpg
seed_formation,20260328_1041_seed_formation_116_cdown.jpg,data/raw/seed_formation/20260328_1041_seed_formation_116_cdown.jpg
wilting,20260819_1718_wilting_38_sup.jpg,data/raw/wilting/20260819_1718_wilting_38_sup.jpg
seed_formation,20260328_1020_seed_formation_43_bup.jpg,data/raw/seed_formation/20260328_1020_seed_formation_43_bup.jpg
budding,20260328_1005_budding_45_sdown.jpg,data/raw/budding/20260328_1005_budding_45_sdown.jpg
pre_bloom,20260328_1005_pre_bloom_8_rot45.jpg,data/raw/pre_bloom/20260328_1005_pre_bloom_8_rot45.jpg
full_bloom,20260328_1054_full_bloom_90_sup.jpg,data/raw/full_bloom/20260328_1054_full_bloom_90_sup.jpg
budding,20260328_1122_budding_212_sup.jpg,data/raw/budding/20260328_1122_budding_212_sup.jpg
wilting,20260814_1646_wilting_35_bup.jpg,data/raw/wilting/20260814_1646_wilting_35_bup.jpg
budding,20260328_1011_budding_94_cup.jpg,data/raw/budding/20260328_1011_budding_94_cup.jpg
full_bloom,20260727_1722_full_bloom_58_rot30.jpg,data/raw/full_bloom/20260727_1722_full_bloom_58_rot30.jpg
full_bloom,20260328_1110_full_bloom_117_cdown.jpg,data/raw/full_bloom/20260328_1110_full_bloom_117_cdown.jpg
pre_bloom,20260727_1737_pre_bloom_74.jpg,data/raw/pre_bloom/20260727_1737_pre_bloom_74.jpg
budding,20260328_1005_budding_13_rot45.jpg,data/raw/budding/20260328_1005_budding_13_rot45.jpg
full_bloom,20260722_1743_full_bloom_19_rot45.jpg,data/raw/full_bloom/20260722_1743_full_bloom_19_rot45.jpg
full_bloom,20260328_1100_full_bloom_98_cdown.jpg,data/raw/full_bloom/20260328_1100_full_bloom_98_cdown.jpg
pre_bloom,20260712_0854_pre_bloom_1_sdown.jpg,data/raw/pre_bloom/20260712_0854_pre_bloom_1_sdown.jpg
full_bloom,20260727_1722_full_bloom_66_cup.jpg,data/raw/full_bloom/20260727_1722_full_bloom_66_cup.jpg
budding,20260328_1005_budding_52_sup.jpg,data/raw/budding/20260328_1005_budding_52_sup.jpg
pre_bloom,20260328_1108_pre_bloom_48_sdown.jpg,data/raw/pre_bloom/20260328_1108_pre_bloom_48_sdown.jpg
full_bloom,20260722_1744_full_bloom_22_rot60.jpg,data/raw/full_bloom/20260722_1744_full_bloom_22_rot60.jpg
seed_formation,20260328_1020_seed_formation_42_rot45.jpg,data/raw/seed_formation/20260328_1020_seed_formation_42_rot45.jpg
full_bloom,20260328_1109_full_bloom_106_cdown.jpg,data/raw/full_bloom/20260328_1109_full_bloom_106_cdown.jpg
pre_bloom,20260722_1742_pre_bloom_17_cdown.jpg,data/raw/pre_bloom/20260722_1742_pre_bloom_17_cdown.jpg
seed_formation,20260328_1008_seed_formation_10_rot60.jpg,data/raw/seed_formation/20260328_1008_seed_formation_10_rot60.jpg
full_bloom,flowerin_0000_full_bloom_157_rot30.jpg,data/raw/full_bloom/flowerin_0000_full_bloom_157_rot30.jpg
pre_bloom,20260811_1640_pre_bloom_124_cdown.jpg,data/raw/pre_bloom/20260811_1640_pre_bloom_124_cdown.jpg
seed_formation,20260328_1022_seed_formation_68_cup.jpg,data/raw/seed_formation/20260328_1022_seed_formation_68_cup.jpg
vegetative,20260804_1656_vegetative_156_bdown.jpg,data/raw/vegetative/20260804_1656_vegetative_156_bdown.jpg
wilting,20260814_1637_wilting_22_rot45.jpg,data/raw/wilting/20260814_1637_wilting_22_rot45.jpg
seed_formation,20260328_1020_seed_formation_40_bup.jpg,data/raw/seed_formation/20260328_1020_seed_formation_40_bup.jpg
seed_formation,20260328_1020_seed_formation_42_rot30.jpg,data/raw/seed_formation/20260328_1020_seed_formation_42_rot30.jpg
vegetative,20260328_1011_vegetative_8_cdown.jpg,data/raw/vegetative/20260328_1011_vegetative_8_cdown.jpg
budding,20260328_1005_budding_49.jpg,data/raw/budding/20260328_1005_budding_49.jpg
pre_bloom,20260328_1042_pre_bloom_26_sdown.jpg,data/raw/pre_bloom/20260328_1042_pre_bloom_26_sdown.jpg
full_bloom,20260727_1709_full_bloom_48_cup.jpg,data/raw/full_bloom/20260727_1709_full_bloom_48_cup.jpg
pre_bloom,20260722_1742_pre_bloom_16_rot45.jpg,data/raw/pre_bloom/20260722_1742_pre_bloom_16_rot45.jpg
seed_formation,20260328_1019_seed_formation_38_rot45.jpg,data/raw/seed_formation/20260328_1019_seed_formation_38_rot45.jpg
seed_formation,20260328_1009_seed_formation_29_sup.jpg,data/raw/seed_formation/20260328_1009_seed_formation_29_sup.jpg
pre_bloom,20260731_1658_pre_bloom_88_rot60.jpg,data/raw/pre_bloom/20260731_1658_pre_bloom_88_rot60.jpg
full_bloom,20260715_1557_full_bloom_14_cdown.jpg,data/raw/full_bloom/20260715_1557_full_bloom_14_cdown.jpg
full_bloom,20260328_1110_full_bloom_120_cup.jpg,data/raw/full_bloom/20260328_1110_full_bloom_120_cup.jpg
budding,20260328_1122_budding_212_bup.jpg,data/raw/budding/20260328_1122_budding_212_bup.jpg
budding,20260328_1005_budding_34_rot45.jpg,data/raw/budding/20260328_1005_budding_34_rot45.jpg
full_bloom,20260715_1557_full_bloom_15_rot60.jpg,data/raw/full_bloom/20260715_1557_full_bloom_15_rot60.jpg
budding,20260328_1005_budding_4.jpg,data/raw/budding/20260328_1005_budding_4.jpg
vegetative,20260328_1005_vegetative_4_bdown.jpg,data/raw/vegetative/20260328_1005_vegetative_4_bdown.jpg
pre_bloom,20260328_1108_pre_bloom_56_rot60.jpg,data/raw/pre_bloom/20260328_1108_pre_bloom_56_rot60.jpg
pre_bloom,20260712_0854_pre_bloom_4_cup.jpg,data/raw/pre_bloom/20260712_0854_pre_bloom_4_cup.jpg
budding,20260328_1059_budding_156_cdown.jpg,data/raw/budding/20260328_1059_budding_156_cdown.jpg
vegetative,20260328_1030_vegetative_28_sdown.jpg,data/raw/vegetative/20260328_1030_vegetative_28_sdown.jpg
budding,20260328_1005_budding_11_rot45.jpg,data/raw/budding/20260328_1005_budding_11_rot45.jpg
pre_bloom,20260727_1722_pre_bloom_59_rot45.jpg,data/raw/pre_bloom/20260727_1722_pre_bloom_59_rot45.jpg
full_bloom,20260328_1112_full_bloom_123_sup.jpg,data/raw/full_bloom/20260328_1112_full_bloom_123_sup.jpg
seed_formation,20260722_1754_seed_formation_159_cup.jpg,data/raw/seed_formation/20260722_1754_seed_formation_159_cup.jpg
full_bloom,20260328_1114_full_bloom_131_sup.jpg,data/raw/full_bloom/20260328_1114_full_bloom_131_sup.jpg
pre_bloom,20260726_1336_pre_bloom_30_cdown.jpg,data/raw/pre_bloom/20260726_1336_pre_bloom_30_cdown.jpg
full_bloom,20260328_1112_full_bloom_123_bdown.jpg,data/raw/full_bloom/20260328_1112_full_bloom_123_bdown.jpg
wilting,20260814_1636_wilting_16_bup.jpg,data/raw/wilting/20260814_1636_wilting_16_bup.jpg
full_bloom,20260328_1053_full_bloom_77_bup.jpg,data/raw/full_bloom/20260328_1053_full_bloom_77_bup.jpg
pre_bloom,20260726_1337_pre_bloom_33_cup.jpg,data/raw/pre_bloom/20260726_1337_pre_bloom_33_cup.jpg
wilting,20260814_1646_wilting_37_bdown.jpg,data/raw/wilting/20260814_1646_wilting_37_bdown.jpg
budding,20260328_1018_budding_128_bup.jpg,data/raw/budding/20260328_1018_budding_128_bup.jpg
wilting,20260819_1717_wilting_29_cup.jpg,data/raw/wilting/20260819_1717_wilting_29_cup.jpg
budding,20260328_1010_budding_85_sup.jpg,data/raw/budding/20260328_1010_budding_85_sup.jpg
vegetative,20260328_1002_vegetative_3_rot45.jpg,data/raw/vegetative/20260328_1002_vegetative_3_rot45.jpg
wilting,20260824_1705_wilting_42_cdown.jpg,data/raw/wilting/20260824_1705_wilting_42_cdown.jpg
full_bloom,20260715_1557_full_bloom_14_bup.jpg,data/raw/full_bloom/20260715_1557_full_bloom_14_bup.jpg
pre_bloom,20260811_1640_pre_bloom_116_rot30.jpg,data/raw/pre_bloom/20260811_1640_pre_bloom_116_rot30.jpg
pre_bloom,20260731_1709_pre_bloom_92_rot45.jpg,data/raw/pre_bloom/20260731_1709_pre_bloom_92_rot45.jpg
full_bloom,20260328_1059_full_bloom_93.jpg,data/raw/full_bloom/20260328_1059_full_bloom_93.jpg
pre_bloom,20260712_0854_pre_bloom_2_sup.jpg,data/raw/pre_bloom/20260712_0854_pre_bloom_2_sup.jpg
seed_formation,20260715_1554_seed_formation_127_rot45.jpg,data/raw/seed_formation/20260715_1554_seed_formation_127_rot45.jpg
seed_formation,20260328_1039_seed_formation_81_sdown.jpg,data/raw/seed_formation/20260328_1039_seed_formation_81_sdown.jpg
vegetative,20260328_1117_vegetative_76.jpg,data/raw/vegetative/20260328_1117_vegetative_76.jpg
wilting,20260824_1707_wilting_69_sup.jpg,data/raw/wilting/20260824_1707_wilting_69_sup.jpg
vegetative,20260328_1046_vegetative_66_rot60.jpg,data/raw/vegetative/20260328_1046_vegetative_66_rot60.jpg
pre_bloom,20260328_1108_pre_bloom_58_cup.jpg,data/raw/pre_bloom/20260328_1108_pre_bloom_58_cup.jpg
seed_formation,20260328_1008_seed_formation_16_rot60.jpg,data/raw/seed_formation/20260328_1008_seed_formation_16_rot60.jpg
wilting,20260814_1636_wilting_20_cdown.jpg,data/raw/wilting/20260814_1636_wilting_20_cdown.jpg
budding,20260328_1055_budding_137.jpg,data/raw/budding/20260328_1055_budding_137.jpg
wilting,20260819_1717_wilting_30_bdown.jpg,data/raw/wilting/20260819_1717_wilting_30_bdown.jpg
seed_formation,20260328_1007_seed_formation_6_bdown.jpg,data/raw/seed_formation/20260328_1007_seed_formation_6_bdown.jpg
pre_bloom,20260727_1555_pre_bloom_44_rot60.jpg,data/raw/pre_bloom/20260727_1555_pre_bloom_44_rot60.jpg
budding,20260328_1005_budding_39_sdown.jpg,data/raw/budding/20260328_1005_budding_39_sdown.jpg
wilting,20260814_1636_wilting_14_cup.jpg,data/raw/wilting/20260814_1636_wilting_14_cup.jpg
pre_bloom,20260722_1742_pre_bloom_15_sup.jpg,data/raw/pre_bloom/20260722_1742_pre_bloom_15_sup.jpg
seed_formation,20260328_1020_seed_formation_45_sup.jpg,data/raw/seed_formation/20260328_1020_seed_formation_45_sup.jpg
seed_formation,20260328_1019_seed_formation_34_sdown.jpg,data/raw/seed_formation/20260328_1019_seed_formation_34_sdown.jpg
seed_formation,20260328_1020_seed_formation_43_cup.jpg,data/raw/seed_formation/20260328_1020_seed_formation_43_cup.jpg
pre_bloom,20260811_1640_pre_bloom_116_sdown.jpg,data/raw/pre_bloom/20260811_1640_pre_bloom_116_sdown.jpg
seed_formation,20260328_1020_seed_formation_49_rot45.jpg,data/raw/seed_formation/20260328_1020_seed_formation_49_rot45.jpg
full_bloom,20260727_1724_full_bloom_70_rot60.jpg,data/raw/full_bloom/20260727_1724_full_bloom_70_rot60.jpg
full_bloom,20260328_1013_full_bloom_3_bdown.jpg,data/raw/full_bloom/20260328_1013_full_bloom_3_bdown.jpg
pre_bloom,20260727_1722_pre_bloom_58.jpg,data/raw/pre_bloom/20260727_1722_pre_bloom_58.jpg
budding,20260328_1122_budding_213_cup.jpg,data/raw/budding/20260328_1122_budding_213_cup.jpg
vegetative,20260328_1117_vegetative_79_cup.jpg,data/raw/vegetative/20260328_1117_vegetative_79_cup.jpg
pre_bloom,20260712_0913_pre_bloom_73_bup.jpg,data/raw/pre_bloom/20260712_0913_pre_bloom_73_bup.jpg
vegetative,20260328_1117_vegetative_87_rot30.jpg,data/raw/vegetative/20260328_1117_vegetative_87_rot30.jpg
budding,20260328_1005_budding_51_sup.jpg,data/raw/budding/20260328_1005_budding_51_sup.jpg
full_bloom,20260715_1556_full_bloom_9_sup.jpg,data/raw/full_bloom/20260715_1556_full_bloom_9_sup.jpg
full_bloom,20260715_1557_full_bloom_15_rot30.jpg,data/raw/full_bloom/20260715_1557_full_bloom_15_rot30.jpg
seed_formation,20260328_1023_seed_formation_73_cup.jpg,data/raw/seed_formation/20260328_1023_seed_formation_73_cup.jpg
budding,20260328_1054_budding_133_cup.jpg,data/raw/budding/20260328_1054_budding_133_cup.jpg
pre_bloom,20260811_1640_pre_bloom_119_cup.jpg,data/raw/pre_bloom/20260811_1640_pre_bloom_119_cup.jpg
vegetative,20260328_1116_vegetative_75_bdown.jpg,data/raw/vegetative/20260328_1116_vegetative_75_bdown.jpg
seed_formation,20260328_1042_seed_formation_121_bdown.jpg,data/raw/seed_formation/20260328_1042_seed_formation_121_bdown.jpg
pre_bloom,20260727_1736_pre_bloom_64_rot60.jpg,data/raw/pre_bloom/20260727_1736_pre_bloom_64_rot60.jpg
budding,20260328_1110_budding_162_cdown.jpg,data/raw/budding/20260328_1110_budding_162_cdown.jpg
seed_formation,20260328_1008_seed_formation_11_sdown.jpg,data/raw/seed_formation/20260328_1008_seed_formation_11_sdown.jpg
wilting,20260819_1717_wilting_27_cup.jpg,data/raw/wilting/20260819_1717_wilting_27_cup.jpg
wilting,20260824_1721_wilting_108_cdown.jpg,data/raw/wilting/20260824_1721_wilting_108_cdown.jpg
vegetative,20260712_0902_vegetative_130_bup.jpg,data/raw/vegetative/20260712_0902_vegetative_130_bup.jpg
full_bloom,20260727_1709_full_bloom_49.jpg,data/raw/full_bloom/20260727_1709_full_bloom_49.jpg
full_bloom,20260715_1556_full_bloom_6_bup.jpg,data/raw/full_bloom/20260715_1556_full_bloom_6_bup.jpg
seed_formation,20260328_1022_seed_formation_61_bup.jpg,data/raw/seed_formation/20260328_1022_seed_formation_61_bup.jpg
full_bloom,20260715_1556_full_bloom_8_rot30.jpg,data/raw/full_bloom/20260715_1556_full_bloom_8_rot30.jpg
pre_bloom,20260328_1003_pre_bloom_2_bup.jpg,data/raw/pre_bloom/20260328_1003_pre_bloom_2_bup.jpg
vegetative,20260328_1046_vegetative_62_rot60.jpg,data/raw/vegetative/20260328_1046_vegetative_62_rot60.jpg
seed_formation,20260328_1008_seed_formation_17.jpg,data/raw/seed_formation/20260328_1008_seed_formation_17.jpg
pre_bloom,20260811_1639_pre_bloom_110_bup.jpg,data/raw/pre_bloom/20260811_1639_pre_bloom_110_bup.jpg
vegetative,20260328_1046_vegetative_63_bdown.jpg,data/raw/vegetative/20260328_1046_vegetative_63_bdown.jpg
full_bloom,20260722_1804_full_bloom_29_bup.jpg,data/raw/full_bloom/20260722_1804_full_bloom_29_bup.jpg
seed_formation,20260328_1020_seed_formation_56_rot45.jpg,data/raw/seed_formation/20260328_1020_seed_formation_56_rot45.jpg
seed_formation,20260328_1020_seed_formation_54_sdown.jpg,data/raw/seed_formation/20260328_1020_seed_formation_54_sdown.jpg
wilting,20260824_1709_wilting_83_rot30.jpg,data/raw/wilting/20260824_1709_wilting_83_rot30.jpg
seed_formation,20260328_1041_seed_formation_119_sdown.jpg,data/raw/seed_formation/20260328_1041_seed_formation_119_sdown.jpg
wilting,20260814_1637_wilting_15_cup.jpg,data/raw/wilting/20260814_1637_wilting_15_cup.jpg
wilting,20260814_1646_wilting_41_cup.jpg,data/raw/wilting/20260814_1646_wilting_41_cup.jpg
full_bloom,20260328_1059_full_bloom_92_rot60.jpg,data/raw/full_bloom/20260328_1059_full_bloom_92_rot60.jpg
vegetative,20260328_1117_vegetative_84_cdown.jpg,data/raw/vegetative/20260328_1117_vegetative_84_cdown.jpg
pre_bloom,20260328_1043_pre_bloom_42_bdown.jpg,data/raw/pre_bloom/20260328_1043_pre_bloom_42_bdown.jpg
pre_bloom,20260328_1043_pre_bloom_36_cdown.jpg,data/raw/pre_bloom/20260328_1043_pre_bloom_36_cdown.jpg
full_bloom,20260722_1803_full_bloom_25_cdown.jpg,data/raw/full_bloom/20260722_1803_full_bloom_25_cdown.jpg
pre_bloom,20260727_1555_pre_bloom_46.jpg,data/raw/pre_bloom/20260727_1555_pre_bloom_46.jpg
vegetative,20260328_1117_vegetative_79_rot30.jpg,data/raw/vegetative/20260328_1117_vegetative_79_rot30.jpg
seed_formation,20260727_1732_seed_formation_169_cdown.jpg,data/raw/seed_formation/20260727_1732_seed_formation_169_cdown.jpg
budding,20260328_1122_budding_207_bup.jpg,data/raw/budding/20260328_1122_budding_207_bup.jpg
budding,20260328_1111_budding_177_rot45.jpg,data/raw/budding/20260328_1111_budding_177_rot45.jpg
seed_formation,20260328_1020_seed_formation_57_rot60.jpg,data/raw/seed_formation/20260328_1020_seed_formation_57_rot60.jpg
pre_bloom,20260811_1640_pre_bloom_125_rot60.jpg,data/raw/pre_bloom/20260811_1640_pre_bloom_125_rot60.jpg
pre_bloom,20260727_1555_pre_bloom_45_bup.jpg,data/raw/pre_bloom/20260727_1555_pre_bloom_45_bup.jpg
budding,20260328_1005_budding_34.jpg,data/raw/budding/20260328_1005_budding_34.jpg
vegetative,20260328_1116_vegetative_73_cdown.jpg,data/raw/vegetative/20260328_1116_vegetative_73_cdown.jpg
full_bloom,flowerin_0000_full_bloom_148_sup.jpg,data/raw/full_bloom/flowerin_0000_full_bloom_148_sup.jpg
pre_bloom,20260727_1555_pre_bloom_43_bup.jpg,data/raw/pre_bloom/20260727_1555_pre_bloom_43_bup.jpg
vegetative,20260712_0902_vegetative_133_bdown.jpg,data/raw/vegetative/20260712_0902_vegetative_133_bdown.jpg
pre_bloom,20260328_1003_pre_bloom_3_rot45.jpg,data/raw/pre_bloom/20260328_1003_pre_bloom_3_rot45.jpg
pre_bloom,20260328_1043_pre_bloom_41_cdown.jpg,data/raw/pre_bloom/20260328_1043_pre_bloom_41_cdown.jpg
full_bloom,20260328_1109_full_bloom_104_bdown.jpg,data/raw/full_bloom/20260328_1109_full_bloom_104_bdown.jpg
full_bloom,20260727_1722_full_bloom_61_cdown.jpg,data/raw/full_bloom/20260727_1722_full_bloom_61_cdown.jpg
vegetative,20260328_1116_vegetative_72_sup.jpg,data/raw/vegetative/20260328_1116_vegetative_72_sup.jpg
wilting,20260814_1636_wilting_16_rot60.jpg,data/raw/wilting/20260814_1636_wilting_16_rot60.jpg
pre_bloom,20260727_1736_pre_bloom_64_cdown.jpg,data/raw/pre_bloom/20260727_1736_pre_bloom_64_cdown.jpg
vegetative,20260328_1037_vegetative_42_rot60.jpg,data/raw/vegetative/20260328_1037_vegetative_42_rot60.jpg
seed_formation,20260727_1715_seed_formation_28_rot45.jpg,data/raw/seed_formation/20260727_1715_seed_formation_28_rot45.jpg
wilting,20260819_1717_wilting_28_cdown.jpg,data/raw/wilting/20260819_1717_wilting_28_cdown.jpg
vegetative,20260712_0902_vegetative_131_rot30.jpg,data/raw/vegetative/20260712_0902_vegetative_131_rot30.jpg
vegetative,20260712_0851_vegetative_111_bdown.jpg,data/raw/vegetative/20260712_0851_vegetative_111_bdown.jpg
pre_bloom,20260328_1003_pre_bloom_4.jpg,data/raw/pre_bloom/20260328_1003_pre_bloom_4.jpg
pre_bloom,20260712_0855_pre_bloom_7_bup.jpg,data/raw/pre_bloom/20260712_0855_pre_bloom_7_bup.jpg
budding,20260328_1005_budding_62_sup.jpg,data/raw/budding/20260328_1005_budding_62_sup.jpg
budding,20260328_1005_budding_13_bup.jpg,data/raw/budding/20260328_1005_budding_13_bup.jpg
seed_formation,seedling_0000_seed_formation_191_rot30.jpg,data/raw/seed_formation/seedling_0000_seed_formation_191_rot30.jpg
vegetative,20260328_1046_vegetative_65_rot30.jpg,data/raw/vegetative/20260328_1046_vegetative_65_rot30.jpg
full_bloom,20260715_1556_full_bloom_9_rot30.jpg,data/raw/full_bloom/20260715_1556_full_bloom_9_rot30.jpg
pre_bloom,20260722_1743_pre_bloom_21_bdown.jpg,data/raw/pre_bloom/20260722_1743_pre_bloom_21_bdown.jpg
budding,20260328_1055_budding_136_sdown.jpg,data/raw/budding/20260328_1055_budding_136_sdown.jpg
vegetative,20260328_1032_vegetative_37_sdown.jpg,data/raw/vegetative/20260328_1032_vegetative_37_sdown.jpg
budding,20260328_1005_budding_67_rot45.jpg,data/raw/budding/20260328_1005_budding_67_rot45.jpg
wilting,20260819_1717_wilting_30_sup.jpg,data/raw/wilting/20260819_1717_wilting_30_sup.jpg
vegetative,20260712_0838_vegetative_103_cdown.jpg,data/raw/vegetative/20260712_0838_vegetative_103_cdown.jpg
vegetative,20260804_1655_vegetative_154_bdown.jpg,data/raw/vegetative/20260804_1655_vegetative_154_bdown.jpg
seed_formation,20260328_1020_seed_formation_45_rot60.jpg,data/raw/seed_formation/20260328_1020_seed_formation_45_rot60.jpg
seed_formation,20260328_1008_seed_formation_8.jpg,data/raw/seed_formation/20260328_1008_seed_formation_8.jpg
budding,20260328_1122_budding_214_rot60.jpg,data/raw/budding/20260328_1122_budding_214_rot60.jpg
full_bloom,20260328_1052_full_bloom_71_cdown.jpg,data/raw/full_bloom/20260328_1052_full_bloom_71_cdown.jpg
pre_bloom,20260811_1640_pre_bloom_115_cup.jpg,data/raw/pre_bloom/20260811_1640_pre_bloom_115_cup.jpg
pre_bloom,20260727_1556_pre_bloom_48_cdown.jpg,data/raw/pre_bloom/20260727_1556_pre_bloom_48_cdown.jpg
wilting,20260824_1709_wilting_85_bdown.jpg,data/raw/wilting/20260824_1709_wilting_85_bdown.jpg
pre_bloom,20260731_1656_pre_bloom_79_bup.jpg,data/raw/pre_bloom/20260731_1656_pre_bloom_79_bup.jpg
vegetative,flowerin_0000_vegetative_166_sdown.jpg,data/raw/vegetative/flowerin_0000_vegetative_166_sdown.jpg
full_bloom,20260727_1723_full_bloom_67_cdown.jpg,data/raw/full_bloom/20260727_1723_full_bloom_67_cdown.jpg
seed_formation,20260328_1020_seed_formation_49_cup.jpg,data/raw/seed_formation/20260328_1020_seed_formation_49_cup.jpg
seed_formation,20260328_1041_seed_formation_118_cdown.jpg,data/raw/seed_formation/20260328_1041_seed_formation_118_cdown.jpg
vegetative,20260328_1006_vegetative_6_sdown.jpg,data/raw/vegetative/20260328_1006_vegetative_6_sdown.jpg
budding,20260328_1055_budding_138_rot60.jpg,data/raw/budding/20260328_1055_budding_138_rot60.jpg
full_bloom,20260328_1109_full_bloom_103_sup.jpg,data/raw/full_bloom/20260328_1109_full_bloom_103_sup.jpg
pre_bloom,20260727_1555_pre_bloom_41_rot45.jpg,data/raw/pre_bloom/20260727_1555_pre_bloom_41_rot45.jpg
full_bloom,20260328_1112_full_bloom_123_cup.jpg,data/raw/full_bloom/20260328_1112_full_bloom_123_cup.jpg
pre_bloom,20260328_1004_pre_bloom_6_sup.jpg,data/raw/pre_bloom/20260328_1004_pre_bloom_6_sup.jpg
vegetative,20260328_1015_vegetative_12_rot45.jpg,data/raw/vegetative/20260328_1015_vegetative_12_rot45.jpg
seed_formation,20260328_1040_seed_formation_101_sdown.jpg,data/raw/seed_formation/20260328_1040_seed_formation_101_sdown.jpg
vegetative,20260712_0910_vegetative_143.jpg,data/raw/vegetative/20260712_0910_vegetative_143.jpg
budding,20260328_1005_budding_70_bup.jpg,data/raw/budding/20260328_1005_budding_70_bup.jpg
budding,20260328_1123_budding_219_sdown.jpg,data/raw/budding/20260328_1123_budding_219_sdown.jpg
vegetative,20260712_0902_vegetative_132_rot60.jpg,data/raw/vegetative/20260712_0902_vegetative_132_rot60.jpg
pre_bloom,20260722_1742_pre_bloom_18_cup.jpg,data/raw/pre_bloom/20260722_1742_pre_bloom_18_cup.jpg
vegetative,20260328_1030_vegetative_27_rot45.jpg,data/raw/vegetative/20260328_1030_vegetative_27_rot45.jpg
seed_formation,20260328_1006_seed_formation_1_rot30.jpg,data/raw/seed_formation/20260328_1006_seed_formation_1_rot30.jpg
pre_bloom,20260804_1724_pre_bloom_104.jpg,data/raw/pre_bloom/20260804_1724_pre_bloom_104.jpg
vegetative,20260328_1117_vegetative_90_bdown.jpg,data/raw/vegetative/20260328_1117_vegetative_90_bdown.jpg
budding,20260328_1010_budding_78_bup.jpg,data/raw/budding/20260328_1010_budding_78_bup.jpg
pre_bloom,20260328_1043_pre_bloom_39_rot30.jpg,data/raw/pre_bloom/20260328_1043_pre_bloom_39_rot30.jpg
vegetative,vegetati_0000_vegetative_174_sdown.jpg,data/raw/vegetative/vegetati_0000_vegetative_174_sdown.jpg
wilting,20260824_1721_wilting_107_sdown.jpg,data/raw/wilting/20260824_1721_wilting_107_sdown.jpg
vegetative,20260328_1047_vegetative_67_rot60.jpg,data/raw/vegetative/20260328_1047_vegetative_67_rot60.jpg
pre_bloom,20260811_1639_pre_bloom_112_sup.jpg,data/raw/pre_bloom/20260811_1639_pre_bloom_112_sup.jpg
full_bloom,20260328_1013_full_bloom_8_bdown.jpg,data/raw/full_bloom/20260328_1013_full_bloom_8_bdown.jpg
full_bloom,20260328_1109_full_bloom_103_sdown.jpg,data/raw/full_bloom/20260328_1109_full_bloom_103_sdown.jpg
vegetative,20260328_1117_vegetative_88_bup.jpg,data/raw/vegetative/20260328_1117_vegetative_88_bup.jpg
full_bloom,20260722_1743_full_bloom_19_sdown.jpg,data/raw/full_bloom/20260722_1743_full_bloom_19_sdown.jpg
seed_formation,20260328_1020_seed_formation_43_sdown.jpg,data/raw/seed_formation/20260328_1020_seed_formation_43_sdown.jpg
seed_formation,20260328_1039_seed_formation_83_sdown.jpg,data/raw/seed_formation/20260328_1039_seed_formation_83_sdown.jpg
budding,20260328_1110_budding_172_rot30.jpg,data/raw/budding/20260328_1110_budding_172_rot30.jpg
wilting,20260814_1637_wilting_7_cup.jpg,data/raw/wilting/20260814_1637_wilting_7_cup.jpg
wilting,20260824_1721_wilting_106.jpg,data/raw/wilting/20260824_1721_wilting_106.jpg
vegetative,20260712_0902_vegetative_129_rot60.jpg,data/raw/vegetative/20260712_0902_vegetative_129_rot60.jpg
full_bloom,20260328_1112_full_bloom_124_cup.jpg,data/raw/full_bloom/20260328_1112_full_bloom_124_cup.jpg
vegetative,20260328_1117_vegetative_91_cup.jpg,data/raw/vegetative/20260328_1117_vegetative_91_cup.jpg
budding,20260328_1110_budding_165_bdown.jpg,data/raw/budding/20260328_1110_budding_165_bdown.jpg
seed_formation,20260328_1023_seed_formation_73_rot45.jpg,data/raw/seed_formation/20260328_1023_seed_formation_73_rot45.jpg
full_bloom,20260328_1012_full_bloom_1_rot45.jpg,data/raw/full_bloom/20260328_1012_full_bloom_1_rot45.jpg
full_bloom,20260328_1014_full_bloom_17_bup.jpg,data/raw/full_bloom/20260328_1014_full_bloom_17_bup.jpg
pre_bloom,20260804_1723_pre_bloom_99_sdown.jpg,data/raw/pre_bloom/20260804_1723_pre_bloom_99_sdown.jpg
vegetative,20260712_0848_vegetative_110_rot45.jpg,data/raw/vegetative/20260712_0848_vegetative_110_rot45.jpg
pre_bloom,20260804_1724_pre_bloom_106_rot30.jpg,data/raw/pre_bloom/20260804_1724_pre_bloom_106_rot30.jpg
wilting,20260824_1721_wilting_109_sdown.jpg,data/raw/wilting/20260824_1721_wilting_109_sdown.jpg
budding,20260328_1121_budding_186_bdown.jpg,data/raw/budding/20260328_1121_budding_186_bdown.jpg
pre_bloom,20260328_1005_pre_bloom_8_sup.jpg,data/raw/pre_bloom/20260328_1005_pre_bloom_8_sup.jpg
full_bloom,20260328_1052_full_bloom_65_cdown.jpg,data/raw/full_bloom/20260328_1052_full_bloom_65_cdown.jpg
budding,20260328_1010_budding_78_sdown.jpg,data/raw/budding/20260328_1010_budding_78_sdown.jpg
wilting,20260824_1721_wilting_107_cup.jpg,data/raw/wilting/20260824_1721_wilting_107_cup.jpg
budding,20260328_1005_budding_53_cup.jpg,data/raw/budding/20260328_1005_budding_53_cup.jpg
pre_bloom,20260328_1109_pre_bloom_68_cdown.jpg,data/raw/pre_bloom/20260328_1109_pre_bloom_68_cdown.jpg
wilting,20260727_1724_wilting_12_cup.jpg,data/raw/wilting/20260727_1724_wilting_12_cup.jpg
budding,budding3_0000_budding_225.jpg,data/raw/budding/budding3_0000_budding_225.jpg
budding,20260328_1054_budding_133_rot30.jpg,data/raw/budding/20260328_1054_budding_133_rot30.jpg
vegetative,20260712_0851_vegetative_111_cup.jpg,data/raw/vegetative/20260712_0851_vegetative_111_cup.jpg
wilting,20260814_1637_wilting_13_rot45.jpg,data/raw/wilting/20260814_1637_wilting_13_rot45.jpg
seed_formation,20260722_1754_seed_formation_159.jpg,data/raw/seed_formation/20260722_1754_seed_formation_159.jpg
budding,20260328_1010_budding_81_cdown.jpg,data/raw/budding/20260328_1010_budding_81_cdown.jpg
budding,20260328_1010_budding_85_sdown.jpg,data/raw/budding/20260328_1010_budding_85_sdown.jpg
seed_formation,20260328_1039_seed_formation_84_bup.jpg,data/raw/seed_formation/20260328_1039_seed_formation_84_bup.jpg
budding,20260328_1005_budding_11_cup.jpg,data/raw/budding/20260328_1005_budding_11_cup.jpg
full_bloom,20260328_1116_full_bloom_143_sup.jpg,data/raw/full_bloom/20260328_1116_full_bloom_143_sup.jpg
full_bloom,20260727_1709_full_bloom_40_bdown.jpg,data/raw/full_bloom/20260727_1709_full_bloom_40_bdown.jpg
vegetative,20260722_1821_vegetative_152_cup.jpg,data/raw/vegetative/20260722_1821_vegetative_152_cup.jpg
pre_bloom,20260328_1043_pre_bloom_46_cdown.jpg,data/raw/pre_bloom/20260328_1043_pre_bloom_46_cdown.jpg
vegetative,20260712_0848_vegetative_110_bup.jpg,data/raw/vegetative/20260712_0848_vegetative_110_bup.jpg
budding,20260328_1005_budding_17_rot30.jpg,data/raw/budding/20260328_1005_budding_17_rot30.jpg
vegetative,20260328_1046_vegetative_56_bdown.jpg,data/raw/vegetative/20260328_1046_vegetative_56_bdown.jpg
seed_formation,20260715_1602_seed_formation_149_rot30.jpg,data/raw/seed_formation/20260715_1602_seed_formation_149_rot30.jpg
wilting,20260819_1717_wilting_30_rot60.jpg,data/raw/wilting/20260819_1717_wilting_30_rot60.jpg
seed_formation,seedling_0000_seed_formation_191_bdown.jpg,data/raw/seed_formation/seedling_0000_seed_formation_191_bdown.jpg
budding,20260328_1122_budding_201_sup.jpg,data/raw/budding/20260328_1122_budding_201_sup.jpg
wilting,20260824_1719_wilting_86_sup.jpg,data/raw/wilting/20260824_1719_wilting_86_sup.jpg
budding,20260328_1005_budding_67_rot60.jpg,data/raw/budding/20260328_1005_budding_67_rot60.jpg
pre_bloom,20260727_1555_pre_bloom_37_sdown.jpg,data/raw/pre_bloom/20260727_1555_pre_bloom_37_sdown.jpg
vegetative,20260328_1117_vegetative_82_bdown.jpg,data/raw/vegetative/20260328_1117_vegetative_82_bdown.jpg
full_bloom,flowerin_0000_full_bloom_159_sup.jpg,data/raw/full_bloom/flowerin_0000_full_bloom_159_sup.jpg
full_bloom,20260328_1037_full_bloom_37_cdown.jpg,data/raw/full_bloom/20260328_1037_full_bloom_37_cdown.jpg
full_bloom,20260328_1052_full_bloom_64_rot60.jpg,data/raw/full_bloom/20260328_1052_full_bloom_64_rot60.jpg
budding,20260328_1121_budding_190_cup.jpg,data/raw/budding/20260328_1121_budding_190_cup.jpg
pre_bloom,20260328_1006_pre_bloom_13_bup.jpg,data/raw/pre_bloom/20260328_1006_pre_bloom_13_bup.jpg
pre_bloom,20260722_1742_pre_bloom_17_bup.jpg,data/raw/pre_bloom/20260722_1742_pre_bloom_17_bup.jpg
vegetative,20260804_1655_vegetative_154_rot60.jpg,data/raw/vegetative/20260804_1655_vegetative_154_rot60.jpg
budding,20260328_1121_budding_185_sdown.jpg,data/raw/budding/20260328_1121_budding_185_sdown.jpg
budding,20260328_1005_budding_34_rot60.jpg,data/raw/budding/20260328_1005_budding_34_rot60.jpg
vegetative,20260328_1046_vegetative_64_cup.jpg,data/raw/vegetative/20260328_1046_vegetative_64_cup.jpg
seed_formation,20260328_1020_seed_formation_43.jpg,data/raw/seed_formation/20260328_1020_seed_formation_43.jpg
wilting,20260819_1705_wilting_17_rot60.jpg,data/raw/wilting/20260819_1705_wilting_17_rot60.jpg
budding,20260328_1055_budding_135_rot45.jpg,data/raw/budding/20260328_1055_budding_135_rot45.jpg
full_bloom,20260328_1110_full_bloom_116_cdown.jpg,data/raw/full_bloom/20260328_1110_full_bloom_116_cdown.jpg
budding,20260328_1059_budding_155_sup.jpg,data/raw/budding/20260328_1059_budding_155_sup.jpg
full_bloom,20260328_1052_full_bloom_57_rot45.jpg,data/raw/full_bloom/20260328_1052_full_bloom_57_rot45.jpg
budding,20260328_1010_budding_78_rot60.jpg,data/raw/budding/20260328_1010_budding_78_rot60.jpg
wilting,20260824_1708_wilting_73_cup.jpg,data/raw/wilting/20260824_1708_wilting_73_cup.jpg
seed_formation,20260731_1719_seed_formation_183_cdown.jpg,data/raw/seed_formation/20260731_1719_seed_formation_183_cdown.jpg
wilting,20260824_1709_wilting_85_rot45.jpg,data/raw/wilting/20260824_1709_wilting_85_rot45.jpg
budding,20260328_1121_budding_185_sup.jpg,data/raw/budding/20260328_1121_budding_185_sup.jpg
pre_bloom,20260328_1108_pre_bloom_65_bdown.jpg,data/raw/pre_bloom/20260328_1108_pre_bloom_65_bdown.jpg
vegetative,20260712_0902_vegetative_129_bup.jpg,data/raw/vegetative/20260712_0902_vegetative_129_bup.jpg
vegetative,flowerin_0000_vegetative_170_rot45.jpg,data/raw/vegetative/flowerin_0000_vegetative_170_rot45.jpg
seed_formation,20260715_1602_seed_formation_145_cdown.jpg,data/raw/seed_formation/20260715_1602_seed_formation_145_cdown.jpg
budding,20260328_1010_budding_83_bdown.jpg,data/raw/budding/20260328_1010_budding_83_bdown.jpg
wilting,20260824_1721_wilting_100_rot30.jpg,data/raw/wilting/20260824_1721_wilting_100_rot30.jpg
budding,20260328_1005_budding_10_sdown.jpg,data/raw/budding/20260328_1005_budding_10_sdown.jpg
pre_bloom,20260731_1656_pre_bloom_80_cup.jpg,data/raw/pre_bloom/20260731_1656_pre_bloom_80_cup.jpg
budding,20260328_1005_budding_45_rot30.jpg,data/raw/budding/20260328_1005_budding_45_rot30.jpg
full_bloom,20260328_1109_full_bloom_111.jpg,data/raw/full_bloom/20260328_1109_full_bloom_111.jpg
seed_formation,20260328_1040_seed_formation_92_sup.jpg,data/raw/seed_formation/20260328_1040_seed_formation_92_sup.jpg
seed_formation,20260328_1007_seed_formation_6_cup.jpg,data/raw/seed_formation/20260328_1007_seed_formation_6_cup.jpg
seed_formation,20260328_1021_seed_formation_59_cdown.jpg,data/raw/seed_formation/20260328_1021_seed_formation_59_cdown.jpg
vegetative,20260328_1046_vegetative_59_sdown.jpg,data/raw/vegetative/20260328_1046_vegetative_59_sdown.jpg
budding,20260328_1121_budding_189_bup.jpg,data/raw/budding/20260328_1121_budding_189_bup.jpg
full_bloom,20260727_1709_full_bloom_53_sup.jpg,data/raw/full_bloom/20260727_1709_full_bloom_53_sup.jpg
full_bloom,20260328_1036_full_bloom_30_cup.jpg,data/raw/full_bloom/20260328_1036_full_bloom_30_cup.jpg
budding,20260328_1005_budding_34_cdown.jpg,data/raw/budding/20260328_1005_budding_34_cdown.jpg
pre_bloom,20260727_1736_pre_bloom_64_rot45.jpg,data/raw/pre_bloom/20260727_1736_pre_bloom_64_rot45.jpg
full_bloom,20260328_1014_full_bloom_18_rot45.jpg,data/raw/full_bloom/20260328_1014_full_bloom_18_rot45.jpg
pre_bloom,20260712_0854_pre_bloom_2_bdown.jpg,data/raw/pre_bloom/20260712_0854_pre_bloom_2_bdown.jpg
wilting,20260824_1706_wilting_63_cup.jpg,data/raw/wilting/20260824_1706_wilting_63_cup.jpg
pre_bloom,20260712_0855_pre_bloom_7_cup.jpg,data/raw/pre_bloom/20260712_0855_pre_bloom_7_cup.jpg
seed_formation,20260727_1715_seed_formation_27_sup.jpg,data/raw/seed_formation/20260727_1715_seed_formation_27_sup.jpg
wilting,20260819_1716_wilting_22_cdown.jpg,data/raw/wilting/20260819_1716_wilting_22_cdown.jpg
wilting,20260824_1707_wilting_69_rot30.jpg,data/raw/wilting/20260824_1707_wilting_69_rot30.jpg
budding,20260328_1056_budding_152_cdown.jpg,data/raw/budding/20260328_1056_budding_152_cdown.jpg
wilting,20260814_1637_wilting_26_rot45.jpg,data/raw/wilting/20260814_1637_wilting_26_rot45.jpg
seed_formation,20260727_1715_seed_formation_30_sdown.jpg,data/raw/seed_formation/20260727_1715_seed_formation_30_sdown.jpg
budding,20260328_1042_budding_130_cdown.jpg,data/raw/budding/20260328_1042_budding_130_cdown.jpg
seed_formation,20260328_1020_seed_formation_41_cup.jpg,data/raw/seed_formation/20260328_1020_seed_formation_41_cup.jpg
seed_formation,20260328_1040_seed_formation_106.jpg,data/raw/seed_formation/20260328_1040_seed_formation_106.jpg
wilting,20260824_1721_wilting_108_rot45.jpg,data/raw/wilting/20260824_1721_wilting_108_rot45.jpg
budding,20260328_1123_budding_222_rot45.jpg,data/raw/budding/20260328_1123_budding_222_rot45.jpg
pre_bloom,20260722_1742_pre_bloom_15_rot45.jpg,data/raw/pre_bloom/20260722_1742_pre_bloom_15_rot45.jpg
full_bloom,20260328_1051_full_bloom_53_sup.jpg,data/raw/full_bloom/20260328_1051_full_bloom_53_sup.jpg
seed_formation,20260328_1041_seed_formation_115_rot60.jpg,data/raw/seed_formation/20260328_1041_seed_formation_115_rot60.jpg
full_bloom,20260328_1110_full_bloom_116_sup.jpg,data/raw/full_bloom/20260328_1110_full_bloom_116_sup.jpg
wilting,20260824_1709_wilting_84_cdown.jpg,data/raw/wilting/20260824_1709_wilting_84_cdown.jpg
vegetative,vegetati_0000_vegetative_173_rot30.jpg,data/raw/vegetative/vegetati_0000_vegetative_173_rot30.jpg
full_bloom,20260328_1112_full_bloom_124_bup.jpg,data/raw/full_bloom/20260328_1112_full_bloom_124_bup.jpg
budding,20260328_1010_budding_74_rot60.jpg,data/raw/budding/20260328_1010_budding_74_rot60.jpg
wilting,20260824_1709_wilting_81_sup.jpg,data/raw/wilting/20260824_1709_wilting_81_sup.jpg
budding,20260328_1110_budding_162_sdown.jpg,data/raw/budding/20260328_1110_budding_162_sdown.jpg
full_bloom,20260727_1722_full_bloom_59_sup.jpg,data/raw/full_bloom/20260727_1722_full_bloom_59_sup.jpg
wilting,20260824_1706_wilting_59_rot45.jpg,data/raw/wilting/20260824_1706_wilting_59_rot45.jpg
full_bloom,20260727_1707_full_bloom_33_bup.jpg,data/raw/full_bloom/20260727_1707_full_bloom_33_bup.jpg
vegetative,20260328_1117_vegetative_80_rot60.jpg,data/raw/vegetative/20260328_1117_vegetative_80_rot60.jpg
full_bloom,20260722_1744_full_bloom_24.jpg,data/raw/full_bloom/20260722_1744_full_bloom_24.jpg
full_bloom,20260328_1052_full_bloom_57_cup.jpg,data/raw/full_bloom/20260328_1052_full_bloom_57_cup.jpg
seed_formation,seedling_0000_seed_formation_189_rot30.jpg,data/raw/seed_formation/seedling_0000_seed_formation_189_rot30.jpg
budding,inflores_0000_budding_227_rot60.jpg,data/raw/budding/inflores_0000_budding_227_rot60.jpg
vegetative,20260328_1030_vegetative_29_bup.jpg,data/raw/vegetative/20260328_1030_vegetative_29_bup.jpg
seed_formation,20260328_1020_seed_formation_49_sdown.jpg,data/raw/seed_formation/20260328_1020_seed_formation_49_sdown.jpg
wilting,20260814_1637_wilting_12_bup.jpg,data/raw/wilting/20260814_1637_wilting_12_bup.jpg
budding,20260328_1005_budding_61_sdown.jpg,data/raw/budding/20260328_1005_budding_61_sdown.jpg
seed_formation,20260328_1022_seed_formation_68_bup.jpg,data/raw/seed_formation/20260328_1022_seed_formation_68_bup.jpg
budding,20260328_1005_budding_62.jpg,data/raw/budding/20260328_1005_budding_62.jpg
wilting,20260824_1707_wilting_65_rot30.jpg,data/raw/wilting/20260824_1707_wilting_65_rot30.jpg
full_bloom,20260328_1053_full_bloom_83.jpg,data/raw/full_bloom/20260328_1053_full_bloom_83.jpg
seed_formation,seedling_0000_seed_formation_190_sup.jpg,data/raw/seed_formation/seedling_0000_seed_formation_190_sup.jpg
pre_bloom,20260726_1337_pre_bloom_35_sdown.jpg,data/raw/pre_bloom/20260726_1337_pre_bloom_35_sdown.jpg
wilting,20260824_1721_wilting_110_cdown.jpg,data/raw/wilting/20260824_1721_wilting_110_cdown.jpg
pre_bloom,20260328_1042_pre_bloom_26_cup.jpg,data/raw/pre_bloom/20260328_1042_pre_bloom_26_cup.jpg
wilting,20260824_1720_wilting_92_bup.jpg,data/raw/wilting/20260824_1720_wilting_92_bup.jpg
seed_formation,20260328_1007_seed_formation_4_rot45.jpg,data/raw/seed_formation/20260328_1007_seed_formation_4_rot45.jpg
full_bloom,20260328_1036_full_bloom_28_bup.jpg,data/raw/full_bloom/20260328_1036_full_bloom_28_bup.jpg
vegetative,20260722_1821_vegetative_153_sdown.jpg,data/raw/vegetative/20260722_1821_vegetative_153_sdown.jpg
vegetative,20260328_1038_vegetative_53_cdown.jpg,data/raw/vegetative/20260328_1038_vegetative_53_cdown.jpg
full_bloom,20260328_1036_full_bloom_30_bup.jpg,data/raw/full_bloom/20260328_1036_full_bloom_30_bup.jpg
pre_bloom,20260811_1640_pre_bloom_116_bdown.jpg,data/raw/pre_bloom/20260811_1640_pre_bloom_116_bdown.jpg
seed_formation,20260328_1020_seed_formation_51_rot45.jpg,data/raw/seed_formation/20260328_1020_seed_formation_51_rot45.jpg
wilting,20260824_1721_wilting_106_sup.jpg,data/raw/wilting/20260824_1721_wilting_106_sup.jpg
vegetative,20260712_0902_vegetative_134_cdown.jpg,data/raw/vegetative/20260712_0902_vegetative_134_cdown.jpg
budding,20260328_1005_budding_67_sdown.jpg,data/raw/budding/20260328_1005_budding_67_sdown.jpg
budding,20260328_1121_budding_196_bdown.jpg,data/raw/budding/20260328_1121_budding_196_bdown.jpg
vegetative,20260328_1038_vegetative_53_cup.jpg,data/raw/vegetative/20260328_1038_vegetative_53_cup.jpg
vegetative,vegetati_0000_vegetative_178_rot30.jpg,data/raw/vegetative/vegetati_0000_vegetative_178_rot30.jpg
seed_formation,20260722_1745_seed_formation_11_cdown.jpg,data/raw/seed_formation/20260722_1745_seed_formation_11_cdown.jpg
pre_bloom,flowerin_0000_pre_bloom_83_rot45.jpg,data/raw/pre_bloom/flowerin_0000_pre_bloom_83_rot45.jpg
full_bloom,20260328_1052_full_bloom_72_bup.jpg,data/raw/full_bloom/20260328_1052_full_bloom_72_bup.jpg
seed_formation,20260328_1040_seed_formation_103_sup.jpg,data/raw/seed_formation/20260328_1040_seed_formation_103_sup.jpg
seed_formation,20260328_1039_seed_formation_86_sdown.jpg,data/raw/seed_formation/20260328_1039_seed_formation_86_sdown.jpg
vegetative,flowerin_0000_vegetative_166_sup.jpg,data/raw/vegetative/flowerin_0000_vegetative_166_sup.jpg
pre_bloom,20260712_0854_pre_bloom_1_rot60.jpg,data/raw/pre_bloom/20260712_0854_pre_bloom_1_rot60.jpg
pre_bloom,20260731_1708_pre_bloom_89_sdown.jpg,data/raw/pre_bloom/20260731_1708_pre_bloom_89_sdown.jpg
full_bloom,20260727_1709_full_bloom_53_bdown.jpg,data/raw/full_bloom/20260727_1709_full_bloom_53_bdown.jpg
vegetative,20260328_1123_vegetative_97_cup.jpg,data/raw/vegetative/20260328_1123_vegetative_97_cup.jpg
full_bloom,20260328_1052_full_bloom_59_bup.jpg,data/raw/full_bloom/20260328_1052_full_bloom_59_bup.jpg
pre_bloom,20260328_1003_pre_bloom_4_bup.jpg,data/raw/pre_bloom/20260328_1003_pre_bloom_4_bup.jpg
vegetative,20260328_1032_vegetative_34_sdown.jpg,data/raw/vegetative/20260328_1032_vegetative_34_sdown.jpg
full_bloom,20260328_1114_full_bloom_131_rot30.jpg,data/raw/full_bloom/20260328_1114_full_bloom_131_rot30.jpg
vegetative,20260712_0846_vegetative_108_rot60.jpg,data/raw/vegetative/20260712_0846_vegetative_108_rot60.jpg
budding,20260328_1005_budding_36_rot30.jpg,data/raw/budding/20260328_1005_budding_36_rot30.jpg
vegetative,20260712_0901_vegetative_120_sdown.jpg,data/raw/vegetative/20260712_0901_vegetative_120_sdown.jpg
vegetative,20260328_1011_vegetative_9_sdown.jpg,data/raw/vegetative/20260328_1011_vegetative_9_sdown.jpg
vegetative,20260712_0843_vegetative_107_cup.jpg,data/raw/vegetative/20260712_0843_vegetative_107_cup.jpg
full_bloom,flowerin_0000_full_bloom_147_rot30.jpg,data/raw/full_bloom/flowerin_0000_full_bloom_147_rot30.jpg
full_bloom,20260328_1109_full_bloom_103_rot45.jpg,data/raw/full_bloom/20260328_1109_full_bloom_103_rot45.jpg
pre_bloom,20260328_1018_pre_bloom_15_sup.jpg,data/raw/pre_bloom/20260328_1018_pre_bloom_15_sup.jpg
vegetative,vegetati_0000_vegetative_173_cup.jpg,data/raw/vegetative/vegetati_0000_vegetative_173_cup.jpg
budding,20260328_1055_budding_134_bup.jpg,data/raw/budding/20260328_1055_budding_134_bup.jpg
full_bloom,20260727_1707_full_bloom_31_bdown.jpg,data/raw/full_bloom/20260727_1707_full_bloom_31_bdown.jpg
vegetative,vegetati_0000_vegetative_171_cdown.jpg,data/raw/vegetative/vegetati_0000_vegetative_171_cdown.jpg
vegetative,20260328_1032_vegetative_33_sdown.jpg,data/raw/vegetative/20260328_1032_vegetative_33_sdown.jpg
pre_bloom,20260328_1002_pre_bloom_1_rot30.jpg,data/raw/pre_bloom/20260328_1002_pre_bloom_1_rot30.jpg
seed_formation,20260328_1023_seed_formation_72_bup.jpg,data/raw/seed_formation/20260328_1023_seed_formation_72_bup.jpg
vegetative,20260804_1656_vegetative_161_rot60.jpg,data/raw/vegetative/20260804_1656_vegetative_161_rot60.jpg
vegetative,20260328_1117_vegetative_80_sdown.jpg,data/raw/vegetative/20260328_1117_vegetative_80_sdown.jpg
pre_bloom,20260328_1003_pre_bloom_5_sup.jpg,data/raw/pre_bloom/20260328_1003_pre_bloom_5_sup.jpg
budding,20260328_1055_budding_144.jpg,data/raw/budding/20260328_1055_budding_144.jpg
budding,20260328_1055_budding_138_bdown.jpg,data/raw/budding/20260328_1055_budding_138_bdown.jpg
pre_bloom,20260727_1555_pre_bloom_46_bdown.jpg,data/raw/pre_bloom/20260727_1555_pre_bloom_46_bdown.jpg
budding,20260328_1005_budding_17_rot45.jpg,data/raw/budding/20260328_1005_budding_17_rot45.jpg
pre_bloom,20260726_1336_pre_bloom_27_bup.jpg,data/raw/pre_bloom/20260726_1336_pre_bloom_27_bup.jpg
wilting,20260814_1636_wilting_15_rot30.jpg,data/raw/wilting/20260814_1636_wilting_15_rot30.jpg
seed_formation,20260731_1719_seed_formation_182_sup.jpg,data/raw/seed_formation/20260731_1719_seed_formation_182_sup.jpg
full_bloom,20260722_1743_full_bloom_19_rot30.jpg,data/raw/full_bloom/20260722_1743_full_bloom_19_rot30.jpg
full_bloom,20260328_1059_full_bloom_93_rot60.jpg,data/raw/full_bloom/20260328_1059_full_bloom_93_rot60.jpg
full_bloom,20260722_1804_full_bloom_29_bdown.jpg,data/raw/full_bloom/20260722_1804_full_bloom_29_bdown.jpg
pre_bloom,20260727_1556_pre_bloom_48_rot60.jpg,data/raw/pre_bloom/20260727_1556_pre_bloom_48_rot60.jpg
wilting,20260814_1636_wilting_16_sup.jpg,data/raw/wilting/20260814_1636_wilting_16_sup.jpg
full_bloom,20260727_1709_full_bloom_51_sdown.jpg,data/raw/full_bloom/20260727_1709_full_bloom_51_sdown.jpg
full_bloom,20260722_1658_full_bloom_18_rot45.jpg,data/raw/full_bloom/20260722_1658_full_bloom_18_rot45.jpg
seed_formation,20260328_1040_seed_formation_107_sdown.jpg,data/raw/seed_formation/20260328_1040_seed_formation_107_sdown.jpg
seed_formation,20260328_1008_seed_formation_17_rot60.jpg,data/raw/seed_formation/20260328_1008_seed_formation_17_rot60.jpg
wilting,20260824_1709_wilting_84_rot60.jpg,data/raw/wilting/20260824_1709_wilting_84_rot60.jpg
pre_bloom,20260804_1724_pre_bloom_104_sup.jpg,data/raw/pre_bloom/20260804_1724_pre_bloom_104_sup.jpg
vegetative,20260712_0902_vegetative_139_rot60.jpg,data/raw/vegetative/20260712_0902_vegetative_139_rot60.jpg
wilting,20260814_1646_wilting_37_cdown.jpg,data/raw/wilting/20260814_1646_wilting_37_cdown.jpg
pre_bloom,20260328_1042_pre_bloom_30_bdown.jpg,data/raw/pre_bloom/20260328_1042_pre_bloom_30_bdown.jpg
pre_bloom,20260726_1336_pre_bloom_29_bup.jpg,data/raw/pre_bloom/20260726_1336_pre_bloom_29_bup.jpg
pre_bloom,20260811_1640_pre_bloom_120_rot60.jpg,data/raw/pre_bloom/20260811_1640_pre_bloom_120_rot60.jpg
budding,20260328_1110_budding_166_sdown.jpg,data/raw/budding/20260328_1110_budding_166_sdown.jpg
full_bloom,20260328_1116_full_bloom_144_rot60.jpg,data/raw/full_bloom/20260328_1116_full_bloom_144_rot60.jpg
seed_formation,20260328_1041_seed_formation_119_rot45.jpg,data/raw/seed_formation/20260328_1041_seed_formation_119_rot45.jpg
full_bloom,20260715_1556_full_bloom_5_rot60.jpg,data/raw/full_bloom/20260715_1556_full_bloom_5_rot60.jpg
pre_bloom,20260328_1005_pre_bloom_8_bup.jpg,data/raw/pre_bloom/20260328_1005_pre_bloom_8_bup.jpg
pre_bloom,20260804_1723_pre_bloom_99_bup.jpg,data/raw/pre_bloom/20260804_1723_pre_bloom_99_bup.jpg
budding,20260328_1122_budding_214.jpg,data/raw/budding/20260328_1122_budding_214.jpg
full_bloom,20260328_1013_full_bloom_12.jpg,data/raw/full_bloom/20260328_1013_full_bloom_12.jpg
pre_bloom,20260727_1736_pre_bloom_67_bdown.jpg,data/raw/pre_bloom/20260727_1736_pre_bloom_67_bdown.jpg
seed_formation,20260328_1009_seed_formation_32_cdown.jpg,data/raw/seed_formation/20260328_1009_seed_formation_32_cdown.jpg
vegetative,20260328_1117_vegetative_91.jpg,data/raw/vegetative/20260328_1117_vegetative_91.jpg
budding,20260328_1054_budding_133_bup.jpg,data/raw/budding/20260328_1054_budding_133_bup.jpg
seed_formation,20260715_1554_seed_formation_129_sdown.jpg,data/raw/seed_formation/20260715_1554_seed_formation_129_sdown.jpg
seed_formation,20260328_1041_seed_formation_117_rot30.jpg,data/raw/seed_formation/20260328_1041_seed_formation_117_rot30.jpg
seed_formation,20260328_1042_seed_formation_122_sdown.jpg,data/raw/seed_formation/20260328_1042_seed_formation_122_sdown.jpg
vegetative,20260328_1116_vegetative_73_sdown.jpg,data/raw/vegetative/20260328_1116_vegetative_73_sdown.jpg
budding,20260328_1005_budding_22_rot60.jpg,data/raw/budding/20260328_1005_budding_22_rot60.jpg
budding,20260328_1011_budding_95_rot60.jpg,data/raw/budding/20260328_1011_budding_95_rot60.jpg
pre_bloom,20260722_1743_pre_bloom_22_rot60.jpg,data/raw/pre_bloom/20260722_1743_pre_bloom_22_rot60.jpg
wilting,20260814_1636_wilting_17_rot60.jpg,data/raw/wilting/20260814_1636_wilting_17_rot60.jpg
budding,20260328_1121_budding_198_cdown.jpg,data/raw/budding/20260328_1121_budding_198_cdown.jpg
seed_formation,20260722_1745_seed_formation_13_sdown.jpg,data/raw/seed_formation/20260722_1745_seed_formation_13_sdown.jpg
pre_bloom,Budding0_0000_pre_bloom_80_rot60.jpg,data/raw/pre_bloom/Budding0_0000_pre_bloom_80_rot60.jpg
vegetative,20260722_1821_vegetative_153_cdown.jpg,data/raw/vegetative/20260722_1821_vegetative_153_cdown.jpg
budding,20260328_1122_budding_202_bdown.jpg,data/raw/budding/20260328_1122_budding_202_bdown.jpg
vegetative,20260328_1037_vegetative_48_rot45.jpg,data/raw/vegetative/20260328_1037_vegetative_48_rot45.jpg
vegetative,20260328_1117_vegetative_81.jpg,data/raw/vegetative/20260328_1117_vegetative_81.jpg
pre_bloom,20260811_1639_pre_bloom_109_bup.jpg,data/raw/pre_bloom/20260811_1639_pre_bloom_109_bup.jpg
seed_formation,20260328_1008_seed_formation_15_rot45.jpg,data/raw/seed_formation/20260328_1008_seed_formation_15_rot45.jpg
pre_bloom,20260731_1656_pre_bloom_80_sup.jpg,data/raw/pre_bloom/20260731_1656_pre_bloom_80_sup.jpg
full_bloom,20260727_1724_full_bloom_70_rot45.jpg,data/raw/full_bloom/20260727_1724_full_bloom_70_rot45.jpg
budding,20260328_1111_budding_179_sup.jpg,data/raw/budding/20260328_1111_budding_179_sup.jpg
seed_formation,20260328_1040_seed_formation_96_rot30.jpg,data/raw/seed_formation/20260328_1040_seed_formation_96_rot30.jpg
budding,20260328_1005_budding_36_bdown.jpg,data/raw/budding/20260328_1005_budding_36_bdown.jpg
budding,20260328_1005_budding_52_rot30.jpg,data/raw/budding/20260328_1005_budding_52_rot30.jpg
budding,inflores_0000_budding_228.jpg,data/raw/budding/inflores_0000_budding_228.jpg
budding,20260328_1011_budding_94_sdown.jpg,data/raw/budding/20260328_1011_budding_94_sdown.jpg
full_bloom,20260328_1052_full_bloom_65_sdown.jpg,data/raw/full_bloom/20260328_1052_full_bloom_65_sdown.jpg
wilting,20260824_1721_wilting_97_sdown.jpg,data/raw/wilting/20260824_1721_wilting_97_sdown.jpg
budding,20260328_1111_budding_178_sup.jpg,data/raw/budding/20260328_1111_budding_178_sup.jpg
pre_bloom,20260328_1108_pre_bloom_50_rot60.jpg,data/raw/pre_bloom/20260328_1108_pre_bloom_50_rot60.jpg
budding,20260328_1005_budding_53_bup.jpg,data/raw/budding/20260328_1005_budding_53_bup.jpg
seed_formation,20260715_1602_seed_formation_146_sdown.jpg,data/raw/seed_formation/20260715_1602_seed_formation_146_sdown.jpg
wilting,20260824_1720_wilting_94_rot45.jpg,data/raw/wilting/20260824_1720_wilting_94_rot45.jpg
pre_bloom,20260712_0855_pre_bloom_9_rot45.jpg,data/raw/pre_bloom/20260712_0855_pre_bloom_9_rot45.jpg
seed_formation,20260328_1008_seed_formation_18_bdown.jpg,data/raw/seed_formation/20260328_1008_seed_formation_18_bdown.jpg
budding,20260328_1005_budding_51.jpg,data/raw/budding/20260328_1005_budding_51.jpg
wilting,20260722_1658_wilting_7_cdown.jpg,data/raw/wilting/20260722_1658_wilting_7_cdown.jpg
budding,20260328_1011_budding_89_bdown.jpg,data/raw/budding/20260328_1011_budding_89_bdown.jpg
budding,20260328_1005_budding_5_bup.jpg,data/raw/budding/20260328_1005_budding_5_bup.jpg
wilting,20260727_1724_wilting_10.jpg,data/raw/wilting/20260727_1724_wilting_10.jpg
budding,20260328_1059_budding_154_rot30.jpg,data/raw/budding/20260328_1059_budding_154_rot30.jpg
vegetative,20260712_0838_vegetative_104_bdown.jpg,data/raw/vegetative/20260712_0838_vegetative_104_bdown.jpg
full_bloom,20260328_1110_full_bloom_116_cup.jpg,data/raw/full_bloom/20260328_1110_full_bloom_116_cup.jpg
wilting,20260824_1706_wilting_61_sup.jpg,data/raw/wilting/20260824_1706_wilting_61_sup.jpg
pre_bloom,20260328_1108_pre_bloom_63_sdown.jpg,data/raw/pre_bloom/20260328_1108_pre_bloom_63_sdown.jpg
seed_formation,seedling_0000_seed_formation_189_cup.jpg,data/raw/seed_formation/seedling_0000_seed_formation_189_cup.jpg
full_bloom,20260727_1722_full_bloom_63_rot60.jpg,data/raw/full_bloom/20260727_1722_full_bloom_63_rot60.jpg
budding,20260328_1005_budding_4_sup.jpg,data/raw/budding/20260328_1005_budding_4_sup.jpg
budding,20260328_1011_budding_109_sdown.jpg,data/raw/budding/20260328_1011_budding_109_sdown.jpg
pre_bloom,20260731_1658_pre_bloom_85_bdown.jpg,data/raw/pre_bloom/20260731_1658_pre_bloom_85_bdown.jpg
wilting,20260819_1705_wilting_17_rot45.jpg,data/raw/wilting/20260819_1705_wilting_17_rot45.jpg
vegetative,20260712_0901_vegetative_128_cdown.jpg,data/raw/vegetative/20260712_0901_vegetative_128_cdown.jpg
wilting,20260824_1708_wilting_74_bup.jpg,data/raw/wilting/20260824_1708_wilting_74_bup.jpg
wilting,20260814_1646_wilting_39_bdown.jpg,data/raw/wilting/20260814_1646_wilting_39_bdown.jpg
vegetative,20260328_1117_vegetative_80_sup.jpg,data/raw/vegetative/20260328_1117_vegetative_80_sup.jpg
vegetative,20260722_1821_vegetative_152.jpg,data/raw/vegetative/20260722_1821_vegetative_152.jpg
vegetative,20260328_1037_vegetative_42_sdown.jpg,data/raw/vegetative/20260328_1037_vegetative_42_sdown.jpg
seed_formation,20260715_1602_seed_formation_144_bup.jpg,data/raw/seed_formation/20260715_1602_seed_formation_144_bup.jpg
full_bloom,20260328_1114_full_bloom_131_bdown.jpg,data/raw/full_bloom/20260328_1114_full_bloom_131_bdown.jpg
vegetative,20260328_1037_vegetative_49_rot45.jpg,data/raw/vegetative/20260328_1037_vegetative_49_rot45.jpg
vegetative,20260328_1006_vegetative_6_rot60.jpg,data/raw/vegetative/20260328_1006_vegetative_6_rot60.jpg
seed_formation,20260715_1602_seed_formation_144_cdown.jpg,data/raw/seed_formation/20260715_1602_seed_formation_144_cdown.jpg
seed_formation,20260722_1745_seed_formation_12_bup.jpg,data/raw/seed_formation/20260722_1745_seed_formation_12_bup.jpg
pre_bloom,20260726_1337_pre_bloom_35_rot30.jpg,data/raw/pre_bloom/20260726_1337_pre_bloom_35_rot30.jpg
pre_bloom,20260811_1640_pre_bloom_123_bdown.jpg,data/raw/pre_bloom/20260811_1640_pre_bloom_123_bdown.jpg
vegetative,20260328_1015_vegetative_13.jpg,data/raw/vegetative/20260328_1015_vegetative_13.jpg
full_bloom,20260328_1054_full_bloom_86_bup.jpg,data/raw/full_bloom/20260328_1054_full_bloom_86_bup.jpg
budding,20260328_1005_budding_54_cup.jpg,data/raw/budding/20260328_1005_budding_54_cup.jpg
pre_bloom,20260811_1640_pre_bloom_113_cup.jpg,data/raw/pre_bloom/20260811_1640_pre_bloom_113_cup.jpg
pre_bloom,20260328_1043_pre_bloom_45.jpg,data/raw/pre_bloom/20260328_1043_pre_bloom_45.jpg
full_bloom,20260328_1053_full_bloom_76_sup.jpg,data/raw/full_bloom/20260328_1053_full_bloom_76_sup.jpg
vegetative,20260328_1117_vegetative_79_bup.jpg,data/raw/vegetative/20260328_1117_vegetative_79_bup.jpg
seed_formation,20260727_1733_seed_formation_172_cdown.jpg,data/raw/seed_formation/20260727_1733_seed_formation_172_cdown.jpg
budding,20260328_1123_budding_219_bdown.jpg,data/raw/budding/20260328_1123_budding_219_bdown.jpg
full_bloom,20260328_1114_full_bloom_133_sdown.jpg,data/raw/full_bloom/20260328_1114_full_bloom_133_sdown.jpg
budding,20260328_1005_budding_29_rot30.jpg,data/raw/budding/20260328_1005_budding_29_rot30.jpg
pre_bloom,20260726_1336_pre_bloom_27_bdown.jpg,data/raw/pre_bloom/20260726_1336_pre_bloom_27_bdown.jpg
vegetative,20260328_1046_vegetative_55_rot45.jpg,data/raw/vegetative/20260328_1046_vegetative_55_rot45.jpg
full_bloom,20260328_1012_full_bloom_1_sup.jpg,data/raw/full_bloom/20260328_1012_full_bloom_1_sup.jpg
pre_bloom,20260811_1640_pre_bloom_121_bdown.jpg,data/raw/pre_bloom/20260811_1640_pre_bloom_121_bdown.jpg
budding,20260328_1122_budding_207_cdown.jpg,data/raw/budding/20260328_1122_budding_207_cdown.jpg
full_bloom,20260328_1059_full_bloom_92_cdown.jpg,data/raw/full_bloom/20260328_1059_full_bloom_92_cdown.jpg
vegetative,20260712_0838_vegetative_102_bdown.jpg,data/raw/vegetative/20260712_0838_vegetative_102_bdown.jpg
seed_formation,20260722_1754_seed_formation_161_rot60.jpg,data/raw/seed_formation/20260722_1754_seed_formation_161_rot60.jpg
pre_bloom,20260727_1555_pre_bloom_42_rot60.jpg,data/raw/pre_bloom/20260727_1555_pre_bloom_42_rot60.jpg
pre_bloom,20260726_1336_pre_bloom_27.jpg,data/raw/pre_bloom/20260726_1336_pre_bloom_27.jpg
pre_bloom,20260731_1708_pre_bloom_91_sdown.jpg,data/raw/pre_bloom/20260731_1708_pre_bloom_91_sdown.jpg
budding,20260328_1005_budding_46_cup.jpg,data/raw/budding/20260328_1005_budding_46_cup.jpg
pre_bloom,20260328_1108_pre_bloom_65_sdown.jpg,data/raw/pre_bloom/20260328_1108_pre_bloom_65_sdown.jpg
wilting,20260814_1646_wilting_38_bup.jpg,data/raw/wilting/20260814_1646_wilting_38_bup.jpg
budding,20260328_1121_budding_195_cup.jpg,data/raw/budding/20260328_1121_budding_195_cup.jpg
wilting,20260824_1709_wilting_80_rot45.jpg,data/raw/wilting/20260824_1709_wilting_80_rot45.jpg
wilting,20260814_1637_wilting_24_rot30.jpg,data/raw/wilting/20260814_1637_wilting_24_rot30.jpg
seed_formation,20260328_1041_seed_formation_119_rot60.jpg,data/raw/seed_formation/20260328_1041_seed_formation_119_rot60.jpg
full_bloom,20260715_1556_full_bloom_6_bdown.jpg,data/raw/full_bloom/20260715_1556_full_bloom_6_bdown.jpg
pre_bloom,20260727_1555_pre_bloom_38_rot45.jpg,data/raw/pre_bloom/20260727_1555_pre_bloom_38_rot45.jpg
vegetative,vegetati_0000_vegetative_174_bdown.jpg,data/raw/vegetative/vegetati_0000_vegetative_174_bdown.jpg
budding,20260328_1005_budding_2_bdown.jpg,data/raw/budding/20260328_1005_budding_2_bdown.jpg
full_bloom,flowerin_0000_full_bloom_159_cdown.jpg,data/raw/full_bloom/flowerin_0000_full_bloom_159_cdown.jpg
pre_bloom,20260328_1108_pre_bloom_53.jpg,data/raw/pre_bloom/20260328_1108_pre_bloom_53.jpg
budding,20260328_1005_budding_53_rot45.jpg,data/raw/budding/20260328_1005_budding_53_rot45.jpg
seed_formation,20260328_1020_seed_formation_44_sup.jpg,data/raw/seed_formation/20260328_1020_seed_formation_44_sup.jpg
pre_bloom,flowerin_0000_pre_bloom_83_sup.jpg,data/raw/pre_bloom/flowerin_0000_pre_bloom_83_sup.jpg
full_bloom,20260328_1111_full_bloom_121_rot60.jpg,data/raw/full_bloom/20260328_1111_full_bloom_121_rot60.jpg
pre_bloom,20260731_1658_pre_bloom_88_bdown.jpg,data/raw/pre_bloom/20260731_1658_pre_bloom_88_bdown.jpg
budding,20260328_1011_budding_105_rot45.jpg,data/raw/budding/20260328_1011_budding_105_rot45.jpg
full_bloom,20260328_1014_full_bloom_18_rot60.jpg,data/raw/full_bloom/20260328_1014_full_bloom_18_rot60.jpg
seed_formation,20260328_1006_seed_formation_1_rot60.jpg,data/raw/seed_formation/20260328_1006_seed_formation_1_rot60.jpg
vegetative,20260328_1011_vegetative_9_cup.jpg,data/raw/vegetative/20260328_1011_vegetative_9_cup.jpg
seed_formation,20260727_1732_seed_formation_171_bup.jpg,data/raw/seed_formation/20260727_1732_seed_formation_171_bup.jpg
budding,20260328_1121_budding_188_rot60.jpg,data/raw/budding/20260328_1121_budding_188_rot60.jpg
wilting,20260819_1716_wilting_22_rot60.jpg,data/raw/wilting/20260819_1716_wilting_22_rot60.jpg
pre_bloom,Budding0_0000_pre_bloom_80_bup.jpg,data/raw/pre_bloom/Budding0_0000_pre_bloom_80_bup.jpg
pre_bloom,20260712_0855_pre_bloom_10_rot45.jpg,data/raw/pre_bloom/20260712_0855_pre_bloom_10_rot45.jpg
budding,20260328_1122_budding_214_rot45.jpg,data/raw/budding/20260328_1122_budding_214_rot45.jpg
vegetative,20260328_1046_vegetative_64_sdown.jpg,data/raw/vegetative/20260328_1046_vegetative_64_sdown.jpg
wilting,20260824_1708_wilting_71_bdown.jpg,data/raw/wilting/20260824_1708_wilting_71_bdown.jpg
full_bloom,20260722_1803_full_bloom_25_rot45.jpg,data/raw/full_bloom/20260722_1803_full_bloom_25_rot45.jpg
full_bloom,20260328_1053_full_bloom_75_rot45.jpg,data/raw/full_bloom/20260328_1053_full_bloom_75_rot45.jpg
pre_bloom,20260804_1724_pre_bloom_103_cdown.jpg,data/raw/pre_bloom/20260804_1724_pre_bloom_103_cdown.jpg
full_bloom,20260328_1114_full_bloom_130_rot30.jpg,data/raw/full_bloom/20260328_1114_full_bloom_130_rot30.jpg
pre_bloom,20260811_1640_pre_bloom_115_bdown.jpg,data/raw/pre_bloom/20260811_1640_pre_bloom_115_bdown.jpg
vegetative,20260328_1037_vegetative_49_cdown.jpg,data/raw/vegetative/20260328_1037_vegetative_49_cdown.jpg
wilting,20260814_1637_wilting_26_sdown.jpg,data/raw/wilting/20260814_1637_wilting_26_sdown.jpg
pre_bloom,20260811_1640_pre_bloom_120_rot30.jpg,data/raw/pre_bloom/20260811_1640_pre_bloom_120_rot30.jpg
pre_bloom,20260731_1657_pre_bloom_83_bdown.jpg,data/raw/pre_bloom/20260731_1657_pre_bloom_83_bdown.jpg
wilting,20260824_1721_wilting_97_rot60.jpg,data/raw/wilting/20260824_1721_wilting_97_rot60.jpg
wilting,20260814_1637_wilting_14_rot60.jpg,data/raw/wilting/20260814_1637_wilting_14_rot60.jpg
seed_formation,20260715_1554_seed_formation_131_sup.jpg,data/raw/seed_formation/20260715_1554_seed_formation_131_sup.jpg
full_bloom,20260328_1051_full_bloom_54_bdown.jpg,data/raw/full_bloom/20260328_1051_full_bloom_54_bdown.jpg
vegetative,flowerin_0000_vegetative_170_sup.jpg,data/raw/vegetative/flowerin_0000_vegetative_170_sup.jpg
pre_bloom,20260328_1108_pre_bloom_56_sup.jpg,data/raw/pre_bloom/20260328_1108_pre_bloom_56_sup.jpg
budding,20260328_1111_budding_179_bup.jpg,data/raw/budding/20260328_1111_budding_179_bup.jpg
full_bloom,20260328_1114_full_bloom_131_cup.jpg,data/raw/full_bloom/20260328_1114_full_bloom_131_cup.jpg
full_bloom,20260727_1722_full_bloom_66_bdown.jpg,data/raw/full_bloom/20260727_1722_full_bloom_66_bdown.jpg
wilting,20260824_1709_wilting_84_bup.jpg,data/raw/wilting/20260824_1709_wilting_84_bup.jpg
wilting,20260819_1717_wilting_30.jpg,data/raw/wilting/20260819_1717_wilting_30.jpg
pre_bloom,20260328_1018_pre_bloom_15_rot30.jpg,data/raw/pre_bloom/20260328_1018_pre_bloom_15_rot30.jpg
budding,inflores_0000_budding_228_sup.jpg,data/raw/budding/inflores_0000_budding_228_sup.jpg
full_bloom,20260328_1115_full_bloom_142_rot60.jpg,data/raw/full_bloom/20260328_1115_full_bloom_142_rot60.jpg
budding,20260328_1122_budding_216_cup.jpg,data/raw/budding/20260328_1122_budding_216_cup.jpg
wilting,20260727_1724_wilting_12_rot60.jpg,data/raw/wilting/20260727_1724_wilting_12_rot60.jpg
full_bloom,20260727_1707_full_bloom_32_sup.jpg,data/raw/full_bloom/20260727_1707_full_bloom_32_sup.jpg
budding,20260328_1121_budding_196.jpg,data/raw/budding/20260328_1121_budding_196.jpg
budding,20260328_1110_budding_171_rot60.jpg,data/raw/budding/20260328_1110_budding_171_rot60.jpg
seed_formation,20260727_1732_seed_formation_170_sdown.jpg,data/raw/seed_formation/20260727_1732_seed_formation_170_sdown.jpg
full_bloom,20260722_1658_full_bloom_16_rot45.jpg,data/raw/full_bloom/20260722_1658_full_bloom_16_rot45.jpg
wilting,20260824_1705_wilting_50_sdown.jpg,data/raw/wilting/20260824_1705_wilting_50_sdown.jpg
seed_formation,20260328_1040_seed_formation_103_bdown.jpg,data/raw/seed_formation/20260328_1040_seed_formation_103_bdown.jpg
budding,20260328_1005_budding_67_rot30.jpg,data/raw/budding/20260328_1005_budding_67_rot30.jpg
seed_formation,20260731_1719_seed_formation_186_cup.jpg,data/raw/seed_formation/20260731_1719_seed_formation_186_cup.jpg
vegetative,20260328_1046_vegetative_59_cdown.jpg,data/raw/vegetative/20260328_1046_vegetative_59_cdown.jpg
full_bloom,20260328_1052_full_bloom_69_rot30.jpg,data/raw/full_bloom/20260328_1052_full_bloom_69_rot30.jpg
wilting,20260814_1637_wilting_13_bup.jpg,data/raw/wilting/20260814_1637_wilting_13_bup.jpg
pre_bloom,20260722_1743_pre_bloom_22_bdown.jpg,data/raw/pre_bloom/20260722_1743_pre_bloom_22_bdown.jpg
full_bloom,flowerin_0000_full_bloom_147_cup.jpg,data/raw/full_bloom/flowerin_0000_full_bloom_147_cup.jpg
wilting,20260824_1720_wilting_96_cup.jpg,data/raw/wilting/20260824_1720_wilting_96_cup.jpg
budding,20260328_1005_budding_8_sup.jpg,data/raw/budding/20260328_1005_budding_8_sup.jpg
wilting,20260824_1719_wilting_86.jpg,data/raw/wilting/20260824_1719_wilting_86.jpg
full_bloom,flowerin_0000_full_bloom_157_bup.jpg,data/raw/full_bloom/flowerin_0000_full_bloom_157_bup.jpg
pre_bloom,20260328_1006_pre_bloom_13_cup.jpg,data/raw/pre_bloom/20260328_1006_pre_bloom_13_cup.jpg
full_bloom,20260328_1038_full_bloom_45.jpg,data/raw/full_bloom/20260328_1038_full_bloom_45.jpg
pre_bloom,20260712_0913_pre_bloom_73_sup.jpg,data/raw/pre_bloom/20260712_0913_pre_bloom_73_sup.jpg
pre_bloom,20260328_1003_pre_bloom_5_cup.jpg,data/raw/pre_bloom/20260328_1003_pre_bloom_5_cup.jpg
budding,20260328_1110_budding_167_cup.jpg,data/raw/budding/20260328_1110_budding_167_cup.jpg
pre_bloom,20260328_1004_pre_bloom_6.jpg,data/raw/pre_bloom/20260328_1004_pre_bloom_6.jpg
budding,20260328_1005_budding_31_sup.jpg,data/raw/budding/20260328_1005_budding_31_sup.jpg
vegetative,20260712_0901_vegetative_123_bup.jpg,data/raw/vegetative/20260712_0901_vegetative_123_bup.jpg
pre_bloom,20260811_1640_pre_bloom_116_sup.jpg,data/raw/pre_bloom/20260811_1640_pre_bloom_116_sup.jpg
budding,20260328_1122_budding_215_bup.jpg,data/raw/budding/20260328_1122_budding_215_bup.jpg
budding,20260328_1054_budding_133_sdown.jpg,data/raw/budding/20260328_1054_budding_133_sdown.jpg
wilting,20260824_1705_wilting_41.jpg,data/raw/wilting/20260824_1705_wilting_41.jpg
pre_bloom,20260328_1043_pre_bloom_46_rot45.jpg,data/raw/pre_bloom/20260328_1043_pre_bloom_46_rot45.jpg
wilting,20260824_1720_wilting_92_cdown.jpg,data/raw/wilting/20260824_1720_wilting_92_cdown.jpg
full_bloom,20260328_1109_full_bloom_107_bup.jpg,data/raw/full_bloom/20260328_1109_full_bloom_107_bup.jpg
budding,20260328_1055_budding_136_bdown.jpg,data/raw/budding/20260328_1055_budding_136_bdown.jpg
pre_bloom,20260328_1006_pre_bloom_9_sup.jpg,data/raw/pre_bloom/20260328_1006_pre_bloom_9_sup.jpg
full_bloom,20260328_1054_full_bloom_90.jpg,data/raw/full_bloom/20260328_1054_full_bloom_90.jpg
full_bloom,20260727_1709_full_bloom_45.jpg,data/raw/full_bloom/20260727_1709_full_bloom_45.jpg
full_bloom,20260328_1053_full_bloom_79_bdown.jpg,data/raw/full_bloom/20260328_1053_full_bloom_79_bdown.jpg
full_bloom,20260328_1114_full_bloom_129_rot45.jpg,data/raw/full_bloom/20260328_1114_full_bloom_129_rot45.jpg
budding,20260328_1110_budding_166.jpg,data/raw/budding/20260328_1110_budding_166.jpg
vegetative,20260712_0902_vegetative_138_bdown.jpg,data/raw/vegetative/20260712_0902_vegetative_138_bdown.jpg
vegetative,20260328_1038_vegetative_53_bup.jpg,data/raw/vegetative/20260328_1038_vegetative_53_bup.jpg
pre_bloom,20260328_1108_pre_bloom_59_rot30.jpg,data/raw/pre_bloom/20260328_1108_pre_bloom_59_rot30.jpg
pre_bloom,20260727_1711_pre_bloom_51.jpg,data/raw/pre_bloom/20260727_1711_pre_bloom_51.jpg
wilting,20260824_1706_wilting_54_sdown.jpg,data/raw/wilting/20260824_1706_wilting_54_sdown.jpg
seed_formation,20260328_1009_seed_formation_32_sdown.jpg,data/raw/seed_formation/20260328_1009_seed_formation_32_sdown.jpg
seed_formation,20260328_1042_seed_formation_121_rot45.jpg,data/raw/seed_formation/20260328_1042_seed_formation_121_rot45.jpg
pre_bloom,20260712_0855_pre_bloom_11_bup.jpg,data/raw/pre_bloom/20260712_0855_pre_bloom_11_bup.jpg
wilting,20260824_1706_wilting_58.jpg,data/raw/wilting/20260824_1706_wilting_58.jpg
pre_bloom,20260328_1108_pre_bloom_58_bdown.jpg,data/raw/pre_bloom/20260328_1108_pre_bloom_58_bdown.jpg
vegetative,20260328_1037_vegetative_41_bdown.jpg,data/raw/vegetative/20260328_1037_vegetative_41_bdown.jpg
seed_formation,20260328_1021_seed_formation_60.jpg,data/raw/seed_formation/20260328_1021_seed_formation_60.jpg
pre_bloom,flowerin_0000_pre_bloom_85_bdown.jpg,data/raw/pre_bloom/flowerin_0000_pre_bloom_85_bdown.jpg
wilting,20260727_1724_wilting_12_rot45.jpg,data/raw/wilting/20260727_1724_wilting_12_rot45.jpg
vegetative,20260804_1656_vegetative_159_sup.jpg,data/raw/vegetative/20260804_1656_vegetative_159_sup.jpg
budding,20260328_1010_budding_78_rot30.jpg,data/raw/budding/20260328_1010_budding_78_rot30.jpg
vegetative,flowerin_0000_vegetative_164_rot30.jpg,data/raw/vegetative/flowerin_0000_vegetative_164_rot30.jpg
pre_bloom,20260328_1108_pre_bloom_60.jpg,data/raw/pre_bloom/20260328_1108_pre_bloom_60.jpg
seed_formation,20260328_1008_seed_formation_18_sdown.jpg,data/raw/seed_formation/20260328_1008_seed_formation_18_sdown.jpg
budding,20260328_1005_budding_44_bup.jpg,data/raw/budding/20260328_1005_budding_44_bup.jpg
seed_formation,20260715_1602_seed_formation_145_rot30.jpg,data/raw/seed_formation/20260715_1602_seed_formation_145_rot30.jpg
budding,20260328_1122_budding_201_sdown.jpg,data/raw/budding/20260328_1122_budding_201_sdown.jpg
budding,20260328_1005_budding_55_cdown.jpg,data/raw/budding/20260328_1005_budding_55_cdown.jpg
seed_formation,20260715_1602_seed_formation_149.jpg,data/raw/seed_formation/20260715_1602_seed_formation_149.jpg
seed_formation,20260328_1020_seed_formation_45_rot30.jpg,data/raw/seed_formation/20260328_1020_seed_formation_45_rot30.jpg
budding,20260328_1055_budding_144_rot30.jpg,data/raw/budding/20260328_1055_budding_144_rot30.jpg
budding,20260328_1010_budding_80_rot30.jpg,data/raw/budding/20260328_1010_budding_80_rot30.jpg
budding,20260328_1005_budding_39_rot45.jpg,data/raw/budding/20260328_1005_budding_39_rot45.jpg
full_bloom,20260328_1013_full_bloom_10_bup.jpg,data/raw/full_bloom/20260328_1013_full_bloom_10_bup.jpg
budding,20260328_1010_budding_80_rot60.jpg,data/raw/budding/20260328_1010_budding_80_rot60.jpg
full_bloom,flowerin_0000_full_bloom_148_bup.jpg,data/raw/full_bloom/flowerin_0000_full_bloom_148_bup.jpg
full_bloom,20260727_1707_full_bloom_34_bup.jpg,data/raw/full_bloom/20260727_1707_full_bloom_34_bup.jpg
full_bloom,20260328_1051_full_bloom_49_rot45.jpg,data/raw/full_bloom/20260328_1051_full_bloom_49_rot45.jpg
seed_formation,20260731_1719_seed_formation_183.jpg,data/raw/seed_formation/20260731_1719_seed_formation_183.jpg
full_bloom,20260727_1707_full_bloom_35_rot45.jpg,data/raw/full_bloom/20260727_1707_full_bloom_35_rot45.jpg
pre_bloom,20260328_1002_pre_bloom_1_bdown.jpg,data/raw/pre_bloom/20260328_1002_pre_bloom_1_bdown.jpg
budding,20260328_1005_budding_46_cdown.jpg,data/raw/budding/20260328_1005_budding_46_cdown.jpg
seed_formation,20260328_1040_seed_formation_103_rot30.jpg,data/raw/seed_formation/20260328_1040_seed_formation_103_rot30.jpg
budding,20260328_1110_budding_170_bup.jpg,data/raw/budding/20260328_1110_budding_170_bup.jpg
budding,20260328_1110_budding_171_cdown.jpg,data/raw/budding/20260328_1110_budding_171_cdown.jpg
seed_formation,20260328_1019_seed_formation_39_cup.jpg,data/raw/seed_formation/20260328_1019_seed_formation_39_cup.jpg
seed_formation,20260727_1733_seed_formation_172_sup.jpg,data/raw/seed_formation/20260727_1733_seed_formation_172_sup.jpg
pre_bloom,20260727_1722_pre_bloom_61_bdown.jpg,data/raw/pre_bloom/20260727_1722_pre_bloom_61_bdown.jpg
full_bloom,20260715_1555_full_bloom_1_rot30.jpg,data/raw/full_bloom/20260715_1555_full_bloom_1_rot30.jpg
budding,20260328_1005_budding_48_sup.jpg,data/raw/budding/20260328_1005_budding_48_sup.jpg
vegetative,20260328_1037_vegetative_45_rot30.jpg,data/raw/vegetative/20260328_1037_vegetative_45_rot30.jpg
vegetative,20260328_1002_vegetative_1.jpg,data/raw/vegetative/20260328_1002_vegetative_1.jpg
budding,20260328_1005_budding_39_rot60.jpg,data/raw/budding/20260328_1005_budding_39_rot60.jpg
full_bloom,20260328_1053_full_bloom_84_sup.jpg,data/raw/full_bloom/20260328_1053_full_bloom_84_sup.jpg
full_bloom,20260328_1052_full_bloom_64_cup.jpg,data/raw/full_bloom/20260328_1052_full_bloom_64_cup.jpg
pre_bloom,20260328_1108_pre_bloom_50_bup.jpg,data/raw/pre_bloom/20260328_1108_pre_bloom_50_bup.jpg
full_bloom,flowerin_0000_full_bloom_158_rot60.jpg,data/raw/full_bloom/flowerin_0000_full_bloom_158_rot60.jpg
wilting,20260824_1720_wilting_94_bdown.jpg,data/raw/wilting/20260824_1720_wilting_94_bdown.jpg
vegetative,20260712_0901_vegetative_128_sdown.jpg,data/raw/vegetative/20260712_0901_vegetative_128_sdown.jpg
vegetative,20260328_1002_vegetative_2_cup.jpg,data/raw/vegetative/20260328_1002_vegetative_2_cup.jpg
pre_bloom,20260811_1640_pre_bloom_123_rot45.jpg,data/raw/pre_bloom/20260811_1640_pre_bloom_123_rot45.jpg
budding,20260328_1121_budding_190_cdown.jpg,data/raw/budding/20260328_1121_budding_190_cdown.jpg
full_bloom,20260727_1709_full_bloom_48.jpg,data/raw/full_bloom/20260727_1709_full_bloom_48.jpg
full_bloom,20260328_1013_full_bloom_12_rot60.jpg,data/raw/full_bloom/20260328_1013_full_bloom_12_rot60.jpg
vegetative,20260328_1002_vegetative_1_sdown.jpg,data/raw/vegetative/20260328_1002_vegetative_1_sdown.jpg
budding,20260328_1011_budding_97_rot45.jpg,data/raw/budding/20260328_1011_budding_97_rot45.jpg
pre_bloom,20260328_1043_pre_bloom_44.jpg,data/raw/pre_bloom/20260328_1043_pre_bloom_44.jpg
full_bloom,20260328_1116_full_bloom_143_bup.jpg,data/raw/full_bloom/20260328_1116_full_bloom_143_bup.jpg
vegetative,20260722_1821_vegetative_153_sup.jpg,data/raw/vegetative/20260722_1821_vegetative_153_sup.jpg
pre_bloom,20260712_0855_pre_bloom_10_rot30.jpg,data/raw/pre_bloom/20260712_0855_pre_bloom_10_rot30.jpg
seed_formation,20260328_1041_seed_formation_115_sdown.jpg,data/raw/seed_formation/20260328_1041_seed_formation_115_sdown.jpg
wilting,20260824_1720_wilting_94.jpg,data/raw/wilting/20260824_1720_wilting_94.jpg
seed_formation,20260328_1039_seed_formation_87_cup.jpg,data/raw/seed_formation/20260328_1039_seed_formation_87_cup.jpg
full_bloom,20260328_1051_full_bloom_49_rot60.jpg,data/raw/full_bloom/20260328_1051_full_bloom_49_rot60.jpg
vegetative,20260328_1046_vegetative_54_sup.jpg,data/raw/vegetative/20260328_1046_vegetative_54_sup.jpg
vegetative,20260328_1023_vegetative_18_bdown.jpg,data/raw/vegetative/20260328_1023_vegetative_18_bdown.jpg
pre_bloom,20260727_1737_pre_bloom_74_rot60.jpg,data/raw/pre_bloom/20260727_1737_pre_bloom_74_rot60.jpg
seed_formation,20260328_1009_seed_formation_28_sup.jpg,data/raw/seed_formation/20260328_1009_seed_formation_28_sup.jpg
vegetative,20260804_1656_vegetative_161.jpg,data/raw/vegetative/20260804_1656_vegetative_161.jpg
full_bloom,20260328_1013_full_bloom_2_sup.jpg,data/raw/full_bloom/20260328_1013_full_bloom_2_sup.jpg
budding,20260328_1005_budding_29_rot60.jpg,data/raw/budding/20260328_1005_budding_29_rot60.jpg
wilting,20260819_1717_wilting_27_bdown.jpg,data/raw/wilting/20260819_1717_wilting_27_bdown.jpg
budding,20260328_1005_budding_17_bup.jpg,data/raw/budding/20260328_1005_budding_17_bup.jpg
vegetative,20260328_1117_vegetative_91_bup.jpg,data/raw/vegetative/20260328_1117_vegetative_91_bup.jpg
budding,20260328_1005_budding_34_rot30.jpg,data/raw/budding/20260328_1005_budding_34_rot30.jpg
full_bloom,20260328_1013_full_bloom_11_cup.jpg,data/raw/full_bloom/20260328_1013_full_bloom_11_cup.jpg
seed_formation,20260731_1719_seed_formation_180_rot60.jpg,data/raw/seed_formation/20260731_1719_seed_formation_180_rot60.jpg
full_bloom,20260328_1100_full_bloom_100_rot60.jpg,data/raw/full_bloom/20260328_1100_full_bloom_100_rot60.jpg
seed_formation,20260731_1719_seed_formation_184_sup.jpg,data/raw/seed_formation/20260731_1719_seed_formation_184_sup.jpg
full_bloom,20260328_1100_full_bloom_100_cup.jpg,data/raw/full_bloom/20260328_1100_full_bloom_100_cup.jpg
seed_formation,20260328_1023_seed_formation_71.jpg,data/raw/seed_formation/20260328_1023_seed_formation_71.jpg
full_bloom,20260328_1037_full_bloom_37_sdown.jpg,data/raw/full_bloom/20260328_1037_full_bloom_37_sdown.jpg
budding,20260328_1005_budding_33_rot45.jpg,data/raw/budding/20260328_1005_budding_33_rot45.jpg
pre_bloom,20260726_1337_pre_bloom_34.jpg,data/raw/pre_bloom/20260726_1337_pre_bloom_34.jpg
pre_bloom,20260328_1043_pre_bloom_41_bup.jpg,data/raw/pre_bloom/20260328_1043_pre_bloom_41_bup.jpg
vegetative,20260712_0902_vegetative_133_sup.jpg,data/raw/vegetative/20260712_0902_vegetative_133_sup.jpg
wilting,20260328_1056_wilting_4_rot30.jpg,data/raw/wilting/20260328_1056_wilting_4_rot30.jpg
seed_formation,20260328_1023_seed_formation_71_cdown.jpg,data/raw/seed_formation/20260328_1023_seed_formation_71_cdown.jpg
pre_bloom,20260328_1043_pre_bloom_40_sdown.jpg,data/raw/pre_bloom/20260328_1043_pre_bloom_40_sdown.jpg
full_bloom,20260328_1014_full_bloom_18_cdown.jpg,data/raw/full_bloom/20260328_1014_full_bloom_18_cdown.jpg
seed_formation,20260727_1733_seed_formation_175.jpg,data/raw/seed_formation/20260727_1733_seed_formation_175.jpg
seed_formation,20260727_1733_seed_formation_174_bup.jpg,data/raw/seed_formation/20260727_1733_seed_formation_174_bup.jpg
vegetative,20260328_1032_vegetative_33_rot45.jpg,data/raw/vegetative/20260328_1032_vegetative_33_rot45.jpg
wilting,20260824_1721_wilting_102.jpg,data/raw/wilting/20260824_1721_wilting_102.jpg
pre_bloom,20260811_1640_pre_bloom_122_rot60.jpg,data/raw/pre_bloom/20260811_1640_pre_bloom_122_rot60.jpg
vegetative,20260328_1046_vegetative_64_rot30.jpg,data/raw/vegetative/20260328_1046_vegetative_64_rot30.jpg
seed_formation,seedling_0000_seed_formation_189_sup.jpg,data/raw/seed_formation/seedling_0000_seed_formation_189_sup.jpg
wilting,20260814_1637_wilting_12_sup.jpg,data/raw/wilting/20260814_1637_wilting_12_sup.jpg
seed_formation,20260328_1039_seed_formation_87_sdown.jpg,data/raw/seed_formation/20260328_1039_seed_formation_87_sdown.jpg
full_bloom,20260328_1059_full_bloom_92_rot45.jpg,data/raw/full_bloom/20260328_1059_full_bloom_92_rot45.jpg
vegetative,20260328_1046_vegetative_66_bup.jpg,data/raw/vegetative/20260328_1046_vegetative_66_bup.jpg
pre_bloom,20260328_1043_pre_bloom_41_rot30.jpg,data/raw/pre_bloom/20260328_1043_pre_bloom_41_rot30.jpg
seed_formation,20260328_1023_seed_formation_71_sdown.jpg,data/raw/seed_formation/20260328_1023_seed_formation_71_sdown.jpg
full_bloom,20260328_1053_full_bloom_76_cdown.jpg,data/raw/full_bloom/20260328_1053_full_bloom_76_cdown.jpg
pre_bloom,20260328_1108_pre_bloom_52_bdown.jpg,data/raw/pre_bloom/20260328_1108_pre_bloom_52_bdown.jpg
pre_bloom,20260727_1736_pre_bloom_70_cup.jpg,data/raw/pre_bloom/20260727_1736_pre_bloom_70_cup.jpg
pre_bloom,20260328_1042_pre_bloom_28_bup.jpg,data/raw/pre_bloom/20260328_1042_pre_bloom_28_bup.jpg
seed_formation,20260328_1040_seed_formation_107_rot60.jpg,data/raw/seed_formation/20260328_1040_seed_formation_107_rot60.jpg
wilting,20260824_1721_wilting_102_cdown.jpg,data/raw/wilting/20260824_1721_wilting_102_cdown.jpg
vegetative,20260804_1656_vegetative_162_sdown.jpg,data/raw/vegetative/20260804_1656_vegetative_162_sdown.jpg
full_bloom,flowerin_0000_full_bloom_159_rot45.jpg,data/raw/full_bloom/flowerin_0000_full_bloom_159_rot45.jpg
seed_formation,20260727_1715_seed_formation_33_bup.jpg,data/raw/seed_formation/20260727_1715_seed_formation_33_bup.jpg
budding,20260328_1121_budding_189_sdown.jpg,data/raw/budding/20260328_1121_budding_189_sdown.jpg
full_bloom,20260328_1053_full_bloom_75_bup.jpg,data/raw/full_bloom/20260328_1053_full_bloom_75_bup.jpg
seed_formation,20260328_1022_seed_formation_61_rot30.jpg,data/raw/seed_formation/20260328_1022_seed_formation_61_rot30.jpg
budding,20260328_1011_budding_101_sup.jpg,data/raw/budding/20260328_1011_budding_101_sup.jpg
vegetative,vegetati_0000_vegetative_175_rot30.jpg,data/raw/vegetative/vegetati_0000_vegetative_175_rot30.jpg
seed_formation,20260328_1020_seed_formation_46_rot45.jpg,data/raw/seed_formation/20260328_1020_seed_formation_46_rot45.jpg
wilting,20260722_1658_wilting_7_rot60.jpg,data/raw/wilting/20260722_1658_wilting_7_rot60.jpg
vegetative,20260328_1117_vegetative_89_cup.jpg,data/raw/vegetative/20260328_1117_vegetative_89_cup.jpg
pre_bloom,20260328_1006_pre_bloom_10_cdown.jpg,data/raw/pre_bloom/20260328_1006_pre_bloom_10_cdown.jpg
vegetative,20260712_0902_vegetative_133.jpg,data/raw/vegetative/20260712_0902_vegetative_133.jpg
vegetative,vegetati_0000_vegetative_178_sup.jpg,data/raw/vegetative/vegetati_0000_vegetative_178_sup.jpg
pre_bloom,20260328_1006_pre_bloom_10_rot60.jpg,data/raw/pre_bloom/20260328_1006_pre_bloom_10_rot60.jpg
full_bloom,20260328_1038_full_bloom_45_rot30.jpg,data/raw/full_bloom/20260328_1038_full_bloom_45_rot30.jpg
seed_formation,20260715_1602_seed_formation_134_rot30.jpg,data/raw/seed_formation/20260715_1602_seed_formation_134_rot30.jpg
full_bloom,20260328_1054_full_bloom_86_cdown.jpg,data/raw/full_bloom/20260328_1054_full_bloom_86_cdown.jpg
full_bloom,20260715_1557_full_bloom_14.jpg,data/raw/full_bloom/20260715_1557_full_bloom_14.jpg
seed_formation,20260328_1020_seed_formation_53_bup.jpg,data/raw/seed_formation/20260328_1020_seed_formation_53_bup.jpg
full_bloom,20260727_1709_full_bloom_45_rot60.jpg,data/raw/full_bloom/20260727_1709_full_bloom_45_rot60.jpg
wilting,20260824_1721_wilting_110.jpg,data/raw/wilting/20260824_1721_wilting_110.jpg
pre_bloom,20260328_1108_pre_bloom_58.jpg,data/raw/pre_bloom/20260328_1108_pre_bloom_58.jpg
wilting,20260814_1637_wilting_14.jpg,data/raw/wilting/20260814_1637_wilting_14.jpg
seed_formation,20260715_1602_seed_formation_146_bup.jpg,data/raw/seed_formation/20260715_1602_seed_formation_146_bup.jpg
budding,20260328_1005_budding_9_bup.jpg,data/raw/budding/20260328_1005_budding_9_bup.jpg
vegetative,vegetati_0000_vegetative_171_sdown.jpg,data/raw/vegetative/vegetati_0000_vegetative_171_sdown.jpg
full_bloom,20260328_1109_full_bloom_111_bdown.jpg,data/raw/full_bloom/20260328_1109_full_bloom_111_bdown.jpg
full_bloom,20260328_1109_full_bloom_108_rot30.jpg,data/raw/full_bloom/20260328_1109_full_bloom_108_rot30.jpg
wilting,20260824_1707_wilting_66_rot45.jpg,data/raw/wilting/20260824_1707_wilting_66_rot45.jpg
seed_formation,20260328_1019_seed_formation_38_sdown.jpg,data/raw/seed_formation/20260328_1019_seed_formation_38_sdown.jpg
pre_bloom,20260328_1005_pre_bloom_7_rot45.jpg,data/raw/pre_bloom/20260328_1005_pre_bloom_7_rot45.jpg
seed_formation,20260727_1715_seed_formation_28.jpg,data/raw/seed_formation/20260727_1715_seed_formation_28.jpg
wilting,20260824_1709_wilting_82_rot30.jpg,data/raw/wilting/20260824_1709_wilting_82_rot30.jpg
full_bloom,20260328_1051_full_bloom_50_cup.jpg,data/raw/full_bloom/20260328_1051_full_bloom_50_cup.jpg
full_bloom,20260727_1709_full_bloom_42_bup.jpg,data/raw/full_bloom/20260727_1709_full_bloom_42_bup.jpg
budding,20260328_1121_budding_186_rot45.jpg,data/raw/budding/20260328_1121_budding_186_rot45.jpg
pre_bloom,20260804_1724_pre_bloom_102_rot45.jpg,data/raw/pre_bloom/20260804_1724_pre_bloom_102_rot45.jpg
seed_formation,20260328_1008_seed_formation_8_rot45.jpg,data/raw/seed_formation/20260328_1008_seed_formation_8_rot45.jpg
budding,20260328_1122_budding_216_sdown.jpg,data/raw/budding/20260328_1122_budding_216_sdown.jpg
wilting,20260814_1637_wilting_10_bup.jpg,data/raw/wilting/20260814_1637_wilting_10_bup.jpg
full_bloom,20260727_1707_full_bloom_33_sdown.jpg,data/raw/full_bloom/20260727_1707_full_bloom_33_sdown.jpg
vegetative,20260712_0902_vegetative_135_cup.jpg,data/raw/vegetative/20260712_0902_vegetative_135_cup.jpg
budding,20260328_1005_budding_39_bup.jpg,data/raw/budding/20260328_1005_budding_39_bup.jpg
seed_formation,20260328_1042_seed_formation_124_cup.jpg,data/raw/seed_formation/20260328_1042_seed_formation_124_cup.jpg
pre_bloom,20260328_1043_pre_bloom_37_bup.jpg,data/raw/pre_bloom/20260328_1043_pre_bloom_37_bup.jpg
budding,inflores_0000_budding_228_rot30.jpg,data/raw/budding/inflores_0000_budding_228_rot30.jpg
wilting,20260819_1716_wilting_25_sup.jpg,data/raw/wilting/20260819_1716_wilting_25_sup.jpg
pre_bloom,20260328_1042_pre_bloom_28_bdown.jpg,data/raw/pre_bloom/20260328_1042_pre_bloom_28_bdown.jpg
full_bloom,20260328_1013_full_bloom_7_rot60.jpg,data/raw/full_bloom/20260328_1013_full_bloom_7_rot60.jpg
budding,20260328_1011_budding_100.jpg,data/raw/budding/20260328_1011_budding_100.jpg
budding,20260328_1005_budding_54.jpg,data/raw/budding/20260328_1005_budding_54.jpg
seed_formation,20260727_1715_seed_formation_23_rot60.jpg,data/raw/seed_formation/20260727_1715_seed_formation_23_rot60.jpg
seed_formation,20260328_1007_seed_formation_4_cup.jpg,data/raw/seed_formation/20260328_1007_seed_formation_4_cup.jpg
seed_formation,20260715_1554_seed_formation_131_cdown.jpg,data/raw/seed_formation/20260715_1554_seed_formation_131_cdown.jpg
full_bloom,20260328_1036_full_bloom_29_bdown.jpg,data/raw/full_bloom/20260328_1036_full_bloom_29_bdown.jpg
full_bloom,20260715_1557_full_bloom_13_bup.jpg,data/raw/full_bloom/20260715_1557_full_bloom_13_bup.jpg
full_bloom,20260328_1110_full_bloom_119.jpg,data/raw/full_bloom/20260328_1110_full_bloom_119.jpg
full_bloom,20260328_1052_full_bloom_61_rot30.jpg,data/raw/full_bloom/20260328_1052_full_bloom_61_rot30.jpg
wilting,20260814_1636_wilting_17_bdown.jpg,data/raw/wilting/20260814_1636_wilting_17_bdown.jpg
full_bloom,20260727_1724_full_bloom_68_sdown.jpg,data/raw/full_bloom/20260727_1724_full_bloom_68_sdown.jpg
full_bloom,20260328_1036_full_bloom_23_sdown.jpg,data/raw/full_bloom/20260328_1036_full_bloom_23_sdown.jpg
full_bloom,20260722_1744_full_bloom_24_rot60.jpg,data/raw/full_bloom/20260722_1744_full_bloom_24_rot60.jpg
seed_formation,20260328_1020_seed_formation_40_cup.jpg,data/raw/seed_formation/20260328_1020_seed_formation_40_cup.jpg
full_bloom,20260328_1053_full_bloom_84_bdown.jpg,data/raw/full_bloom/20260328_1053_full_bloom_84_bdown.jpg
wilting,20260814_1637_wilting_12_cup.jpg,data/raw/wilting/20260814_1637_wilting_12_cup.jpg
seed_formation,20260727_1715_seed_formation_23_cdown.jpg,data/raw/seed_formation/20260727_1715_seed_formation_23_cdown.jpg
seed_formation,20260328_1009_seed_formation_33_rot45.jpg,data/raw/seed_formation/20260328_1009_seed_formation_33_rot45.jpg
full_bloom,20260328_1038_full_bloom_41_cup.jpg,data/raw/full_bloom/20260328_1038_full_bloom_41_cup.jpg
budding,20260328_1121_budding_185_bup.jpg,data/raw/budding/20260328_1121_budding_185_bup.jpg
full_bloom,20260727_1707_full_bloom_32.jpg,data/raw/full_bloom/20260727_1707_full_bloom_32.jpg
vegetative,20260328_1037_vegetative_44_cup.jpg,data/raw/vegetative/20260328_1037_vegetative_44_cup.jpg
full_bloom,20260328_1037_full_bloom_35_rot45.jpg,data/raw/full_bloom/20260328_1037_full_bloom_35_rot45.jpg
vegetative,flowerin_0000_vegetative_164_cdown.jpg,data/raw/vegetative/flowerin_0000_vegetative_164_cdown.jpg
pre_bloom,20260731_1708_pre_bloom_89_bup.jpg,data/raw/pre_bloom/20260731_1708_pre_bloom_89_bup.jpg
vegetative,20260328_1032_vegetative_37_bdown.jpg,data/raw/vegetative/20260328_1032_vegetative_37_bdown.jpg
vegetative,20260328_1037_vegetative_45_rot60.jpg,data/raw/vegetative/20260328_1037_vegetative_45_rot60.jpg
vegetative,20260328_1015_vegetative_13_rot60.jpg,data/raw/vegetative/20260328_1015_vegetative_13_rot60.jpg
full_bloom,20260715_1556_full_bloom_7_rot45.jpg,data/raw/full_bloom/20260715_1556_full_bloom_7_rot45.jpg
vegetative,vegetati_0000_vegetative_179_rot45.jpg,data/raw/vegetative/vegetati_0000_vegetative_179_rot45.jpg
full_bloom,20260727_1722_full_bloom_66_sdown.jpg,data/raw/full_bloom/20260727_1722_full_bloom_66_sdown.jpg
full_bloom,20260328_1054_full_bloom_90_bdown.jpg,data/raw/full_bloom/20260328_1054_full_bloom_90_bdown.jpg
wilting,20260824_1721_wilting_108_sup.jpg,data/raw/wilting/20260824_1721_wilting_108_sup.jpg
full_bloom,flowerin_0000_full_bloom_152_sdown.jpg,data/raw/full_bloom/flowerin_0000_full_bloom_152_sdown.jpg
budding,20260328_1005_budding_48_rot60.jpg,data/raw/budding/20260328_1005_budding_48_rot60.jpg
wilting,20260727_1724_wilting_10_rot30.jpg,data/raw/wilting/20260727_1724_wilting_10_rot30.jpg
budding,20260328_1055_budding_139_rot30.jpg,data/raw/budding/20260328_1055_budding_139_rot30.jpg
vegetative,20260328_1038_vegetative_50_cdown.jpg,data/raw/vegetative/20260328_1038_vegetative_50_cdown.jpg
budding,20260328_1055_budding_141_bdown.jpg,data/raw/budding/20260328_1055_budding_141_bdown.jpg
full_bloom,20260727_1709_full_bloom_54_rot60.jpg,data/raw/full_bloom/20260727_1709_full_bloom_54_rot60.jpg
budding,20260328_1110_budding_168_rot30.jpg,data/raw/budding/20260328_1110_budding_168_rot30.jpg
pre_bloom,20260722_1743_pre_bloom_23.jpg,data/raw/pre_bloom/20260722_1743_pre_bloom_23.jpg
full_bloom,20260328_1052_full_bloom_59_rot30.jpg,data/raw/full_bloom/20260328_1052_full_bloom_59_rot30.jpg
vegetative,vegetati_0000_vegetative_178.jpg,data/raw/vegetative/vegetati_0000_vegetative_178.jpg
budding,20260328_1011_budding_100_bup.jpg,data/raw/budding/20260328_1011_budding_100_bup.jpg
budding,20260328_1110_budding_170_sup.jpg,data/raw/budding/20260328_1110_budding_170_sup.jpg
wilting,20260824_1708_wilting_79_bup.jpg,data/raw/wilting/20260824_1708_wilting_79_bup.jpg
vegetative,20260328_1117_vegetative_78_rot60.jpg,data/raw/vegetative/20260328_1117_vegetative_78_rot60.jpg
budding,20260328_1005_budding_38_bup.jpg,data/raw/budding/20260328_1005_budding_38_bup.jpg
budding,20260328_1056_budding_152_sup.jpg,data/raw/budding/20260328_1056_budding_152_sup.jpg
full_bloom,20260722_1804_full_bloom_30_sup.jpg,data/raw/full_bloom/20260722_1804_full_bloom_30_sup.jpg
wilting,20260824_1721_wilting_110_rot30.jpg,data/raw/wilting/20260824_1721_wilting_110_rot30.jpg
vegetative,20260328_1046_vegetative_59_rot45.jpg,data/raw/vegetative/20260328_1046_vegetative_59_rot45.jpg
seed_formation,20260731_1719_seed_formation_180.jpg,data/raw/seed_formation/20260731_1719_seed_formation_180.jpg
pre_bloom,20260726_1336_pre_bloom_31_rot45.jpg,data/raw/pre_bloom/20260726_1336_pre_bloom_31_rot45.jpg
seed_formation,20260727_1715_seed_formation_31_rot30.jpg,data/raw/seed_formation/20260727_1715_seed_formation_31_rot30.jpg
seed_formation,20260715_1602_seed_formation_145_bdown.jpg,data/raw/seed_formation/20260715_1602_seed_formation_145_bdown.jpg
vegetative,20260712_0848_vegetative_110_rot30.jpg,data/raw/vegetative/20260712_0848_vegetative_110_rot30.jpg
vegetative,20260328_1037_vegetative_49_bdown.jpg,data/raw/vegetative/20260328_1037_vegetative_49_bdown.jpg
wilting,20260814_1637_wilting_28_rot45.jpg,data/raw/wilting/20260814_1637_wilting_28_rot45.jpg
seed_formation,20260328_1009_seed_formation_27_rot60.jpg,data/raw/seed_formation/20260328_1009_seed_formation_27_rot60.jpg
budding,20260328_1005_budding_51_sdown.jpg,data/raw/budding/20260328_1005_budding_51_sdown.jpg
vegetative,20260328_1037_vegetative_49.jpg,data/raw/vegetative/20260328_1037_vegetative_49.jpg
vegetative,20260328_1031_vegetative_30_sdown.jpg,data/raw/vegetative/20260328_1031_vegetative_30_sdown.jpg
pre_bloom,flowerin_0000_pre_bloom_83_sdown.jpg,data/raw/pre_bloom/flowerin_0000_pre_bloom_83_sdown.jpg
vegetative,vegetati_0000_vegetative_177_bdown.jpg,data/raw/vegetative/vegetati_0000_vegetative_177_bdown.jpg
seed_formation,20260328_1007_seed_formation_5_cup.jpg,data/raw/seed_formation/20260328_1007_seed_formation_5_cup.jpg
full_bloom,20260715_1556_full_bloom_7_cup.jpg,data/raw/full_bloom/20260715_1556_full_bloom_7_cup.jpg
budding,20260328_1005_budding_51_bdown.jpg,data/raw/budding/20260328_1005_budding_51_bdown.jpg
seed_formation,20260328_1019_seed_formation_34_sup.jpg,data/raw/seed_formation/20260328_1019_seed_formation_34_sup.jpg
full_bloom,20260328_1100_full_bloom_98_rot30.jpg,data/raw/full_bloom/20260328_1100_full_bloom_98_rot30.jpg
vegetative,20260328_1117_vegetative_76_bdown.jpg,data/raw/vegetative/20260328_1117_vegetative_76_bdown.jpg
pre_bloom,20260727_1555_pre_bloom_41_rot30.jpg,data/raw/pre_bloom/20260727_1555_pre_bloom_41_rot30.jpg
pre_bloom,20260727_1722_pre_bloom_58_sdown.jpg,data/raw/pre_bloom/20260727_1722_pre_bloom_58_sdown.jpg
pre_bloom,20260328_1006_pre_bloom_10_rot45.jpg,data/raw/pre_bloom/20260328_1006_pre_bloom_10_rot45.jpg
budding,20260328_1005_budding_51_cup.jpg,data/raw/budding/20260328_1005_budding_51_cup.jpg
wilting,20260824_1721_wilting_107.jpg,data/raw/wilting/20260824_1721_wilting_107.jpg
wilting,20260824_1709_wilting_82_bdown.jpg,data/raw/wilting/20260824_1709_wilting_82_bdown.jpg
full_bloom,20260328_1100_full_bloom_98_bup.jpg,data/raw/full_bloom/20260328_1100_full_bloom_98_bup.jpg
wilting,20260824_1706_wilting_53_rot60.jpg,data/raw/wilting/20260824_1706_wilting_53_rot60.jpg
seed_formation,20260328_1041_seed_formation_114_rot45.jpg,data/raw/seed_formation/20260328_1041_seed_formation_114_rot45.jpg
vegetative,20260712_0837_vegetative_100_bup.jpg,data/raw/vegetative/20260712_0837_vegetative_100_bup.jpg
full_bloom,20260722_1804_full_bloom_29_rot60.jpg,data/raw/full_bloom/20260722_1804_full_bloom_29_rot60.jpg
full_bloom,20260722_1744_full_bloom_24_rot30.jpg,data/raw/full_bloom/20260722_1744_full_bloom_24_rot30.jpg
seed_formation,20260328_1020_seed_formation_54_cup.jpg,data/raw/seed_formation/20260328_1020_seed_formation_54_cup.jpg
seed_formation,20260328_1022_seed_formation_61_cdown.jpg,data/raw/seed_formation/20260328_1022_seed_formation_61_cdown.jpg
seed_formation,20260328_1008_seed_formation_8_rot30.jpg,data/raw/seed_formation/20260328_1008_seed_formation_8_rot30.jpg
wilting,20260824_1706_wilting_61_bdown.jpg,data/raw/wilting/20260824_1706_wilting_61_bdown.jpg
full_bloom,20260328_1052_full_bloom_63_rot30.jpg,data/raw/full_bloom/20260328_1052_full_bloom_63_rot30.jpg
pre_bloom,20260328_1043_pre_bloom_36_sup.jpg,data/raw/pre_bloom/20260328_1043_pre_bloom_36_sup.jpg
wilting,20260824_1707_wilting_65_rot45.jpg,data/raw/wilting/20260824_1707_wilting_65_rot45.jpg
vegetative,vegetati_0000_vegetative_175_bup.jpg,data/raw/vegetative/vegetati_0000_vegetative_175_bup.jpg
budding,20260328_1123_budding_218_sup.jpg,data/raw/budding/20260328_1123_budding_218_sup.jpg
pre_bloom,20260328_1108_pre_bloom_50_sdown.jpg,data/raw/pre_bloom/20260328_1108_pre_bloom_50_sdown.jpg
pre_bloom,20260811_1640_pre_bloom_115_rot45.jpg,data/raw/pre_bloom/20260811_1640_pre_bloom_115_rot45.jpg
wilting,20260819_1716_wilting_24_sup.jpg,data/raw/wilting/20260819_1716_wilting_24_sup.jpg
seed_formation,20260328_1039_seed_formation_87_cdown.jpg,data/raw/seed_formation/20260328_1039_seed_formation_87_cdown.jpg
budding,20260328_1005_budding_48_sdown.jpg,data/raw/budding/20260328_1005_budding_48_sdown.jpg
vegetative,20260328_1032_vegetative_35_rot45.jpg,data/raw/vegetative/20260328_1032_vegetative_35_rot45.jpg
full_bloom,20260328_1053_full_bloom_80_rot60.jpg,data/raw/full_bloom/20260328_1053_full_bloom_80_rot60.jpg
full_bloom,20260727_1711_full_bloom_56_cdown.jpg,data/raw/full_bloom/20260727_1711_full_bloom_56_cdown.jpg
vegetative,20260328_1046_vegetative_65_bdown.jpg,data/raw/vegetative/20260328_1046_vegetative_65_bdown.jpg
vegetative,20260328_1117_vegetative_76_rot30.jpg,data/raw/vegetative/20260328_1117_vegetative_76_rot30.jpg
full_bloom,20260727_1709_full_bloom_40_cdown.jpg,data/raw/full_bloom/20260727_1709_full_bloom_40_cdown.jpg
pre_bloom,20260328_1043_pre_bloom_36_cup.jpg,data/raw/pre_bloom/20260328_1043_pre_bloom_36_cup.jpg
full_bloom,20260328_1052_full_bloom_60_bdown.jpg,data/raw/full_bloom/20260328_1052_full_bloom_60_bdown.jpg
seed_formation,20260328_1020_seed_formation_57_bdown.jpg,data/raw/seed_formation/20260328_1020_seed_formation_57_bdown.jpg
budding,20260328_1005_budding_55_rot60.jpg,data/raw/budding/20260328_1005_budding_55_rot60.jpg
vegetative,20260328_1117_vegetative_76_rot45.jpg,data/raw/vegetative/20260328_1117_vegetative_76_rot45.jpg
budding,20260328_1111_budding_177_cup.jpg,data/raw/budding/20260328_1111_budding_177_cup.jpg
full_bloom,20260715_1557_full_bloom_14_bdown.jpg,data/raw/full_bloom/20260715_1557_full_bloom_14_bdown.jpg
budding,20260328_1122_budding_205_rot30.jpg,data/raw/budding/20260328_1122_budding_205_rot30.jpg
seed_formation,20260328_1039_seed_formation_89_bup.jpg,data/raw/seed_formation/20260328_1039_seed_formation_89_bup.jpg
full_bloom,20260328_1053_full_bloom_74_sdown.jpg,data/raw/full_bloom/20260328_1053_full_bloom_74_sdown.jpg
full_bloom,20260722_1743_full_bloom_19.jpg,data/raw/full_bloom/20260722_1743_full_bloom_19.jpg
pre_bloom,20260811_1640_pre_bloom_113_rot30.jpg,data/raw/pre_bloom/20260811_1640_pre_bloom_113_rot30.jpg
full_bloom,bloom4.p_0000_full_bloom_146_bup.jpg,data/raw/full_bloom/bloom4.p_0000_full_bloom_146_bup.jpg
pre_bloom,20260731_1656_pre_bloom_80_rot30.jpg,data/raw/pre_bloom/20260731_1656_pre_bloom_80_rot30.jpg
wilting,20260824_1706_wilting_59_cup.jpg,data/raw/wilting/20260824_1706_wilting_59_cup.jpg
pre_bloom,20260811_1640_pre_bloom_124_bup.jpg,data/raw/pre_bloom/20260811_1640_pre_bloom_124_bup.jpg
seed_formation,20260328_1019_seed_formation_38_sup.jpg,data/raw/seed_formation/20260328_1019_seed_formation_38_sup.jpg
seed_formation,seedling_0000_seed_formation_191_sup.jpg,data/raw/seed_formation/seedling_0000_seed_formation_191_sup.jpg
pre_bloom,20260328_1003_pre_bloom_2_cup.jpg,data/raw/pre_bloom/20260328_1003_pre_bloom_2_cup.jpg
vegetative,20260328_1046_vegetative_55_rot60.jpg,data/raw/vegetative/20260328_1046_vegetative_55_rot60.jpg
seed_formation,20260328_1022_seed_formation_63_sup.jpg,data/raw/seed_formation/20260328_1022_seed_formation_63_sup.jpg
seed_formation,20260328_1008_seed_formation_16_rot30.jpg,data/raw/seed_formation/20260328_1008_seed_formation_16_rot30.jpg
vegetative,20260328_1046_vegetative_54_cdown.jpg,data/raw/vegetative/20260328_1046_vegetative_54_cdown.jpg
wilting,20260824_1721_wilting_106_rot30.jpg,data/raw/wilting/20260824_1721_wilting_106_rot30.jpg
seed_formation,20260727_1715_seed_formation_26_sdown.jpg,data/raw/seed_formation/20260727_1715_seed_formation_26_sdown.jpg
wilting,20260727_1724_wilting_12_sup.jpg,data/raw/wilting/20260727_1724_wilting_12_sup.jpg
pre_bloom,20260328_1005_pre_bloom_8_cdown.jpg,data/raw/pre_bloom/20260328_1005_pre_bloom_8_cdown.jpg
full_bloom,20260328_1109_full_bloom_109_rot60.jpg,data/raw/full_bloom/20260328_1109_full_bloom_109_rot60.jpg
seed_formation,20260328_1020_seed_formation_56_rot30.jpg,data/raw/seed_formation/20260328_1020_seed_formation_56_rot30.jpg
wilting,20260824_1706_wilting_53_cdown.jpg,data/raw/wilting/20260824_1706_wilting_53_cdown.jpg
seed_formation,20260328_1042_seed_formation_123_bup.jpg,data/raw/seed_formation/20260328_1042_seed_formation_123_bup.jpg
seed_formation,20260328_1041_seed_formation_114_bdown.jpg,data/raw/seed_formation/20260328_1041_seed_formation_114_bdown.jpg
budding,inflores_0000_budding_228_bup.jpg,data/raw/budding/inflores_0000_budding_228_bup.jpg
vegetative,20260712_0846_vegetative_108_rot45.jpg,data/raw/vegetative/20260712_0846_vegetative_108_rot45.jpg
budding,20260328_1005_budding_53_sdown.jpg,data/raw/budding/20260328_1005_budding_53_sdown.jpg
wilting,20260824_1706_wilting_60_rot30.jpg,data/raw/wilting/20260824_1706_wilting_60_rot30.jpg
wilting,20260814_1636_wilting_15_bdown.jpg,data/raw/wilting/20260814_1636_wilting_15_bdown.jpg
seed_formation,seedling_0000_seed_formation_189_rot45.jpg,data/raw/seed_formation/seedling_0000_seed_formation_189_rot45.jpg
full_bloom,20260328_1037_full_bloom_37_rot45.jpg,data/raw/full_bloom/20260328_1037_full_bloom_37_rot45.jpg
seed_formation,20260715_1602_seed_formation_140_rot45.jpg,data/raw/seed_formation/20260715_1602_seed_formation_140_rot45.jpg
seed_formation,20260328_1008_seed_formation_8_cdown.jpg,data/raw/seed_formation/20260328_1008_seed_formation_8_cdown.jpg
full_bloom,20260727_1707_full_bloom_31.jpg,data/raw/full_bloom/20260727_1707_full_bloom_31.jpg
seed_formation,20260328_1040_seed_formation_107_cup.jpg,data/raw/seed_formation/20260328_1040_seed_formation_107_cup.jpg
pre_bloom,20260328_1108_pre_bloom_64_rot60.jpg,data/raw/pre_bloom/20260328_1108_pre_bloom_64_rot60.jpg
full_bloom,20260328_1052_full_bloom_61_rot45.jpg,data/raw/full_bloom/20260328_1052_full_bloom_61_rot45.jpg
pre_bloom,20260722_1743_pre_bloom_20_cup.jpg,data/raw/pre_bloom/20260722_1743_pre_bloom_20_cup.jpg
pre_bloom,20260712_0854_pre_bloom_4_sup.jpg,data/raw/pre_bloom/20260712_0854_pre_bloom_4_sup.jpg
full_bloom,20260328_1038_full_bloom_47_bdown.jpg,data/raw/full_bloom/20260328_1038_full_bloom_47_bdown.jpg
vegetative,20260328_1037_vegetative_44_sup.jpg,data/raw/vegetative/20260328_1037_vegetative_44_sup.jpg
wilting,20260824_1720_wilting_92_bdown.jpg,data/raw/wilting/20260824_1720_wilting_92_bdown.jpg
budding,20260328_1121_budding_189_rot45.jpg,data/raw/budding/20260328_1121_budding_189_rot45.jpg
full_bloom,20260328_1037_full_bloom_36.jpg,data/raw/full_bloom/20260328_1037_full_bloom_36.jpg
seed_formation,20260328_1009_seed_formation_28_rot60.jpg,data/raw/seed_formation/20260328_1009_seed_formation_28_rot60.jpg
vegetative,20260328_1046_vegetative_60.jpg,data/raw/vegetative/20260328_1046_vegetative_60.jpg
pre_bloom,20260811_1640_pre_bloom_123_sdown.jpg,data/raw/pre_bloom/20260811_1640_pre_bloom_123_sdown.jpg
pre_bloom,20260328_1002_pre_bloom_1_rot45.jpg,data/raw/pre_bloom/20260328_1002_pre_bloom_1_rot45.jpg
budding,20260328_1042_budding_131_sdown.jpg,data/raw/budding/20260328_1042_budding_131_sdown.jpg
seed_formation,20260328_1041_seed_formation_109_rot30.jpg,data/raw/seed_formation/20260328_1041_seed_formation_109_rot30.jpg
vegetative,20260328_1117_vegetative_88_sup.jpg,data/raw/vegetative/20260328_1117_vegetative_88_sup.jpg
budding,20260328_1011_budding_93.jpg,data/raw/budding/20260328_1011_budding_93.jpg
vegetative,20260328_1006_vegetative_5_rot30.jpg,data/raw/vegetative/20260328_1006_vegetative_5_rot30.jpg
budding,20260328_1005_budding_39.jpg,data/raw/budding/20260328_1005_budding_39.jpg
budding,20260328_1005_budding_65_sdown.jpg,data/raw/budding/20260328_1005_budding_65_sdown.jpg
budding,20260328_1005_budding_57_bdown.jpg,data/raw/budding/20260328_1005_budding_57_bdown.jpg
full_bloom,20260715_1557_full_bloom_13_cup.jpg,data/raw/full_bloom/20260715_1557_full_bloom_13_cup.jpg
wilting,20260824_1720_wilting_90_sdown.jpg,data/raw/wilting/20260824_1720_wilting_90_sdown.jpg
budding,20260328_1018_budding_128_sup.jpg,data/raw/budding/20260328_1018_budding_128_sup.jpg
wilting,20260814_1646_wilting_35_sup.jpg,data/raw/wilting/20260814_1646_wilting_35_sup.jpg
full_bloom,20260328_1110_full_bloom_119_cup.jpg,data/raw/full_bloom/20260328_1110_full_bloom_119_cup.jpg
full_bloom,20260328_1013_full_bloom_12_cup.jpg,data/raw/full_bloom/20260328_1013_full_bloom_12_cup.jpg
full_bloom,flowerin_0000_full_bloom_154_bup.jpg,data/raw/full_bloom/flowerin_0000_full_bloom_154_bup.jpg
pre_bloom,flowerin_0000_pre_bloom_81_rot30.jpg,data/raw/pre_bloom/flowerin_0000_pre_bloom_81_rot30.jpg
full_bloom,20260328_1051_full_bloom_52_sdown.jpg,data/raw/full_bloom/20260328_1051_full_bloom_52_sdown.jpg
full_bloom,20260328_1051_full_bloom_50_cdown.jpg,data/raw/full_bloom/20260328_1051_full_bloom_50_cdown.jpg
seed_formation,20260722_1745_seed_formation_12_bdown.jpg,data/raw/seed_formation/20260722_1745_seed_formation_12_bdown.jpg
budding,20260328_1121_budding_185.jpg,data/raw/budding/20260328_1121_budding_185.jpg
budding,20260328_1055_budding_138_bup.jpg,data/raw/budding/20260328_1055_budding_138_bup.jpg
pre_bloom,20260328_1042_pre_bloom_33_sdown.jpg,data/raw/pre_bloom/20260328_1042_pre_bloom_33_sdown.jpg
budding,20260328_1055_budding_143_cup.jpg,data/raw/budding/20260328_1055_budding_143_cup.jpg
pre_bloom,20260727_1737_pre_bloom_74_cdown.jpg,data/raw/pre_bloom/20260727_1737_pre_bloom_74_cdown.jpg
full_bloom,20260328_1038_full_bloom_42_rot30.jpg,data/raw/full_bloom/20260328_1038_full_bloom_42_rot30.jpg
wilting,20260824_1706_wilting_56_cup.jpg,data/raw/wilting/20260824_1706_wilting_56_cup.jpg
full_bloom,20260328_1012_full_bloom_1_cdown.jpg,data/raw/full_bloom/20260328_1012_full_bloom_1_cdown.jpg
budding,20260328_1005_budding_58_rot30.jpg,data/raw/budding/20260328_1005_budding_58_rot30.jpg
full_bloom,20260715_1556_full_bloom_9_sdown.jpg,data/raw/full_bloom/20260715_1556_full_bloom_9_sdown.jpg
full_bloom,20260328_1053_full_bloom_77_rot45.jpg,data/raw/full_bloom/20260328_1053_full_bloom_77_rot45.jpg
wilting,20260824_1719_wilting_88_sup.jpg,data/raw/wilting/20260824_1719_wilting_88_sup.jpg
pre_bloom,20260727_1555_pre_bloom_42_sup.jpg,data/raw/pre_bloom/20260727_1555_pre_bloom_42_sup.jpg
budding,20260328_1110_budding_172_rot60.jpg,data/raw/budding/20260328_1110_budding_172_rot60.jpg
full_bloom,flowerin_0000_full_bloom_149_cdown.jpg,data/raw/full_bloom/flowerin_0000_full_bloom_149_cdown.jpg
full_bloom,20260328_1114_full_bloom_131_rot45.jpg,data/raw/full_bloom/20260328_1114_full_bloom_131_rot45.jpg
budding,20260328_1121_budding_188_sdown.jpg,data/raw/budding/20260328_1121_budding_188_sdown.jpg
budding,20260328_1005_budding_15_cdown.jpg,data/raw/budding/20260328_1005_budding_15_cdown.jpg
vegetative,20260328_1046_vegetative_65_rot45.jpg,data/raw/vegetative/20260328_1046_vegetative_65_rot45.jpg
seed_formation,20260328_1006_seed_formation_3_cup.jpg,data/raw/seed_formation/20260328_1006_seed_formation_3_cup.jpg
vegetative,20260712_0901_vegetative_121_rot30.jpg,data/raw/vegetative/20260712_0901_vegetative_121_rot30.jpg
pre_bloom,20260727_1722_pre_bloom_59_rot60.jpg,data/raw/pre_bloom/20260727_1722_pre_bloom_59_rot60.jpg
vegetative,20260328_1046_vegetative_64.jpg,data/raw/vegetative/20260328_1046_vegetative_64.jpg
seed_formation,20260328_1008_seed_formation_12_cdown.jpg,data/raw/seed_formation/20260328_1008_seed_formation_12_cdown.jpg
vegetative,20260328_1123_vegetative_97_rot30.jpg,data/raw/vegetative/20260328_1123_vegetative_97_rot30.jpg
budding,20260328_1123_budding_217_bdown.jpg,data/raw/budding/20260328_1123_budding_217_bdown.jpg
vegetative,20260328_1046_vegetative_66_sdown.jpg,data/raw/vegetative/20260328_1046_vegetative_66_sdown.jpg
seed_formation,20260715_1602_seed_formation_145.jpg,data/raw/seed_formation/20260715_1602_seed_formation_145.jpg
pre_bloom,20260328_1109_pre_bloom_69_sdown.jpg,data/raw/pre_bloom/20260328_1109_pre_bloom_69_sdown.jpg
vegetative,20260328_1046_vegetative_66_cup.jpg,data/raw/vegetative/20260328_1046_vegetative_66_cup.jpg
seed_formation,20260731_1719_seed_formation_184_rot60.jpg,data/raw/seed_formation/20260731_1719_seed_formation_184_rot60.jpg
vegetative,20260712_0848_vegetative_110_bdown.jpg,data/raw/vegetative/20260712_0848_vegetative_110_bdown.jpg
pre_bloom,20260811_1639_pre_bloom_110_cdown.jpg,data/raw/pre_bloom/20260811_1639_pre_bloom_110_cdown.jpg
seed_formation,20260328_1008_seed_formation_11_rot45.jpg,data/raw/seed_formation/20260328_1008_seed_formation_11_rot45.jpg
full_bloom,20260328_1115_full_bloom_139_rot45.jpg,data/raw/full_bloom/20260328_1115_full_bloom_139_rot45.jpg
budding,inflores_0000_budding_228_cdown.jpg,data/raw/budding/inflores_0000_budding_228_cdown.jpg
wilting,20260824_1721_wilting_100_rot60.jpg,data/raw/wilting/20260824_1721_wilting_100_rot60.jpg
full_bloom,20260727_1711_full_bloom_56_rot60.jpg,data/raw/full_bloom/20260727_1711_full_bloom_56_rot60.jpg
wilting,20260819_1717_wilting_31_sup.jpg,data/raw/wilting/20260819_1717_wilting_31_sup.jpg
pre_bloom,20260328_1043_pre_bloom_37_sup.jpg,data/raw/pre_bloom/20260328_1043_pre_bloom_37_sup.jpg
vegetative,20260804_1655_vegetative_154_sup.jpg,data/raw/vegetative/20260804_1655_vegetative_154_sup.jpg
vegetative,20260328_1117_vegetative_91_rot45.jpg,data/raw/vegetative/20260328_1117_vegetative_91_rot45.jpg
budding,20260328_1010_budding_85_bdown.jpg,data/raw/budding/20260328_1010_budding_85_bdown.jpg
seed_formation,20260727_1715_seed_formation_33_sup.jpg,data/raw/seed_formation/20260727_1715_seed_formation_33_sup.jpg
full_bloom,20260328_1110_full_bloom_115_rot45.jpg,data/raw/full_bloom/20260328_1110_full_bloom_115_rot45.jpg
vegetative,vegetati_0000_vegetative_179_cdown.jpg,data/raw/vegetative/vegetati_0000_vegetative_179_cdown.jpg
wilting,20260328_1056_wilting_3_bdown.jpg,data/raw/wilting/20260328_1056_wilting_3_bdown.jpg
vegetative,20260328_1032_vegetative_35.jpg,data/raw/vegetative/20260328_1032_vegetative_35.jpg
pre_bloom,20260328_1108_pre_bloom_48.jpg,data/raw/pre_bloom/20260328_1108_pre_bloom_48.jpg
pre_bloom,Budding0_0000_pre_bloom_80.jpg,data/raw/pre_bloom/Budding0_0000_pre_bloom_80.jpg
seed_formation,20260328_1019_seed_formation_34_bup.jpg,data/raw/seed_formation/20260328_1019_seed_formation_34_bup.jpg
budding,20260328_1055_budding_138_sdown.jpg,data/raw/budding/20260328_1055_budding_138_sdown.jpg
vegetative,20260328_1015_vegetative_15.jpg,data/raw/vegetative/20260328_1015_vegetative_15.jpg
vegetative,20260328_1006_vegetative_6_bdown.jpg,data/raw/vegetative/20260328_1006_vegetative_6_bdown.jpg
budding,20260328_1005_budding_47_cup.jpg,data/raw/budding/20260328_1005_budding_47_cup.jpg
vegetative,20260804_1656_vegetative_162_sup.jpg,data/raw/vegetative/20260804_1656_vegetative_162_sup.jpg
budding,20260328_1005_budding_43_sup.jpg,data/raw/budding/20260328_1005_budding_43_sup.jpg
pre_bloom,20260731_1708_pre_bloom_90_bup.jpg,data/raw/pre_bloom/20260731_1708_pre_bloom_90_bup.jpg
seed_formation,20260328_1006_seed_formation_3_sup.jpg,data/raw/seed_formation/20260328_1006_seed_formation_3_sup.jpg
vegetative,20260328_1123_vegetative_96_bup.jpg,data/raw/vegetative/20260328_1123_vegetative_96_bup.jpg
full_bloom,20260328_1038_full_bloom_42_sup.jpg,data/raw/full_bloom/20260328_1038_full_bloom_42_sup.jpg
budding,20260328_1121_budding_188_sup.jpg,data/raw/budding/20260328_1121_budding_188_sup.jpg
full_bloom,flowerin_0000_full_bloom_156_rot30.jpg,data/raw/full_bloom/flowerin_0000_full_bloom_156_rot30.jpg
wilting,20260824_1705_wilting_49_rot60.jpg,data/raw/wilting/20260824_1705_wilting_49_rot60.jpg
pre_bloom,20260328_1018_pre_bloom_19_bdown.jpg,data/raw/pre_bloom/20260328_1018_pre_bloom_19_bdown.jpg
seed_formation,20260328_1009_seed_formation_32_bdown.jpg,data/raw/seed_formation/20260328_1009_seed_formation_32_bdown.jpg
budding,20260328_1011_budding_101_bdown.jpg,data/raw/budding/20260328_1011_budding_101_bdown.jpg
budding,20260328_1005_budding_8_sdown.jpg,data/raw/budding/20260328_1005_budding_8_sdown.jpg
budding,inflores_0000_budding_227_cup.jpg,data/raw/budding/inflores_0000_budding_227_cup.jpg
pre_bloom,20260722_1742_pre_bloom_15.jpg,data/raw/pre_bloom/20260722_1742_pre_bloom_15.jpg
full_bloom,20260328_1053_full_bloom_79_cup.jpg,data/raw/full_bloom/20260328_1053_full_bloom_79_cup.jpg
full_bloom,20260715_1557_full_bloom_15_cdown.jpg,data/raw/full_bloom/20260715_1557_full_bloom_15_cdown.jpg
full_bloom,20260328_1053_full_bloom_80_bdown.jpg,data/raw/full_bloom/20260328_1053_full_bloom_80_bdown.jpg
seed_formation,20260328_1020_seed_formation_44_cdown.jpg,data/raw/seed_formation/20260328_1020_seed_formation_44_cdown.jpg
budding,20260328_1005_budding_47_cdown.jpg,data/raw/budding/20260328_1005_budding_47_cdown.jpg
seed_formation,20260328_1039_seed_formation_89_bdown.jpg,data/raw/seed_formation/20260328_1039_seed_formation_89_bdown.jpg
budding,budding2_0000_budding_224_rot45.jpg,data/raw/budding/budding2_0000_budding_224_rot45.jpg
full_bloom,20260328_1038_full_bloom_40_bdown.jpg,data/raw/full_bloom/20260328_1038_full_bloom_40_bdown.jpg
wilting,20260824_1706_wilting_58_rot60.jpg,data/raw/wilting/20260824_1706_wilting_58_rot60.jpg
full_bloom,20260328_1013_full_bloom_13.jpg,data/raw/full_bloom/20260328_1013_full_bloom_13.jpg
wilting,20260824_1721_wilting_106_rot45.jpg,data/raw/wilting/20260824_1721_wilting_106_rot45.jpg
seed_formation,20260328_1006_seed_formation_1.jpg,data/raw/seed_formation/20260328_1006_seed_formation_1.jpg
wilting,20260819_1659_wilting_16_rot30.jpg,data/raw/wilting/20260819_1659_wilting_16_rot30.jpg
pre_bloom,flowerin_0000_pre_bloom_81_cup.jpg,data/raw/pre_bloom/flowerin_0000_pre_bloom_81_cup.jpg
budding,20260328_1123_budding_222_sup.jpg,data/raw/budding/20260328_1123_budding_222_sup.jpg
vegetative,20260712_0838_vegetative_104_rot30.jpg,data/raw/vegetative/20260712_0838_vegetative_104_rot30.jpg
budding,20260328_1011_budding_95_sdown.jpg,data/raw/budding/20260328_1011_budding_95_sdown.jpg
budding,budding2_0000_budding_224_rot30.jpg,data/raw/budding/budding2_0000_budding_224_rot30.jpg
budding,20260328_1123_budding_219_bup.jpg,data/raw/budding/20260328_1123_budding_219_bup.jpg
pre_bloom,20260811_1640_pre_bloom_113_bup.jpg,data/raw/pre_bloom/20260811_1640_pre_bloom_113_bup.jpg
full_bloom,20260328_1110_full_bloom_119_sup.jpg,data/raw/full_bloom/20260328_1110_full_bloom_119_sup.jpg
seed_formation,20260328_1042_seed_formation_123_rot30.jpg,data/raw/seed_formation/20260328_1042_seed_formation_123_rot30.jpg
vegetative,20260328_1117_vegetative_82_rot30.jpg,data/raw/vegetative/20260328_1117_vegetative_82_rot30.jpg
wilting,20260824_1706_wilting_59_bup.jpg,data/raw/wilting/20260824_1706_wilting_59_bup.jpg
pre_bloom,20260726_1337_pre_bloom_34_rot45.jpg,data/raw/pre_bloom/20260726_1337_pre_bloom_34_rot45.jpg
seed_formation,20260328_1039_seed_formation_83.jpg,data/raw/seed_formation/20260328_1039_seed_formation_83.jpg
vegetative,20260328_1117_vegetative_94.jpg,data/raw/vegetative/20260328_1117_vegetative_94.jpg
budding,20260328_1122_budding_215_cup.jpg,data/raw/budding/20260328_1122_budding_215_cup.jpg
pre_bloom,20260328_1108_pre_bloom_59.jpg,data/raw/pre_bloom/20260328_1108_pre_bloom_59.jpg
seed_formation,20260727_1715_seed_formation_33_bdown.jpg,data/raw/seed_formation/20260727_1715_seed_formation_33_bdown.jpg
budding,20260328_1055_budding_138.jpg,data/raw/budding/20260328_1055_budding_138.jpg
full_bloom,20260727_1707_full_bloom_35_cdown.jpg,data/raw/full_bloom/20260727_1707_full_bloom_35_cdown.jpg
pre_bloom,20260727_1737_pre_bloom_72_rot60.jpg,data/raw/pre_bloom/20260727_1737_pre_bloom_72_rot60.jpg
vegetative,20260328_1038_vegetative_53_rot30.jpg,data/raw/vegetative/20260328_1038_vegetative_53_rot30.jpg
full_bloom,20260722_1658_full_bloom_17_rot45.jpg,data/raw/full_bloom/20260722_1658_full_bloom_17_rot45.jpg
pre_bloom,20260811_1640_pre_bloom_124_sdown.jpg,data/raw/pre_bloom/20260811_1640_pre_bloom_124_sdown.jpg
budding,20260328_1122_budding_207.jpg,data/raw/budding/20260328_1122_budding_207.jpg
seed_formation,20260328_1041_seed_formation_111.jpg,data/raw/seed_formation/20260328_1041_seed_formation_111.jpg
full_bloom,20260328_1013_full_bloom_15.jpg,data/raw/full_bloom/20260328_1013_full_bloom_15.jpg
full_bloom,20260328_1109_full_bloom_112_rot45.jpg,data/raw/full_bloom/20260328_1109_full_bloom_112_rot45.jpg
seed_formation,20260328_1042_seed_formation_124.jpg,data/raw/seed_formation/20260328_1042_seed_formation_124.jpg
seed_formation,20260328_1006_seed_formation_1_bup.jpg,data/raw/seed_formation/20260328_1006_seed_formation_1_bup.jpg
budding,20260328_1122_budding_210_rot60.jpg,data/raw/budding/20260328_1122_budding_210_rot60.jpg
vegetative,20260712_0902_vegetative_131_cup.jpg,data/raw/vegetative/20260712_0902_vegetative_131_cup.jpg
pre_bloom,20260727_1711_pre_bloom_50_rot30.jpg,data/raw/pre_bloom/20260727_1711_pre_bloom_50_rot30.jpg
seed_formation,20260328_1039_seed_formation_79_cdown.jpg,data/raw/seed_formation/20260328_1039_seed_formation_79_cdown.jpg
full_bloom,20260328_1054_full_bloom_86_rot45.jpg,data/raw/full_bloom/20260328_1054_full_bloom_86_rot45.jpg
pre_bloom,20260328_1108_pre_bloom_49.jpg,data/raw/pre_bloom/20260328_1108_pre_bloom_49.jpg
vegetative,20260328_1046_vegetative_59_bdown.jpg,data/raw/vegetative/20260328_1046_vegetative_59_bdown.jpg
seed_formation,20260727_1732_seed_formation_169_bup.jpg,data/raw/seed_formation/20260727_1732_seed_formation_169_bup.jpg
wilting,20260819_1717_wilting_29_sdown.jpg,data/raw/wilting/20260819_1717_wilting_29_sdown.jpg
wilting,20260824_1708_wilting_71_sdown.jpg,data/raw/wilting/20260824_1708_wilting_71_sdown.jpg
full_bloom,20260328_1051_full_bloom_54_sdown.jpg,data/raw/full_bloom/20260328_1051_full_bloom_54_sdown.jpg
wilting,20260722_1658_wilting_6_bdown.jpg,data/raw/wilting/20260722_1658_wilting_6_bdown.jpg
full_bloom,20260328_1052_full_bloom_63.jpg,data/raw/full_bloom/20260328_1052_full_bloom_63.jpg
seed_formation,20260722_1745_seed_formation_13_sup.jpg,data/raw/seed_formation/20260722_1745_seed_formation_13_sup.jpg
budding,20260328_1005_budding_25_rot30.jpg,data/raw/budding/20260328_1005_budding_25_rot30.jpg
vegetative,20260712_0902_vegetative_136_bdown.jpg,data/raw/vegetative/20260712_0902_vegetative_136_bdown.jpg
pre_bloom,20260328_1005_pre_bloom_7_rot60.jpg,data/raw/pre_bloom/20260328_1005_pre_bloom_7_rot60.jpg
full_bloom,20260328_1038_full_bloom_40_rot60.jpg,data/raw/full_bloom/20260328_1038_full_bloom_40_rot60.jpg
pre_bloom,20260727_1711_pre_bloom_50_cup.jpg,data/raw/pre_bloom/20260727_1711_pre_bloom_50_cup.jpg
seed_formation,20260722_1755_seed_formation_167_sup.jpg,data/raw/seed_formation/20260722_1755_seed_formation_167_sup.jpg
vegetative,20260712_0910_vegetative_143_cup.jpg,data/raw/vegetative/20260712_0910_vegetative_143_cup.jpg
budding,20260328_1005_budding_34_sup.jpg,data/raw/budding/20260328_1005_budding_34_sup.jpg
vegetative,20260328_1023_vegetative_18_bup.jpg,data/raw/vegetative/20260328_1023_vegetative_18_bup.jpg
vegetative,20260328_1116_vegetative_73_sup.jpg,data/raw/vegetative/20260328_1116_vegetative_73_sup.jpg
vegetative,20260328_1123_vegetative_97_bup.jpg,data/raw/vegetative/20260328_1123_vegetative_97_bup.jpg
full_bloom,20260328_1052_full_bloom_59_sup.jpg,data/raw/full_bloom/20260328_1052_full_bloom_59_sup.jpg
full_bloom,20260328_1037_full_bloom_36_sdown.jpg,data/raw/full_bloom/20260328_1037_full_bloom_36_sdown.jpg
full_bloom,20260722_1803_full_bloom_25_bdown.jpg,data/raw/full_bloom/20260722_1803_full_bloom_25_bdown.jpg
seed_formation,20260722_1754_seed_formation_159_rot45.jpg,data/raw/seed_formation/20260722_1754_seed_formation_159_rot45.jpg
vegetative,20260328_1046_vegetative_66_sup.jpg,data/raw/vegetative/20260328_1046_vegetative_66_sup.jpg
budding,20260328_1005_budding_2_rot30.jpg,data/raw/budding/20260328_1005_budding_2_rot30.jpg
budding,20260328_1005_budding_38_sup.jpg,data/raw/budding/20260328_1005_budding_38_sup.jpg
full_bloom,20260328_1051_full_bloom_50_bdown.jpg,data/raw/full_bloom/20260328_1051_full_bloom_50_bdown.jpg
wilting,20260824_1709_wilting_80_sup.jpg,data/raw/wilting/20260824_1709_wilting_80_sup.jpg
budding,20260328_1005_budding_45_bup.jpg,data/raw/budding/20260328_1005_budding_45_bup.jpg
seed_formation,20260328_1008_seed_formation_21_sup.jpg,data/raw/seed_formation/20260328_1008_seed_formation_21_sup.jpg
vegetative,vegetati_0000_vegetative_173_cdown.jpg,data/raw/vegetative/vegetati_0000_vegetative_173_cdown.jpg
full_bloom,20260727_1724_full_bloom_68_cdown.jpg,data/raw/full_bloom/20260727_1724_full_bloom_68_cdown.jpg
full_bloom,20260328_1112_full_bloom_125_cdown.jpg,data/raw/full_bloom/20260328_1112_full_bloom_125_cdown.jpg
full_bloom,20260328_1054_full_bloom_90_bup.jpg,data/raw/full_bloom/20260328_1054_full_bloom_90_bup.jpg
pre_bloom,Budding0_0000_pre_bloom_75_rot60.jpg,data/raw/pre_bloom/Budding0_0000_pre_bloom_75_rot60.jpg
pre_bloom,20260811_1640_pre_bloom_120_sup.jpg,data/raw/pre_bloom/20260811_1640_pre_bloom_120_sup.jpg
vegetative,20260328_1037_vegetative_47_sup.jpg,data/raw/vegetative/20260328_1037_vegetative_47_sup.jpg
pre_bloom,20260328_1003_pre_bloom_2_rot60.jpg,data/raw/pre_bloom/20260328_1003_pre_bloom_2_rot60.jpg
full_bloom,20260328_1053_full_bloom_84_sdown.jpg,data/raw/full_bloom/20260328_1053_full_bloom_84_sdown.jpg
vegetative,20260804_1656_vegetative_162_bdown.jpg,data/raw/vegetative/20260804_1656_vegetative_162_bdown.jpg
pre_bloom,20260727_1737_pre_bloom_72_cup.jpg,data/raw/pre_bloom/20260727_1737_pre_bloom_72_cup.jpg
budding,20260328_1005_budding_8.jpg,data/raw/budding/20260328_1005_budding_8.jpg
full_bloom,20260328_1114_full_bloom_129_cup.jpg,data/raw/full_bloom/20260328_1114_full_bloom_129_cup.jpg
pre_bloom,20260328_1109_pre_bloom_68.jpg,data/raw/pre_bloom/20260328_1109_pre_bloom_68.jpg
budding,20260328_1122_budding_213_bup.jpg,data/raw/budding/20260328_1122_budding_213_bup.jpg
wilting,20260824_1707_wilting_66_rot30.jpg,data/raw/wilting/20260824_1707_wilting_66_rot30.jpg
full_bloom,20260328_1053_full_bloom_75_sup.jpg,data/raw/full_bloom/20260328_1053_full_bloom_75_sup.jpg
vegetative,20260328_1117_vegetative_84_rot60.jpg,data/raw/vegetative/20260328_1117_vegetative_84_rot60.jpg
vegetative,20260328_1006_vegetative_6_sup.jpg,data/raw/vegetative/20260328_1006_vegetative_6_sup.jpg
vegetative,20260712_0901_vegetative_117_rot60.jpg,data/raw/vegetative/20260712_0901_vegetative_117_rot60.jpg
pre_bloom,20260328_1109_pre_bloom_70_sup.jpg,data/raw/pre_bloom/20260328_1109_pre_bloom_70_sup.jpg
full_bloom,20260328_1036_full_bloom_32_cup.jpg,data/raw/full_bloom/20260328_1036_full_bloom_32_cup.jpg
wilting,20260824_1705_wilting_41_rot60.jpg,data/raw/wilting/20260824_1705_wilting_41_rot60.jpg
full_bloom,20260328_1038_full_bloom_41_rot45.jpg,data/raw/full_bloom/20260328_1038_full_bloom_41_rot45.jpg
budding,20260328_1121_budding_187_cup.jpg,data/raw/budding/20260328_1121_budding_187_cup.jpg
full_bloom,flowerin_0000_full_bloom_154_rot60.jpg,data/raw/full_bloom/flowerin_0000_full_bloom_154_rot60.jpg
pre_bloom,20260727_1737_pre_bloom_77_cup.jpg,data/raw/pre_bloom/20260727_1737_pre_bloom_77_cup.jpg
seed_formation,seedling_0000_seed_formation_191_bup.jpg,data/raw/seed_formation/seedling_0000_seed_formation_191_bup.jpg
full_bloom,20260328_1115_full_bloom_139_bdown.jpg,data/raw/full_bloom/20260328_1115_full_bloom_139_bdown.jpg
seed_formation,20260328_1041_seed_formation_108_bdown.jpg,data/raw/seed_formation/20260328_1041_seed_formation_108_bdown.jpg
wilting,20260814_1637_wilting_27_cdown.jpg,data/raw/wilting/20260814_1637_wilting_27_cdown.jpg
pre_bloom,20260727_1722_pre_bloom_60_sdown.jpg,data/raw/pre_bloom/20260727_1722_pre_bloom_60_sdown.jpg
seed_formation,20260328_1009_seed_formation_29_cdown.jpg,data/raw/seed_formation/20260328_1009_seed_formation_29_cdown.jpg
vegetative,20260328_1031_vegetative_30_cup.jpg,data/raw/vegetative/20260328_1031_vegetative_30_cup.jpg
wilting,20260819_1717_wilting_27_rot30.jpg,data/raw/wilting/20260819_1717_wilting_27_rot30.jpg
pre_bloom,20260328_1108_pre_bloom_58_sdown.jpg,data/raw/pre_bloom/20260328_1108_pre_bloom_58_sdown.jpg
vegetative,20260328_1046_vegetative_65.jpg,data/raw/vegetative/20260328_1046_vegetative_65.jpg
vegetative,20260328_1117_vegetative_81_cdown.jpg,data/raw/vegetative/20260328_1117_vegetative_81_cdown.jpg
budding,20260328_1005_budding_32_cdown.jpg,data/raw/budding/20260328_1005_budding_32_cdown.jpg
seed_formation,20260328_1039_seed_formation_81_bup.jpg,data/raw/seed_formation/20260328_1039_seed_formation_81_bup.jpg
pre_bloom,20260811_1640_pre_bloom_120_cup.jpg,data/raw/pre_bloom/20260811_1640_pre_bloom_120_cup.jpg
pre_bloom,20260328_1042_pre_bloom_29_sup.jpg,data/raw/pre_bloom/20260328_1042_pre_bloom_29_sup.jpg
budding,20260328_1010_budding_82_rot45.jpg,data/raw/budding/20260328_1010_budding_82_rot45.jpg
budding,inflores_0000_budding_227_rot30.jpg,data/raw/budding/inflores_0000_budding_227_rot30.jpg
vegetative,20260328_1037_vegetative_49_rot60.jpg,data/raw/vegetative/20260328_1037_vegetative_49_rot60.jpg
vegetative,20260328_1047_vegetative_67_cdown.jpg,data/raw/vegetative/20260328_1047_vegetative_67_cdown.jpg
full_bloom,20260328_1110_full_bloom_117_rot30.jpg,data/raw/full_bloom/20260328_1110_full_bloom_117_rot30.jpg
vegetative,flowerin_0000_vegetative_164_sup.jpg,data/raw/vegetative/flowerin_0000_vegetative_164_sup.jpg
full_bloom,20260727_1707_full_bloom_32_bup.jpg,data/raw/full_bloom/20260727_1707_full_bloom_32_bup.jpg
full_bloom,20260727_1709_full_bloom_42_rot30.jpg,data/raw/full_bloom/20260727_1709_full_bloom_42_rot30.jpg
budding,20260328_1054_budding_133_rot60.jpg,data/raw/budding/20260328_1054_budding_133_rot60.jpg
vegetative,20260328_1123_vegetative_96_rot30.jpg,data/raw/vegetative/20260328_1123_vegetative_96_rot30.jpg
budding,20260328_1115_budding_182_rot30.jpg,data/raw/budding/20260328_1115_budding_182_rot30.jpg
seed_formation,20260328_1020_seed_formation_58_cdown.jpg,data/raw/seed_formation/20260328_1020_seed_formation_58_cdown.jpg
pre_bloom,20260811_1639_pre_bloom_109_cup.jpg,data/raw/pre_bloom/20260811_1639_pre_bloom_109_cup.jpg
full_bloom,20260328_1037_full_bloom_34_bdown.jpg,data/raw/full_bloom/20260328_1037_full_bloom_34_bdown.jpg
wilting,20260824_1706_wilting_56_cdown.jpg,data/raw/wilting/20260824_1706_wilting_56_cdown.jpg
seed_formation,20260328_1019_seed_formation_34_cdown.jpg,data/raw/seed_formation/20260328_1019_seed_formation_34_cdown.jpg
wilting,20260824_1709_wilting_83_cdown.jpg,data/raw/wilting/20260824_1709_wilting_83_cdown.jpg
pre_bloom,20260727_1736_pre_bloom_64.jpg,data/raw/pre_bloom/20260727_1736_pre_bloom_64.jpg
vegetative,20260328_1117_vegetative_81_sdown.jpg,data/raw/vegetative/20260328_1117_vegetative_81_sdown.jpg
seed_formation,20260727_1715_seed_formation_26_bup.jpg,data/raw/seed_formation/20260727_1715_seed_formation_26_bup.jpg
budding,20260328_1005_budding_29_rot45.jpg,data/raw/budding/20260328_1005_budding_29_rot45.jpg
vegetative,20260712_0902_vegetative_135_rot60.jpg,data/raw/vegetative/20260712_0902_vegetative_135_rot60.jpg
full_bloom,20260328_1109_full_bloom_103_cdown.jpg,data/raw/full_bloom/20260328_1109_full_bloom_103_cdown.jpg
budding,20260328_1005_budding_36_sup.jpg,data/raw/budding/20260328_1005_budding_36_sup.jpg
wilting,20260824_1708_wilting_79_cup.jpg,data/raw/wilting/20260824_1708_wilting_79_cup.jpg
full_bloom,20260328_1051_full_bloom_53_cup.jpg,data/raw/full_bloom/20260328_1051_full_bloom_53_cup.jpg
pre_bloom,20260328_1006_pre_bloom_10_sdown.jpg,data/raw/pre_bloom/20260328_1006_pre_bloom_10_sdown.jpg
wilting,20260819_1659_wilting_16_cup.jpg,data/raw/wilting/20260819_1659_wilting_16_cup.jpg
pre_bloom,20260811_1640_pre_bloom_124.jpg,data/raw/pre_bloom/20260811_1640_pre_bloom_124.jpg
vegetative,20260712_0902_vegetative_138_rot45.jpg,data/raw/vegetative/20260712_0902_vegetative_138_rot45.jpg
seed_formation,20260731_1719_seed_formation_181_rot30.jpg,data/raw/seed_formation/20260731_1719_seed_formation_181_rot30.jpg
vegetative,20260328_1002_vegetative_2_rot30.jpg,data/raw/vegetative/20260328_1002_vegetative_2_rot30.jpg
seed_formation,20260328_1039_seed_formation_90_sdown.jpg,data/raw/seed_formation/20260328_1039_seed_formation_90_sdown.jpg
wilting,20260824_1721_wilting_97_bup.jpg,data/raw/wilting/20260824_1721_wilting_97_bup.jpg
wilting,20260727_1724_wilting_12.jpg,data/raw/wilting/20260727_1724_wilting_12.jpg
vegetative,vegetati_0000_vegetative_172_bdown.jpg,data/raw/vegetative/vegetati_0000_vegetative_172_bdown.jpg
pre_bloom,20260712_0855_pre_bloom_7_bdown.jpg,data/raw/pre_bloom/20260712_0855_pre_bloom_7_bdown.jpg
wilting,20260328_1056_wilting_2_cdown.jpg,data/raw/wilting/20260328_1056_wilting_2_cdown.jpg
pre_bloom,20260328_1108_pre_bloom_55_bdown.jpg,data/raw/pre_bloom/20260328_1108_pre_bloom_55_bdown.jpg
seed_formation,20260731_1719_seed_formation_182_cup.jpg,data/raw/seed_formation/20260731_1719_seed_formation_182_cup.jpg
pre_bloom,20260727_1555_pre_bloom_45_rot60.jpg,data/raw/pre_bloom/20260727_1555_pre_bloom_45_rot60.jpg
seed_formation,20260328_1020_seed_formation_46_sdown.jpg,data/raw/seed_formation/20260328_1020_seed_formation_46_sdown.jpg
budding,20260328_1005_budding_25_rot60.jpg,data/raw/budding/20260328_1005_budding_25_rot60.jpg
vegetative,vegetati_0000_vegetative_178_bup.jpg,data/raw/vegetative/vegetati_0000_vegetative_178_bup.jpg
budding,20260328_1011_budding_97_bup.jpg,data/raw/budding/20260328_1011_budding_97_bup.jpg
seed_formation,20260731_1719_seed_formation_180_bdown.jpg,data/raw/seed_formation/20260731_1719_seed_formation_180_bdown.jpg
pre_bloom,20260328_1109_pre_bloom_72_bdown.jpg,data/raw/pre_bloom/20260328_1109_pre_bloom_72_bdown.jpg
wilting,20260824_1706_wilting_59_bdown.jpg,data/raw/wilting/20260824_1706_wilting_59_bdown.jpg
seed_formation,20260722_1745_seed_formation_10_rot60.jpg,data/raw/seed_formation/20260722_1745_seed_formation_10_rot60.jpg
vegetative,vegetati_0000_vegetative_173.jpg,data/raw/vegetative/vegetati_0000_vegetative_173.jpg
full_bloom,20260328_1036_full_bloom_28_cdown.jpg,data/raw/full_bloom/20260328_1036_full_bloom_28_cdown.jpg
budding,20260328_1110_budding_171_sdown.jpg,data/raw/budding/20260328_1110_budding_171_sdown.jpg
pre_bloom,20260328_1042_pre_bloom_26_cdown.jpg,data/raw/pre_bloom/20260328_1042_pre_bloom_26_cdown.jpg
budding,20260328_1115_budding_182_bdown.jpg,data/raw/budding/20260328_1115_budding_182_bdown.jpg
budding,20260328_1011_budding_109_sup.jpg,data/raw/budding/20260328_1011_budding_109_sup.jpg
pre_bloom,20260328_1043_pre_bloom_40_cup.jpg,data/raw/pre_bloom/20260328_1043_pre_bloom_40_cup.jpg
budding,20260328_1011_budding_94_rot30.jpg,data/raw/budding/20260328_1011_budding_94_rot30.jpg
pre_bloom,20260712_0914_pre_bloom_74_cup.jpg,data/raw/pre_bloom/20260712_0914_pre_bloom_74_cup.jpg
budding,20260328_1122_budding_214_sup.jpg,data/raw/budding/20260328_1122_budding_214_sup.jpg
full_bloom,20260328_1036_full_bloom_27_bup.jpg,data/raw/full_bloom/20260328_1036_full_bloom_27_bup.jpg
budding,inflores_0000_budding_227_bup.jpg,data/raw/budding/inflores_0000_budding_227_bup.jpg
full_bloom,20260328_1110_full_bloom_119_rot30.jpg,data/raw/full_bloom/20260328_1110_full_bloom_119_rot30.jpg
vegetative,20260328_1046_vegetative_60_rot60.jpg,data/raw/vegetative/20260328_1046_vegetative_60_rot60.jpg
seed_formation,20260328_1008_seed_formation_11_bup.jpg,data/raw/seed_formation/20260328_1008_seed_formation_11_bup.jpg
vegetative,20260722_1821_vegetative_153_bup.jpg,data/raw/vegetative/20260722_1821_vegetative_153_bup.jpg
full_bloom,20260727_1709_full_bloom_54_bup.jpg,data/raw/full_bloom/20260727_1709_full_bloom_54_bup.jpg
pre_bloom,20260712_0914_pre_bloom_74_rot60.jpg,data/raw/pre_bloom/20260712_0914_pre_bloom_74_rot60.jpg
budding,20260328_1122_budding_208_cup.jpg,data/raw/budding/20260328_1122_budding_208_cup.jpg
pre_bloom,20260731_1656_pre_bloom_79_rot45.jpg,data/raw/pre_bloom/20260731_1656_pre_bloom_79_rot45.jpg
vegetative,20260712_0902_vegetative_139_bdown.jpg,data/raw/vegetative/20260712_0902_vegetative_139_bdown.jpg
full_bloom,20260328_1052_full_bloom_64.jpg,data/raw/full_bloom/20260328_1052_full_bloom_64.jpg
vegetative,20260712_0838_vegetative_103_bdown.jpg,data/raw/vegetative/20260712_0838_vegetative_103_bdown.jpg
budding,20260328_1018_budding_128_rot60.jpg,data/raw/budding/20260328_1018_budding_128_rot60.jpg
full_bloom,20260328_1013_full_bloom_12_rot45.jpg,data/raw/full_bloom/20260328_1013_full_bloom_12_rot45.jpg
full_bloom,flowerin_0000_full_bloom_148.jpg,data/raw/full_bloom/flowerin_0000_full_bloom_148.jpg
seed_formation,20260722_1745_seed_formation_11.jpg,data/raw/seed_formation/20260722_1745_seed_formation_11.jpg
pre_bloom,flowerin_0000_pre_bloom_81_cdown.jpg,data/raw/pre_bloom/flowerin_0000_pre_bloom_81_cdown.jpg
seed_formation,20260328_1040_seed_formation_103_bup.jpg,data/raw/seed_formation/20260328_1040_seed_formation_103_bup.jpg
vegetative,20260328_1006_vegetative_5_cup.jpg,data/raw/vegetative/20260328_1006_vegetative_5_cup.jpg
pre_bloom,20260328_1108_pre_bloom_59_cdown.jpg,data/raw/pre_bloom/20260328_1108_pre_bloom_59_cdown.jpg
wilting,20260814_1637_wilting_14_bup.jpg,data/raw/wilting/20260814_1637_wilting_14_bup.jpg
seed_formation,20260722_1745_seed_formation_150_sdown.jpg,data/raw/seed_formation/20260722_1745_seed_formation_150_sdown.jpg
pre_bloom,20260727_1555_pre_bloom_46_cup.jpg,data/raw/pre_bloom/20260727_1555_pre_bloom_46_cup.jpg
wilting,20260824_1709_wilting_82_bup.jpg,data/raw/wilting/20260824_1709_wilting_82_bup.jpg
wilting,20260814_1646_wilting_38_sup.jpg,data/raw/wilting/20260814_1646_wilting_38_sup.jpg
budding,20260328_1005_budding_70_sdown.jpg,data/raw/budding/20260328_1005_budding_70_sdown.jpg
wilting,20260824_1706_wilting_54_sup.jpg,data/raw/wilting/20260824_1706_wilting_54_sup.jpg
full_bloom,bloom4.p_0000_full_bloom_146_cup.jpg,data/raw/full_bloom/bloom4.p_0000_full_bloom_146_cup.jpg
wilting,20260722_1658_wilting_6_rot30.jpg,data/raw/wilting/20260722_1658_wilting_6_rot30.jpg
vegetative,20260328_1006_vegetative_7_cdown.jpg,data/raw/vegetative/20260328_1006_vegetative_7_cdown.jpg
full_bloom,20260722_1658_full_bloom_18.jpg,data/raw/full_bloom/20260722_1658_full_bloom_18.jpg
full_bloom,20260328_1013_full_bloom_14_sdown.jpg,data/raw/full_bloom/20260328_1013_full_bloom_14_sdown.jpg
pre_bloom,20260727_1711_pre_bloom_49_cdown.jpg,data/raw/pre_bloom/20260727_1711_pre_bloom_49_cdown.jpg
vegetative,20260328_1032_vegetative_37_rot60.jpg,data/raw/vegetative/20260328_1032_vegetative_37_rot60.jpg
pre_bloom,20260727_1555_pre_bloom_38_cup.jpg,data/raw/pre_bloom/20260727_1555_pre_bloom_38_cup.jpg
full_bloom,20260328_1115_full_bloom_139_rot60.jpg,data/raw/full_bloom/20260328_1115_full_bloom_139_rot60.jpg
pre_bloom,20260726_1336_pre_bloom_29_sdown.jpg,data/raw/pre_bloom/20260726_1336_pre_bloom_29_sdown.jpg
pre_bloom,20260712_0855_pre_bloom_10.jpg,data/raw/pre_bloom/20260712_0855_pre_bloom_10.jpg
vegetative,20260712_0910_vegetative_143_sup.jpg,data/raw/vegetative/20260712_0910_vegetative_143_sup.jpg
budding,20260328_1011_budding_103_bdown.jpg,data/raw/budding/20260328_1011_budding_103_bdown.jpg
wilting,20260814_1646_wilting_41_rot60.jpg,data/raw/wilting/20260814_1646_wilting_41_rot60.jpg
pre_bloom,20260722_1743_pre_bloom_26_bup.jpg,data/raw/pre_bloom/20260722_1743_pre_bloom_26_bup.jpg
full_bloom,20260328_1037_full_bloom_34_rot60.jpg,data/raw/full_bloom/20260328_1037_full_bloom_34_rot60.jpg
wilting,20260722_1658_wilting_7_sup.jpg,data/raw/wilting/20260722_1658_wilting_7_sup.jpg
pre_bloom,20260328_1108_pre_bloom_63_rot45.jpg,data/raw/pre_bloom/20260328_1108_pre_bloom_63_rot45.jpg
full_bloom,20260328_1109_full_bloom_103_rot30.jpg,data/raw/full_bloom/20260328_1109_full_bloom_103_rot30.jpg
budding,20260328_1011_budding_94_rot45.jpg,data/raw/budding/20260328_1011_budding_94_rot45.jpg
pre_bloom,flowerin_0000_pre_bloom_81_rot60.jpg,data/raw/pre_bloom/flowerin_0000_pre_bloom_81_rot60.jpg
full_bloom,20260715_1557_full_bloom_14_rot30.jpg,data/raw/full_bloom/20260715_1557_full_bloom_14_rot30.jpg
wilting,20260824_1705_wilting_51_cup.jpg,data/raw/wilting/20260824_1705_wilting_51_cup.jpg
pre_bloom,20260731_1709_pre_bloom_92_rot60.jpg,data/raw/pre_bloom/20260731_1709_pre_bloom_92_rot60.jpg
vegetative,20260328_1037_vegetative_44_bup.jpg,data/raw/vegetative/20260328_1037_vegetative_44_bup.jpg
wilting,20260824_1706_wilting_56_sup.jpg,data/raw/wilting/20260824_1706_wilting_56_sup.jpg
seed_formation,20260328_1041_seed_formation_118_bdown.jpg,data/raw/seed_formation/20260328_1041_seed_formation_118_bdown.jpg
budding,20260328_1011_budding_100_rot30.jpg,data/raw/budding/20260328_1011_budding_100_rot30.jpg
wilting,20260824_1705_wilting_40_rot30.jpg,data/raw/wilting/20260824_1705_wilting_40_rot30.jpg
budding,20260328_1056_budding_152_rot30.jpg,data/raw/budding/20260328_1056_budding_152_rot30.jpg
full_bloom,20260328_1036_full_bloom_32_rot45.jpg,data/raw/full_bloom/20260328_1036_full_bloom_32_rot45.jpg
budding,20260328_1122_budding_208_rot45.jpg,data/raw/budding/20260328_1122_budding_208_rot45.jpg
wilting,20260819_1705_wilting_17_cdown.jpg,data/raw/wilting/20260819_1705_wilting_17_cdown.jpg
budding,20260328_1042_budding_130_sdown.jpg,data/raw/budding/20260328_1042_budding_130_sdown.jpg
budding,20260328_1110_budding_165_rot30.jpg,data/raw/budding/20260328_1110_budding_165_rot30.jpg
seed_formation,20260328_1006_seed_formation_3_bup.jpg,data/raw/seed_formation/20260328_1006_seed_formation_3_bup.jpg
seed_formation,20260328_1041_seed_formation_109_sdown.jpg,data/raw/seed_formation/20260328_1041_seed_formation_109_sdown.jpg
pre_bloom,20260328_1108_pre_bloom_52_sdown.jpg,data/raw/pre_bloom/20260328_1108_pre_bloom_52_sdown.jpg
wilting,20260814_1637_wilting_13_sdown.jpg,data/raw/wilting/20260814_1637_wilting_13_sdown.jpg
seed_formation,20260328_1008_seed_formation_10_cup.jpg,data/raw/seed_formation/20260328_1008_seed_formation_10_cup.jpg
vegetative,20260328_1011_vegetative_8_rot30.jpg,data/raw/vegetative/20260328_1011_vegetative_8_rot30.jpg
full_bloom,20260328_1110_full_bloom_114_rot60.jpg,data/raw/full_bloom/20260328_1110_full_bloom_114_rot60.jpg
vegetative,20260328_1046_vegetative_66.jpg,data/raw/vegetative/20260328_1046_vegetative_66.jpg
full_bloom,20260328_1013_full_bloom_14_cdown.jpg,data/raw/full_bloom/20260328_1013_full_bloom_14_cdown.jpg
seed_formation,20260731_1719_seed_formation_183_cup.jpg,data/raw/seed_formation/20260731_1719_seed_formation_183_cup.jpg
full_bloom,20260328_1116_full_bloom_143_bdown.jpg,data/raw/full_bloom/20260328_1116_full_bloom_143_bdown.jpg
wilting,20260819_1716_wilting_18_bdown.jpg,data/raw/wilting/20260819_1716_wilting_18_bdown.jpg
seed_formation,20260328_1009_seed_formation_32_rot60.jpg,data/raw/seed_formation/20260328_1009_seed_formation_32_rot60.jpg
full_bloom,20260727_1709_full_bloom_43_rot60.jpg,data/raw/full_bloom/20260727_1709_full_bloom_43_rot60.jpg
wilting,20260824_1708_wilting_78_cdown.jpg,data/raw/wilting/20260824_1708_wilting_78_cdown.jpg
budding,20260328_1121_budding_191_sup.jpg,data/raw/budding/20260328_1121_budding_191_sup.jpg
full_bloom,20260328_1115_full_bloom_142_bup.jpg,data/raw/full_bloom/20260328_1115_full_bloom_142_bup.jpg
vegetative,20260328_1037_vegetative_42.jpg,data/raw/vegetative/20260328_1037_vegetative_42.jpg
vegetative,20260712_0901_vegetative_117_cdown.jpg,data/raw/vegetative/20260712_0901_vegetative_117_cdown.jpg
budding,20260328_1005_budding_22_sup.jpg,data/raw/budding/20260328_1005_budding_22_sup.jpg
pre_bloom,20260727_1711_pre_bloom_53.jpg,data/raw/pre_bloom/20260727_1711_pre_bloom_53.jpg
vegetative,20260712_0914_vegetative_144_rot60.jpg,data/raw/vegetative/20260712_0914_vegetative_144_rot60.jpg
vegetative,20260712_0901_vegetative_121_sup.jpg,data/raw/vegetative/20260712_0901_vegetative_121_sup.jpg
budding,20260328_1110_budding_170_cup.jpg,data/raw/budding/20260328_1110_budding_170_cup.jpg
budding,20260328_1005_budding_58_cup.jpg,data/raw/budding/20260328_1005_budding_58_cup.jpg
pre_bloom,20260727_1555_pre_bloom_43_cup.jpg,data/raw/pre_bloom/20260727_1555_pre_bloom_43_cup.jpg
full_bloom,20260727_1709_full_bloom_43_bdown.jpg,data/raw/full_bloom/20260727_1709_full_bloom_43_bdown.jpg
budding,20260328_1005_budding_5_rot45.jpg,data/raw/budding/20260328_1005_budding_5_rot45.jpg
full_bloom,20260328_1112_full_bloom_124_cdown.jpg,data/raw/full_bloom/20260328_1112_full_bloom_124_cdown.jpg
budding,20260328_1005_budding_45_rot60.jpg,data/raw/budding/20260328_1005_budding_45_rot60.jpg
pre_bloom,20260811_1640_pre_bloom_118_bdown.jpg,data/raw/pre_bloom/20260811_1640_pre_bloom_118_bdown.jpg
budding,20260328_1011_budding_101_rot60.jpg,data/raw/budding/20260328_1011_budding_101_rot60.jpg
budding,20260328_1110_budding_159_bdown.jpg,data/raw/budding/20260328_1110_budding_159_bdown.jpg
pre_bloom,20260811_1640_pre_bloom_121_sup.jpg,data/raw/pre_bloom/20260811_1640_pre_bloom_121_sup.jpg
budding,20260328_1005_budding_25_bup.jpg,data/raw/budding/20260328_1005_budding_25_bup.jpg
full_bloom,20260727_1707_full_bloom_34_cdown.jpg,data/raw/full_bloom/20260727_1707_full_bloom_34_cdown.jpg
seed_formation,20260328_1041_seed_formation_111_bdown.jpg,data/raw/seed_formation/20260328_1041_seed_formation_111_bdown.jpg
pre_bloom,20260328_1108_pre_bloom_48_bdown.jpg,data/raw/pre_bloom/20260328_1108_pre_bloom_48_bdown.jpg
pre_bloom,20260804_1723_pre_bloom_96_cdown.jpg,data/raw/pre_bloom/20260804_1723_pre_bloom_96_cdown.jpg
full_bloom,20260727_1707_full_bloom_37_rot30.jpg,data/raw/full_bloom/20260727_1707_full_bloom_37_rot30.jpg
pre_bloom,20260328_1004_pre_bloom_6_cdown.jpg,data/raw/pre_bloom/20260328_1004_pre_bloom_6_cdown.jpg
full_bloom,20260722_1658_full_bloom_18_cup.jpg,data/raw/full_bloom/20260722_1658_full_bloom_18_cup.jpg
pre_bloom,20260811_1640_pre_bloom_122_cup.jpg,data/raw/pre_bloom/20260811_1640_pre_bloom_122_cup.jpg
full_bloom,20260328_1013_full_bloom_10_sup.jpg,data/raw/full_bloom/20260328_1013_full_bloom_10_sup.jpg
seed_formation,20260328_1020_seed_formation_53_rot60.jpg,data/raw/seed_formation/20260328_1020_seed_formation_53_rot60.jpg
vegetative,20260328_1002_vegetative_3_sup.jpg,data/raw/vegetative/20260328_1002_vegetative_3_sup.jpg
wilting,20260824_1721_wilting_100_cup.jpg,data/raw/wilting/20260824_1721_wilting_100_cup.jpg
pre_bloom,20260712_0855_pre_bloom_11_rot30.jpg,data/raw/pre_bloom/20260712_0855_pre_bloom_11_rot30.jpg
vegetative,20260804_1656_vegetative_161_bup.jpg,data/raw/vegetative/20260804_1656_vegetative_161_bup.jpg
vegetative,20260328_1023_vegetative_18_cup.jpg,data/raw/vegetative/20260328_1023_vegetative_18_cup.jpg
seed_formation,20260328_1020_seed_formation_53_cup.jpg,data/raw/seed_formation/20260328_1020_seed_formation_53_cup.jpg
wilting,20260814_1637_wilting_26_cup.jpg,data/raw/wilting/20260814_1637_wilting_26_cup.jpg
full_bloom,flowerin_0000_full_bloom_157_rot45.jpg,data/raw/full_bloom/flowerin_0000_full_bloom_157_rot45.jpg
full_bloom,20260328_1111_full_bloom_122.jpg,data/raw/full_bloom/20260328_1111_full_bloom_122.jpg
budding,20260328_1121_budding_188_cup.jpg,data/raw/budding/20260328_1121_budding_188_cup.jpg
seed_formation,20260328_1020_seed_formation_46_rot30.jpg,data/raw/seed_formation/20260328_1020_seed_formation_46_rot30.jpg
budding,20260328_1005_budding_52_sdown.jpg,data/raw/budding/20260328_1005_budding_52_sdown.jpg
seed_formation,20260328_1009_seed_formation_25_rot60.jpg,data/raw/seed_formation/20260328_1009_seed_formation_25_rot60.jpg
vegetative,20260328_1117_vegetative_88_sdown.jpg,data/raw/vegetative/20260328_1117_vegetative_88_sdown.jpg
pre_bloom,20260726_1336_pre_bloom_30.jpg,data/raw/pre_bloom/20260726_1336_pre_bloom_30.jpg
budding,20260328_1005_budding_34_bup.jpg,data/raw/budding/20260328_1005_budding_34_bup.jpg
wilting,20260819_1717_wilting_28_rot60.jpg,data/raw/wilting/20260819_1717_wilting_28_rot60.jpg
wilting,20260824_1721_wilting_102_bup.jpg,data/raw/wilting/20260824_1721_wilting_102_bup.jpg
full_bloom,20260328_1054_full_bloom_89_sup.jpg,data/raw/full_bloom/20260328_1054_full_bloom_89_sup.jpg
pre_bloom,20260731_1658_pre_bloom_88_rot45.jpg,data/raw/pre_bloom/20260731_1658_pre_bloom_88_rot45.jpg
budding,20260328_1110_budding_173_cdown.jpg,data/raw/budding/20260328_1110_budding_173_cdown.jpg
pre_bloom,20260811_1640_pre_bloom_119_rot45.jpg,data/raw/pre_bloom/20260811_1640_pre_bloom_119_rot45.jpg
full_bloom,20260727_1723_full_bloom_67_sdown.jpg,data/raw/full_bloom/20260727_1723_full_bloom_67_sdown.jpg
seed_formation,20260328_1021_seed_formation_59_sup.jpg,data/raw/seed_formation/20260328_1021_seed_formation_59_sup.jpg
vegetative,20260712_0901_vegetative_121_sdown.jpg,data/raw/vegetative/20260712_0901_vegetative_121_sdown.jpg
full_bloom,20260727_1722_full_bloom_65_rot30.jpg,data/raw/full_bloom/20260727_1722_full_bloom_65_rot30.jpg
vegetative,20260712_0902_vegetative_141_sdown.jpg,data/raw/vegetative/20260712_0902_vegetative_141_sdown.jpg
pre_bloom,20260328_1042_pre_bloom_28_rot60.jpg,data/raw/pre_bloom/20260328_1042_pre_bloom_28_rot60.jpg
full_bloom,20260722_1804_full_bloom_29_cdown.jpg,data/raw/full_bloom/20260722_1804_full_bloom_29_cdown.jpg
vegetative,20260712_0901_vegetative_123.jpg,data/raw/vegetative/20260712_0901_vegetative_123.jpg
vegetative,20260712_0901_vegetative_128_cup.jpg,data/raw/vegetative/20260712_0901_vegetative_128_cup.jpg
pre_bloom,20260726_1336_pre_bloom_29_rot30.jpg,data/raw/pre_bloom/20260726_1336_pre_bloom_29_rot30.jpg
seed_formation,20260328_1041_seed_formation_120_cdown.jpg,data/raw/seed_formation/20260328_1041_seed_formation_120_cdown.jpg
vegetative,vegetati_0000_vegetative_180_rot30.jpg,data/raw/vegetative/vegetati_0000_vegetative_180_rot30.jpg
vegetative,vegetati_0000_vegetative_179_rot30.jpg,data/raw/vegetative/vegetati_0000_vegetative_179_rot30.jpg
full_bloom,20260722_1803_full_bloom_27_rot45.jpg,data/raw/full_bloom/20260722_1803_full_bloom_27_rot45.jpg
wilting,20260819_1717_wilting_29.jpg,data/raw/wilting/20260819_1717_wilting_29.jpg
pre_bloom,20260328_1108_pre_bloom_65_rot45.jpg,data/raw/pre_bloom/20260328_1108_pre_bloom_65_rot45.jpg
seed_formation,20260328_1022_seed_formation_65_rot45.jpg,data/raw/seed_formation/20260328_1022_seed_formation_65_rot45.jpg
pre_bloom,20260328_1043_pre_bloom_35.jpg,data/raw/pre_bloom/20260328_1043_pre_bloom_35.jpg
seed_formation,20260722_1754_seed_formation_158_rot30.jpg,data/raw/seed_formation/20260722_1754_seed_formation_158_rot30.jpg
pre_bloom,20260328_1109_pre_bloom_70_cdown.jpg,data/raw/pre_bloom/20260328_1109_pre_bloom_70_cdown.jpg
wilting,20260824_1705_wilting_42_cup.jpg,data/raw/wilting/20260824_1705_wilting_42_cup.jpg
budding,20260328_1005_budding_66_cdown.jpg,data/raw/budding/20260328_1005_budding_66_cdown.jpg
seed_formation,20260328_1019_seed_formation_34_cup.jpg,data/raw/seed_formation/20260328_1019_seed_formation_34_cup.jpg
vegetative,20260328_1047_vegetative_68_bup.jpg,data/raw/vegetative/20260328_1047_vegetative_68_bup.jpg
full_bloom,20260328_1059_full_bloom_93_sdown.jpg,data/raw/full_bloom/20260328_1059_full_bloom_93_sdown.jpg
pre_bloom,20260731_1656_pre_bloom_82_cdown.jpg,data/raw/pre_bloom/20260731_1656_pre_bloom_82_cdown.jpg
vegetative,20260328_1046_vegetative_65_bup.jpg,data/raw/vegetative/20260328_1046_vegetative_65_bup.jpg
vegetative,vegetati_0000_vegetative_179.jpg,data/raw/vegetative/vegetati_0000_vegetative_179.jpg
seed_formation,20260722_1745_seed_formation_11_sdown.jpg,data/raw/seed_formation/20260722_1745_seed_formation_11_sdown.jpg
full_bloom,20260328_1037_full_bloom_37_cup.jpg,data/raw/full_bloom/20260328_1037_full_bloom_37_cup.jpg
seed_formation,20260328_1041_seed_formation_120.jpg,data/raw/seed_formation/20260328_1041_seed_formation_120.jpg
seed_formation,20260715_1554_seed_formation_129_bdown.jpg,data/raw/seed_formation/20260715_1554_seed_formation_129_bdown.jpg
vegetative,20260328_1015_vegetative_13_bup.jpg,data/raw/vegetative/20260328_1015_vegetative_13_bup.jpg
full_bloom,20260328_1112_full_bloom_123_rot60.jpg,data/raw/full_bloom/20260328_1112_full_bloom_123_rot60.jpg
pre_bloom,20260731_1656_pre_bloom_80_cdown.jpg,data/raw/pre_bloom/20260731_1656_pre_bloom_80_cdown.jpg
budding,20260328_1005_budding_55_rot30.jpg,data/raw/budding/20260328_1005_budding_55_rot30.jpg
pre_bloom,20260712_0854_pre_bloom_3_rot60.jpg,data/raw/pre_bloom/20260712_0854_pre_bloom_3_rot60.jpg
budding,20260328_1111_budding_177_bup.jpg,data/raw/budding/20260328_1111_budding_177_bup.jpg
vegetative,20260328_1030_vegetative_29.jpg,data/raw/vegetative/20260328_1030_vegetative_29.jpg
wilting,20260814_1646_wilting_38_rot60.jpg,data/raw/wilting/20260814_1646_wilting_38_rot60.jpg
vegetative,20260328_1030_vegetative_22_rot30.jpg,data/raw/vegetative/20260328_1030_vegetative_22_rot30.jpg
wilting,20260824_1721_wilting_109.jpg,data/raw/wilting/20260824_1721_wilting_109.jpg
full_bloom,20260328_1112_full_bloom_125_rot60.jpg,data/raw/full_bloom/20260328_1112_full_bloom_125_rot60.jpg
budding,20260328_1005_budding_16_rot30.jpg,data/raw/budding/20260328_1005_budding_16_rot30.jpg
seed_formation,20260328_1039_seed_formation_87_sup.jpg,data/raw/seed_formation/20260328_1039_seed_formation_87_sup.jpg
budding,20260328_1121_budding_187.jpg,data/raw/budding/20260328_1121_budding_187.jpg
full_bloom,20260328_1051_full_bloom_51_bup.jpg,data/raw/full_bloom/20260328_1051_full_bloom_51_bup.jpg
seed_formation,20260328_1008_seed_formation_12_bdown.jpg,data/raw/seed_formation/20260328_1008_seed_formation_12_bdown.jpg
pre_bloom,20260328_1043_pre_bloom_41_rot60.jpg,data/raw/pre_bloom/20260328_1043_pre_bloom_41_rot60.jpg
full_bloom,20260727_1722_full_bloom_63_sup.jpg,data/raw/full_bloom/20260727_1722_full_bloom_63_sup.jpg
budding,20260328_1055_budding_135_bdown.jpg,data/raw/budding/20260328_1055_budding_135_bdown.jpg
budding,20260328_1122_budding_216.jpg,data/raw/budding/20260328_1122_budding_216.jpg
pre_bloom,20260328_1043_pre_bloom_40.jpg,data/raw/pre_bloom/20260328_1043_pre_bloom_40.jpg
pre_bloom,20260811_1640_pre_bloom_122_cdown.jpg,data/raw/pre_bloom/20260811_1640_pre_bloom_122_cdown.jpg
vegetative,20260712_0901_vegetative_121_rot60.jpg,data/raw/vegetative/20260712_0901_vegetative_121_rot60.jpg
budding,20260328_1056_budding_150_bdown.jpg,data/raw/budding/20260328_1056_budding_150_bdown.jpg
pre_bloom,20260811_1640_pre_bloom_118_cup.jpg,data/raw/pre_bloom/20260811_1640_pre_bloom_118_cup.jpg
vegetative,20260328_1116_vegetative_72_bup.jpg,data/raw/vegetative/20260328_1116_vegetative_72_bup.jpg
budding,20260328_1055_budding_137_bup.jpg,data/raw/budding/20260328_1055_budding_137_bup.jpg
pre_bloom,20260804_1723_pre_bloom_98.jpg,data/raw/pre_bloom/20260804_1723_pre_bloom_98.jpg
vegetative,20260712_0901_vegetative_120_sup.jpg,data/raw/vegetative/20260712_0901_vegetative_120_sup.jpg
budding,20260328_1122_budding_205_sdown.jpg,data/raw/budding/20260328_1122_budding_205_sdown.jpg
pre_bloom,20260727_1722_pre_bloom_59_cup.jpg,data/raw/pre_bloom/20260727_1722_pre_bloom_59_cup.jpg
vegetative,20260804_1656_vegetative_159_cdown.jpg,data/raw/vegetative/20260804_1656_vegetative_159_cdown.jpg
vegetative,20260328_1030_vegetative_23_cup.jpg,data/raw/vegetative/20260328_1030_vegetative_23_cup.jpg
budding,20260328_1005_budding_20_rot30.jpg,data/raw/budding/20260328_1005_budding_20_rot30.jpg
full_bloom,flowerin_0000_full_bloom_159_cup.jpg,data/raw/full_bloom/flowerin_0000_full_bloom_159_cup.jpg
wilting,20260824_1721_wilting_97_rot45.jpg,data/raw/wilting/20260824_1721_wilting_97_rot45.jpg
budding,20260328_1059_budding_156_rot60.jpg,data/raw/budding/20260328_1059_budding_156_rot60.jpg
full_bloom,20260328_1114_full_bloom_131_sdown.jpg,data/raw/full_bloom/20260328_1114_full_bloom_131_sdown.jpg
full_bloom,20260328_1052_full_bloom_57_sup.jpg,data/raw/full_bloom/20260328_1052_full_bloom_57_sup.jpg
full_bloom,bloom4.p_0000_full_bloom_146_rot30.jpg,data/raw/full_bloom/bloom4.p_0000_full_bloom_146_rot30.jpg
full_bloom,20260328_1052_full_bloom_62_bdown.jpg,data/raw/full_bloom/20260328_1052_full_bloom_62_bdown.jpg
full_bloom,20260328_1109_full_bloom_106_sdown.jpg,data/raw/full_bloom/20260328_1109_full_bloom_106_sdown.jpg
pre_bloom,20260328_1043_pre_bloom_41_bdown.jpg,data/raw/pre_bloom/20260328_1043_pre_bloom_41_bdown.jpg
vegetative,20260722_1820_vegetative_148_cdown.jpg,data/raw/vegetative/20260722_1820_vegetative_148_cdown.jpg
full_bloom,20260328_1109_full_bloom_108_cup.jpg,data/raw/full_bloom/20260328_1109_full_bloom_108_cup.jpg
full_bloom,20260328_1114_full_bloom_132_bdown.jpg,data/raw/full_bloom/20260328_1114_full_bloom_132_bdown.jpg
vegetative,20260328_1117_vegetative_81_rot30.jpg,data/raw/vegetative/20260328_1117_vegetative_81_rot30.jpg
seed_formation,20260328_1008_seed_formation_21_cdown.jpg,data/raw/seed_formation/20260328_1008_seed_formation_21_cdown.jpg
budding,20260328_1005_budding_46.jpg,data/raw/budding/20260328_1005_budding_46.jpg
wilting,20260814_1636_wilting_14_rot30.jpg,data/raw/wilting/20260814_1636_wilting_14_rot30.jpg
budding,20260328_1005_budding_12_rot60.jpg,data/raw/budding/20260328_1005_budding_12_rot60.jpg
budding,20260328_1005_budding_33_rot60.jpg,data/raw/budding/20260328_1005_budding_33_rot60.jpg
seed_formation,20260731_1719_seed_formation_181_cdown.jpg,data/raw/seed_formation/20260731_1719_seed_formation_181_cdown.jpg
seed_formation,20260328_1040_seed_formation_95.jpg,data/raw/seed_formation/20260328_1040_seed_formation_95.jpg
budding,20260328_1005_budding_44_rot45.jpg,data/raw/budding/20260328_1005_budding_44_rot45.jpg
wilting,20260824_1706_wilting_63.jpg,data/raw/wilting/20260824_1706_wilting_63.jpg
seed_formation,20260722_1755_seed_formation_166_cdown.jpg,data/raw/seed_formation/20260722_1755_seed_formation_166_cdown.jpg
wilting,20260814_1637_wilting_13.jpg,data/raw/wilting/20260814_1637_wilting_13.jpg
full_bloom,20260328_1109_full_bloom_111_sdown.jpg,data/raw/full_bloom/20260328_1109_full_bloom_111_sdown.jpg
wilting,20260819_1718_wilting_33_rot45.jpg,data/raw/wilting/20260819_1718_wilting_33_rot45.jpg
full_bloom,20260328_1037_full_bloom_38_sup.jpg,data/raw/full_bloom/20260328_1037_full_bloom_38_sup.jpg
vegetative,20260712_0914_vegetative_145_bdown.jpg,data/raw/vegetative/20260712_0914_vegetative_145_bdown.jpg
seed_formation,20260328_1009_seed_formation_29_cup.jpg,data/raw/seed_formation/20260328_1009_seed_formation_29_cup.jpg
full_bloom,20260328_1038_full_bloom_42.jpg,data/raw/full_bloom/20260328_1038_full_bloom_42.jpg
seed_formation,20260328_1022_seed_formation_63_rot45.jpg,data/raw/seed_formation/20260328_1022_seed_formation_63_rot45.jpg
budding,20260328_1005_budding_12_cdown.jpg,data/raw/budding/20260328_1005_budding_12_cdown.jpg
wilting,20260814_1646_wilting_36_cdown.jpg,data/raw/wilting/20260814_1646_wilting_36_cdown.jpg
vegetative,20260328_1037_vegetative_45_sdown.jpg,data/raw/vegetative/20260328_1037_vegetative_45_sdown.jpg
vegetative,20260328_1123_vegetative_96_cup.jpg,data/raw/vegetative/20260328_1123_vegetative_96_cup.jpg
pre_bloom,20260328_1004_pre_bloom_6_bdown.jpg,data/raw/pre_bloom/20260328_1004_pre_bloom_6_bdown.jpg
pre_bloom,20260328_1043_pre_bloom_43_rot60.jpg,data/raw/pre_bloom/20260328_1043_pre_bloom_43_rot60.jpg
full_bloom,20260328_1053_full_bloom_76_rot45.jpg,data/raw/full_bloom/20260328_1053_full_bloom_76_rot45.jpg
full_bloom,20260722_1658_full_bloom_18_rot30.jpg,data/raw/full_bloom/20260722_1658_full_bloom_18_rot30.jpg
pre_bloom,20260722_1742_pre_bloom_15_rot60.jpg,data/raw/pre_bloom/20260722_1742_pre_bloom_15_rot60.jpg
vegetative,20260328_1117_vegetative_87_sup.jpg,data/raw/vegetative/20260328_1117_vegetative_87_sup.jpg
seed_formation,20260328_1019_seed_formation_34.jpg,data/raw/seed_formation/20260328_1019_seed_formation_34.jpg
pre_bloom,20260328_1042_pre_bloom_28_cdown.jpg,data/raw/pre_bloom/20260328_1042_pre_bloom_28_cdown.jpg
pre_bloom,20260328_1043_pre_bloom_36_bdown.jpg,data/raw/pre_bloom/20260328_1043_pre_bloom_36_bdown.jpg
full_bloom,20260727_1724_full_bloom_68_rot45.jpg,data/raw/full_bloom/20260727_1724_full_bloom_68_rot45.jpg
full_bloom,20260328_1036_full_bloom_30.jpg,data/raw/full_bloom/20260328_1036_full_bloom_30.jpg
full_bloom,20260722_1658_full_bloom_16_bup.jpg,data/raw/full_bloom/20260722_1658_full_bloom_16_bup.jpg
wilting,20260824_1706_wilting_59.jpg,data/raw/wilting/20260824_1706_wilting_59.jpg
budding,20260328_1011_budding_103_cup.jpg,data/raw/budding/20260328_1011_budding_103_cup.jpg
seed_formation,20260328_1020_seed_formation_43_cdown.jpg,data/raw/seed_formation/20260328_1020_seed_formation_43_cdown.jpg
wilting,20260824_1706_wilting_58_rot30.jpg,data/raw/wilting/20260824_1706_wilting_58_rot30.jpg
wilting,20260824_1706_wilting_61_rot30.jpg,data/raw/wilting/20260824_1706_wilting_61_rot30.jpg
vegetative,20260712_0837_vegetative_100_rot60.jpg,data/raw/vegetative/20260712_0837_vegetative_100_rot60.jpg
seed_formation,20260328_1020_seed_formation_51.jpg,data/raw/seed_formation/20260328_1020_seed_formation_51.jpg
full_bloom,20260727_1709_full_bloom_49_sdown.jpg,data/raw/full_bloom/20260727_1709_full_bloom_49_sdown.jpg
pre_bloom,20260727_1555_pre_bloom_42_bup.jpg,data/raw/pre_bloom/20260727_1555_pre_bloom_42_bup.jpg
pre_bloom,20260328_1108_pre_bloom_65_rot60.jpg,data/raw/pre_bloom/20260328_1108_pre_bloom_65_rot60.jpg
full_bloom,20260328_1100_full_bloom_100.jpg,data/raw/full_bloom/20260328_1100_full_bloom_100.jpg
seed_formation,20260328_1020_seed_formation_49_rot30.jpg,data/raw/seed_formation/20260328_1020_seed_formation_49_rot30.jpg
budding,20260328_1122_budding_209_sdown.jpg,data/raw/budding/20260328_1122_budding_209_sdown.jpg
seed_formation,20260727_1715_seed_formation_30_cup.jpg,data/raw/seed_formation/20260727_1715_seed_formation_30_cup.jpg
seed_formation,20260328_1022_seed_formation_68_rot45.jpg,data/raw/seed_formation/20260328_1022_seed_formation_68_rot45.jpg
pre_bloom,20260811_1640_pre_bloom_116.jpg,data/raw/pre_bloom/20260811_1640_pre_bloom_116.jpg
wilting,20260819_1718_wilting_33_sup.jpg,data/raw/wilting/20260819_1718_wilting_33_sup.jpg
full_bloom,20260328_1038_full_bloom_45_bdown.jpg,data/raw/full_bloom/20260328_1038_full_bloom_45_bdown.jpg
budding,inflores_0000_budding_229_bup.jpg,data/raw/budding/inflores_0000_budding_229_bup.jpg
budding,20260328_1005_budding_59_rot45.jpg,data/raw/budding/20260328_1005_budding_59_rot45.jpg
full_bloom,20260328_1037_full_bloom_35_sup.jpg,data/raw/full_bloom/20260328_1037_full_bloom_35_sup.jpg
wilting,20260824_1709_wilting_80_bup.jpg,data/raw/wilting/20260824_1709_wilting_80_bup.jpg
seed_formation,20260328_1039_seed_formation_90_sup.jpg,data/raw/seed_formation/20260328_1039_seed_formation_90_sup.jpg
budding,inflores_0000_budding_229_rot30.jpg,data/raw/budding/inflores_0000_budding_229_rot30.jpg
seed_formation,20260328_1006_seed_formation_1_sup.jpg,data/raw/seed_formation/20260328_1006_seed_formation_1_sup.jpg
seed_formation,20260731_1719_seed_formation_183_bup.jpg,data/raw/seed_formation/20260731_1719_seed_formation_183_bup.jpg
vegetative,20260328_1117_vegetative_89_rot30.jpg,data/raw/vegetative/20260328_1117_vegetative_89_rot30.jpg
full_bloom,20260328_1038_full_bloom_41_bdown.jpg,data/raw/full_bloom/20260328_1038_full_bloom_41_bdown.jpg
full_bloom,20260727_1709_full_bloom_53_rot45.jpg,data/raw/full_bloom/20260727_1709_full_bloom_53_rot45.jpg
budding,20260328_1005_budding_44_cdown.jpg,data/raw/budding/20260328_1005_budding_44_cdown.jpg
wilting,20260814_1646_wilting_37.jpg,data/raw/wilting/20260814_1646_wilting_37.jpg
full_bloom,20260727_1709_full_bloom_49_rot60.jpg,data/raw/full_bloom/20260727_1709_full_bloom_49_rot60.jpg
pre_bloom,20260804_1723_pre_bloom_99_cup.jpg,data/raw/pre_bloom/20260804_1723_pre_bloom_99_cup.jpg
pre_bloom,20260731_1656_pre_bloom_82_rot60.jpg,data/raw/pre_bloom/20260731_1656_pre_bloom_82_rot60.jpg
full_bloom,20260328_1112_full_bloom_125_bup.jpg,data/raw/full_bloom/20260328_1112_full_bloom_125_bup.jpg
seed_formation,20260328_1020_seed_formation_47_bdown.jpg,data/raw/seed_formation/20260328_1020_seed_formation_47_bdown.jpg
budding,20260328_1110_budding_169_bdown.jpg,data/raw/budding/20260328_1110_budding_169_bdown.jpg
full_bloom,20260328_1114_full_bloom_133_cup.jpg,data/raw/full_bloom/20260328_1114_full_bloom_133_cup.jpg
seed_formation,20260722_1745_seed_formation_12_sup.jpg,data/raw/seed_formation/20260722_1745_seed_formation_12_sup.jpg
budding,20260328_1059_budding_155_cdown.jpg,data/raw/budding/20260328_1059_budding_155_cdown.jpg
full_bloom,20260328_1038_full_bloom_44_sdown.jpg,data/raw/full_bloom/20260328_1038_full_bloom_44_sdown.jpg
pre_bloom,20260328_1043_pre_bloom_37_sdown.jpg,data/raw/pre_bloom/20260328_1043_pre_bloom_37_sdown.jpg
wilting,20260819_1716_wilting_24_rot60.jpg,data/raw/wilting/20260819_1716_wilting_24_rot60.jpg
full_bloom,20260328_1109_full_bloom_107_rot30.jpg,data/raw/full_bloom/20260328_1109_full_bloom_107_rot30.jpg
vegetative,20260328_1117_vegetative_87_cup.jpg,data/raw/vegetative/20260328_1117_vegetative_87_cup.jpg
full_bloom,20260328_1052_full_bloom_63_bup.jpg,data/raw/full_bloom/20260328_1052_full_bloom_63_bup.jpg
wilting,20260824_1705_wilting_42.jpg,data/raw/wilting/20260824_1705_wilting_42.jpg
full_bloom,20260328_1053_full_bloom_80_cdown.jpg,data/raw/full_bloom/20260328_1053_full_bloom_80_cdown.jpg
pre_bloom,20260811_1640_pre_bloom_125_sdown.jpg,data/raw/pre_bloom/20260811_1640_pre_bloom_125_sdown.jpg
wilting,20260824_1706_wilting_56_bdown.jpg,data/raw/wilting/20260824_1706_wilting_56_bdown.jpg
full_bloom,20260715_1557_full_bloom_13.jpg,data/raw/full_bloom/20260715_1557_full_bloom_13.jpg
full_bloom,20260328_1109_full_bloom_105.jpg,data/raw/full_bloom/20260328_1109_full_bloom_105.jpg
full_bloom,20260328_1013_full_bloom_13_bup.jpg,data/raw/full_bloom/20260328_1013_full_bloom_13_bup.jpg
budding,20260328_1123_budding_219_cdown.jpg,data/raw/budding/20260328_1123_budding_219_cdown.jpg
full_bloom,20260328_1114_full_bloom_132_rot60.jpg,data/raw/full_bloom/20260328_1114_full_bloom_132_rot60.jpg
seed_formation,20260722_1754_seed_formation_158_cdown.jpg,data/raw/seed_formation/20260722_1754_seed_formation_158_cdown.jpg
wilting,20260328_1056_wilting_2_sup.jpg,data/raw/wilting/20260328_1056_wilting_2_sup.jpg
vegetative,20260328_1046_vegetative_55_cup.jpg,data/raw/vegetative/20260328_1046_vegetative_55_cup.jpg
pre_bloom,20260727_1555_pre_bloom_38_bup.jpg,data/raw/pre_bloom/20260727_1555_pre_bloom_38_bup.jpg
full_bloom,20260328_1054_full_bloom_89_bdown.jpg,data/raw/full_bloom/20260328_1054_full_bloom_89_bdown.jpg
pre_bloom,20260328_1003_pre_bloom_4_bdown.jpg,data/raw/pre_bloom/20260328_1003_pre_bloom_4_bdown.jpg
seed_formation,20260328_1042_seed_formation_124_rot45.jpg,data/raw/seed_formation/20260328_1042_seed_formation_124_rot45.jpg
pre_bloom,Budding0_0000_pre_bloom_75_cup.jpg,data/raw/pre_bloom/Budding0_0000_pre_bloom_75_cup.jpg
wilting,20260824_1706_wilting_56.jpg,data/raw/wilting/20260824_1706_wilting_56.jpg
seed_formation,20260328_1039_seed_formation_88_rot45.jpg,data/raw/seed_formation/20260328_1039_seed_formation_88_rot45.jpg
pre_bloom,20260328_1043_pre_bloom_45_rot45.jpg,data/raw/pre_bloom/20260328_1043_pre_bloom_45_rot45.jpg
vegetative,20260328_1015_vegetative_12.jpg,data/raw/vegetative/20260328_1015_vegetative_12.jpg
pre_bloom,20260804_1724_pre_bloom_104_rot45.jpg,data/raw/pre_bloom/20260804_1724_pre_bloom_104_rot45.jpg
full_bloom,20260727_1709_full_bloom_53_bup.jpg,data/raw/full_bloom/20260727_1709_full_bloom_53_bup.jpg
full_bloom,20260328_1114_full_bloom_130_rot45.jpg,data/raw/full_bloom/20260328_1114_full_bloom_130_rot45.jpg
seed_formation,20260727_1715_seed_formation_33_rot30.jpg,data/raw/seed_formation/20260727_1715_seed_formation_33_rot30.jpg
budding,20260328_1110_budding_165_cdown.jpg,data/raw/budding/20260328_1110_budding_165_cdown.jpg
full_bloom,20260328_1036_full_bloom_32_sup.jpg,data/raw/full_bloom/20260328_1036_full_bloom_32_sup.jpg
seed_formation,20260328_1009_seed_formation_28_cdown.jpg,data/raw/seed_formation/20260328_1009_seed_formation_28_cdown.jpg
full_bloom,20260328_1053_full_bloom_77_sup.jpg,data/raw/full_bloom/20260328_1053_full_bloom_77_sup.jpg
wilting,20260824_1705_wilting_49_cup.jpg,data/raw/wilting/20260824_1705_wilting_49_cup.jpg
vegetative,20260712_0902_vegetative_140_rot60.jpg,data/raw/vegetative/20260712_0902_vegetative_140_rot60.jpg
pre_bloom,20260712_0855_pre_bloom_10_cup.jpg,data/raw/pre_bloom/20260712_0855_pre_bloom_10_cup.jpg
wilting,20260824_1721_wilting_108_bdown.jpg,data/raw/wilting/20260824_1721_wilting_108_bdown.jpg
full_bloom,20260328_1037_full_bloom_34_cdown.jpg,data/raw/full_bloom/20260328_1037_full_bloom_34_cdown.jpg
vegetative,20260712_0902_vegetative_133_cdown.jpg,data/raw/vegetative/20260712_0902_vegetative_133_cdown.jpg
full_bloom,20260328_1054_full_bloom_89.jpg,data/raw/full_bloom/20260328_1054_full_bloom_89.jpg
wilting,20260824_1720_wilting_90_rot30.jpg,data/raw/wilting/20260824_1720_wilting_90_rot30.jpg
full_bloom,20260328_1054_full_bloom_89_rot45.jpg,data/raw/full_bloom/20260328_1054_full_bloom_89_rot45.jpg
full_bloom,20260328_1013_full_bloom_12_bup.jpg,data/raw/full_bloom/20260328_1013_full_bloom_12_bup.jpg
seed_formation,20260727_1715_seed_formation_29_rot45.jpg,data/raw/seed_formation/20260727_1715_seed_formation_29_rot45.jpg
seed_formation,20260328_1040_seed_formation_98_cup.jpg,data/raw/seed_formation/20260328_1040_seed_formation_98_cup.jpg
wilting,20260814_1646_wilting_38.jpg,data/raw/wilting/20260814_1646_wilting_38.jpg
full_bloom,20260727_1709_full_bloom_45_cup.jpg,data/raw/full_bloom/20260727_1709_full_bloom_45_cup.jpg
seed_formation,20260328_1021_seed_formation_59_bup.jpg,data/raw/seed_formation/20260328_1021_seed_formation_59_bup.jpg
full_bloom,20260727_1709_full_bloom_42_sup.jpg,data/raw/full_bloom/20260727_1709_full_bloom_42_sup.jpg
wilting,20260814_1636_wilting_16_bdown.jpg,data/raw/wilting/20260814_1636_wilting_16_bdown.jpg
full_bloom,flowerin_0000_full_bloom_158_bup.jpg,data/raw/full_bloom/flowerin_0000_full_bloom_158_bup.jpg
budding,20260328_1122_budding_208_bdown.jpg,data/raw/budding/20260328_1122_budding_208_bdown.jpg
seed_formation,20260328_1008_seed_formation_8_sup.jpg,data/raw/seed_formation/20260328_1008_seed_formation_8_sup.jpg
wilting,20260819_1718_wilting_33.jpg,data/raw/wilting/20260819_1718_wilting_33.jpg
pre_bloom,20260811_1639_pre_bloom_109_rot30.jpg,data/raw/pre_bloom/20260811_1639_pre_bloom_109_rot30.jpg
full_bloom,20260727_1709_full_bloom_49_rot30.jpg,data/raw/full_bloom/20260727_1709_full_bloom_49_rot30.jpg
full_bloom,flowerin_0000_full_bloom_156_bup.jpg,data/raw/full_bloom/flowerin_0000_full_bloom_156_bup.jpg
wilting,20260814_1637_wilting_10_rot60.jpg,data/raw/wilting/20260814_1637_wilting_10_rot60.jpg
budding,20260328_1122_budding_205_cup.jpg,data/raw/budding/20260328_1122_budding_205_cup.jpg
full_bloom,20260328_1013_full_bloom_10_rot45.jpg,data/raw/full_bloom/20260328_1013_full_bloom_10_rot45.jpg
budding,20260328_1005_budding_9_rot45.jpg,data/raw/budding/20260328_1005_budding_9_rot45.jpg
pre_bloom,20260811_1640_pre_bloom_119_sup.jpg,data/raw/pre_bloom/20260811_1640_pre_bloom_119_sup.jpg
full_bloom,20260328_1100_full_bloom_98.jpg,data/raw/full_bloom/20260328_1100_full_bloom_98.jpg
vegetative,vegetati_0000_vegetative_174_rot45.jpg,data/raw/vegetative/vegetati_0000_vegetative_174_rot45.jpg
pre_bloom,20260811_1639_pre_bloom_112_rot30.jpg,data/raw/pre_bloom/20260811_1639_pre_bloom_112_rot30.jpg
seed_formation,20260722_1745_seed_formation_156_cup.jpg,data/raw/seed_formation/20260722_1745_seed_formation_156_cup.jpg
wilting,20260814_1637_wilting_26_sup.jpg,data/raw/wilting/20260814_1637_wilting_26_sup.jpg
wilting,20260819_1718_wilting_38_bdown.jpg,data/raw/wilting/20260819_1718_wilting_38_bdown.jpg
seed_formation,20260727_1715_seed_formation_33_cup.jpg,data/raw/seed_formation/20260727_1715_seed_formation_33_cup.jpg
vegetative,20260328_1030_vegetative_27_bdown.jpg,data/raw/vegetative/20260328_1030_vegetative_27_bdown.jpg
vegetative,20260712_0902_vegetative_136_rot30.jpg,data/raw/vegetative/20260712_0902_vegetative_136_rot30.jpg
budding,20260328_1005_budding_16.jpg,data/raw/budding/20260328_1005_budding_16.jpg
pre_bloom,20260328_1043_pre_bloom_43.jpg,data/raw/pre_bloom/20260328_1043_pre_bloom_43.jpg
full_bloom,20260722_1744_full_bloom_24_bdown.jpg,data/raw/full_bloom/20260722_1744_full_bloom_24_bdown.jpg
wilting,20260814_1636_wilting_17_cup.jpg,data/raw/wilting/20260814_1636_wilting_17_cup.jpg
full_bloom,20260328_1100_full_bloom_98_rot60.jpg,data/raw/full_bloom/20260328_1100_full_bloom_98_rot60.jpg
full_bloom,20260727_1707_full_bloom_33_sup.jpg,data/raw/full_bloom/20260727_1707_full_bloom_33_sup.jpg
budding,20260328_1005_budding_32_cup.jpg,data/raw/budding/20260328_1005_budding_32_cup.jpg
budding,20260328_1123_budding_219_rot30.jpg,data/raw/budding/20260328_1123_budding_219_rot30.jpg
vegetative,20260328_1031_vegetative_30_cdown.jpg,data/raw/vegetative/20260328_1031_vegetative_30_cdown.jpg
wilting,20260824_1720_wilting_92_rot60.jpg,data/raw/wilting/20260824_1720_wilting_92_rot60.jpg
full_bloom,20260328_1114_full_bloom_132_rot30.jpg,data/raw/full_bloom/20260328_1114_full_bloom_132_rot30.jpg
pre_bloom,20260727_1736_pre_bloom_69_cdown.jpg,data/raw/pre_bloom/20260727_1736_pre_bloom_69_cdown.jpg
budding,20260328_1122_budding_208_cdown.jpg,data/raw/budding/20260328_1122_budding_208_cdown.jpg
vegetative,20260328_1116_vegetative_73_bdown.jpg,data/raw/vegetative/20260328_1116_vegetative_73_bdown.jpg
vegetative,20260712_0910_vegetative_143_rot60.jpg,data/raw/vegetative/20260712_0910_vegetative_143_rot60.jpg
full_bloom,20260727_1709_full_bloom_43_rot30.jpg,data/raw/full_bloom/20260727_1709_full_bloom_43_rot30.jpg
full_bloom,20260727_1707_full_bloom_33.jpg,data/raw/full_bloom/20260727_1707_full_bloom_33.jpg
vegetative,20260328_1032_vegetative_34_sup.jpg,data/raw/vegetative/20260328_1032_vegetative_34_sup.jpg
budding,20260328_1055_budding_137_rot60.jpg,data/raw/budding/20260328_1055_budding_137_rot60.jpg
vegetative,20260712_0902_vegetative_134_rot45.jpg,data/raw/vegetative/20260712_0902_vegetative_134_rot45.jpg
wilting,20260819_1717_wilting_31_sdown.jpg,data/raw/wilting/20260819_1717_wilting_31_sdown.jpg
seed_formation,20260731_1719_seed_formation_181_sdown.jpg,data/raw/seed_formation/20260731_1719_seed_formation_181_sdown.jpg
full_bloom,20260328_1111_full_bloom_121_sup.jpg,data/raw/full_bloom/20260328_1111_full_bloom_121_sup.jpg
budding,20260328_1010_budding_83_sup.jpg,data/raw/budding/20260328_1010_budding_83_sup.jpg
seed_formation,20260328_1041_seed_formation_108.jpg,data/raw/seed_formation/20260328_1041_seed_formation_108.jpg
budding,20260328_1121_budding_188_rot30.jpg,data/raw/budding/20260328_1121_budding_188_rot30.jpg
vegetative,vegetati_0000_vegetative_177_sup.jpg,data/raw/vegetative/vegetati_0000_vegetative_177_sup.jpg
full_bloom,20260328_1037_full_bloom_38_rot30.jpg,data/raw/full_bloom/20260328_1037_full_bloom_38_rot30.jpg
wilting,20260727_1724_wilting_12_cdown.jpg,data/raw/wilting/20260727_1724_wilting_12_cdown.jpg
pre_bloom,flowerin_0000_pre_bloom_81_sdown.jpg,data/raw/pre_bloom/flowerin_0000_pre_bloom_81_sdown.jpg
budding,20260328_1005_budding_10_rot45.jpg,data/raw/budding/20260328_1005_budding_10_rot45.jpg
wilting,20260814_1637_wilting_7_rot45.jpg,data/raw/wilting/20260814_1637_wilting_7_rot45.jpg
pre_bloom,20260328_1015_pre_bloom_14_sup.jpg,data/raw/pre_bloom/20260328_1015_pre_bloom_14_sup.jpg
wilting,20260814_1646_wilting_39_bup.jpg,data/raw/wilting/20260814_1646_wilting_39_bup.jpg
full_bloom,20260328_1110_full_bloom_114_sdown.jpg,data/raw/full_bloom/20260328_1110_full_bloom_114_sdown.jpg
full_bloom,20260328_1051_full_bloom_51_rot30.jpg,data/raw/full_bloom/20260328_1051_full_bloom_51_rot30.jpg
vegetative,20260328_1037_vegetative_49_bup.jpg,data/raw/vegetative/20260328_1037_vegetative_49_bup.jpg
pre_bloom,20260328_1108_pre_bloom_63_rot60.jpg,data/raw/pre_bloom/20260328_1108_pre_bloom_63_rot60.jpg
vegetative,20260804_1656_vegetative_155_bdown.jpg,data/raw/vegetative/20260804_1656_vegetative_155_bdown.jpg
pre_bloom,20260328_1042_pre_bloom_33_rot60.jpg,data/raw/pre_bloom/20260328_1042_pre_bloom_33_rot60.jpg
pre_bloom,20260726_1336_pre_bloom_31_bdown.jpg,data/raw/pre_bloom/20260726_1336_pre_bloom_31_bdown.jpg
vegetative,20260328_1037_vegetative_47_bup.jpg,data/raw/vegetative/20260328_1037_vegetative_47_bup.jpg
budding,20260328_1055_budding_146_sdown.jpg,data/raw/budding/20260328_1055_budding_146_sdown.jpg
full_bloom,20260328_1036_full_bloom_32_sdown.jpg,data/raw/full_bloom/20260328_1036_full_bloom_32_sdown.jpg
wilting,20260819_1718_wilting_38_cdown.jpg,data/raw/wilting/20260819_1718_wilting_38_cdown.jpg
pre_bloom,20260328_1108_pre_bloom_49_rot30.jpg,data/raw/pre_bloom/20260328_1108_pre_bloom_49_rot30.jpg
seed_formation,20260328_1020_seed_formation_50_sdown.jpg,data/raw/seed_formation/20260328_1020_seed_formation_50_sdown.jpg
vegetative,20260804_1656_vegetative_160_rot45.jpg,data/raw/vegetative/20260804_1656_vegetative_160_rot45.jpg
wilting,20260814_1646_wilting_37_bup.jpg,data/raw/wilting/20260814_1646_wilting_37_bup.jpg
seed_formation,20260328_1006_seed_formation_2_rot45.jpg,data/raw/seed_formation/20260328_1006_seed_formation_2_rot45.jpg
wilting,20260824_1706_wilting_60_sup.jpg,data/raw/wilting/20260824_1706_wilting_60_sup.jpg
wilting,20260814_1636_wilting_16_cdown.jpg,data/raw/wilting/20260814_1636_wilting_16_cdown.jpg
wilting,20260824_1706_wilting_56_rot60.jpg,data/raw/wilting/20260824_1706_wilting_56_rot60.jpg
pre_bloom,20260727_1736_pre_bloom_69_rot45.jpg,data/raw/pre_bloom/20260727_1736_pre_bloom_69_rot45.jpg
full_bloom,20260715_1556_full_bloom_8_cdown.jpg,data/raw/full_bloom/20260715_1556_full_bloom_8_cdown.jpg
wilting,20260814_1637_wilting_23_rot30.jpg,data/raw/wilting/20260814_1637_wilting_23_rot30.jpg
wilting,20260819_1718_wilting_33_bdown.jpg,data/raw/wilting/20260819_1718_wilting_33_bdown.jpg
pre_bloom,20260328_1108_pre_bloom_59_cup.jpg,data/raw/pre_bloom/20260328_1108_pre_bloom_59_cup.jpg
pre_bloom,20260804_1723_pre_bloom_96_rot30.jpg,data/raw/pre_bloom/20260804_1723_pre_bloom_96_rot30.jpg
seed_formation,20260328_1008_seed_formation_11_rot60.jpg,data/raw/seed_formation/20260328_1008_seed_formation_11_rot60.jpg
vegetative,20260328_1117_vegetative_90_cdown.jpg,data/raw/vegetative/20260328_1117_vegetative_90_cdown.jpg
full_bloom,20260727_1707_full_bloom_33_rot45.jpg,data/raw/full_bloom/20260727_1707_full_bloom_33_rot45.jpg
full_bloom,20260328_1051_full_bloom_52.jpg,data/raw/full_bloom/20260328_1051_full_bloom_52.jpg
pre_bloom,20260727_1722_pre_bloom_60_rot30.jpg,data/raw/pre_bloom/20260727_1722_pre_bloom_60_rot30.jpg
full_bloom,20260328_1052_full_bloom_61_cup.jpg,data/raw/full_bloom/20260328_1052_full_bloom_61_cup.jpg
full_bloom,20260328_1100_full_bloom_100_sdown.jpg,data/raw/full_bloom/20260328_1100_full_bloom_100_sdown.jpg
budding,20260328_1010_budding_81_cup.jpg,data/raw/budding/20260328_1010_budding_81_cup.jpg
seed_formation,20260328_1039_seed_formation_88_rot30.jpg,data/raw/seed_formation/20260328_1039_seed_formation_88_rot30.jpg
wilting,20260824_1705_wilting_42_rot45.jpg,data/raw/wilting/20260824_1705_wilting_42_rot45.jpg
pre_bloom,20260722_1742_pre_bloom_18.jpg,data/raw/pre_bloom/20260722_1742_pre_bloom_18.jpg
pre_bloom,20260328_1004_pre_bloom_6_cup.jpg,data/raw/pre_bloom/20260328_1004_pre_bloom_6_cup.jpg
wilting,20260824_1721_wilting_108.jpg,data/raw/wilting/20260824_1721_wilting_108.jpg
wilting,20260722_1658_wilting_6_sdown.jpg,data/raw/wilting/20260722_1658_wilting_6_sdown.jpg
seed_formation,20260328_1009_seed_formation_33_bup.jpg,data/raw/seed_formation/20260328_1009_seed_formation_33_bup.jpg
budding,20260328_1110_budding_169.jpg,data/raw/budding/20260328_1110_budding_169.jpg
budding,20260328_1005_budding_20_sup.jpg,data/raw/budding/20260328_1005_budding_20_sup.jpg
seed_formation,20260722_1755_seed_formation_166_cup.jpg,data/raw/seed_formation/20260722_1755_seed_formation_166_cup.jpg
wilting,20260819_1716_wilting_25_cdown.jpg,data/raw/wilting/20260819_1716_wilting_25_cdown.jpg
pre_bloom,20260328_1108_pre_bloom_55_rot45.jpg,data/raw/pre_bloom/20260328_1108_pre_bloom_55_rot45.jpg
vegetative,20260712_0902_vegetative_141_bup.jpg,data/raw/vegetative/20260712_0902_vegetative_141_bup.jpg
pre_bloom,20260811_1639_pre_bloom_112_bup.jpg,data/raw/pre_bloom/20260811_1639_pre_bloom_112_bup.jpg
budding,20260328_1005_budding_47_sup.jpg,data/raw/budding/20260328_1005_budding_47_sup.jpg
pre_bloom,20260726_1337_pre_bloom_34_sdown.jpg,data/raw/pre_bloom/20260726_1337_pre_bloom_34_sdown.jpg
seed_formation,20260731_1719_seed_formation_184_rot30.jpg,data/raw/seed_formation/20260731_1719_seed_formation_184_rot30.jpg
pre_bloom,20260712_0913_pre_bloom_73_rot30.jpg,data/raw/pre_bloom/20260712_0913_pre_bloom_73_rot30.jpg
vegetative,flowerin_0000_vegetative_166_bdown.jpg,data/raw/vegetative/flowerin_0000_vegetative_166_bdown.jpg
full_bloom,20260328_1052_full_bloom_69_sdown.jpg,data/raw/full_bloom/20260328_1052_full_bloom_69_sdown.jpg
wilting,20260814_1636_wilting_16_cup.jpg,data/raw/wilting/20260814_1636_wilting_16_cup.jpg
seed_formation,20260727_1733_seed_formation_176_sdown.jpg,data/raw/seed_formation/20260727_1733_seed_formation_176_sdown.jpg
full_bloom,20260715_1556_full_bloom_8_cup.jpg,data/raw/full_bloom/20260715_1556_full_bloom_8_cup.jpg
wilting,20260824_1705_wilting_41_sup.jpg,data/raw/wilting/20260824_1705_wilting_41_sup.jpg
seed_formation,20260727_1715_seed_formation_26_rot30.jpg,data/raw/seed_formation/20260727_1715_seed_formation_26_rot30.jpg
vegetative,20260328_1046_vegetative_64_rot45.jpg,data/raw/vegetative/20260328_1046_vegetative_64_rot45.jpg
full_bloom,20260328_1109_full_bloom_104_cup.jpg,data/raw/full_bloom/20260328_1109_full_bloom_104_cup.jpg
budding,20260328_1122_budding_209_rot60.jpg,data/raw/budding/20260328_1122_budding_209_rot60.jpg
pre_bloom,20260328_1108_pre_bloom_50_rot45.jpg,data/raw/pre_bloom/20260328_1108_pre_bloom_50_rot45.jpg
vegetative,20260328_1117_vegetative_82_cup.jpg,data/raw/vegetative/20260328_1117_vegetative_82_cup.jpg
budding,20260328_1123_budding_220_bup.jpg,data/raw/budding/20260328_1123_budding_220_bup.jpg
vegetative,vegetati_0000_vegetative_179_cup.jpg,data/raw/vegetative/vegetati_0000_vegetative_179_cup.jpg
vegetative,20260328_1030_vegetative_23_bup.jpg,data/raw/vegetative/20260328_1030_vegetative_23_bup.jpg
budding,20260328_1005_budding_46_rot30.jpg,data/raw/budding/20260328_1005_budding_46_rot30.jpg
seed_formation,20260722_1745_seed_formation_157_cup.jpg,data/raw/seed_formation/20260722_1745_seed_formation_157_cup.jpg
pre_bloom,20260726_1336_pre_bloom_27_sdown.jpg,data/raw/pre_bloom/20260726_1336_pre_bloom_27_sdown.jpg
pre_bloom,20260328_1004_pre_bloom_6_rot45.jpg,data/raw/pre_bloom/20260328_1004_pre_bloom_6_rot45.jpg
budding,20260328_1055_budding_142.jpg,data/raw/budding/20260328_1055_budding_142.jpg
vegetative,vegetati_0000_vegetative_175_cup.jpg,data/raw/vegetative/vegetati_0000_vegetative_175_cup.jpg
pre_bloom,20260328_1043_pre_bloom_46_bdown.jpg,data/raw/pre_bloom/20260328_1043_pre_bloom_46_bdown.jpg
wilting,20260824_1719_wilting_88_rot45.jpg,data/raw/wilting/20260824_1719_wilting_88_rot45.jpg
budding,20260328_1010_budding_82_bup.jpg,data/raw/budding/20260328_1010_budding_82_bup.jpg
vegetative,20260328_1116_vegetative_75_rot60.jpg,data/raw/vegetative/20260328_1116_vegetative_75_rot60.jpg
seed_formation,20260715_1554_seed_formation_127_bup.jpg,data/raw/seed_formation/20260715_1554_seed_formation_127_bup.jpg
wilting,20260824_1721_wilting_110_rot60.jpg,data/raw/wilting/20260824_1721_wilting_110_rot60.jpg
seed_formation,20260727_1715_seed_formation_31_sup.jpg,data/raw/seed_formation/20260727_1715_seed_formation_31_sup.jpg
vegetative,20260712_0902_vegetative_136_bup.jpg,data/raw/vegetative/20260712_0902_vegetative_136_bup.jpg
vegetative,20260712_0838_vegetative_106_bdown.jpg,data/raw/vegetative/20260712_0838_vegetative_106_bdown.jpg
wilting,20260814_1637_wilting_23_rot60.jpg,data/raw/wilting/20260814_1637_wilting_23_rot60.jpg
full_bloom,20260328_1038_full_bloom_45_cdown.jpg,data/raw/full_bloom/20260328_1038_full_bloom_45_cdown.jpg
budding,20260328_1005_budding_47_bdown.jpg,data/raw/budding/20260328_1005_budding_47_bdown.jpg
wilting,20260824_1721_wilting_107_cdown.jpg,data/raw/wilting/20260824_1721_wilting_107_cdown.jpg
budding,20260328_1005_budding_49_rot30.jpg,data/raw/budding/20260328_1005_budding_49_rot30.jpg
seed_formation,20260328_1020_seed_formation_43_rot30.jpg,data/raw/seed_formation/20260328_1020_seed_formation_43_rot30.jpg
wilting,20260824_1708_wilting_74_cup.jpg,data/raw/wilting/20260824_1708_wilting_74_cup.jpg
pre_bloom,20260811_1640_pre_bloom_120_bup.jpg,data/raw/pre_bloom/20260811_1640_pre_bloom_120_bup.jpg
seed_formation,20260328_1006_seed_formation_1_bdown.jpg,data/raw/seed_formation/20260328_1006_seed_formation_1_bdown.jpg
wilting,20260824_1719_wilting_88.jpg,data/raw/wilting/20260824_1719_wilting_88.jpg
vegetative,20260328_1015_vegetative_13_sdown.jpg,data/raw/vegetative/20260328_1015_vegetative_13_sdown.jpg
budding,20260328_1010_budding_82.jpg,data/raw/budding/20260328_1010_budding_82.jpg
seed_formation,20260328_1023_seed_formation_72_sup.jpg,data/raw/seed_formation/20260328_1023_seed_formation_72_sup.jpg
budding,20260328_1005_budding_22_rot45.jpg,data/raw/budding/20260328_1005_budding_22_rot45.jpg
wilting,20260727_1724_wilting_10_rot45.jpg,data/raw/wilting/20260727_1724_wilting_10_rot45.jpg
full_bloom,flowerin_0000_full_bloom_158_rot30.jpg,data/raw/full_bloom/flowerin_0000_full_bloom_158_rot30.jpg
full_bloom,flowerin_0000_full_bloom_152_rot30.jpg,data/raw/full_bloom/flowerin_0000_full_bloom_152_rot30.jpg
budding,20260328_1055_budding_138_sup.jpg,data/raw/budding/20260328_1055_budding_138_sup.jpg
vegetative,20260328_1046_vegetative_54_rot45.jpg,data/raw/vegetative/20260328_1046_vegetative_54_rot45.jpg
full_bloom,20260328_1116_full_bloom_143_cup.jpg,data/raw/full_bloom/20260328_1116_full_bloom_143_cup.jpg
wilting,20260328_1056_wilting_2_rot30.jpg,data/raw/wilting/20260328_1056_wilting_2_rot30.jpg
pre_bloom,20260727_1555_pre_bloom_46_rot45.jpg,data/raw/pre_bloom/20260727_1555_pre_bloom_46_rot45.jpg
full_bloom,20260722_1744_full_bloom_24_sdown.jpg,data/raw/full_bloom/20260722_1744_full_bloom_24_sdown.jpg
seed_formation,20260328_1041_seed_formation_111_bup.jpg,data/raw/seed_formation/20260328_1041_seed_formation_111_bup.jpg
pre_bloom,20260727_1711_pre_bloom_53_sdown.jpg,data/raw/pre_bloom/20260727_1711_pre_bloom_53_sdown.jpg
full_bloom,20260328_1052_full_bloom_61_sdown.jpg,data/raw/full_bloom/20260328_1052_full_bloom_61_sdown.jpg
vegetative,20260712_0838_vegetative_106_cup.jpg,data/raw/vegetative/20260712_0838_vegetative_106_cup.jpg
vegetative,20260712_0851_vegetative_111_rot30.jpg,data/raw/vegetative/20260712_0851_vegetative_111_rot30.jpg
full_bloom,20260328_1038_full_bloom_45_bup.jpg,data/raw/full_bloom/20260328_1038_full_bloom_45_bup.jpg
pre_bloom,20260811_1640_pre_bloom_119.jpg,data/raw/pre_bloom/20260811_1640_pre_bloom_119.jpg
full_bloom,20260328_1052_full_bloom_64_rot45.jpg,data/raw/full_bloom/20260328_1052_full_bloom_64_rot45.jpg
vegetative,20260328_1038_vegetative_50_rot60.jpg,data/raw/vegetative/20260328_1038_vegetative_50_rot60.jpg
budding,20260328_1005_budding_13_cdown.jpg,data/raw/budding/20260328_1005_budding_13_cdown.jpg
seed_formation,20260715_1602_seed_formation_149_bdown.jpg,data/raw/seed_formation/20260715_1602_seed_formation_149_bdown.jpg
full_bloom,20260328_1110_full_bloom_118_bup.jpg,data/raw/full_bloom/20260328_1110_full_bloom_118_bup.jpg
wilting,20260824_1706_wilting_60_cup.jpg,data/raw/wilting/20260824_1706_wilting_60_cup.jpg
pre_bloom,20260726_1337_pre_bloom_33.jpg,data/raw/pre_bloom/20260726_1337_pre_bloom_33.jpg
seed_formation,20260328_1040_seed_formation_100_cdown.jpg,data/raw/seed_formation/20260328_1040_seed_formation_100_cdown.jpg
budding,20260328_1011_budding_100_rot60.jpg,data/raw/budding/20260328_1011_budding_100_rot60.jpg
full_bloom,20260328_1014_full_bloom_17_cup.jpg,data/raw/full_bloom/20260328_1014_full_bloom_17_cup.jpg
full_bloom,20260727_1707_full_bloom_33_rot30.jpg,data/raw/full_bloom/20260727_1707_full_bloom_33_rot30.jpg
seed_formation,20260727_1733_seed_formation_177.jpg,data/raw/seed_formation/20260727_1733_seed_formation_177.jpg
budding,20260328_1056_budding_150_sup.jpg,data/raw/budding/20260328_1056_budding_150_sup.jpg
wilting,20260722_1658_wilting_6_rot60.jpg,data/raw/wilting/20260722_1658_wilting_6_rot60.jpg
pre_bloom,20260712_0855_pre_bloom_10_bdown.jpg,data/raw/pre_bloom/20260712_0855_pre_bloom_10_bdown.jpg
vegetative,20260328_1011_vegetative_8_bdown.jpg,data/raw/vegetative/20260328_1011_vegetative_8_bdown.jpg
pre_bloom,20260804_1723_pre_bloom_98_sdown.jpg,data/raw/pre_bloom/20260804_1723_pre_bloom_98_sdown.jpg
seed_formation,20260328_1006_seed_formation_1_cdown.jpg,data/raw/seed_formation/20260328_1006_seed_formation_1_cdown.jpg
wilting,20260819_1716_wilting_25_rot45.jpg,data/raw/wilting/20260819_1716_wilting_25_rot45.jpg
pre_bloom,20260328_1108_pre_bloom_48_sup.jpg,data/raw/pre_bloom/20260328_1108_pre_bloom_48_sup.jpg
full_bloom,20260328_1013_full_bloom_7_bdown.jpg,data/raw/full_bloom/20260328_1013_full_bloom_7_bdown.jpg
budding,20260328_1005_budding_11_rot30.jpg,data/raw/budding/20260328_1005_budding_11_rot30.jpg
budding,20260328_1005_budding_67_bup.jpg,data/raw/budding/20260328_1005_budding_67_bup.jpg
full_bloom,20260328_1109_full_bloom_108_sup.jpg,data/raw/full_bloom/20260328_1109_full_bloom_108_sup.jpg
full_bloom,20260722_1743_full_bloom_19_sup.jpg,data/raw/full_bloom/20260722_1743_full_bloom_19_sup.jpg
seed_formation,20260722_1745_seed_formation_156_rot45.jpg,data/raw/seed_formation/20260722_1745_seed_formation_156_rot45.jpg
wilting,20260824_1706_wilting_55.jpg,data/raw/wilting/20260824_1706_wilting_55.jpg
budding,20260328_1110_budding_170_cdown.jpg,data/raw/budding/20260328_1110_budding_170_cdown.jpg
seed_formation,20260715_1602_seed_formation_146_rot45.jpg,data/raw/seed_formation/20260715_1602_seed_formation_146_rot45.jpg
budding,20260328_1123_budding_220_sup.jpg,data/raw/budding/20260328_1123_budding_220_sup.jpg
budding,20260328_1005_budding_8_bdown.jpg,data/raw/budding/20260328_1005_budding_8_bdown.jpg
vegetative,20260804_1656_vegetative_161_rot30.jpg,data/raw/vegetative/20260804_1656_vegetative_161_rot30.jpg
wilting,20260819_1717_wilting_27_rot45.jpg,data/raw/wilting/20260819_1717_wilting_27_rot45.jpg
wilting,20260814_1637_wilting_28_bdown.jpg,data/raw/wilting/20260814_1637_wilting_28_bdown.jpg
pre_bloom,20260804_1723_pre_bloom_99_rot45.jpg,data/raw/pre_bloom/20260804_1723_pre_bloom_99_rot45.jpg
budding,20260328_1005_budding_61_rot45.jpg,data/raw/budding/20260328_1005_budding_61_rot45.jpg
full_bloom,20260328_1111_full_bloom_122_sup.jpg,data/raw/full_bloom/20260328_1111_full_bloom_122_sup.jpg
budding,20260328_1011_budding_97_rot60.jpg,data/raw/budding/20260328_1011_budding_97_rot60.jpg
full_bloom,20260328_1038_full_bloom_41_rot60.jpg,data/raw/full_bloom/20260328_1038_full_bloom_41_rot60.jpg
seed_formation,20260328_1019_seed_formation_34_rot60.jpg,data/raw/seed_formation/20260328_1019_seed_formation_34_rot60.jpg
budding,20260328_1005_budding_59_rot60.jpg,data/raw/budding/20260328_1005_budding_59_rot60.jpg
vegetative,20260712_0914_vegetative_144_sdown.jpg,data/raw/vegetative/20260712_0914_vegetative_144_sdown.jpg
pre_bloom,flowerin_0000_pre_bloom_83_cdown.jpg,data/raw/pre_bloom/flowerin_0000_pre_bloom_83_cdown.jpg
wilting,20260727_1724_wilting_11_bdown.jpg,data/raw/wilting/20260727_1724_wilting_11_bdown.jpg
pre_bloom,20260727_1555_pre_bloom_37_cdown.jpg,data/raw/pre_bloom/20260727_1555_pre_bloom_37_cdown.jpg
vegetative,20260712_0902_vegetative_129_sdown.jpg,data/raw/vegetative/20260712_0902_vegetative_129_sdown.jpg
seed_formation,20260722_1745_seed_formation_157_sdown.jpg,data/raw/seed_formation/20260722_1745_seed_formation_157_sdown.jpg
seed_formation,20260328_1009_seed_formation_27_cdown.jpg,data/raw/seed_formation/20260328_1009_seed_formation_27_cdown.jpg
budding,20260328_1121_budding_185_rot60.jpg,data/raw/budding/20260328_1121_budding_185_rot60.jpg
budding,20260328_1122_budding_204_sdown.jpg,data/raw/budding/20260328_1122_budding_204_sdown.jpg
wilting,20260824_1721_wilting_109_bup.jpg,data/raw/wilting/20260824_1721_wilting_109_bup.jpg
budding,20260328_1011_budding_109_rot45.jpg,data/raw/budding/20260328_1011_budding_109_rot45.jpg
seed_formation,20260328_1041_seed_formation_109_bdown.jpg,data/raw/seed_formation/20260328_1041_seed_formation_109_bdown.jpg
vegetative,20260328_1006_vegetative_5_rot60.jpg,data/raw/vegetative/20260328_1006_vegetative_5_rot60.jpg
full_bloom,20260328_1036_full_bloom_28_rot30.jpg,data/raw/full_bloom/20260328_1036_full_bloom_28_rot30.jpg
budding,20260328_1005_budding_22_rot30.jpg,data/raw/budding/20260328_1005_budding_22_rot30.jpg
seed_formation,20260328_1041_seed_formation_118_sup.jpg,data/raw/seed_formation/20260328_1041_seed_formation_118_sup.jpg
wilting,20260814_1646_wilting_39_rot60.jpg,data/raw/wilting/20260814_1646_wilting_39_rot60.jpg
vegetative,20260328_1047_vegetative_67_rot45.jpg,data/raw/vegetative/20260328_1047_vegetative_67_rot45.jpg
budding,20260328_1115_budding_182_cup.jpg,data/raw/budding/20260328_1115_budding_182_cup.jpg
budding,20260328_1010_budding_80_sup.jpg,data/raw/budding/20260328_1010_budding_80_sup.jpg
vegetative,20260712_0902_vegetative_129_cup.jpg,data/raw/vegetative/20260712_0902_vegetative_129_cup.jpg
pre_bloom,20260811_1640_pre_bloom_121_cup.jpg,data/raw/pre_bloom/20260811_1640_pre_bloom_121_cup.jpg
pre_bloom,20260328_1043_pre_bloom_45_bup.jpg,data/raw/pre_bloom/20260328_1043_pre_bloom_45_bup.jpg
pre_bloom,20260712_0855_pre_bloom_7_rot60.jpg,data/raw/pre_bloom/20260712_0855_pre_bloom_7_rot60.jpg
budding,20260328_1122_budding_210_rot45.jpg,data/raw/budding/20260328_1122_budding_210_rot45.jpg
vegetative,20260712_0837_vegetative_100_sdown.jpg,data/raw/vegetative/20260712_0837_vegetative_100_sdown.jpg
seed_formation,20260328_1023_seed_formation_73_sdown.jpg,data/raw/seed_formation/20260328_1023_seed_formation_73_sdown.jpg
full_bloom,20260328_1052_full_bloom_64_sup.jpg,data/raw/full_bloom/20260328_1052_full_bloom_64_sup.jpg
budding,20260328_1005_budding_14_sup.jpg,data/raw/budding/20260328_1005_budding_14_sup.jpg
pre_bloom,20260328_1042_pre_bloom_33_sup.jpg,data/raw/pre_bloom/20260328_1042_pre_bloom_33_sup.jpg
full_bloom,20260328_1036_full_bloom_30_rot30.jpg,data/raw/full_bloom/20260328_1036_full_bloom_30_rot30.jpg
full_bloom,20260328_1052_full_bloom_71_sup.jpg,data/raw/full_bloom/20260328_1052_full_bloom_71_sup.jpg
seed_formation,20260328_1042_seed_formation_121_rot30.jpg,data/raw/seed_formation/20260328_1042_seed_formation_121_rot30.jpg
wilting,20260814_1636_wilting_15_rot45.jpg,data/raw/wilting/20260814_1636_wilting_15_rot45.jpg
seed_formation,20260328_1020_seed_formation_42_cup.jpg,data/raw/seed_formation/20260328_1020_seed_formation_42_cup.jpg
vegetative,flowerin_0000_vegetative_164_bup.jpg,data/raw/vegetative/flowerin_0000_vegetative_164_bup.jpg
vegetative,20260712_0900_vegetative_115_rot45.jpg,data/raw/vegetative/20260712_0900_vegetative_115_rot45.jpg
seed_formation,20260715_1602_seed_formation_140_bup.jpg,data/raw/seed_formation/20260715_1602_seed_formation_140_bup.jpg
budding,20260328_1111_budding_179_rot60.jpg,data/raw/budding/20260328_1111_budding_179_rot60.jpg
budding,20260328_1111_budding_179_cup.jpg,data/raw/budding/20260328_1111_budding_179_cup.jpg
budding,20260328_1110_budding_168_sup.jpg,data/raw/budding/20260328_1110_budding_168_sup.jpg
full_bloom,20260727_1722_full_bloom_59_cup.jpg,data/raw/full_bloom/20260727_1722_full_bloom_59_cup.jpg
wilting,20260824_1706_wilting_61.jpg,data/raw/wilting/20260824_1706_wilting_61.jpg
pre_bloom,20260712_0854_pre_bloom_3_rot45.jpg,data/raw/pre_bloom/20260712_0854_pre_bloom_3_rot45.jpg
seed_formation,20260328_1039_seed_formation_91_bup.jpg,data/raw/seed_formation/20260328_1039_seed_formation_91_bup.jpg
budding,20260328_1005_budding_29_bdown.jpg,data/raw/budding/20260328_1005_budding_29_bdown.jpg
budding,20260328_1005_budding_44_cup.jpg,data/raw/budding/20260328_1005_budding_44_cup.jpg
budding,20260328_1011_budding_93_rot60.jpg,data/raw/budding/20260328_1011_budding_93_rot60.jpg
budding,20260328_1055_budding_137_sup.jpg,data/raw/budding/20260328_1055_budding_137_sup.jpg
seed_formation,20260328_1040_seed_formation_106_bup.jpg,data/raw/seed_formation/20260328_1040_seed_formation_106_bup.jpg
wilting,20260824_1709_wilting_85_cup.jpg,data/raw/wilting/20260824_1709_wilting_85_cup.jpg
seed_formation,20260722_1755_seed_formation_166_rot30.jpg,data/raw/seed_formation/20260722_1755_seed_formation_166_rot30.jpg
seed_formation,20260328_1008_seed_formation_11_bdown.jpg,data/raw/seed_formation/20260328_1008_seed_formation_11_bdown.jpg
vegetative,20260328_1116_vegetative_74_rot30.jpg,data/raw/vegetative/20260328_1116_vegetative_74_rot30.jpg
budding,20260328_1115_budding_181_rot30.jpg,data/raw/budding/20260328_1115_budding_181_rot30.jpg
full_bloom,20260328_1013_full_bloom_12_cdown.jpg,data/raw/full_bloom/20260328_1013_full_bloom_12_cdown.jpg
pre_bloom,20260712_0855_pre_bloom_11_sdown.jpg,data/raw/pre_bloom/20260712_0855_pre_bloom_11_sdown.jpg
seed_formation,20260727_1733_seed_formation_176_bdown.jpg,data/raw/seed_formation/20260727_1733_seed_formation_176_bdown.jpg
wilting,20260824_1705_wilting_49_bup.jpg,data/raw/wilting/20260824_1705_wilting_49_bup.jpg
vegetative,20260328_1005_vegetative_4.jpg,data/raw/vegetative/20260328_1005_vegetative_4.jpg
budding,20260328_1011_budding_97_rot30.jpg,data/raw/budding/20260328_1011_budding_97_rot30.jpg
wilting,20260814_1637_wilting_15_rot45.jpg,data/raw/wilting/20260814_1637_wilting_15_rot45.jpg
pre_bloom,20260328_1108_pre_bloom_58_rot30.jpg,data/raw/pre_bloom/20260328_1108_pre_bloom_58_rot30.jpg
seed_formation,20260328_1019_seed_formation_34_rot30.jpg,data/raw/seed_formation/20260328_1019_seed_formation_34_rot30.jpg
seed_formation,20260328_1020_seed_formation_49_bup.jpg,data/raw/seed_formation/20260328_1020_seed_formation_49_bup.jpg
full_bloom,20260722_1658_full_bloom_18_rot60.jpg,data/raw/full_bloom/20260722_1658_full_bloom_18_rot60.jpg
wilting,20260814_1637_wilting_27_sdown.jpg,data/raw/wilting/20260814_1637_wilting_27_sdown.jpg
vegetative,20260722_1821_vegetative_153_rot45.jpg,data/raw/vegetative/20260722_1821_vegetative_153_rot45.jpg
vegetative,20260328_1117_vegetative_92_rot45.jpg,data/raw/vegetative/20260328_1117_vegetative_92_rot45.jpg
full_bloom,20260715_1556_full_bloom_8_rot45.jpg,data/raw/full_bloom/20260715_1556_full_bloom_8_rot45.jpg
pre_bloom,20260712_0854_pre_bloom_1_cup.jpg,data/raw/pre_bloom/20260712_0854_pre_bloom_1_cup.jpg
vegetative,20260804_1656_vegetative_160_cdown.jpg,data/raw/vegetative/20260804_1656_vegetative_160_cdown.jpg
pre_bloom,20260328_1003_pre_bloom_2_sdown.jpg,data/raw/pre_bloom/20260328_1003_pre_bloom_2_sdown.jpg
vegetative,20260712_0902_vegetative_131_bdown.jpg,data/raw/vegetative/20260712_0902_vegetative_131_bdown.jpg
full_bloom,20260328_1013_full_bloom_11_cdown.jpg,data/raw/full_bloom/20260328_1013_full_bloom_11_cdown.jpg
vegetative,20260712_0902_vegetative_135_cdown.jpg,data/raw/vegetative/20260712_0902_vegetative_135_cdown.jpg
full_bloom,flowerin_0000_full_bloom_158_sup.jpg,data/raw/full_bloom/flowerin_0000_full_bloom_158_sup.jpg
vegetative,20260328_1015_vegetative_13_sup.jpg,data/raw/vegetative/20260328_1015_vegetative_13_sup.jpg
seed_formation,20260722_1745_seed_formation_157_cdown.jpg,data/raw/seed_formation/20260722_1745_seed_formation_157_cdown.jpg
full_bloom,20260328_1052_full_bloom_62_cup.jpg,data/raw/full_bloom/20260328_1052_full_bloom_62_cup.jpg
seed_formation,20260722_1755_seed_formation_167_bdown.jpg,data/raw/seed_formation/20260722_1755_seed_formation_167_bdown.jpg
wilting,20260814_1637_wilting_14_sup.jpg,data/raw/wilting/20260814_1637_wilting_14_sup.jpg
seed_formation,20260328_1008_seed_formation_17_cdown.jpg,data/raw/seed_formation/20260328_1008_seed_formation_17_cdown.jpg
wilting,20260824_1707_wilting_68_sdown.jpg,data/raw/wilting/20260824_1707_wilting_68_sdown.jpg
seed_formation,20260727_1715_seed_formation_28_sdown.jpg,data/raw/seed_formation/20260727_1715_seed_formation_28_sdown.jpg
budding,20260328_1011_budding_109_rot60.jpg,data/raw/budding/20260328_1011_budding_109_rot60.jpg
seed_formation,20260328_1040_seed_formation_106_rot30.jpg,data/raw/seed_formation/20260328_1040_seed_formation_106_rot30.jpg
pre_bloom,20260712_0854_pre_bloom_4_sdown.jpg,data/raw/pre_bloom/20260712_0854_pre_bloom_4_sdown.jpg
vegetative,20260712_0901_vegetative_117_bup.jpg,data/raw/vegetative/20260712_0901_vegetative_117_bup.jpg
seed_formation,20260727_1715_seed_formation_30_rot45.jpg,data/raw/seed_formation/20260727_1715_seed_formation_30_rot45.jpg
full_bloom,20260328_1111_full_bloom_122_rot60.jpg,data/raw/full_bloom/20260328_1111_full_bloom_122_rot60.jpg
full_bloom,20260328_1052_full_bloom_63_cup.jpg,data/raw/full_bloom/20260328_1052_full_bloom_63_cup.jpg
wilting,20260819_1659_wilting_16_bup.jpg,data/raw/wilting/20260819_1659_wilting_16_bup.jpg
pre_bloom,20260328_1043_pre_bloom_41_sdown.jpg,data/raw/pre_bloom/20260328_1043_pre_bloom_41_sdown.jpg
full_bloom,20260328_1014_full_bloom_18.jpg,data/raw/full_bloom/20260328_1014_full_bloom_18.jpg
budding,20260328_1011_budding_109_bdown.jpg,data/raw/budding/20260328_1011_budding_109_bdown.jpg
pre_bloom,20260328_1003_pre_bloom_3.jpg,data/raw/pre_bloom/20260328_1003_pre_bloom_3.jpg
full_bloom,20260727_1724_full_bloom_70_sup.jpg,data/raw/full_bloom/20260727_1724_full_bloom_70_sup.jpg
vegetative,20260804_1656_vegetative_161_cup.jpg,data/raw/vegetative/20260804_1656_vegetative_161_cup.jpg
wilting,20260814_1646_wilting_36_sdown.jpg,data/raw/wilting/20260814_1646_wilting_36_sdown.jpg
seed_formation,20260722_1755_seed_formation_167_sdown.jpg,data/raw/seed_formation/20260722_1755_seed_formation_167_sdown.jpg
pre_bloom,20260727_1555_pre_bloom_45_bdown.jpg,data/raw/pre_bloom/20260727_1555_pre_bloom_45_bdown.jpg
full_bloom,20260328_1110_full_bloom_119_rot60.jpg,data/raw/full_bloom/20260328_1110_full_bloom_119_rot60.jpg
full_bloom,20260328_1053_full_bloom_74_rot45.jpg,data/raw/full_bloom/20260328_1053_full_bloom_74_rot45.jpg
full_bloom,20260328_1036_full_bloom_29_bup.jpg,data/raw/full_bloom/20260328_1036_full_bloom_29_bup.jpg
pre_bloom,20260328_1108_pre_bloom_50.jpg,data/raw/pre_bloom/20260328_1108_pre_bloom_50.jpg
budding,20260328_1005_budding_66.jpg,data/raw/budding/20260328_1005_budding_66.jpg
wilting,20260824_1721_wilting_108_rot30.jpg,data/raw/wilting/20260824_1721_wilting_108_rot30.jpg
seed_formation,20260328_1040_seed_formation_96_sup.jpg,data/raw/seed_formation/20260328_1040_seed_formation_96_sup.jpg
budding,20260328_1121_budding_190_sup.jpg,data/raw/budding/20260328_1121_budding_190_sup.jpg
budding,20260328_1122_budding_207_sup.jpg,data/raw/budding/20260328_1122_budding_207_sup.jpg
wilting,20260824_1705_wilting_45_rot30.jpg,data/raw/wilting/20260824_1705_wilting_45_rot30.jpg
pre_bloom,20260328_1004_pre_bloom_6_rot60.jpg,data/raw/pre_bloom/20260328_1004_pre_bloom_6_rot60.jpg
seed_formation,20260727_1715_seed_formation_28_cdown.jpg,data/raw/seed_formation/20260727_1715_seed_formation_28_cdown.jpg
pre_bloom,20260328_1006_pre_bloom_10_bdown.jpg,data/raw/pre_bloom/20260328_1006_pre_bloom_10_bdown.jpg
seed_formation,20260715_1602_seed_formation_143_rot45.jpg,data/raw/seed_formation/20260715_1602_seed_formation_143_rot45.jpg
full_bloom,20260722_1803_full_bloom_25.jpg,data/raw/full_bloom/20260722_1803_full_bloom_25.jpg
full_bloom,20260727_1722_full_bloom_61.jpg,data/raw/full_bloom/20260727_1722_full_bloom_61.jpg
full_bloom,20260328_1115_full_bloom_139_bup.jpg,data/raw/full_bloom/20260328_1115_full_bloom_139_bup.jpg
pre_bloom,20260727_1711_pre_bloom_50_bdown.jpg,data/raw/pre_bloom/20260727_1711_pre_bloom_50_bdown.jpg
vegetative,20260328_1030_vegetative_29_sdown.jpg,data/raw/vegetative/20260328_1030_vegetative_29_sdown.jpg
full_bloom,20260328_1051_full_bloom_49_sup.jpg,data/raw/full_bloom/20260328_1051_full_bloom_49_sup.jpg
seed_formation,20260328_1009_seed_formation_25.jpg,data/raw/seed_formation/20260328_1009_seed_formation_25.jpg
pre_bloom,20260727_1722_pre_bloom_58_rot60.jpg,data/raw/pre_bloom/20260727_1722_pre_bloom_58_rot60.jpg
vegetative,vegetati_0000_vegetative_177_cup.jpg,data/raw/vegetative/vegetati_0000_vegetative_177_cup.jpg
budding,20260328_1110_budding_173_sdown.jpg,data/raw/budding/20260328_1110_budding_173_sdown.jpg
wilting,20260814_1637_wilting_15.jpg,data/raw/wilting/20260814_1637_wilting_15.jpg
wilting,20260824_1720_wilting_94_rot60.jpg,data/raw/wilting/20260824_1720_wilting_94_rot60.jpg
wilting,20260824_1708_wilting_71_bup.jpg,data/raw/wilting/20260824_1708_wilting_71_bup.jpg
pre_bloom,20260712_0854_pre_bloom_1_sup.jpg,data/raw/pre_bloom/20260712_0854_pre_bloom_1_sup.jpg
seed_formation,20260731_1719_seed_formation_184_rot45.jpg,data/raw/seed_formation/20260731_1719_seed_formation_184_rot45.jpg
full_bloom,20260328_1110_full_bloom_120.jpg,data/raw/full_bloom/20260328_1110_full_bloom_120.jpg
budding,20260328_1010_budding_83_rot45.jpg,data/raw/budding/20260328_1010_budding_83_rot45.jpg
vegetative,20260712_0901_vegetative_124_sup.jpg,data/raw/vegetative/20260712_0901_vegetative_124_sup.jpg
vegetative,20260712_0902_vegetative_140_bdown.jpg,data/raw/vegetative/20260712_0902_vegetative_140_bdown.jpg
pre_bloom,20260722_1742_pre_bloom_17_rot60.jpg,data/raw/pre_bloom/20260722_1742_pre_bloom_17_rot60.jpg
budding,20260328_1122_budding_216_bup.jpg,data/raw/budding/20260328_1122_budding_216_bup.jpg
vegetative,20260328_1117_vegetative_91_rot60.jpg,data/raw/vegetative/20260328_1117_vegetative_91_rot60.jpg
pre_bloom,20260328_1109_pre_bloom_68_rot45.jpg,data/raw/pre_bloom/20260328_1109_pre_bloom_68_rot45.jpg
full_bloom,20260328_1100_full_bloom_98_sup.jpg,data/raw/full_bloom/20260328_1100_full_bloom_98_sup.jpg
vegetative,20260712_0902_vegetative_138_rot30.jpg,data/raw/vegetative/20260712_0902_vegetative_138_rot30.jpg
vegetative,20260328_1037_vegetative_49_rot30.jpg,data/raw/vegetative/20260328_1037_vegetative_49_rot30.jpg
vegetative,20260804_1656_vegetative_155_bup.jpg,data/raw/vegetative/20260804_1656_vegetative_155_bup.jpg
pre_bloom,20260328_1015_pre_bloom_14.jpg,data/raw/pre_bloom/20260328_1015_pre_bloom_14.jpg
pre_bloom,20260727_1555_pre_bloom_43_rot45.jpg,data/raw/pre_bloom/20260727_1555_pre_bloom_43_rot45.jpg
full_bloom,20260328_1051_full_bloom_48_rot45.jpg,data/raw/full_bloom/20260328_1051_full_bloom_48_rot45.jpg
pre_bloom,20260328_1108_pre_bloom_60_cup.jpg,data/raw/pre_bloom/20260328_1108_pre_bloom_60_cup.jpg
pre_bloom,20260328_1042_pre_bloom_33_bup.jpg,data/raw/pre_bloom/20260328_1042_pre_bloom_33_bup.jpg
vegetative,20260712_0902_vegetative_140_cup.jpg,data/raw/vegetative/20260712_0902_vegetative_140_cup.jpg
wilting,20260824_1709_wilting_82_rot60.jpg,data/raw/wilting/20260824_1709_wilting_82_rot60.jpg
seed_formation,20260328_1007_seed_formation_4_bdown.jpg,data/raw/seed_formation/20260328_1007_seed_formation_4_bdown.jpg
vegetative,20260328_1002_vegetative_2_bup.jpg,data/raw/vegetative/20260328_1002_vegetative_2_bup.jpg
vegetative,flowerin_0000_vegetative_164_rot60.jpg,data/raw/vegetative/flowerin_0000_vegetative_164_rot60.jpg
seed_formation,20260328_1041_seed_formation_111_cup.jpg,data/raw/seed_formation/20260328_1041_seed_formation_111_cup.jpg
seed_formation,20260727_1715_seed_formation_33_rot45.jpg,data/raw/seed_formation/20260727_1715_seed_formation_33_rot45.jpg
pre_bloom,20260804_1724_pre_bloom_108_rot30.jpg,data/raw/pre_bloom/20260804_1724_pre_bloom_108_rot30.jpg
pre_bloom,20260712_0855_pre_bloom_9_sdown.jpg,data/raw/pre_bloom/20260712_0855_pre_bloom_9_sdown.jpg
full_bloom,20260328_1052_full_bloom_62_bup.jpg,data/raw/full_bloom/20260328_1052_full_bloom_62_bup.jpg
budding,20260328_1005_budding_17_cup.jpg,data/raw/budding/20260328_1005_budding_17_cup.jpg
vegetative,20260712_0900_vegetative_115_sup.jpg,data/raw/vegetative/20260712_0900_vegetative_115_sup.jpg
seed_formation,20260727_1715_seed_formation_31_rot45.jpg,data/raw/seed_formation/20260727_1715_seed_formation_31_rot45.jpg
seed_formation,20260328_1040_seed_formation_95_sdown.jpg,data/raw/seed_formation/20260328_1040_seed_formation_95_sdown.jpg
pre_bloom,20260731_1656_pre_bloom_81_bdown.jpg,data/raw/pre_bloom/20260731_1656_pre_bloom_81_bdown.jpg
pre_bloom,20260804_1724_pre_bloom_103.jpg,data/raw/pre_bloom/20260804_1724_pre_bloom_103.jpg
vegetative,20260328_1046_vegetative_66_cdown.jpg,data/raw/vegetative/20260328_1046_vegetative_66_cdown.jpg
vegetative,20260328_1123_vegetative_96_cdown.jpg,data/raw/vegetative/20260328_1123_vegetative_96_cdown.jpg
budding,20260328_1122_budding_215_cdown.jpg,data/raw/budding/20260328_1122_budding_215_cdown.jpg
pre_bloom,20260722_1743_pre_bloom_23_rot45.jpg,data/raw/pre_bloom/20260722_1743_pre_bloom_23_rot45.jpg
full_bloom,20260328_1038_full_bloom_40_cup.jpg,data/raw/full_bloom/20260328_1038_full_bloom_40_cup.jpg
full_bloom,20260328_1110_full_bloom_115_bup.jpg,data/raw/full_bloom/20260328_1110_full_bloom_115_bup.jpg
full_bloom,20260328_1053_full_bloom_84_rot30.jpg,data/raw/full_bloom/20260328_1053_full_bloom_84_rot30.jpg
seed_formation,20260727_1732_seed_formation_170_rot60.jpg,data/raw/seed_formation/20260727_1732_seed_formation_170_rot60.jpg
seed_formation,20260727_1715_seed_formation_29_rot60.jpg,data/raw/seed_formation/20260727_1715_seed_formation_29_rot60.jpg
seed_formation,20260328_1023_seed_formation_71_cup.jpg,data/raw/seed_formation/20260328_1023_seed_formation_71_cup.jpg
pre_bloom,20260328_1043_pre_bloom_43_sup.jpg,data/raw/pre_bloom/20260328_1043_pre_bloom_43_sup.jpg
wilting,20260824_1719_wilting_88_sdown.jpg,data/raw/wilting/20260824_1719_wilting_88_sdown.jpg
pre_bloom,20260712_0855_pre_bloom_9_bup.jpg,data/raw/pre_bloom/20260712_0855_pre_bloom_9_bup.jpg
wilting,20260824_1705_wilting_41_rot30.jpg,data/raw/wilting/20260824_1705_wilting_41_rot30.jpg
pre_bloom,20260328_1108_pre_bloom_60_rot60.jpg,data/raw/pre_bloom/20260328_1108_pre_bloom_60_rot60.jpg
pre_bloom,20260328_1108_pre_bloom_63_sup.jpg,data/raw/pre_bloom/20260328_1108_pre_bloom_63_sup.jpg
full_bloom,flowerin_0000_full_bloom_152_cup.jpg,data/raw/full_bloom/flowerin_0000_full_bloom_152_cup.jpg
seed_formation,20260731_1719_seed_formation_186_rot30.jpg,data/raw/seed_formation/20260731_1719_seed_formation_186_rot30.jpg
vegetative,20260328_1117_vegetative_84.jpg,data/raw/vegetative/20260328_1117_vegetative_84.jpg
budding,20260328_1005_budding_39_cup.jpg,data/raw/budding/20260328_1005_budding_39_cup.jpg
full_bloom,20260328_1036_full_bloom_23_rot30.jpg,data/raw/full_bloom/20260328_1036_full_bloom_23_rot30.jpg
full_bloom,20260715_1557_full_bloom_12_cup.jpg,data/raw/full_bloom/20260715_1557_full_bloom_12_cup.jpg
full_bloom,20260328_1038_full_bloom_40_rot30.jpg,data/raw/full_bloom/20260328_1038_full_bloom_40_rot30.jpg
pre_bloom,20260726_1336_pre_bloom_29_sup.jpg,data/raw/pre_bloom/20260726_1336_pre_bloom_29_sup.jpg
wilting,20260824_1721_wilting_98.jpg,data/raw/wilting/20260824_1721_wilting_98.jpg
budding,20260328_1010_budding_81_bdown.jpg,data/raw/budding/20260328_1010_budding_81_bdown.jpg
pre_bloom,20260328_1019_pre_bloom_23_cup.jpg,data/raw/pre_bloom/20260328_1019_pre_bloom_23_cup.jpg
budding,20260328_1005_budding_57_rot30.jpg,data/raw/budding/20260328_1005_budding_57_rot30.jpg
full_bloom,flowerin_0000_full_bloom_157_cup.jpg,data/raw/full_bloom/flowerin_0000_full_bloom_157_cup.jpg
vegetative,20260328_1037_vegetative_48_rot60.jpg,data/raw/vegetative/20260328_1037_vegetative_48_rot60.jpg
budding,20260328_1010_budding_80_cup.jpg,data/raw/budding/20260328_1010_budding_80_cup.jpg
full_bloom,20260328_1115_full_bloom_142_rot45.jpg,data/raw/full_bloom/20260328_1115_full_bloom_142_rot45.jpg
seed_formation,20260328_1022_seed_formation_64_cdown.jpg,data/raw/seed_formation/20260328_1022_seed_formation_64_cdown.jpg
pre_bloom,20260727_1711_pre_bloom_50_bup.jpg,data/raw/pre_bloom/20260727_1711_pre_bloom_50_bup.jpg
full_bloom,20260328_1114_full_bloom_131.jpg,data/raw/full_bloom/20260328_1114_full_bloom_131.jpg
full_bloom,20260328_1109_full_bloom_108_sdown.jpg,data/raw/full_bloom/20260328_1109_full_bloom_108_sdown.jpg
pre_bloom,20260731_1658_pre_bloom_85_sup.jpg,data/raw/pre_bloom/20260731_1658_pre_bloom_85_sup.jpg
wilting,20260824_1708_wilting_74_sdown.jpg,data/raw/wilting/20260824_1708_wilting_74_sdown.jpg
pre_bloom,20260328_1043_pre_bloom_37.jpg,data/raw/pre_bloom/20260328_1043_pre_bloom_37.jpg
budding,20260328_1005_budding_70_sup.jpg,data/raw/budding/20260328_1005_budding_70_sup.jpg
full_bloom,bloom4.p_0000_full_bloom_146_rot60.jpg,data/raw/full_bloom/bloom4.p_0000_full_bloom_146_rot60.jpg
budding,20260328_1005_budding_20_cdown.jpg,data/raw/budding/20260328_1005_budding_20_cdown.jpg
wilting,20260814_1637_wilting_24.jpg,data/raw/wilting/20260814_1637_wilting_24.jpg
pre_bloom,20260328_1019_pre_bloom_23_rot30.jpg,data/raw/pre_bloom/20260328_1019_pre_bloom_23_rot30.jpg
seed_formation,20260328_1039_seed_formation_82_rot30.jpg,data/raw/seed_formation/20260328_1039_seed_formation_82_rot30.jpg
wilting,20260824_1721_wilting_109_sup.jpg,data/raw/wilting/20260824_1721_wilting_109_sup.jpg
pre_bloom,20260811_1640_pre_bloom_118_rot30.jpg,data/raw/pre_bloom/20260811_1640_pre_bloom_118_rot30.jpg
full_bloom,20260328_1052_full_bloom_61_sup.jpg,data/raw/full_bloom/20260328_1052_full_bloom_61_sup.jpg
pre_bloom,20260328_1043_pre_bloom_45_rot30.jpg,data/raw/pre_bloom/20260328_1043_pre_bloom_45_rot30.jpg
budding,20260328_1121_budding_184_cup.jpg,data/raw/budding/20260328_1121_budding_184_cup.jpg
full_bloom,20260328_1054_full_bloom_89_cdown.jpg,data/raw/full_bloom/20260328_1054_full_bloom_89_cdown.jpg
seed_formation,20260715_1602_seed_formation_140.jpg,data/raw/seed_formation/20260715_1602_seed_formation_140.jpg
pre_bloom,Budding0_0000_pre_bloom_76_cup.jpg,data/raw/pre_bloom/Budding0_0000_pre_bloom_76_cup.jpg
wilting,20260824_1721_wilting_98_cup.jpg,data/raw/wilting/20260824_1721_wilting_98_cup.jpg
seed_formation,20260328_1041_seed_formation_120_bdown.jpg,data/raw/seed_formation/20260328_1041_seed_formation_120_bdown.jpg
seed_formation,20260722_1745_seed_formation_150_cdown.jpg,data/raw/seed_formation/20260722_1745_seed_formation_150_cdown.jpg
budding,20260328_1005_budding_53_sup.jpg,data/raw/budding/20260328_1005_budding_53_sup.jpg
wilting,20260824_1709_wilting_85.jpg,data/raw/wilting/20260824_1709_wilting_85.jpg
full_bloom,20260328_1054_full_bloom_90_sdown.jpg,data/raw/full_bloom/20260328_1054_full_bloom_90_sdown.jpg
seed_formation,20260328_1020_seed_formation_50_bdown.jpg,data/raw/seed_formation/20260328_1020_seed_formation_50_bdown.jpg
full_bloom,20260328_1052_full_bloom_71_bup.jpg,data/raw/full_bloom/20260328_1052_full_bloom_71_bup.jpg
budding,20260328_1110_budding_172_bdown.jpg,data/raw/budding/20260328_1110_budding_172_bdown.jpg
seed_formation,20260328_1040_seed_formation_98_sup.jpg,data/raw/seed_formation/20260328_1040_seed_formation_98_sup.jpg
vegetative,vegetati_0000_vegetative_180_bdown.jpg,data/raw/vegetative/vegetati_0000_vegetative_180_bdown.jpg
full_bloom,20260328_1116_full_bloom_144_rot45.jpg,data/raw/full_bloom/20260328_1116_full_bloom_144_rot45.jpg
budding,20260328_1005_budding_11_cdown.jpg,data/raw/budding/20260328_1005_budding_11_cdown.jpg
budding,20260328_1121_budding_184.jpg,data/raw/budding/20260328_1121_budding_184.jpg
budding,20260328_1055_budding_136_rot60.jpg,data/raw/budding/20260328_1055_budding_136_rot60.jpg
seed_formation,20260328_1041_seed_formation_117_rot60.jpg,data/raw/seed_formation/20260328_1041_seed_formation_117_rot60.jpg
vegetative,20260328_1015_vegetative_15_cdown.jpg,data/raw/vegetative/20260328_1015_vegetative_15_cdown.jpg
seed_formation,20260328_1040_seed_formation_98_bdown.jpg,data/raw/seed_formation/20260328_1040_seed_formation_98_bdown.jpg
budding,20260328_1123_budding_218_rot30.jpg,data/raw/budding/20260328_1123_budding_218_rot30.jpg
wilting,20260814_1637_wilting_28_rot30.jpg,data/raw/wilting/20260814_1637_wilting_28_rot30.jpg
full_bloom,20260328_1013_full_bloom_12_bdown.jpg,data/raw/full_bloom/20260328_1013_full_bloom_12_bdown.jpg
pre_bloom,20260722_1743_pre_bloom_23_rot30.jpg,data/raw/pre_bloom/20260722_1743_pre_bloom_23_rot30.jpg
budding,budding2_0000_budding_224_cup.jpg,data/raw/budding/budding2_0000_budding_224_cup.jpg
seed_formation,20260328_1009_seed_formation_33_sup.jpg,data/raw/seed_formation/20260328_1009_seed_formation_33_sup.jpg
vegetative,20260328_1117_vegetative_76_rot60.jpg,data/raw/vegetative/20260328_1117_vegetative_76_rot60.jpg
full_bloom,20260328_1051_full_bloom_50_rot45.jpg,data/raw/full_bloom/20260328_1051_full_bloom_50_rot45.jpg
full_bloom,20260328_1013_full_bloom_14_cup.jpg,data/raw/full_bloom/20260328_1013_full_bloom_14_cup.jpg
seed_formation,20260328_1022_seed_formation_61.jpg,data/raw/seed_formation/20260328_1022_seed_formation_61.jpg
pre_bloom,20260722_1743_pre_bloom_25_sup.jpg,data/raw/pre_bloom/20260722_1743_pre_bloom_25_sup.jpg
full_bloom,20260727_1722_full_bloom_66_rot30.jpg,data/raw/full_bloom/20260727_1722_full_bloom_66_rot30.jpg
seed_formation,20260727_1715_seed_formation_29_cdown.jpg,data/raw/seed_formation/20260727_1715_seed_formation_29_cdown.jpg
full_bloom,20260328_1112_full_bloom_124_bdown.jpg,data/raw/full_bloom/20260328_1112_full_bloom_124_bdown.jpg
pre_bloom,20260328_1043_pre_bloom_40_cdown.jpg,data/raw/pre_bloom/20260328_1043_pre_bloom_40_cdown.jpg
seed_formation,20260328_1019_seed_formation_35_cup.jpg,data/raw/seed_formation/20260328_1019_seed_formation_35_cup.jpg
full_bloom,20260328_1037_full_bloom_36_rot45.jpg,data/raw/full_bloom/20260328_1037_full_bloom_36_rot45.jpg
seed_formation,20260727_1715_seed_formation_30.jpg,data/raw/seed_formation/20260727_1715_seed_formation_30.jpg
vegetative,20260328_1046_vegetative_56.jpg,data/raw/vegetative/20260328_1046_vegetative_56.jpg
full_bloom,20260328_1109_full_bloom_104_rot30.jpg,data/raw/full_bloom/20260328_1109_full_bloom_104_rot30.jpg
pre_bloom,20260328_1043_pre_bloom_45_sup.jpg,data/raw/pre_bloom/20260328_1043_pre_bloom_45_sup.jpg
full_bloom,20260328_1038_full_bloom_47_cdown.jpg,data/raw/full_bloom/20260328_1038_full_bloom_47_cdown.jpg
seed_formation,20260328_1039_seed_formation_88.jpg,data/raw/seed_formation/20260328_1039_seed_formation_88.jpg
budding,20260328_1123_budding_218_bdown.jpg,data/raw/budding/20260328_1123_budding_218_bdown.jpg
pre_bloom,20260328_1003_pre_bloom_3_cdown.jpg,data/raw/pre_bloom/20260328_1003_pre_bloom_3_cdown.jpg
full_bloom,20260328_1038_full_bloom_44_sup.jpg,data/raw/full_bloom/20260328_1038_full_bloom_44_sup.jpg
vegetative,flowerin_0000_vegetative_164_cup.jpg,data/raw/vegetative/flowerin_0000_vegetative_164_cup.jpg
pre_bloom,20260328_1043_pre_bloom_39_sup.jpg,data/raw/pre_bloom/20260328_1043_pre_bloom_39_sup.jpg
seed_formation,20260328_1041_seed_formation_118_cup.jpg,data/raw/seed_formation/20260328_1041_seed_formation_118_cup.jpg
vegetative,20260328_1037_vegetative_49_sdown.jpg,data/raw/vegetative/20260328_1037_vegetative_49_sdown.jpg
budding,20260328_1005_budding_70.jpg,data/raw/budding/20260328_1005_budding_70.jpg
seed_formation,20260722_1754_seed_formation_158_rot45.jpg,data/raw/seed_formation/20260722_1754_seed_formation_158_rot45.jpg
seed_formation,20260715_1602_seed_formation_142_sup.jpg,data/raw/seed_formation/20260715_1602_seed_formation_142_sup.jpg
seed_formation,20260715_1602_seed_formation_134_bup.jpg,data/raw/seed_formation/20260715_1602_seed_formation_134_bup.jpg
wilting,20260824_1705_wilting_40_cup.jpg,data/raw/wilting/20260824_1705_wilting_40_cup.jpg
wilting,20260824_1721_wilting_106_cdown.jpg,data/raw/wilting/20260824_1721_wilting_106_cdown.jpg
wilting,20260824_1705_wilting_45_bdown.jpg,data/raw/wilting/20260824_1705_wilting_45_bdown.jpg
pre_bloom,20260731_1658_pre_bloom_87_cdown.jpg,data/raw/pre_bloom/20260731_1658_pre_bloom_87_cdown.jpg
vegetative,20260328_1032_vegetative_37_sup.jpg,data/raw/vegetative/20260328_1032_vegetative_37_sup.jpg
vegetative,20260328_1011_vegetative_8_rot45.jpg,data/raw/vegetative/20260328_1011_vegetative_8_rot45.jpg
seed_formation,20260722_1755_seed_formation_167.jpg,data/raw/seed_formation/20260722_1755_seed_formation_167.jpg
full_bloom,flowerin_0000_full_bloom_149_rot60.jpg,data/raw/full_bloom/flowerin_0000_full_bloom_149_rot60.jpg
seed_formation,20260727_1715_seed_formation_29_bdown.jpg,data/raw/seed_formation/20260727_1715_seed_formation_29_bdown.jpg
full_bloom,20260722_1658_full_bloom_17_bdown.jpg,data/raw/full_bloom/20260722_1658_full_bloom_17_bdown.jpg
budding,20260328_1110_budding_159_sup.jpg,data/raw/budding/20260328_1110_budding_159_sup.jpg
wilting,20260824_1707_wilting_68_rot60.jpg,data/raw/wilting/20260824_1707_wilting_68_rot60.jpg
full_bloom,20260328_1052_full_bloom_58_sup.jpg,data/raw/full_bloom/20260328_1052_full_bloom_58_sup.jpg
seed_formation,20260328_1040_seed_formation_98_rot45.jpg,data/raw/seed_formation/20260328_1040_seed_formation_98_rot45.jpg
seed_formation,20260715_1602_seed_formation_140_bdown.jpg,data/raw/seed_formation/20260715_1602_seed_formation_140_bdown.jpg
full_bloom,flowerin_0000_full_bloom_148_rot60.jpg,data/raw/full_bloom/flowerin_0000_full_bloom_148_rot60.jpg
full_bloom,20260727_1709_full_bloom_47.jpg,data/raw/full_bloom/20260727_1709_full_bloom_47.jpg
budding,20260328_1005_budding_59_sup.jpg,data/raw/budding/20260328_1005_budding_59_sup.jpg
vegetative,20260328_1117_vegetative_89_rot60.jpg,data/raw/vegetative/20260328_1117_vegetative_89_rot60.jpg
pre_bloom,20260811_1640_pre_bloom_115_sdown.jpg,data/raw/pre_bloom/20260811_1640_pre_bloom_115_sdown.jpg
wilting,20260824_1721_wilting_106_bup.jpg,data/raw/wilting/20260824_1721_wilting_106_bup.jpg
vegetative,20260804_1656_vegetative_161_cdown.jpg,data/raw/vegetative/20260804_1656_vegetative_161_cdown.jpg
pre_bloom,20260712_0914_pre_bloom_74_rot30.jpg,data/raw/pre_bloom/20260712_0914_pre_bloom_74_rot30.jpg
pre_bloom,20260328_1003_pre_bloom_3_rot30.jpg,data/raw/pre_bloom/20260328_1003_pre_bloom_3_rot30.jpg
wilting,20260824_1720_wilting_92_rot30.jpg,data/raw/wilting/20260824_1720_wilting_92_rot30.jpg
seed_formation,20260727_1732_seed_formation_171_rot60.jpg,data/raw/seed_formation/20260727_1732_seed_formation_171_rot60.jpg
seed_formation,20260715_1602_seed_formation_144_cup.jpg,data/raw/seed_formation/20260715_1602_seed_formation_144_cup.jpg
vegetative,20260328_1032_vegetative_34_cdown.jpg,data/raw/vegetative/20260328_1032_vegetative_34_cdown.jpg
budding,20260328_1122_budding_204_cdown.jpg,data/raw/budding/20260328_1122_budding_204_cdown.jpg
seed_formation,20260328_1022_seed_formation_65_cup.jpg,data/raw/seed_formation/20260328_1022_seed_formation_65_cup.jpg
full_bloom,20260328_1053_full_bloom_83_bup.jpg,data/raw/full_bloom/20260328_1053_full_bloom_83_bup.jpg
vegetative,20260712_0901_vegetative_128_rot60.jpg,data/raw/vegetative/20260712_0901_vegetative_128_rot60.jpg
pre_bloom,20260328_1108_pre_bloom_49_rot60.jpg,data/raw/pre_bloom/20260328_1108_pre_bloom_49_rot60.jpg
seed_formation,20260328_1039_seed_formation_88_bup.jpg,data/raw/seed_formation/20260328_1039_seed_formation_88_bup.jpg
seed_formation,20260731_1719_seed_formation_182_rot45.jpg,data/raw/seed_formation/20260731_1719_seed_formation_182_rot45.jpg
vegetative,vegetati_0000_vegetative_180.jpg,data/raw/vegetative/vegetati_0000_vegetative_180.jpg
wilting,20260819_1718_wilting_37.jpg,data/raw/wilting/20260819_1718_wilting_37.jpg
full_bloom,20260727_1709_full_bloom_54.jpg,data/raw/full_bloom/20260727_1709_full_bloom_54.jpg
budding,20260328_1005_budding_59_cup.jpg,data/raw/budding/20260328_1005_budding_59_cup.jpg
seed_formation,20260328_1042_seed_formation_122_cup.jpg,data/raw/seed_formation/20260328_1042_seed_formation_122_cup.jpg
seed_formation,20260328_1008_seed_formation_21_rot45.jpg,data/raw/seed_formation/20260328_1008_seed_formation_21_rot45.jpg
full_bloom,20260328_1116_full_bloom_143_rot60.jpg,data/raw/full_bloom/20260328_1116_full_bloom_143_rot60.jpg
seed_formation,20260715_1602_seed_formation_139_bup.jpg,data/raw/seed_formation/20260715_1602_seed_formation_139_bup.jpg
full_bloom,20260328_1037_full_bloom_38_sdown.jpg,data/raw/full_bloom/20260328_1037_full_bloom_38_sdown.jpg
pre_bloom,20260328_1018_pre_bloom_19_rot30.jpg,data/raw/pre_bloom/20260328_1018_pre_bloom_19_rot30.jpg
seed_formation,20260328_1020_seed_formation_56_bup.jpg,data/raw/seed_formation/20260328_1020_seed_formation_56_bup.jpg
pre_bloom,20260726_1337_pre_bloom_35.jpg,data/raw/pre_bloom/20260726_1337_pre_bloom_35.jpg
wilting,20260824_1705_wilting_50.jpg,data/raw/wilting/20260824_1705_wilting_50.jpg
full_bloom,flowerin_0000_full_bloom_159_rot30.jpg,data/raw/full_bloom/flowerin_0000_full_bloom_159_rot30.jpg
wilting,20260824_1708_wilting_71_rot45.jpg,data/raw/wilting/20260824_1708_wilting_71_rot45.jpg
pre_bloom,20260722_1743_pre_bloom_21_sdown.jpg,data/raw/pre_bloom/20260722_1743_pre_bloom_21_sdown.jpg
pre_bloom,20260804_1723_pre_bloom_96_rot45.jpg,data/raw/pre_bloom/20260804_1723_pre_bloom_96_rot45.jpg
wilting,20260824_1705_wilting_40_sup.jpg,data/raw/wilting/20260824_1705_wilting_40_sup.jpg
pre_bloom,20260712_0914_pre_bloom_74_sdown.jpg,data/raw/pre_bloom/20260712_0914_pre_bloom_74_sdown.jpg
seed_formation,20260328_1020_seed_formation_58_bup.jpg,data/raw/seed_formation/20260328_1020_seed_formation_58_bup.jpg
full_bloom,20260328_1013_full_bloom_12_rot30.jpg,data/raw/full_bloom/20260328_1013_full_bloom_12_rot30.jpg
vegetative,20260328_1123_vegetative_96_rot60.jpg,data/raw/vegetative/20260328_1123_vegetative_96_rot60.jpg
vegetative,20260712_0901_vegetative_120.jpg,data/raw/vegetative/20260712_0901_vegetative_120.jpg
seed_formation,20260328_1022_seed_formation_65.jpg,data/raw/seed_formation/20260328_1022_seed_formation_65.jpg
wilting,20260814_1637_wilting_14_cup.jpg,data/raw/wilting/20260814_1637_wilting_14_cup.jpg
wilting,wilting1_0000_wilting_45_bup.jpg,data/raw/wilting/wilting1_0000_wilting_45_bup.jpg
budding,budding3_0000_budding_225_rot60.jpg,data/raw/budding/budding3_0000_budding_225_rot60.jpg
pre_bloom,Budding0_0000_pre_bloom_80_rot30.jpg,data/raw/pre_bloom/Budding0_0000_pre_bloom_80_rot30.jpg
budding,20260328_1005_budding_25_cup.jpg,data/raw/budding/20260328_1005_budding_25_cup.jpg
wilting,20260814_1637_wilting_7_sdown.jpg,data/raw/wilting/20260814_1637_wilting_7_sdown.jpg
budding,20260328_1121_budding_196_cdown.jpg,data/raw/budding/20260328_1121_budding_196_cdown.jpg
full_bloom,20260727_1722_full_bloom_58.jpg,data/raw/full_bloom/20260727_1722_full_bloom_58.jpg
full_bloom,20260328_1013_full_bloom_7_cdown.jpg,data/raw/full_bloom/20260328_1013_full_bloom_7_cdown.jpg
pre_bloom,20260328_1042_pre_bloom_30_cup.jpg,data/raw/pre_bloom/20260328_1042_pre_bloom_30_cup.jpg
pre_bloom,20260722_1743_pre_bloom_26_sdown.jpg,data/raw/pre_bloom/20260722_1743_pre_bloom_26_sdown.jpg
seed_formation,20260328_1040_seed_formation_101_bup.jpg,data/raw/seed_formation/20260328_1040_seed_formation_101_bup.jpg
wilting,20260819_1718_wilting_37_bup.jpg,data/raw/wilting/20260819_1718_wilting_37_bup.jpg
seed_formation,20260328_1020_seed_formation_56.jpg,data/raw/seed_formation/20260328_1020_seed_formation_56.jpg
full_bloom,20260328_1059_full_bloom_93_cdown.jpg,data/raw/full_bloom/20260328_1059_full_bloom_93_cdown.jpg
vegetative,20260328_1117_vegetative_90_rot30.jpg,data/raw/vegetative/20260328_1117_vegetative_90_rot30.jpg
budding,inflores_0000_budding_227_sdown.jpg,data/raw/budding/inflores_0000_budding_227_sdown.jpg
seed_formation,20260328_1006_seed_formation_2_sup.jpg,data/raw/seed_formation/20260328_1006_seed_formation_2_sup.jpg
budding,20260328_1121_budding_190.jpg,data/raw/budding/20260328_1121_budding_190.jpg
budding,20260328_1005_budding_9_bdown.jpg,data/raw/budding/20260328_1005_budding_9_bdown.jpg
wilting,20260722_1658_wilting_7_rot30.jpg,data/raw/wilting/20260722_1658_wilting_7_rot30.jpg
full_bloom,20260727_1707_full_bloom_37_cup.jpg,data/raw/full_bloom/20260727_1707_full_bloom_37_cup.jpg
seed_formation,20260727_1733_seed_formation_177_bdown.jpg,data/raw/seed_formation/20260727_1733_seed_formation_177_bdown.jpg
budding,20260328_1010_budding_85_rot45.jpg,data/raw/budding/20260328_1010_budding_85_rot45.jpg
wilting,20260814_1637_wilting_13_bdown.jpg,data/raw/wilting/20260814_1637_wilting_13_bdown.jpg
vegetative,20260712_0901_vegetative_121_cdown.jpg,data/raw/vegetative/20260712_0901_vegetative_121_cdown.jpg
vegetative,20260712_0902_vegetative_130_rot60.jpg,data/raw/vegetative/20260712_0902_vegetative_130_rot60.jpg
full_bloom,20260722_1803_full_bloom_27_cdown.jpg,data/raw/full_bloom/20260722_1803_full_bloom_27_cdown.jpg
full_bloom,20260328_1100_full_bloom_100_bdown.jpg,data/raw/full_bloom/20260328_1100_full_bloom_100_bdown.jpg
vegetative,20260722_1659_vegetative_146.jpg,data/raw/vegetative/20260722_1659_vegetative_146.jpg
full_bloom,20260727_1709_full_bloom_51_bup.jpg,data/raw/full_bloom/20260727_1709_full_bloom_51_bup.jpg
full_bloom,20260328_1114_full_bloom_130_cdown.jpg,data/raw/full_bloom/20260328_1114_full_bloom_130_cdown.jpg
full_bloom,20260328_1053_full_bloom_75_rot30.jpg,data/raw/full_bloom/20260328_1053_full_bloom_75_rot30.jpg
wilting,20260328_1056_wilting_4_rot60.jpg,data/raw/wilting/20260328_1056_wilting_4_rot60.jpg
vegetative,20260328_1032_vegetative_35_sup.jpg,data/raw/vegetative/20260328_1032_vegetative_35_sup.jpg
full_bloom,20260328_1013_full_bloom_13_rot30.jpg,data/raw/full_bloom/20260328_1013_full_bloom_13_rot30.jpg
budding,20260328_1005_budding_14_cdown.jpg,data/raw/budding/20260328_1005_budding_14_cdown.jpg
vegetative,20260328_1117_vegetative_87_bup.jpg,data/raw/vegetative/20260328_1117_vegetative_87_bup.jpg
pre_bloom,20260328_1003_pre_bloom_3_bdown.jpg,data/raw/pre_bloom/20260328_1003_pre_bloom_3_bdown.jpg
vegetative,20260328_1006_vegetative_5_cdown.jpg,data/raw/vegetative/20260328_1006_vegetative_5_cdown.jpg
vegetative,vegetati_0000_vegetative_180_cup.jpg,data/raw/vegetative/vegetati_0000_vegetative_180_cup.jpg
wilting,20260328_1056_wilting_3_cdown.jpg,data/raw/wilting/20260328_1056_wilting_3_cdown.jpg
full_bloom,20260328_1111_full_bloom_122_rot45.jpg,data/raw/full_bloom/20260328_1111_full_bloom_122_rot45.jpg
wilting,20260824_1720_wilting_91_cdown.jpg,data/raw/wilting/20260824_1720_wilting_91_cdown.jpg
seed_formation,20260722_1755_seed_formation_166_sdown.jpg,data/raw/seed_formation/20260722_1755_seed_formation_166_sdown.jpg
budding,20260328_1018_budding_128_sdown.jpg,data/raw/budding/20260328_1018_budding_128_sdown.jpg
seed_formation,20260328_1006_seed_formation_3_cdown.jpg,data/raw/seed_formation/20260328_1006_seed_formation_3_cdown.jpg
seed_formation,20260328_1020_seed_formation_57_cdown.jpg,data/raw/seed_formation/20260328_1020_seed_formation_57_cdown.jpg
full_bloom,20260328_1053_full_bloom_77_rot60.jpg,data/raw/full_bloom/20260328_1053_full_bloom_77_rot60.jpg
seed_formation,20260328_1042_seed_formation_121_sdown.jpg,data/raw/seed_formation/20260328_1042_seed_formation_121_sdown.jpg
vegetative,20260804_1656_vegetative_159_bdown.jpg,data/raw/vegetative/20260804_1656_vegetative_159_bdown.jpg
vegetative,20260712_0838_vegetative_105_sdown.jpg,data/raw/vegetative/20260712_0838_vegetative_105_sdown.jpg
budding,20260328_1122_budding_201.jpg,data/raw/budding/20260328_1122_budding_201.jpg
budding,20260328_1005_budding_48.jpg,data/raw/budding/20260328_1005_budding_48.jpg
vegetative,20260712_0837_vegetative_100.jpg,data/raw/vegetative/20260712_0837_vegetative_100.jpg
full_bloom,20260328_1053_full_bloom_83_rot60.jpg,data/raw/full_bloom/20260328_1053_full_bloom_83_rot60.jpg
pre_bloom,20260328_1108_pre_bloom_52_rot30.jpg,data/raw/pre_bloom/20260328_1108_pre_bloom_52_rot30.jpg
wilting,20260824_1705_wilting_45_sup.jpg,data/raw/wilting/20260824_1705_wilting_45_sup.jpg
wilting,20260824_1709_wilting_82_cup.jpg,data/raw/wilting/20260824_1709_wilting_82_cup.jpg
wilting,20260819_1716_wilting_24_bdown.jpg,data/raw/wilting/20260819_1716_wilting_24_bdown.jpg
vegetative,20260712_0902_vegetative_134_rot60.jpg,data/raw/vegetative/20260712_0902_vegetative_134_rot60.jpg
wilting,20260824_1719_wilting_86_cup.jpg,data/raw/wilting/20260824_1719_wilting_86_cup.jpg
pre_bloom,20260328_1005_pre_bloom_7_sup.jpg,data/raw/pre_bloom/20260328_1005_pre_bloom_7_sup.jpg
pre_bloom,20260328_1043_pre_bloom_44_cdown.jpg,data/raw/pre_bloom/20260328_1043_pre_bloom_44_cdown.jpg
pre_bloom,20260811_1640_pre_bloom_123_cup.jpg,data/raw/pre_bloom/20260811_1640_pre_bloom_123_cup.jpg
budding,20260328_1005_budding_4_rot45.jpg,data/raw/budding/20260328_1005_budding_4_rot45.jpg
full_bloom,20260328_1051_full_bloom_48_rot30.jpg,data/raw/full_bloom/20260328_1051_full_bloom_48_rot30.jpg
seed_formation,20260328_1008_seed_formation_12_rot60.jpg,data/raw/seed_formation/20260328_1008_seed_formation_12_rot60.jpg
seed_formation,20260328_1020_seed_formation_53_bdown.jpg,data/raw/seed_formation/20260328_1020_seed_formation_53_bdown.jpg
seed_formation,20260715_1602_seed_formation_139_sup.jpg,data/raw/seed_formation/20260715_1602_seed_formation_139_sup.jpg
pre_bloom,20260811_1639_pre_bloom_110_sdown.jpg,data/raw/pre_bloom/20260811_1639_pre_bloom_110_sdown.jpg
pre_bloom,20260731_1657_pre_bloom_83_bup.jpg,data/raw/pre_bloom/20260731_1657_pre_bloom_83_bup.jpg
pre_bloom,20260804_1724_pre_bloom_102_sdown.jpg,data/raw/pre_bloom/20260804_1724_pre_bloom_102_sdown.jpg
pre_bloom,20260727_1555_pre_bloom_44_bdown.jpg,data/raw/pre_bloom/20260727_1555_pre_bloom_44_bdown.jpg
wilting,20260824_1705_wilting_40_sdown.jpg,data/raw/wilting/20260824_1705_wilting_40_sdown.jpg
budding,20260328_1011_budding_97.jpg,data/raw/budding/20260328_1011_budding_97.jpg
budding,20260328_1122_budding_201_rot45.jpg,data/raw/budding/20260328_1122_budding_201_rot45.jpg
budding,20260328_1010_budding_83_rot30.jpg,data/raw/budding/20260328_1010_budding_83_rot30.jpg
wilting,20260814_1637_wilting_23_bup.jpg,data/raw/wilting/20260814_1637_wilting_23_bup.jpg
full_bloom,20260328_1115_full_bloom_142_bdown.jpg,data/raw/full_bloom/20260328_1115_full_bloom_142_bdown.jpg
budding,20260328_1055_budding_139_sup.jpg,data/raw/budding/20260328_1055_budding_139_sup.jpg
vegetative,20260328_1117_vegetative_79_bdown.jpg,data/raw/vegetative/20260328_1117_vegetative_79_bdown.jpg
wilting,20260814_1646_wilting_37_sup.jpg,data/raw/wilting/20260814_1646_wilting_37_sup.jpg
wilting,20260819_1717_wilting_29_bup.jpg,data/raw/wilting/20260819_1717_wilting_29_bup.jpg
full_bloom,20260328_1013_full_bloom_10_cdown.jpg,data/raw/full_bloom/20260328_1013_full_bloom_10_cdown.jpg
pre_bloom,20260328_1043_pre_bloom_43_cup.jpg,data/raw/pre_bloom/20260328_1043_pre_bloom_43_cup.jpg
vegetative,20260328_1011_vegetative_9_bdown.jpg,data/raw/vegetative/20260328_1011_vegetative_9_bdown.jpg
full_bloom,20260727_1722_full_bloom_65_cup.jpg,data/raw/full_bloom/20260727_1722_full_bloom_65_cup.jpg
wilting,20260824_1721_wilting_100_rot45.jpg,data/raw/wilting/20260824_1721_wilting_100_rot45.jpg
seed_formation,20260727_1715_seed_formation_29.jpg,data/raw/seed_formation/20260727_1715_seed_formation_29.jpg
budding,20260328_1110_budding_169_sup.jpg,data/raw/budding/20260328_1110_budding_169_sup.jpg
vegetative,20260712_0843_vegetative_107_bdown.jpg,data/raw/vegetative/20260712_0843_vegetative_107_bdown.jpg
budding,20260328_1121_budding_195_rot30.jpg,data/raw/budding/20260328_1121_budding_195_rot30.jpg
wilting,20260814_1637_wilting_23_cup.jpg,data/raw/wilting/20260814_1637_wilting_23_cup.jpg
budding,20260328_1111_budding_179_sdown.jpg,data/raw/budding/20260328_1111_budding_179_sdown.jpg
seed_formation,20260727_1732_seed_formation_170_sup.jpg,data/raw/seed_formation/20260727_1732_seed_formation_170_sup.jpg
pre_bloom,20260731_1656_pre_bloom_82_sup.jpg,data/raw/pre_bloom/20260731_1656_pre_bloom_82_sup.jpg
seed_formation,20260715_1602_seed_formation_134_bdown.jpg,data/raw/seed_formation/20260715_1602_seed_formation_134_bdown.jpg
full_bloom,20260715_1556_full_bloom_6_sup.jpg,data/raw/full_bloom/20260715_1556_full_bloom_6_sup.jpg
full_bloom,20260328_1053_full_bloom_83_cdown.jpg,data/raw/full_bloom/20260328_1053_full_bloom_83_cdown.jpg
full_bloom,20260328_1052_full_bloom_62_rot60.jpg,data/raw/full_bloom/20260328_1052_full_bloom_62_rot60.jpg
pre_bloom,20260804_1724_pre_bloom_106.jpg,data/raw/pre_bloom/20260804_1724_pre_bloom_106.jpg
seed_formation,20260328_1007_seed_formation_6_bup.jpg,data/raw/seed_formation/20260328_1007_seed_formation_6_bup.jpg
pre_bloom,20260328_1006_pre_bloom_9_sdown.jpg,data/raw/pre_bloom/20260328_1006_pre_bloom_9_sdown.jpg
budding,20260328_1005_budding_11.jpg,data/raw/budding/20260328_1005_budding_11.jpg
budding,20260328_1110_budding_162.jpg,data/raw/budding/20260328_1110_budding_162.jpg
seed_formation,20260328_1020_seed_formation_53_rot30.jpg,data/raw/seed_formation/20260328_1020_seed_formation_53_rot30.jpg
full_bloom,20260328_1051_full_bloom_53_cdown.jpg,data/raw/full_bloom/20260328_1051_full_bloom_53_cdown.jpg
seed_formation,20260328_1023_seed_formation_73_cdown.jpg,data/raw/seed_formation/20260328_1023_seed_formation_73_cdown.jpg
vegetative,20260712_0902_vegetative_134_sdown.jpg,data/raw/vegetative/20260712_0902_vegetative_134_sdown.jpg
vegetative,20260328_1046_vegetative_65_sdown.jpg,data/raw/vegetative/20260328_1046_vegetative_65_sdown.jpg
full_bloom,flowerin_0000_full_bloom_147_sup.jpg,data/raw/full_bloom/flowerin_0000_full_bloom_147_sup.jpg
seed_formation,20260328_1008_seed_formation_10.jpg,data/raw/seed_formation/20260328_1008_seed_formation_10.jpg
wilting,20260824_1706_wilting_63_sdown.jpg,data/raw/wilting/20260824_1706_wilting_63_sdown.jpg
seed_formation,20260328_1039_seed_formation_91_cdown.jpg,data/raw/seed_formation/20260328_1039_seed_formation_91_cdown.jpg
vegetative,vegetati_0000_vegetative_179_bup.jpg,data/raw/vegetative/vegetati_0000_vegetative_179_bup.jpg
full_bloom,20260328_1053_full_bloom_74_cup.jpg,data/raw/full_bloom/20260328_1053_full_bloom_74_cup.jpg
pre_bloom,20260727_1722_pre_bloom_58_rot30.jpg,data/raw/pre_bloom/20260727_1722_pre_bloom_58_rot30.jpg
wilting,20260814_1636_wilting_17_sup.jpg,data/raw/wilting/20260814_1636_wilting_17_sup.jpg
seed_formation,20260328_1019_seed_formation_35_rot30.jpg,data/raw/seed_formation/20260328_1019_seed_formation_35_rot30.jpg
pre_bloom,20260726_1336_pre_bloom_30_rot30.jpg,data/raw/pre_bloom/20260726_1336_pre_bloom_30_rot30.jpg
wilting,20260819_1717_wilting_29_rot60.jpg,data/raw/wilting/20260819_1717_wilting_29_rot60.jpg
budding,20260328_1005_budding_5_rot60.jpg,data/raw/budding/20260328_1005_budding_5_rot60.jpg
seed_formation,20260722_1755_seed_formation_166.jpg,data/raw/seed_formation/20260722_1755_seed_formation_166.jpg
pre_bloom,20260712_0855_pre_bloom_9_rot60.jpg,data/raw/pre_bloom/20260712_0855_pre_bloom_9_rot60.jpg
full_bloom,20260727_1707_full_bloom_32_rot45.jpg,data/raw/full_bloom/20260727_1707_full_bloom_32_rot45.jpg
wilting,20260824_1709_wilting_81_bup.jpg,data/raw/wilting/20260824_1709_wilting_81_bup.jpg
vegetative,20260804_1656_vegetative_161_rot45.jpg,data/raw/vegetative/20260804_1656_vegetative_161_rot45.jpg
pre_bloom,20260328_1015_pre_bloom_14_sdown.jpg,data/raw/pre_bloom/20260328_1015_pre_bloom_14_sdown.jpg
budding,20260328_1059_budding_154_sdown.jpg,data/raw/budding/20260328_1059_budding_154_sdown.jpg
seed_formation,20260328_1039_seed_formation_89_rot60.jpg,data/raw/seed_formation/20260328_1039_seed_formation_89_rot60.jpg
full_bloom,20260722_1804_full_bloom_30.jpg,data/raw/full_bloom/20260722_1804_full_bloom_30.jpg
full_bloom,20260328_1013_full_bloom_13_cup.jpg,data/raw/full_bloom/20260328_1013_full_bloom_13_cup.jpg
pre_bloom,20260722_1743_pre_bloom_26_bdown.jpg,data/raw/pre_bloom/20260722_1743_pre_bloom_26_bdown.jpg
seed_formation,20260328_1008_seed_formation_8_cup.jpg,data/raw/seed_formation/20260328_1008_seed_formation_8_cup.jpg
budding,inflores_0000_budding_229_bdown.jpg,data/raw/budding/inflores_0000_budding_229_bdown.jpg
budding,20260328_1011_budding_100_cup.jpg,data/raw/budding/20260328_1011_budding_100_cup.jpg
wilting,20260814_1637_wilting_15_rot60.jpg,data/raw/wilting/20260814_1637_wilting_15_rot60.jpg
full_bloom,20260328_1053_full_bloom_80_rot45.jpg,data/raw/full_bloom/20260328_1053_full_bloom_80_rot45.jpg
vegetative,20260328_1117_vegetative_78_sdown.jpg,data/raw/vegetative/20260328_1117_vegetative_78_sdown.jpg
seed_formation,20260715_1602_seed_formation_134.jpg,data/raw/seed_formation/20260715_1602_seed_formation_134.jpg
vegetative,20260328_1032_vegetative_33_bup.jpg,data/raw/vegetative/20260328_1032_vegetative_33_bup.jpg
seed_formation,20260328_1020_seed_formation_50_rot30.jpg,data/raw/seed_formation/20260328_1020_seed_formation_50_rot30.jpg
vegetative,flowerin_0000_vegetative_166_rot45.jpg,data/raw/vegetative/flowerin_0000_vegetative_166_rot45.jpg
pre_bloom,20260727_1711_pre_bloom_55_sdown.jpg,data/raw/pre_bloom/20260727_1711_pre_bloom_55_sdown.jpg
pre_bloom,20260727_1556_pre_bloom_47_rot60.jpg,data/raw/pre_bloom/20260727_1556_pre_bloom_47_rot60.jpg
full_bloom,20260328_1054_full_bloom_86_sup.jpg,data/raw/full_bloom/20260328_1054_full_bloom_86_sup.jpg
vegetative,20260328_1038_vegetative_50_cup.jpg,data/raw/vegetative/20260328_1038_vegetative_50_cup.jpg
full_bloom,20260727_1711_full_bloom_55_cdown.jpg,data/raw/full_bloom/20260727_1711_full_bloom_55_cdown.jpg
budding,20260328_1005_budding_14_rot60.jpg,data/raw/budding/20260328_1005_budding_14_rot60.jpg
vegetative,20260328_1011_vegetative_8.jpg,data/raw/vegetative/20260328_1011_vegetative_8.jpg
pre_bloom,20260727_1736_pre_bloom_70_sdown.jpg,data/raw/pre_bloom/20260727_1736_pre_bloom_70_sdown.jpg
full_bloom,20260328_1053_full_bloom_76_sdown.jpg,data/raw/full_bloom/20260328_1053_full_bloom_76_sdown.jpg
pre_bloom,20260328_1006_pre_bloom_13.jpg,data/raw/pre_bloom/20260328_1006_pre_bloom_13.jpg
pre_bloom,20260727_1555_pre_bloom_44_rot30.jpg,data/raw/pre_bloom/20260727_1555_pre_bloom_44_rot30.jpg
pre_bloom,20260731_1658_pre_bloom_85_rot45.jpg,data/raw/pre_bloom/20260731_1658_pre_bloom_85_rot45.jpg
vegetative,20260712_0901_vegetative_128_bdown.jpg,data/raw/vegetative/20260712_0901_vegetative_128_bdown.jpg
pre_bloom,flowerin_0000_pre_bloom_82_bup.jpg,data/raw/pre_bloom/flowerin_0000_pre_bloom_82_bup.jpg
budding,20260328_1005_budding_43_bdown.jpg,data/raw/budding/20260328_1005_budding_43_bdown.jpg
wilting,20260824_1705_wilting_40_rot45.jpg,data/raw/wilting/20260824_1705_wilting_40_rot45.jpg
seed_formation,20260328_1022_seed_formation_63.jpg,data/raw/seed_formation/20260328_1022_seed_formation_63.jpg
vegetative,20260328_1037_vegetative_41_sdown.jpg,data/raw/vegetative/20260328_1037_vegetative_41_sdown.jpg
vegetative,20260328_1015_vegetative_12_bup.jpg,data/raw/vegetative/20260328_1015_vegetative_12_bup.jpg
pre_bloom,20260328_1108_pre_bloom_56.jpg,data/raw/pre_bloom/20260328_1108_pre_bloom_56.jpg
seed_formation,20260328_1020_seed_formation_55_cdown.jpg,data/raw/seed_formation/20260328_1020_seed_formation_55_cdown.jpg
seed_formation,20260731_1719_seed_formation_183_sdown.jpg,data/raw/seed_formation/20260731_1719_seed_formation_183_sdown.jpg
full_bloom,20260727_1724_full_bloom_68_cup.jpg,data/raw/full_bloom/20260727_1724_full_bloom_68_cup.jpg
pre_bloom,20260811_1640_pre_bloom_124_bdown.jpg,data/raw/pre_bloom/20260811_1640_pre_bloom_124_bdown.jpg
full_bloom,20260727_1722_full_bloom_66_rot45.jpg,data/raw/full_bloom/20260727_1722_full_bloom_66_rot45.jpg
full_bloom,20260328_1051_full_bloom_52_rot45.jpg,data/raw/full_bloom/20260328_1051_full_bloom_52_rot45.jpg
full_bloom,20260328_1036_full_bloom_30_rot45.jpg,data/raw/full_bloom/20260328_1036_full_bloom_30_rot45.jpg
seed_formation,20260328_1040_seed_formation_103_rot45.jpg,data/raw/seed_formation/20260328_1040_seed_formation_103_rot45.jpg
vegetative,20260722_1820_vegetative_148_bdown.jpg,data/raw/vegetative/20260722_1820_vegetative_148_bdown.jpg
seed_formation,20260328_1039_seed_formation_91_rot60.jpg,data/raw/seed_formation/20260328_1039_seed_formation_91_rot60.jpg
seed_formation,20260722_1745_seed_formation_13_rot30.jpg,data/raw/seed_formation/20260722_1745_seed_formation_13_rot30.jpg
budding,20260328_1122_budding_202_cdown.jpg,data/raw/budding/20260328_1122_budding_202_cdown.jpg
full_bloom,20260328_1052_full_bloom_62_sdown.jpg,data/raw/full_bloom/20260328_1052_full_bloom_62_sdown.jpg
pre_bloom,20260731_1656_pre_bloom_79_sup.jpg,data/raw/pre_bloom/20260731_1656_pre_bloom_79_sup.jpg
wilting,20260824_1721_wilting_98_sup.jpg,data/raw/wilting/20260824_1721_wilting_98_sup.jpg
pre_bloom,20260722_1743_pre_bloom_21_sup.jpg,data/raw/pre_bloom/20260722_1743_pre_bloom_21_sup.jpg
wilting,20260819_1717_wilting_27_bup.jpg,data/raw/wilting/20260819_1717_wilting_27_bup.jpg
budding,20260328_1005_budding_4_sdown.jpg,data/raw/budding/20260328_1005_budding_4_sdown.jpg
budding,20260328_1122_budding_207_rot45.jpg,data/raw/budding/20260328_1122_budding_207_rot45.jpg
full_bloom,20260328_1110_full_bloom_118_rot45.jpg,data/raw/full_bloom/20260328_1110_full_bloom_118_rot45.jpg
vegetative,20260328_1046_vegetative_64_bdown.jpg,data/raw/vegetative/20260328_1046_vegetative_64_bdown.jpg
seed_formation,20260328_1008_seed_formation_16.jpg,data/raw/seed_formation/20260328_1008_seed_formation_16.jpg
seed_formation,20260722_1745_seed_formation_150_bup.jpg,data/raw/seed_formation/20260722_1745_seed_formation_150_bup.jpg
full_bloom,20260328_1037_full_bloom_38_bup.jpg,data/raw/full_bloom/20260328_1037_full_bloom_38_bup.jpg
pre_bloom,20260328_1042_pre_bloom_34_sdown.jpg,data/raw/pre_bloom/20260328_1042_pre_bloom_34_sdown.jpg
seed_formation,20260328_1041_seed_formation_112_sup.jpg,data/raw/seed_formation/20260328_1041_seed_formation_112_sup.jpg
wilting,20260814_1646_wilting_36_bup.jpg,data/raw/wilting/20260814_1646_wilting_36_bup.jpg
pre_bloom,20260328_1109_pre_bloom_72_rot30.jpg,data/raw/pre_bloom/20260328_1109_pre_bloom_72_rot30.jpg
seed_formation,20260727_1732_seed_formation_171_cdown.jpg,data/raw/seed_formation/20260727_1732_seed_formation_171_cdown.jpg
budding,20260328_1010_budding_80_bup.jpg,data/raw/budding/20260328_1010_budding_80_bup.jpg
full_bloom,20260328_1013_full_bloom_7_bup.jpg,data/raw/full_bloom/20260328_1013_full_bloom_7_bup.jpg
full_bloom,20260328_1116_full_bloom_143_cdown.jpg,data/raw/full_bloom/20260328_1116_full_bloom_143_cdown.jpg
seed_formation,20260328_1040_seed_formation_107_sup.jpg,data/raw/seed_formation/20260328_1040_seed_formation_107_sup.jpg
wilting,20260824_1708_wilting_73_rot45.jpg,data/raw/wilting/20260824_1708_wilting_73_rot45.jpg
wilting,20260824_1705_wilting_40_cdown.jpg,data/raw/wilting/20260824_1705_wilting_40_cdown.jpg
seed_formation,20260715_1602_seed_formation_142_rot30.jpg,data/raw/seed_formation/20260715_1602_seed_formation_142_rot30.jpg
vegetative,20260328_1117_vegetative_92_cdown.jpg,data/raw/vegetative/20260328_1117_vegetative_92_cdown.jpg
pre_bloom,20260328_1108_pre_bloom_63_cup.jpg,data/raw/pre_bloom/20260328_1108_pre_bloom_63_cup.jpg
vegetative,20260328_1116_vegetative_75_sdown.jpg,data/raw/vegetative/20260328_1116_vegetative_75_sdown.jpg
full_bloom,20260328_1100_full_bloom_100_rot45.jpg,data/raw/full_bloom/20260328_1100_full_bloom_100_rot45.jpg
budding,20260328_1122_budding_213_sup.jpg,data/raw/budding/20260328_1122_budding_213_sup.jpg
full_bloom,20260328_1052_full_bloom_65_bdown.jpg,data/raw/full_bloom/20260328_1052_full_bloom_65_bdown.jpg
vegetative,20260328_1117_vegetative_92_rot60.jpg,data/raw/vegetative/20260328_1117_vegetative_92_rot60.jpg
vegetative,20260712_0838_vegetative_106.jpg,data/raw/vegetative/20260712_0838_vegetative_106.jpg
vegetative,20260328_1037_vegetative_48_sdown.jpg,data/raw/vegetative/20260328_1037_vegetative_48_sdown.jpg
vegetative,20260712_0848_vegetative_110_rot60.jpg,data/raw/vegetative/20260712_0848_vegetative_110_rot60.jpg
wilting,20260819_1716_wilting_18_rot30.jpg,data/raw/wilting/20260819_1716_wilting_18_rot30.jpg
full_bloom,20260328_1052_full_bloom_71_rot45.jpg,data/raw/full_bloom/20260328_1052_full_bloom_71_rot45.jpg
pre_bloom,20260712_0854_pre_bloom_1_bup.jpg,data/raw/pre_bloom/20260712_0854_pre_bloom_1_bup.jpg
full_bloom,20260328_1051_full_bloom_48_rot60.jpg,data/raw/full_bloom/20260328_1051_full_bloom_48_rot60.jpg
full_bloom,20260328_1109_full_bloom_106_bdown.jpg,data/raw/full_bloom/20260328_1109_full_bloom_106_bdown.jpg
seed_formation,20260715_1602_seed_formation_143_cup.jpg,data/raw/seed_formation/20260715_1602_seed_formation_143_cup.jpg
vegetative,20260328_1047_vegetative_67_sup.jpg,data/raw/vegetative/20260328_1047_vegetative_67_sup.jpg
vegetative,20260328_1117_vegetative_88_rot45.jpg,data/raw/vegetative/20260328_1117_vegetative_88_rot45.jpg
pre_bloom,20260731_1656_pre_bloom_79_cup.jpg,data/raw/pre_bloom/20260731_1656_pre_bloom_79_cup.jpg
vegetative,20260804_1656_vegetative_156_sdown.jpg,data/raw/vegetative/20260804_1656_vegetative_156_sdown.jpg
budding,20260328_1055_budding_135_sdown.jpg,data/raw/budding/20260328_1055_budding_135_sdown.jpg
budding,20260328_1005_budding_65_cdown.jpg,data/raw/budding/20260328_1005_budding_65_cdown.jpg
seed_formation,20260328_1008_seed_formation_17_cup.jpg,data/raw/seed_formation/20260328_1008_seed_formation_17_cup.jpg
full_bloom,20260727_1707_full_bloom_32_sdown.jpg,data/raw/full_bloom/20260727_1707_full_bloom_32_sdown.jpg
pre_bloom,20260328_1006_pre_bloom_9_cdown.jpg,data/raw/pre_bloom/20260328_1006_pre_bloom_9_cdown.jpg
budding,20260328_1005_budding_8_rot45.jpg,data/raw/budding/20260328_1005_budding_8_rot45.jpg
seed_formation,20260328_1039_seed_formation_83_cdown.jpg,data/raw/seed_formation/20260328_1039_seed_formation_83_cdown.jpg
full_bloom,20260328_1109_full_bloom_105_sdown.jpg,data/raw/full_bloom/20260328_1109_full_bloom_105_sdown.jpg
pre_bloom,20260804_1723_pre_bloom_96_rot60.jpg,data/raw/pre_bloom/20260804_1723_pre_bloom_96_rot60.jpg
pre_bloom,20260328_1108_pre_bloom_50_rot30.jpg,data/raw/pre_bloom/20260328_1108_pre_bloom_50_rot30.jpg
wilting,20260824_1721_wilting_109_rot30.jpg,data/raw/wilting/20260824_1721_wilting_109_rot30.jpg
pre_bloom,20260727_1711_pre_bloom_56_rot60.jpg,data/raw/pre_bloom/20260727_1711_pre_bloom_56_rot60.jpg
wilting,20260824_1708_wilting_74_bdown.jpg,data/raw/wilting/20260824_1708_wilting_74_bdown.jpg
budding,20260328_1110_budding_165_sup.jpg,data/raw/budding/20260328_1110_budding_165_sup.jpg
full_bloom,20260328_1038_full_bloom_47_sdown.jpg,data/raw/full_bloom/20260328_1038_full_bloom_47_sdown.jpg
vegetative,20260328_1011_vegetative_9_rot45.jpg,data/raw/vegetative/20260328_1011_vegetative_9_rot45.jpg
budding,20260328_1121_budding_189_cup.jpg,data/raw/budding/20260328_1121_budding_189_cup.jpg
pre_bloom,20260328_1006_pre_bloom_10.jpg,data/raw/pre_bloom/20260328_1006_pre_bloom_10.jpg
full_bloom,20260727_1709_full_bloom_54_bdown.jpg,data/raw/full_bloom/20260727_1709_full_bloom_54_bdown.jpg
wilting,20260824_1721_wilting_110_sup.jpg,data/raw/wilting/20260824_1721_wilting_110_sup.jpg
seed_formation,20260328_1007_seed_formation_6_rot60.jpg,data/raw/seed_formation/20260328_1007_seed_formation_6_rot60.jpg
budding,inflores_0000_budding_229_rot60.jpg,data/raw/budding/inflores_0000_budding_229_rot60.jpg
pre_bloom,20260731_1658_pre_bloom_88_cup.jpg,data/raw/pre_bloom/20260731_1658_pre_bloom_88_cup.jpg
pre_bloom,20260328_1109_pre_bloom_69_bdown.jpg,data/raw/pre_bloom/20260328_1109_pre_bloom_69_bdown.jpg
vegetative,20260722_1821_vegetative_152_sup.jpg,data/raw/vegetative/20260722_1821_vegetative_152_sup.jpg
pre_bloom,Budding0_0000_pre_bloom_76_rot45.jpg,data/raw/pre_bloom/Budding0_0000_pre_bloom_76_rot45.jpg
pre_bloom,20260328_1043_pre_bloom_42_sup.jpg,data/raw/pre_bloom/20260328_1043_pre_bloom_42_sup.jpg
seed_formation,20260722_1745_seed_formation_13_cup.jpg,data/raw/seed_formation/20260722_1745_seed_formation_13_cup.jpg
pre_bloom,20260727_1711_pre_bloom_56_bup.jpg,data/raw/pre_bloom/20260727_1711_pre_bloom_56_bup.jpg
budding,20260328_1110_budding_168.jpg,data/raw/budding/20260328_1110_budding_168.jpg
pre_bloom,flowerin_0000_pre_bloom_82_bdown.jpg,data/raw/pre_bloom/flowerin_0000_pre_bloom_82_bdown.jpg
wilting,20260824_1708_wilting_72.jpg,data/raw/wilting/20260824_1708_wilting_72.jpg
full_bloom,20260328_1116_full_bloom_143.jpg,data/raw/full_bloom/20260328_1116_full_bloom_143.jpg
vegetative,vegetati_0000_vegetative_177.jpg,data/raw/vegetative/vegetati_0000_vegetative_177.jpg
budding,20260328_1055_budding_144_bdown.jpg,data/raw/budding/20260328_1055_budding_144_bdown.jpg
vegetative,20260328_1117_vegetative_91_bdown.jpg,data/raw/vegetative/20260328_1117_vegetative_91_bdown.jpg
seed_formation,20260328_1040_seed_formation_103_rot60.jpg,data/raw/seed_formation/20260328_1040_seed_formation_103_rot60.jpg
vegetative,20260328_1117_vegetative_82_rot45.jpg,data/raw/vegetative/20260328_1117_vegetative_82_rot45.jpg
full_bloom,20260727_1722_full_bloom_61_rot30.jpg,data/raw/full_bloom/20260727_1722_full_bloom_61_rot30.jpg
budding,20260328_1011_budding_89_cdown.jpg,data/raw/budding/20260328_1011_budding_89_cdown.jpg
budding,20260328_1005_budding_2.jpg,data/raw/budding/20260328_1005_budding_2.jpg
wilting,20260824_1721_wilting_110_bup.jpg,data/raw/wilting/20260824_1721_wilting_110_bup.jpg
seed_formation,20260715_1602_seed_formation_145_rot60.jpg,data/raw/seed_formation/20260715_1602_seed_formation_145_rot60.jpg
budding,20260328_1110_budding_159_rot30.jpg,data/raw/budding/20260328_1110_budding_159_rot30.jpg
full_bloom,flowerin_0000_full_bloom_156.jpg,data/raw/full_bloom/flowerin_0000_full_bloom_156.jpg
seed_formation,20260722_1755_seed_formation_166_bup.jpg,data/raw/seed_formation/20260722_1755_seed_formation_166_bup.jpg
full_bloom,20260328_1038_full_bloom_44_bdown.jpg,data/raw/full_bloom/20260328_1038_full_bloom_44_bdown.jpg
budding,20260328_1005_budding_7_cup.jpg,data/raw/budding/20260328_1005_budding_7_cup.jpg
vegetative,20260712_0846_vegetative_108_rot30.jpg,data/raw/vegetative/20260712_0846_vegetative_108_rot30.jpg
full_bloom,20260727_1722_full_bloom_66.jpg,data/raw/full_bloom/20260727_1722_full_bloom_66.jpg
wilting,20260824_1709_wilting_84_cup.jpg,data/raw/wilting/20260824_1709_wilting_84_cup.jpg
budding,20260328_1110_budding_172_cdown.jpg,data/raw/budding/20260328_1110_budding_172_cdown.jpg
vegetative,20260328_1032_vegetative_33_rot30.jpg,data/raw/vegetative/20260328_1032_vegetative_33_rot30.jpg
vegetative,vegetati_0000_vegetative_171_bup.jpg,data/raw/vegetative/vegetati_0000_vegetative_171_bup.jpg
pre_bloom,20260727_1556_pre_bloom_48_rot45.jpg,data/raw/pre_bloom/20260727_1556_pre_bloom_48_rot45.jpg
full_bloom,20260727_1707_full_bloom_34.jpg,data/raw/full_bloom/20260727_1707_full_bloom_34.jpg
vegetative,20260712_0901_vegetative_121_bup.jpg,data/raw/vegetative/20260712_0901_vegetative_121_bup.jpg
seed_formation,20260328_1022_seed_formation_61_rot60.jpg,data/raw/seed_formation/20260328_1022_seed_formation_61_rot60.jpg
budding,20260328_1121_budding_196_rot45.jpg,data/raw/budding/20260328_1121_budding_196_rot45.jpg
seed_formation,20260328_1039_seed_formation_91_rot45.jpg,data/raw/seed_formation/20260328_1039_seed_formation_91_rot45.jpg
pre_bloom,20260727_1556_pre_bloom_47_sdown.jpg,data/raw/pre_bloom/20260727_1556_pre_bloom_47_sdown.jpg
seed_formation,20260328_1039_seed_formation_91_rot30.jpg,data/raw/seed_formation/20260328_1039_seed_formation_91_rot30.jpg
seed_formation,20260328_1041_seed_formation_114_cup.jpg,data/raw/seed_formation/20260328_1041_seed_formation_114_cup.jpg
budding,20260328_1059_budding_154_cup.jpg,data/raw/budding/20260328_1059_budding_154_cup.jpg
pre_bloom,20260328_1043_pre_bloom_46.jpg,data/raw/pre_bloom/20260328_1043_pre_bloom_46.jpg
pre_bloom,20260804_1724_pre_bloom_103_cup.jpg,data/raw/pre_bloom/20260804_1724_pre_bloom_103_cup.jpg
wilting,20260824_1706_wilting_54_rot30.jpg,data/raw/wilting/20260824_1706_wilting_54_rot30.jpg
vegetative,20260328_1117_vegetative_94_cup.jpg,data/raw/vegetative/20260328_1117_vegetative_94_cup.jpg
seed_formation,20260328_1022_seed_formation_65_cdown.jpg,data/raw/seed_formation/20260328_1022_seed_formation_65_cdown.jpg
wilting,20260819_1716_wilting_24_rot30.jpg,data/raw/wilting/20260819_1716_wilting_24_rot30.jpg
full_bloom,20260722_1744_full_bloom_23_cdown.jpg,data/raw/full_bloom/20260722_1744_full_bloom_23_cdown.jpg
pre_bloom,20260811_1640_pre_bloom_124_rot30.jpg,data/raw/pre_bloom/20260811_1640_pre_bloom_124_rot30.jpg
wilting,20260824_1706_wilting_63_bup.jpg,data/raw/wilting/20260824_1706_wilting_63_bup.jpg
vegetative,20260328_1023_vegetative_18.jpg,data/raw/vegetative/20260328_1023_vegetative_18.jpg
budding,20260328_1010_budding_85_cdown.jpg,data/raw/budding/20260328_1010_budding_85_cdown.jpg
pre_bloom,20260328_1108_pre_bloom_56_cup.jpg,data/raw/pre_bloom/20260328_1108_pre_bloom_56_cup.jpg
full_bloom,20260328_1037_full_bloom_37_rot30.jpg,data/raw/full_bloom/20260328_1037_full_bloom_37_rot30.jpg
pre_bloom,20260328_1109_pre_bloom_70_rot60.jpg,data/raw/pre_bloom/20260328_1109_pre_bloom_70_rot60.jpg
seed_formation,20260727_1732_seed_formation_170_bup.jpg,data/raw/seed_formation/20260727_1732_seed_formation_170_bup.jpg
full_bloom,20260328_1109_full_bloom_109_rot30.jpg,data/raw/full_bloom/20260328_1109_full_bloom_109_rot30.jpg
seed_formation,20260328_1020_seed_formation_55_rot30.jpg,data/raw/seed_formation/20260328_1020_seed_formation_55_rot30.jpg
pre_bloom,20260328_1108_pre_bloom_64_sdown.jpg,data/raw/pre_bloom/20260328_1108_pre_bloom_64_sdown.jpg
budding,20260328_1110_budding_167_bdown.jpg,data/raw/budding/20260328_1110_budding_167_bdown.jpg
full_bloom,flowerin_0000_full_bloom_149_sdown.jpg,data/raw/full_bloom/flowerin_0000_full_bloom_149_sdown.jpg
seed_formation,20260328_1039_seed_formation_81_cup.jpg,data/raw/seed_formation/20260328_1039_seed_formation_81_cup.jpg
vegetative,20260328_1030_vegetative_22_cup.jpg,data/raw/vegetative/20260328_1030_vegetative_22_cup.jpg
seed_formation,20260328_1040_seed_formation_92_cdown.jpg,data/raw/seed_formation/20260328_1040_seed_formation_92_cdown.jpg
full_bloom,20260328_1038_full_bloom_43_cup.jpg,data/raw/full_bloom/20260328_1038_full_bloom_43_cup.jpg
full_bloom,20260328_1038_full_bloom_47_rot30.jpg,data/raw/full_bloom/20260328_1038_full_bloom_47_rot30.jpg
full_bloom,20260328_1037_full_bloom_35_bup.jpg,data/raw/full_bloom/20260328_1037_full_bloom_35_bup.jpg
wilting,20260727_1724_wilting_11_sup.jpg,data/raw/wilting/20260727_1724_wilting_11_sup.jpg
seed_formation,20260722_1745_seed_formation_12_cup.jpg,data/raw/seed_formation/20260722_1745_seed_formation_12_cup.jpg
budding,budding3_0000_budding_225_rot30.jpg,data/raw/budding/budding3_0000_budding_225_rot30.jpg
vegetative,20260328_1006_vegetative_7_bup.jpg,data/raw/vegetative/20260328_1006_vegetative_7_bup.jpg
full_bloom,20260722_1803_full_bloom_27_sup.jpg,data/raw/full_bloom/20260722_1803_full_bloom_27_sup.jpg
seed_formation,20260328_1041_seed_formation_117_cup.jpg,data/raw/seed_formation/20260328_1041_seed_formation_117_cup.jpg
full_bloom,20260328_1038_full_bloom_42_bdown.jpg,data/raw/full_bloom/20260328_1038_full_bloom_42_bdown.jpg
budding,20260328_1005_budding_62_sdown.jpg,data/raw/budding/20260328_1005_budding_62_sdown.jpg
full_bloom,20260328_1014_full_bloom_18_sup.jpg,data/raw/full_bloom/20260328_1014_full_bloom_18_sup.jpg
budding,20260328_1122_budding_214_cdown.jpg,data/raw/budding/20260328_1122_budding_214_cdown.jpg
vegetative,20260712_0837_vegetative_100_sup.jpg,data/raw/vegetative/20260712_0837_vegetative_100_sup.jpg
full_bloom,20260328_1052_full_bloom_62_cdown.jpg,data/raw/full_bloom/20260328_1052_full_bloom_62_cdown.jpg
vegetative,20260712_0846_vegetative_108_bdown.jpg,data/raw/vegetative/20260712_0846_vegetative_108_bdown.jpg
vegetative,vegetati_0000_vegetative_178_bdown.jpg,data/raw/vegetative/vegetati_0000_vegetative_178_bdown.jpg
budding,20260328_1110_budding_170_rot45.jpg,data/raw/budding/20260328_1110_budding_170_rot45.jpg
wilting,20260819_1717_wilting_29_cdown.jpg,data/raw/wilting/20260819_1717_wilting_29_cdown.jpg
full_bloom,20260727_1722_full_bloom_65_sup.jpg,data/raw/full_bloom/20260727_1722_full_bloom_65_sup.jpg
full_bloom,20260727_1709_full_bloom_42_rot45.jpg,data/raw/full_bloom/20260727_1709_full_bloom_42_rot45.jpg
pre_bloom,20260328_1043_pre_bloom_45_cdown.jpg,data/raw/pre_bloom/20260328_1043_pre_bloom_45_cdown.jpg
pre_bloom,20260722_1743_pre_bloom_23_bdown.jpg,data/raw/pre_bloom/20260722_1743_pre_bloom_23_bdown.jpg
vegetative,20260328_1117_vegetative_82_rot60.jpg,data/raw/vegetative/20260328_1117_vegetative_82_rot60.jpg
budding,20260328_1011_budding_95_sup.jpg,data/raw/budding/20260328_1011_budding_95_sup.jpg
vegetative,20260328_1117_vegetative_94_sdown.jpg,data/raw/vegetative/20260328_1117_vegetative_94_sdown.jpg
budding,inflores_0000_budding_229_sup.jpg,data/raw/budding/inflores_0000_budding_229_sup.jpg
budding,20260328_1010_budding_74_cdown.jpg,data/raw/budding/20260328_1010_budding_74_cdown.jpg
seed_formation,20260328_1006_seed_formation_3_rot60.jpg,data/raw/seed_formation/20260328_1006_seed_formation_3_rot60.jpg
pre_bloom,20260328_1043_pre_bloom_39_rot45.jpg,data/raw/pre_bloom/20260328_1043_pre_bloom_39_rot45.jpg
budding,20260328_1005_budding_31_sdown.jpg,data/raw/budding/20260328_1005_budding_31_sdown.jpg
wilting,20260819_1716_wilting_25_sdown.jpg,data/raw/wilting/20260819_1716_wilting_25_sdown.jpg
pre_bloom,20260731_1657_pre_bloom_83_rot45.jpg,data/raw/pre_bloom/20260731_1657_pre_bloom_83_rot45.jpg
full_bloom,20260727_1709_full_bloom_43_bup.jpg,data/raw/full_bloom/20260727_1709_full_bloom_43_bup.jpg
pre_bloom,20260727_1711_pre_bloom_55_bup.jpg,data/raw/pre_bloom/20260727_1711_pre_bloom_55_bup.jpg
wilting,20260814_1637_wilting_7_rot30.jpg,data/raw/wilting/20260814_1637_wilting_7_rot30.jpg
vegetative,20260328_1116_vegetative_74_sup.jpg,data/raw/vegetative/20260328_1116_vegetative_74_sup.jpg
vegetative,20260328_1116_vegetative_75_cdown.jpg,data/raw/vegetative/20260328_1116_vegetative_75_cdown.jpg
vegetative,20260712_0838_vegetative_103.jpg,data/raw/vegetative/20260712_0838_vegetative_103.jpg
full_bloom,flowerin_0000_full_bloom_158.jpg,data/raw/full_bloom/flowerin_0000_full_bloom_158.jpg
vegetative,20260328_1117_vegetative_89_bup.jpg,data/raw/vegetative/20260328_1117_vegetative_89_bup.jpg
budding,20260328_1042_budding_131_rot60.jpg,data/raw/budding/20260328_1042_budding_131_rot60.jpg
full_bloom,20260727_1724_full_bloom_70_cup.jpg,data/raw/full_bloom/20260727_1724_full_bloom_70_cup.jpg
seed_formation,20260328_1020_seed_formation_50_rot60.jpg,data/raw/seed_formation/20260328_1020_seed_formation_50_rot60.jpg
pre_bloom,flowerin_0000_pre_bloom_83_rot60.jpg,data/raw/pre_bloom/flowerin_0000_pre_bloom_83_rot60.jpg
seed_formation,20260328_1022_seed_formation_64_sdown.jpg,data/raw/seed_formation/20260328_1022_seed_formation_64_sdown.jpg
pre_bloom,20260727_1736_pre_bloom_69_bup.jpg,data/raw/pre_bloom/20260727_1736_pre_bloom_69_bup.jpg
pre_bloom,20260804_1723_pre_bloom_99_sup.jpg,data/raw/pre_bloom/20260804_1723_pre_bloom_99_sup.jpg
full_bloom,20260727_1722_full_bloom_66_sup.jpg,data/raw/full_bloom/20260727_1722_full_bloom_66_sup.jpg
budding,20260328_1122_budding_201_bup.jpg,data/raw/budding/20260328_1122_budding_201_bup.jpg
vegetative,vegetati_0000_vegetative_174_rot60.jpg,data/raw/vegetative/vegetati_0000_vegetative_174_rot60.jpg
vegetative,20260328_1037_vegetative_47_cup.jpg,data/raw/vegetative/20260328_1037_vegetative_47_cup.jpg
wilting,20260824_1706_wilting_54_cup.jpg,data/raw/wilting/20260824_1706_wilting_54_cup.jpg
full_bloom,20260328_1053_full_bloom_84_cup.jpg,data/raw/full_bloom/20260328_1053_full_bloom_84_cup.jpg
budding,20260328_1005_budding_25_rot45.jpg,data/raw/budding/20260328_1005_budding_25_rot45.jpg
pre_bloom,20260804_1724_pre_bloom_106_sup.jpg,data/raw/pre_bloom/20260804_1724_pre_bloom_106_sup.jpg
budding,20260328_1005_budding_4_bup.jpg,data/raw/budding/20260328_1005_budding_4_bup.jpg
seed_formation,20260328_1042_seed_formation_122_rot30.jpg,data/raw/seed_formation/20260328_1042_seed_formation_122_rot30.jpg
wilting,20260814_1637_wilting_14_bdown.jpg,data/raw/wilting/20260814_1637_wilting_14_bdown.jpg
seed_formation,20260727_1733_seed_formation_175_bup.jpg,data/raw/seed_formation/20260727_1733_seed_formation_175_bup.jpg
budding,20260328_1005_budding_52_rot45.jpg,data/raw/budding/20260328_1005_budding_52_rot45.jpg
vegetative,20260328_1046_vegetative_54.jpg,data/raw/vegetative/20260328_1046_vegetative_54.jpg
seed_formation,20260715_1554_seed_formation_129_cdown.jpg,data/raw/seed_formation/20260715_1554_seed_formation_129_cdown.jpg
budding,20260328_1005_budding_20_bup.jpg,data/raw/budding/20260328_1005_budding_20_bup.jpg
full_bloom,20260328_1116_full_bloom_144_sdown.jpg,data/raw/full_bloom/20260328_1116_full_bloom_144_sdown.jpg
vegetative,20260712_0902_vegetative_140_rot30.jpg,data/raw/vegetative/20260712_0902_vegetative_140_rot30.jpg
wilting,20260824_1707_wilting_68_rot45.jpg,data/raw/wilting/20260824_1707_wilting_68_rot45.jpg
budding,20260328_1115_budding_182_rot45.jpg,data/raw/budding/20260328_1115_budding_182_rot45.jpg
wilting,20260824_1707_wilting_69.jpg,data/raw/wilting/20260824_1707_wilting_69.jpg
vegetative,20260712_0901_vegetative_121_bdown.jpg,data/raw/vegetative/20260712_0901_vegetative_121_bdown.jpg
pre_bloom,Budding0_0000_pre_bloom_75.jpg,data/raw/pre_bloom/Budding0_0000_pre_bloom_75.jpg
budding,20260328_1121_budding_196_bup.jpg,data/raw/budding/20260328_1121_budding_196_bup.jpg
vegetative,20260328_1006_vegetative_7_sdown.jpg,data/raw/vegetative/20260328_1006_vegetative_7_sdown.jpg
wilting,20260814_1637_wilting_28_sdown.jpg,data/raw/wilting/20260814_1637_wilting_28_sdown.jpg
seed_formation,20260328_1040_seed_formation_100.jpg,data/raw/seed_formation/20260328_1040_seed_formation_100.jpg
pre_bloom,20260328_1042_pre_bloom_30_rot60.jpg,data/raw/pre_bloom/20260328_1042_pre_bloom_30_rot60.jpg
budding,20260328_1005_budding_58_cdown.jpg,data/raw/budding/20260328_1005_budding_58_cdown.jpg
full_bloom,20260328_1036_full_bloom_28_sup.jpg,data/raw/full_bloom/20260328_1036_full_bloom_28_sup.jpg
full_bloom,20260328_1100_full_bloom_99_rot30.jpg,data/raw/full_bloom/20260328_1100_full_bloom_99_rot30.jpg
full_bloom,20260722_1744_full_bloom_23_cup.jpg,data/raw/full_bloom/20260722_1744_full_bloom_23_cup.jpg
budding,20260328_1005_budding_47_sdown.jpg,data/raw/budding/20260328_1005_budding_47_sdown.jpg
pre_bloom,20260804_1723_pre_bloom_96_bup.jpg,data/raw/pre_bloom/20260804_1723_pre_bloom_96_bup.jpg
vegetative,20260328_1030_vegetative_27.jpg,data/raw/vegetative/20260328_1030_vegetative_27.jpg
pre_bloom,20260328_1042_pre_bloom_34_rot60.jpg,data/raw/pre_bloom/20260328_1042_pre_bloom_34_rot60.jpg
full_bloom,20260715_1557_full_bloom_15_cup.jpg,data/raw/full_bloom/20260715_1557_full_bloom_15_cup.jpg
budding,20260328_1059_budding_156_bup.jpg,data/raw/budding/20260328_1059_budding_156_bup.jpg
seed_formation,20260328_1040_seed_formation_107_cdown.jpg,data/raw/seed_formation/20260328_1040_seed_formation_107_cdown.jpg
budding,20260328_1121_budding_184_rot30.jpg,data/raw/budding/20260328_1121_budding_184_rot30.jpg
pre_bloom,Budding0_0000_pre_bloom_75_rot45.jpg,data/raw/pre_bloom/Budding0_0000_pre_bloom_75_rot45.jpg
pre_bloom,20260811_1640_pre_bloom_120.jpg,data/raw/pre_bloom/20260811_1640_pre_bloom_120.jpg
wilting,20260824_1706_wilting_53_rot30.jpg,data/raw/wilting/20260824_1706_wilting_53_rot30.jpg
pre_bloom,20260731_1658_pre_bloom_87.jpg,data/raw/pre_bloom/20260731_1658_pre_bloom_87.jpg
vegetative,20260712_0902_vegetative_130_sup.jpg,data/raw/vegetative/20260712_0902_vegetative_130_sup.jpg
pre_bloom,20260727_1722_pre_bloom_58_bdown.jpg,data/raw/pre_bloom/20260727_1722_pre_bloom_58_bdown.jpg
full_bloom,20260715_1557_full_bloom_15_bdown.jpg,data/raw/full_bloom/20260715_1557_full_bloom_15_bdown.jpg
full_bloom,20260328_1012_full_bloom_1_sdown.jpg,data/raw/full_bloom/20260328_1012_full_bloom_1_sdown.jpg
full_bloom,20260328_1109_full_bloom_112_rot60.jpg,data/raw/full_bloom/20260328_1109_full_bloom_112_rot60.jpg
full_bloom,20260328_1013_full_bloom_3_cdown.jpg,data/raw/full_bloom/20260328_1013_full_bloom_3_cdown.jpg
wilting,20260814_1647_wilting_43_bdown.jpg,data/raw/wilting/20260814_1647_wilting_43_bdown.jpg
vegetative,20260328_1046_vegetative_58_rot45.jpg,data/raw/vegetative/20260328_1046_vegetative_58_rot45.jpg
budding,20260328_1005_budding_36_sdown.jpg,data/raw/budding/20260328_1005_budding_36_sdown.jpg
full_bloom,20260328_1038_full_bloom_41_rot30.jpg,data/raw/full_bloom/20260328_1038_full_bloom_41_rot30.jpg
full_bloom,flowerin_0000_full_bloom_158_cdown.jpg,data/raw/full_bloom/flowerin_0000_full_bloom_158_cdown.jpg
budding,20260328_1010_budding_85_rot30.jpg,data/raw/budding/20260328_1010_budding_85_rot30.jpg
pre_bloom,20260731_1658_pre_bloom_86_sdown.jpg,data/raw/pre_bloom/20260731_1658_pre_bloom_86_sdown.jpg
full_bloom,20260328_1111_full_bloom_121_rot30.jpg,data/raw/full_bloom/20260328_1111_full_bloom_121_rot30.jpg
wilting,20260824_1707_wilting_66_rot60.jpg,data/raw/wilting/20260824_1707_wilting_66_rot60.jpg
budding,20260328_1011_budding_105_cup.jpg,data/raw/budding/20260328_1011_budding_105_cup.jpg
full_bloom,20260715_1557_full_bloom_13_rot60.jpg,data/raw/full_bloom/20260715_1557_full_bloom_13_rot60.jpg
vegetative,20260712_0902_vegetative_129_bdown.jpg,data/raw/vegetative/20260712_0902_vegetative_129_bdown.jpg
pre_bloom,20260328_1006_pre_bloom_9_rot60.jpg,data/raw/pre_bloom/20260328_1006_pre_bloom_9_rot60.jpg
vegetative,vegetati_0000_vegetative_174_sup.jpg,data/raw/vegetative/vegetati_0000_vegetative_174_sup.jpg
vegetative,20260328_1030_vegetative_29_rot30.jpg,data/raw/vegetative/20260328_1030_vegetative_29_rot30.jpg
full_bloom,20260328_1052_full_bloom_58_cdown.jpg,data/raw/full_bloom/20260328_1052_full_bloom_58_cdown.jpg
seed_formation,20260715_1554_seed_formation_129_rot30.jpg,data/raw/seed_formation/20260715_1554_seed_formation_129_rot30.jpg
vegetative,20260328_1117_vegetative_90_rot60.jpg,data/raw/vegetative/20260328_1117_vegetative_90_rot60.jpg
budding,20260328_1059_budding_156_sup.jpg,data/raw/budding/20260328_1059_budding_156_sup.jpg
pre_bloom,20260726_1336_pre_bloom_29_bdown.jpg,data/raw/pre_bloom/20260726_1336_pre_bloom_29_bdown.jpg
seed_formation,20260722_1754_seed_formation_159_sdown.jpg,data/raw/seed_formation/20260722_1754_seed_formation_159_sdown.jpg
pre_bloom,20260727_1711_pre_bloom_51_cup.jpg,data/raw/pre_bloom/20260727_1711_pre_bloom_51_cup.jpg
pre_bloom,20260811_1639_pre_bloom_112_cdown.jpg,data/raw/pre_bloom/20260811_1639_pre_bloom_112_cdown.jpg
vegetative,20260328_1011_vegetative_9_bup.jpg,data/raw/vegetative/20260328_1011_vegetative_9_bup.jpg
pre_bloom,20260811_1639_pre_bloom_110_rot30.jpg,data/raw/pre_bloom/20260811_1639_pre_bloom_110_rot30.jpg
pre_bloom,20260722_1742_pre_bloom_17_bdown.jpg,data/raw/pre_bloom/20260722_1742_pre_bloom_17_bdown.jpg
vegetative,20260712_0901_vegetative_123_rot45.jpg,data/raw/vegetative/20260712_0901_vegetative_123_rot45.jpg
vegetative,20260722_1821_vegetative_153.jpg,data/raw/vegetative/20260722_1821_vegetative_153.jpg
full_bloom,20260328_1110_full_bloom_115_cup.jpg,data/raw/full_bloom/20260328_1110_full_bloom_115_cup.jpg
vegetative,20260328_1038_vegetative_50.jpg,data/raw/vegetative/20260328_1038_vegetative_50.jpg
wilting,20260824_1709_wilting_82_sup.jpg,data/raw/wilting/20260824_1709_wilting_82_sup.jpg
budding,20260328_1005_budding_44_rot60.jpg,data/raw/budding/20260328_1005_budding_44_rot60.jpg
vegetative,20260328_1037_vegetative_48_cdown.jpg,data/raw/vegetative/20260328_1037_vegetative_48_cdown.jpg
budding,20260328_1055_budding_144_cup.jpg,data/raw/budding/20260328_1055_budding_144_cup.jpg
seed_formation,20260731_1719_seed_formation_184_cdown.jpg,data/raw/seed_formation/20260731_1719_seed_formation_184_cdown.jpg
full_bloom,20260328_1112_full_bloom_123_rot30.jpg,data/raw/full_bloom/20260328_1112_full_bloom_123_rot30.jpg
wilting,20260824_1708_wilting_75.jpg,data/raw/wilting/20260824_1708_wilting_75.jpg
pre_bloom,20260328_1043_pre_bloom_46_sdown.jpg,data/raw/pre_bloom/20260328_1043_pre_bloom_46_sdown.jpg
budding,20260328_1011_budding_103_sup.jpg,data/raw/budding/20260328_1011_budding_103_sup.jpg
budding,20260328_1005_budding_12_rot45.jpg,data/raw/budding/20260328_1005_budding_12_rot45.jpg
full_bloom,20260727_1722_full_bloom_63_rot45.jpg,data/raw/full_bloom/20260727_1722_full_bloom_63_rot45.jpg
wilting,20260824_1708_wilting_73_cdown.jpg,data/raw/wilting/20260824_1708_wilting_73_cdown.jpg
seed_formation,20260715_1602_seed_formation_143_bdown.jpg,data/raw/seed_formation/20260715_1602_seed_formation_143_bdown.jpg
seed_formation,20260328_1020_seed_formation_58_sdown.jpg,data/raw/seed_formation/20260328_1020_seed_formation_58_sdown.jpg
full_bloom,20260715_1556_full_bloom_7_bup.jpg,data/raw/full_bloom/20260715_1556_full_bloom_7_bup.jpg
pre_bloom,20260731_1658_pre_bloom_85_rot60.jpg,data/raw/pre_bloom/20260731_1658_pre_bloom_85_rot60.jpg
pre_bloom,20260712_0855_pre_bloom_7_cdown.jpg,data/raw/pre_bloom/20260712_0855_pre_bloom_7_cdown.jpg
vegetative,20260712_0901_vegetative_124.jpg,data/raw/vegetative/20260712_0901_vegetative_124.jpg
budding,20260328_1121_budding_189_sup.jpg,data/raw/budding/20260328_1121_budding_189_sup.jpg
budding,20260328_1055_budding_142_cup.jpg,data/raw/budding/20260328_1055_budding_142_cup.jpg
full_bloom,20260328_1110_full_bloom_115_rot30.jpg,data/raw/full_bloom/20260328_1110_full_bloom_115_rot30.jpg
pre_bloom,20260328_1003_pre_bloom_5_rot30.jpg,data/raw/pre_bloom/20260328_1003_pre_bloom_5_rot30.jpg
full_bloom,20260328_1038_full_bloom_42_cup.jpg,data/raw/full_bloom/20260328_1038_full_bloom_42_cup.jpg
pre_bloom,20260731_1658_pre_bloom_87_cup.jpg,data/raw/pre_bloom/20260731_1658_pre_bloom_87_cup.jpg
seed_formation,20260328_1040_seed_formation_107_bdown.jpg,data/raw/seed_formation/20260328_1040_seed_formation_107_bdown.jpg
budding,20260328_1121_budding_189_bdown.jpg,data/raw/budding/20260328_1121_budding_189_bdown.jpg
full_bloom,20260328_1037_full_bloom_37_sup.jpg,data/raw/full_bloom/20260328_1037_full_bloom_37_sup.jpg
wilting,20260814_1637_wilting_10_rot45.jpg,data/raw/wilting/20260814_1637_wilting_10_rot45.jpg
vegetative,20260328_1015_vegetative_12_sup.jpg,data/raw/vegetative/20260328_1015_vegetative_12_sup.jpg
seed_formation,20260328_1039_seed_formation_88_sdown.jpg,data/raw/seed_formation/20260328_1039_seed_formation_88_sdown.jpg
vegetative,20260712_0846_vegetative_108_cup.jpg,data/raw/vegetative/20260712_0846_vegetative_108_cup.jpg
seed_formation,20260722_1745_seed_formation_156_rot30.jpg,data/raw/seed_formation/20260722_1745_seed_formation_156_rot30.jpg
seed_formation,20260328_1041_seed_formation_114_bup.jpg,data/raw/seed_formation/20260328_1041_seed_formation_114_bup.jpg
seed_formation,20260727_1715_seed_formation_26_cdown.jpg,data/raw/seed_formation/20260727_1715_seed_formation_26_cdown.jpg
vegetative,20260328_1116_vegetative_74.jpg,data/raw/vegetative/20260328_1116_vegetative_74.jpg
full_bloom,20260727_1707_full_bloom_35_sdown.jpg,data/raw/full_bloom/20260727_1707_full_bloom_35_sdown.jpg
seed_formation,20260727_1715_seed_formation_26_cup.jpg,data/raw/seed_formation/20260727_1715_seed_formation_26_cup.jpg
seed_formation,20260727_1715_seed_formation_29_sup.jpg,data/raw/seed_formation/20260727_1715_seed_formation_29_sup.jpg
vegetative,vegetati_0000_vegetative_171_rot60.jpg,data/raw/vegetative/vegetati_0000_vegetative_171_rot60.jpg
seed_formation,20260328_1040_seed_formation_92_cup.jpg,data/raw/seed_formation/20260328_1040_seed_formation_92_cup.jpg
seed_formation,20260328_1039_seed_formation_84_rot60.jpg,data/raw/seed_formation/20260328_1039_seed_formation_84_rot60.jpg
wilting,20260814_1646_wilting_37_rot60.jpg,data/raw/wilting/20260814_1646_wilting_37_rot60.jpg
budding,20260328_1005_budding_38_cdown.jpg,data/raw/budding/20260328_1005_budding_38_cdown.jpg
budding,20260328_1122_budding_208.jpg,data/raw/budding/20260328_1122_budding_208.jpg
pre_bloom,20260727_1722_pre_bloom_60_rot60.jpg,data/raw/pre_bloom/20260727_1722_pre_bloom_60_rot60.jpg
wilting,20260819_1717_wilting_31_cup.jpg,data/raw/wilting/20260819_1717_wilting_31_cup.jpg
vegetative,20260328_1046_vegetative_63_bup.jpg,data/raw/vegetative/20260328_1046_vegetative_63_bup.jpg
full_bloom,20260727_1722_full_bloom_59.jpg,data/raw/full_bloom/20260727_1722_full_bloom_59.jpg
budding,20260328_1110_budding_173_bdown.jpg,data/raw/budding/20260328_1110_budding_173_bdown.jpg
vegetative,20260712_0902_vegetative_140_sup.jpg,data/raw/vegetative/20260712_0902_vegetative_140_sup.jpg
seed_formation,20260731_1719_seed_formation_182_sdown.jpg,data/raw/seed_formation/20260731_1719_seed_formation_182_sdown.jpg
budding,20260328_1059_budding_154_cdown.jpg,data/raw/budding/20260328_1059_budding_154_cdown.jpg
full_bloom,20260715_1556_full_bloom_5_sup.jpg,data/raw/full_bloom/20260715_1556_full_bloom_5_sup.jpg
seed_formation,20260722_1745_seed_formation_150_rot60.jpg,data/raw/seed_formation/20260722_1745_seed_formation_150_rot60.jpg
vegetative,20260328_1123_vegetative_97_sdown.jpg,data/raw/vegetative/20260328_1123_vegetative_97_sdown.jpg
vegetative,20260328_1032_vegetative_35_sdown.jpg,data/raw/vegetative/20260328_1032_vegetative_35_sdown.jpg
pre_bloom,20260726_1337_pre_bloom_35_sup.jpg,data/raw/pre_bloom/20260726_1337_pre_bloom_35_sup.jpg
seed_formation,20260722_1754_seed_formation_158_cup.jpg,data/raw/seed_formation/20260722_1754_seed_formation_158_cup.jpg
budding,20260328_1055_budding_137_sdown.jpg,data/raw/budding/20260328_1055_budding_137_sdown.jpg
pre_bloom,20260811_1640_pre_bloom_120_sdown.jpg,data/raw/pre_bloom/20260811_1640_pre_bloom_120_sdown.jpg
wilting,20260814_1637_wilting_14_sdown.jpg,data/raw/wilting/20260814_1637_wilting_14_sdown.jpg
budding,20260328_1111_budding_177_sup.jpg,data/raw/budding/20260328_1111_budding_177_sup.jpg
pre_bloom,20260328_1003_pre_bloom_4_rot45.jpg,data/raw/pre_bloom/20260328_1003_pre_bloom_4_rot45.jpg
budding,20260328_1005_budding_66_rot30.jpg,data/raw/budding/20260328_1005_budding_66_rot30.jpg
wilting,20260814_1646_wilting_37_sdown.jpg,data/raw/wilting/20260814_1646_wilting_37_sdown.jpg
wilting,20260824_1709_wilting_81_rot30.jpg,data/raw/wilting/20260824_1709_wilting_81_rot30.jpg
full_bloom,20260727_1707_full_bloom_37_rot45.jpg,data/raw/full_bloom/20260727_1707_full_bloom_37_rot45.jpg
full_bloom,20260727_1722_full_bloom_66_rot60.jpg,data/raw/full_bloom/20260727_1722_full_bloom_66_rot60.jpg
budding,20260328_1110_budding_168_bdown.jpg,data/raw/budding/20260328_1110_budding_168_bdown.jpg
vegetative,20260712_0900_vegetative_115_rot60.jpg,data/raw/vegetative/20260712_0900_vegetative_115_rot60.jpg
budding,20260328_1122_budding_210.jpg,data/raw/budding/20260328_1122_budding_210.jpg
pre_bloom,20260328_1109_pre_bloom_69_sup.jpg,data/raw/pre_bloom/20260328_1109_pre_bloom_69_sup.jpg
wilting,20260824_1706_wilting_53.jpg,data/raw/wilting/20260824_1706_wilting_53.jpg
wilting,20260814_1636_wilting_17_rot45.jpg,data/raw/wilting/20260814_1636_wilting_17_rot45.jpg
wilting,20260814_1636_wilting_20_bdown.jpg,data/raw/wilting/20260814_1636_wilting_20_bdown.jpg
full_bloom,20260328_1110_full_bloom_119_cdown.jpg,data/raw/full_bloom/20260328_1110_full_bloom_119_cdown.jpg
budding,20260328_1005_budding_46_rot45.jpg,data/raw/budding/20260328_1005_budding_46_rot45.jpg
pre_bloom,20260727_1722_pre_bloom_59_sdown.jpg,data/raw/pre_bloom/20260727_1722_pre_bloom_59_sdown.jpg
pre_bloom,20260712_0855_pre_bloom_7_rot45.jpg,data/raw/pre_bloom/20260712_0855_pre_bloom_7_rot45.jpg
pre_bloom,20260804_1724_pre_bloom_103_sup.jpg,data/raw/pre_bloom/20260804_1724_pre_bloom_103_sup.jpg
full_bloom,20260328_1038_full_bloom_41_cdown.jpg,data/raw/full_bloom/20260328_1038_full_bloom_41_cdown.jpg
pre_bloom,20260727_1737_pre_bloom_77_bup.jpg,data/raw/pre_bloom/20260727_1737_pre_bloom_77_bup.jpg
wilting,20260819_1716_wilting_22_rot45.jpg,data/raw/wilting/20260819_1716_wilting_22_rot45.jpg
full_bloom,20260328_1054_full_bloom_89_cup.jpg,data/raw/full_bloom/20260328_1054_full_bloom_89_cup.jpg
vegetative,20260328_1117_vegetative_77_rot60.jpg,data/raw/vegetative/20260328_1117_vegetative_77_rot60.jpg
full_bloom,20260328_1052_full_bloom_62.jpg,data/raw/full_bloom/20260328_1052_full_bloom_62.jpg
full_bloom,20260328_1014_full_bloom_17_bdown.jpg,data/raw/full_bloom/20260328_1014_full_bloom_17_bdown.jpg
full_bloom,20260328_1052_full_bloom_71_bdown.jpg,data/raw/full_bloom/20260328_1052_full_bloom_71_bdown.jpg
seed_formation,20260328_1009_seed_formation_27_bdown.jpg,data/raw/seed_formation/20260328_1009_seed_formation_27_bdown.jpg
seed_formation,20260727_1715_seed_formation_28_cup.jpg,data/raw/seed_formation/20260727_1715_seed_formation_28_cup.jpg
wilting,20260824_1705_wilting_42_sup.jpg,data/raw/wilting/20260824_1705_wilting_42_sup.jpg
budding,20260328_1005_budding_34_bdown.jpg,data/raw/budding/20260328_1005_budding_34_bdown.jpg
vegetative,20260328_1117_vegetative_82_sdown.jpg,data/raw/vegetative/20260328_1117_vegetative_82_sdown.jpg
vegetative,20260328_1046_vegetative_58.jpg,data/raw/vegetative/20260328_1046_vegetative_58.jpg
wilting,20260824_1709_wilting_81_cdown.jpg,data/raw/wilting/20260824_1709_wilting_81_cdown.jpg
seed_formation,20260328_1020_seed_formation_43_sup.jpg,data/raw/seed_formation/20260328_1020_seed_formation_43_sup.jpg
seed_formation,20260727_1733_seed_formation_172_rot30.jpg,data/raw/seed_formation/20260727_1733_seed_formation_172_rot30.jpg
full_bloom,20260328_1014_full_bloom_17_sdown.jpg,data/raw/full_bloom/20260328_1014_full_bloom_17_sdown.jpg
pre_bloom,20260712_0854_pre_bloom_2_cdown.jpg,data/raw/pre_bloom/20260712_0854_pre_bloom_2_cdown.jpg
seed_formation,20260328_1040_seed_formation_95_bup.jpg,data/raw/seed_formation/20260328_1040_seed_formation_95_bup.jpg
vegetative,20260712_0848_vegetative_110_sup.jpg,data/raw/vegetative/20260712_0848_vegetative_110_sup.jpg
pre_bloom,20260727_1722_pre_bloom_60_bdown.jpg,data/raw/pre_bloom/20260727_1722_pre_bloom_60_bdown.jpg
full_bloom,20260328_1051_full_bloom_50_bup.jpg,data/raw/full_bloom/20260328_1051_full_bloom_50_bup.jpg
seed_formation,20260715_1554_seed_formation_129.jpg,data/raw/seed_formation/20260715_1554_seed_formation_129.jpg
seed_formation,20260722_1754_seed_formation_159_rot30.jpg,data/raw/seed_formation/20260722_1754_seed_formation_159_rot30.jpg
wilting,20260824_1720_wilting_94_sup.jpg,data/raw/wilting/20260824_1720_wilting_94_sup.jpg
full_bloom,20260722_1803_full_bloom_27_rot60.jpg,data/raw/full_bloom/20260722_1803_full_bloom_27_rot60.jpg
vegetative,20260328_1032_vegetative_35_cup.jpg,data/raw/vegetative/20260328_1032_vegetative_35_cup.jpg
pre_bloom,20260804_1724_pre_bloom_106_rot60.jpg,data/raw/pre_bloom/20260804_1724_pre_bloom_106_rot60.jpg
wilting,20260814_1637_wilting_22.jpg,data/raw/wilting/20260814_1637_wilting_22.jpg
wilting,20260814_1636_wilting_14_sup.jpg,data/raw/wilting/20260814_1636_wilting_14_sup.jpg
full_bloom,20260328_1110_full_bloom_118_sdown.jpg,data/raw/full_bloom/20260328_1110_full_bloom_118_sdown.jpg
seed_formation,20260328_1020_seed_formation_40.jpg,data/raw/seed_formation/20260328_1020_seed_formation_40.jpg
seed_formation,20260328_1042_seed_formation_122_bdown.jpg,data/raw/seed_formation/20260328_1042_seed_formation_122_bdown.jpg
budding,20260328_1005_budding_44_sdown.jpg,data/raw/budding/20260328_1005_budding_44_sdown.jpg
budding,20260328_1115_budding_182.jpg,data/raw/budding/20260328_1115_budding_182.jpg
vegetative,20260712_0838_vegetative_106_rot30.jpg,data/raw/vegetative/20260712_0838_vegetative_106_rot30.jpg
full_bloom,20260328_1053_full_bloom_75_cdown.jpg,data/raw/full_bloom/20260328_1053_full_bloom_75_cdown.jpg
pre_bloom,20260727_1722_pre_bloom_61_cdown.jpg,data/raw/pre_bloom/20260727_1722_pre_bloom_61_cdown.jpg
vegetative,20260328_1006_vegetative_5_sup.jpg,data/raw/vegetative/20260328_1006_vegetative_5_sup.jpg
wilting,20260824_1707_wilting_65_bdown.jpg,data/raw/wilting/20260824_1707_wilting_65_bdown.jpg
seed_formation,20260328_1040_seed_formation_100_rot60.jpg,data/raw/seed_formation/20260328_1040_seed_formation_100_rot60.jpg
pre_bloom,20260712_0855_pre_bloom_10_cdown.jpg,data/raw/pre_bloom/20260712_0855_pre_bloom_10_cdown.jpg
vegetative,20260712_0902_vegetative_133_rot60.jpg,data/raw/vegetative/20260712_0902_vegetative_133_rot60.jpg
seed_formation,20260328_1020_seed_formation_57.jpg,data/raw/seed_formation/20260328_1020_seed_formation_57.jpg
full_bloom,20260328_1051_full_bloom_54_rot30.jpg,data/raw/full_bloom/20260328_1051_full_bloom_54_rot30.jpg
pre_bloom,20260328_1043_pre_bloom_44_rot45.jpg,data/raw/pre_bloom/20260328_1043_pre_bloom_44_rot45.jpg
seed_formation,20260328_1009_seed_formation_28_rot30.jpg,data/raw/seed_formation/20260328_1009_seed_formation_28_rot30.jpg
seed_formation,20260328_1039_seed_formation_89_rot45.jpg,data/raw/seed_formation/20260328_1039_seed_formation_89_rot45.jpg
vegetative,20260328_1117_vegetative_77_rot45.jpg,data/raw/vegetative/20260328_1117_vegetative_77_rot45.jpg
pre_bloom,20260712_0913_pre_bloom_73_bdown.jpg,data/raw/pre_bloom/20260712_0913_pre_bloom_73_bdown.jpg
pre_bloom,20260328_1108_pre_bloom_52_bup.jpg,data/raw/pre_bloom/20260328_1108_pre_bloom_52_bup.jpg
pre_bloom,20260811_1640_pre_bloom_119_rot30.jpg,data/raw/pre_bloom/20260811_1640_pre_bloom_119_rot30.jpg
vegetative,20260328_1030_vegetative_22_sup.jpg,data/raw/vegetative/20260328_1030_vegetative_22_sup.jpg
wilting,20260824_1721_wilting_97_sup.jpg,data/raw/wilting/20260824_1721_wilting_97_sup.jpg
full_bloom,20260328_1038_full_bloom_45_rot45.jpg,data/raw/full_bloom/20260328_1038_full_bloom_45_rot45.jpg
seed_formation,20260727_1732_seed_formation_171_rot45.jpg,data/raw/seed_formation/20260727_1732_seed_formation_171_rot45.jpg
seed_formation,20260328_1021_seed_formation_59_cup.jpg,data/raw/seed_formation/20260328_1021_seed_formation_59_cup.jpg
pre_bloom,20260722_1742_pre_bloom_16.jpg,data/raw/pre_bloom/20260722_1742_pre_bloom_16.jpg
full_bloom,20260328_1037_full_bloom_35_bdown.jpg,data/raw/full_bloom/20260328_1037_full_bloom_35_bdown.jpg
vegetative,20260328_1015_vegetative_15_bup.jpg,data/raw/vegetative/20260328_1015_vegetative_15_bup.jpg
pre_bloom,20260722_1742_pre_bloom_15_sdown.jpg,data/raw/pre_bloom/20260722_1742_pre_bloom_15_sdown.jpg
vegetative,20260328_1116_vegetative_72_cdown.jpg,data/raw/vegetative/20260328_1116_vegetative_72_cdown.jpg
full_bloom,20260328_1114_full_bloom_127_sup.jpg,data/raw/full_bloom/20260328_1114_full_bloom_127_sup.jpg
vegetative,vegetati_0000_vegetative_180_cdown.jpg,data/raw/vegetative/vegetati_0000_vegetative_180_cdown.jpg
pre_bloom,20260722_1743_pre_bloom_22_cdown.jpg,data/raw/pre_bloom/20260722_1743_pre_bloom_22_cdown.jpg
vegetative,20260328_1117_vegetative_88_cup.jpg,data/raw/vegetative/20260328_1117_vegetative_88_cup.jpg
full_bloom,20260328_1110_full_bloom_118_sup.jpg,data/raw/full_bloom/20260328_1110_full_bloom_118_sup.jpg
vegetative,20260328_1047_vegetative_68.jpg,data/raw/vegetative/20260328_1047_vegetative_68.jpg
full_bloom,20260328_1052_full_bloom_63_sdown.jpg,data/raw/full_bloom/20260328_1052_full_bloom_63_sdown.jpg
pre_bloom,20260722_1743_pre_bloom_25.jpg,data/raw/pre_bloom/20260722_1743_pre_bloom_25.jpg
full_bloom,20260328_1051_full_bloom_54_rot45.jpg,data/raw/full_bloom/20260328_1051_full_bloom_54_rot45.jpg
full_bloom,20260328_1100_full_bloom_95_cup.jpg,data/raw/full_bloom/20260328_1100_full_bloom_95_cup.jpg
vegetative,20260328_1038_vegetative_51_bup.jpg,data/raw/vegetative/20260328_1038_vegetative_51_bup.jpg
pre_bloom,flowerin_0000_pre_bloom_83.jpg,data/raw/pre_bloom/flowerin_0000_pre_bloom_83.jpg
seed_formation,20260328_1039_seed_formation_82_rot60.jpg,data/raw/seed_formation/20260328_1039_seed_formation_82_rot60.jpg
full_bloom,20260328_1059_full_bloom_92_cup.jpg,data/raw/full_bloom/20260328_1059_full_bloom_92_cup.jpg
seed_formation,20260328_1040_seed_formation_96_bdown.jpg,data/raw/seed_formation/20260328_1040_seed_formation_96_bdown.jpg
seed_formation,20260328_1039_seed_formation_89_sdown.jpg,data/raw/seed_formation/20260328_1039_seed_formation_89_sdown.jpg
full_bloom,20260727_1709_full_bloom_53_cup.jpg,data/raw/full_bloom/20260727_1709_full_bloom_53_cup.jpg
vegetative,20260328_1047_vegetative_68_bdown.jpg,data/raw/vegetative/20260328_1047_vegetative_68_bdown.jpg
pre_bloom,20260712_0855_pre_bloom_9_sup.jpg,data/raw/pre_bloom/20260712_0855_pre_bloom_9_sup.jpg
wilting,20260824_1705_wilting_40_bup.jpg,data/raw/wilting/20260824_1705_wilting_40_bup.jpg
wilting,20260824_1720_wilting_90_sup.jpg,data/raw/wilting/20260824_1720_wilting_90_sup.jpg
pre_bloom,20260727_1737_pre_bloom_74_sup.jpg,data/raw/pre_bloom/20260727_1737_pre_bloom_74_sup.jpg
vegetative,20260712_0902_vegetative_134.jpg,data/raw/vegetative/20260712_0902_vegetative_134.jpg
wilting,20260824_1707_wilting_65.jpg,data/raw/wilting/20260824_1707_wilting_65.jpg
pre_bloom,20260328_1042_pre_bloom_28_rot45.jpg,data/raw/pre_bloom/20260328_1042_pre_bloom_28_rot45.jpg
vegetative,20260328_1123_vegetative_96_sdown.jpg,data/raw/vegetative/20260328_1123_vegetative_96_sdown.jpg
budding,20260328_1005_budding_48_bdown.jpg,data/raw/budding/20260328_1005_budding_48_bdown.jpg
seed_formation,20260715_1602_seed_formation_144_rot30.jpg,data/raw/seed_formation/20260715_1602_seed_formation_144_rot30.jpg
wilting,20260819_1705_wilting_17.jpg,data/raw/wilting/20260819_1705_wilting_17.jpg
seed_formation,20260328_1042_seed_formation_122_rot60.jpg,data/raw/seed_formation/20260328_1042_seed_formation_122_rot60.jpg
vegetative,20260722_1659_vegetative_146_sup.jpg,data/raw/vegetative/20260722_1659_vegetative_146_sup.jpg
vegetative,20260328_1046_vegetative_60_sup.jpg,data/raw/vegetative/20260328_1046_vegetative_60_sup.jpg
pre_bloom,20260727_1555_pre_bloom_43.jpg,data/raw/pre_bloom/20260727_1555_pre_bloom_43.jpg
budding,20260328_1121_budding_191_rot45.jpg,data/raw/budding/20260328_1121_budding_191_rot45.jpg
budding,20260328_1005_budding_45_bdown.jpg,data/raw/budding/20260328_1005_budding_45_bdown.jpg
budding,20260328_1115_budding_181_rot45.jpg,data/raw/budding/20260328_1115_budding_181_rot45.jpg
seed_formation,20260328_1039_seed_formation_84_sup.jpg,data/raw/seed_formation/20260328_1039_seed_formation_84_sup.jpg
seed_formation,20260328_1039_seed_formation_87.jpg,data/raw/seed_formation/20260328_1039_seed_formation_87.jpg
seed_formation,20260328_1008_seed_formation_10_sup.jpg,data/raw/seed_formation/20260328_1008_seed_formation_10_sup.jpg
pre_bloom,20260811_1640_pre_bloom_125_rot30.jpg,data/raw/pre_bloom/20260811_1640_pre_bloom_125_rot30.jpg
seed_formation,20260328_1020_seed_formation_45_sdown.jpg,data/raw/seed_formation/20260328_1020_seed_formation_45_sdown.jpg
pre_bloom,20260328_1108_pre_bloom_55_rot30.jpg,data/raw/pre_bloom/20260328_1108_pre_bloom_55_rot30.jpg
pre_bloom,20260727_1555_pre_bloom_38_sup.jpg,data/raw/pre_bloom/20260727_1555_pre_bloom_38_sup.jpg
pre_bloom,20260328_1042_pre_bloom_29_sdown.jpg,data/raw/pre_bloom/20260328_1042_pre_bloom_29_sdown.jpg
budding,20260328_1054_budding_133_sup.jpg,data/raw/budding/20260328_1054_budding_133_sup.jpg
vegetative,20260712_0848_vegetative_110_sdown.jpg,data/raw/vegetative/20260712_0848_vegetative_110_sdown.jpg
vegetative,20260712_0838_vegetative_104.jpg,data/raw/vegetative/20260712_0838_vegetative_104.jpg
seed_formation,20260328_1020_seed_formation_57_bup.jpg,data/raw/seed_formation/20260328_1020_seed_formation_57_bup.jpg
budding,20260328_1005_budding_14_sdown.jpg,data/raw/budding/20260328_1005_budding_14_sdown.jpg
seed_formation,20260328_1022_seed_formation_66.jpg,data/raw/seed_formation/20260328_1022_seed_formation_66.jpg
pre_bloom,20260328_1043_pre_bloom_42_rot45.jpg,data/raw/pre_bloom/20260328_1043_pre_bloom_42_rot45.jpg
seed_formation,20260328_1008_seed_formation_12_sdown.jpg,data/raw/seed_formation/20260328_1008_seed_formation_12_sdown.jpg
budding,20260328_1123_budding_222_bdown.jpg,data/raw/budding/20260328_1123_budding_222_bdown.jpg
seed_formation,20260328_1008_seed_formation_17_sup.jpg,data/raw/seed_formation/20260328_1008_seed_formation_17_sup.jpg
budding,20260328_1042_budding_131_cdown.jpg,data/raw/budding/20260328_1042_budding_131_cdown.jpg
full_bloom,bloom4.p_0000_full_bloom_146_bdown.jpg,data/raw/full_bloom/bloom4.p_0000_full_bloom_146_bdown.jpg
seed_formation,20260715_1602_seed_formation_139_rot45.jpg,data/raw/seed_formation/20260715_1602_seed_formation_139_rot45.jpg
vegetative,20260328_1046_vegetative_58_sdown.jpg,data/raw/vegetative/20260328_1046_vegetative_58_sdown.jpg
budding,20260328_1055_budding_135_cdown.jpg,data/raw/budding/20260328_1055_budding_135_cdown.jpg
seed_formation,20260722_1745_seed_formation_150_rot45.jpg,data/raw/seed_formation/20260722_1745_seed_formation_150_rot45.jpg
vegetative,vegetati_0000_vegetative_171_bdown.jpg,data/raw/vegetative/vegetati_0000_vegetative_171_bdown.jpg
seed_formation,20260722_1745_seed_formation_150.jpg,data/raw/seed_formation/20260722_1745_seed_formation_150.jpg
full_bloom,20260715_1556_full_bloom_8_rot60.jpg,data/raw/full_bloom/20260715_1556_full_bloom_8_rot60.jpg
full_bloom,20260328_1036_full_bloom_27_cup.jpg,data/raw/full_bloom/20260328_1036_full_bloom_27_cup.jpg
full_bloom,20260328_1037_full_bloom_38_bdown.jpg,data/raw/full_bloom/20260328_1037_full_bloom_38_bdown.jpg
pre_bloom,20260328_1108_pre_bloom_60_cdown.jpg,data/raw/pre_bloom/20260328_1108_pre_bloom_60_cdown.jpg
seed_formation,20260727_1733_seed_formation_172_sdown.jpg,data/raw/seed_formation/20260727_1733_seed_formation_172_sdown.jpg
vegetative,20260328_1032_vegetative_33_bdown.jpg,data/raw/vegetative/20260328_1032_vegetative_33_bdown.jpg
wilting,20260824_1706_wilting_61_sdown.jpg,data/raw/wilting/20260824_1706_wilting_61_sdown.jpg
full_bloom,20260328_1053_full_bloom_79_rot60.jpg,data/raw/full_bloom/20260328_1053_full_bloom_79_rot60.jpg
vegetative,20260328_1030_vegetative_29_cup.jpg,data/raw/vegetative/20260328_1030_vegetative_29_cup.jpg
budding,20260328_1042_budding_130_sup.jpg,data/raw/budding/20260328_1042_budding_130_sup.jpg
vegetative,20260804_1656_vegetative_161_sup.jpg,data/raw/vegetative/20260804_1656_vegetative_161_sup.jpg
full_bloom,20260727_1709_full_bloom_40.jpg,data/raw/full_bloom/20260727_1709_full_bloom_40.jpg
pre_bloom,20260727_1737_pre_bloom_77_sup.jpg,data/raw/pre_bloom/20260727_1737_pre_bloom_77_sup.jpg
pre_bloom,20260727_1555_pre_bloom_43_bdown.jpg,data/raw/pre_bloom/20260727_1555_pre_bloom_43_bdown.jpg
pre_bloom,20260804_1724_pre_bloom_106_bdown.jpg,data/raw/pre_bloom/20260804_1724_pre_bloom_106_bdown.jpg
budding,20260328_1121_budding_187_sdown.jpg,data/raw/budding/20260328_1121_budding_187_sdown.jpg
seed_formation,20260328_1020_seed_formation_53_rot45.jpg,data/raw/seed_formation/20260328_1020_seed_formation_53_rot45.jpg
seed_formation,20260727_1715_seed_formation_27_rot60.jpg,data/raw/seed_formation/20260727_1715_seed_formation_27_rot60.jpg
wilting,20260819_1716_wilting_24.jpg,data/raw/wilting/20260819_1716_wilting_24.jpg
seed_formation,20260328_1042_seed_formation_121.jpg,data/raw/seed_formation/20260328_1042_seed_formation_121.jpg
vegetative,vegetati_0000_vegetative_172_cup.jpg,data/raw/vegetative/vegetati_0000_vegetative_172_cup.jpg
full_bloom,20260328_1052_full_bloom_63_rot60.jpg,data/raw/full_bloom/20260328_1052_full_bloom_63_rot60.jpg
seed_formation,20260715_1602_seed_formation_146_sup.jpg,data/raw/seed_formation/20260715_1602_seed_formation_146_sup.jpg
seed_formation,20260328_1039_seed_formation_86.jpg,data/raw/seed_formation/20260328_1039_seed_formation_86.jpg
wilting,20260824_1705_wilting_42_rot30.jpg,data/raw/wilting/20260824_1705_wilting_42_rot30.jpg
wilting,20260824_1706_wilting_54_rot45.jpg,data/raw/wilting/20260824_1706_wilting_54_rot45.jpg
pre_bloom,20260731_1656_pre_bloom_80_rot60.jpg,data/raw/pre_bloom/20260731_1656_pre_bloom_80_rot60.jpg
wilting,20260722_1658_wilting_7_bdown.jpg,data/raw/wilting/20260722_1658_wilting_7_bdown.jpg
budding,20260328_1005_budding_66_rot60.jpg,data/raw/budding/20260328_1005_budding_66_rot60.jpg
vegetative,20260328_1117_vegetative_76_sdown.jpg,data/raw/vegetative/20260328_1117_vegetative_76_sdown.jpg
vegetative,20260328_1030_vegetative_28_rot45.jpg,data/raw/vegetative/20260328_1030_vegetative_28_rot45.jpg
seed_formation,20260328_1022_seed_formation_68_bdown.jpg,data/raw/seed_formation/20260328_1022_seed_formation_68_bdown.jpg
full_bloom,20260727_1724_full_bloom_70_rot30.jpg,data/raw/full_bloom/20260727_1724_full_bloom_70_rot30.jpg
vegetative,20260722_1820_vegetative_148_rot45.jpg,data/raw/vegetative/20260722_1820_vegetative_148_rot45.jpg
full_bloom,flowerin_0000_full_bloom_156_bdown.jpg,data/raw/full_bloom/flowerin_0000_full_bloom_156_bdown.jpg
pre_bloom,20260722_1743_pre_bloom_24_bup.jpg,data/raw/pre_bloom/20260722_1743_pre_bloom_24_bup.jpg
wilting,20260814_1637_wilting_15_sup.jpg,data/raw/wilting/20260814_1637_wilting_15_sup.jpg
pre_bloom,20260727_1711_pre_bloom_51_rot60.jpg,data/raw/pre_bloom/20260727_1711_pre_bloom_51_rot60.jpg
full_bloom,20260328_1037_full_bloom_34_rot30.jpg,data/raw/full_bloom/20260328_1037_full_bloom_34_rot30.jpg
vegetative,20260328_1015_vegetative_13_cdown.jpg,data/raw/vegetative/20260328_1015_vegetative_13_cdown.jpg
pre_bloom,20260722_1743_pre_bloom_23_sdown.jpg,data/raw/pre_bloom/20260722_1743_pre_bloom_23_sdown.jpg
vegetative,flowerin_0000_vegetative_164_bdown.jpg,data/raw/vegetative/flowerin_0000_vegetative_164_bdown.jpg
full_bloom,20260328_1110_full_bloom_119_bdown.jpg,data/raw/full_bloom/20260328_1110_full_bloom_119_bdown.jpg
budding,20260328_1123_budding_222_bup.jpg,data/raw/budding/20260328_1123_budding_222_bup.jpg
vegetative,20260804_1656_vegetative_162_cup.jpg,data/raw/vegetative/20260804_1656_vegetative_162_cup.jpg
full_bloom,20260328_1116_full_bloom_144_cdown.jpg,data/raw/full_bloom/20260328_1116_full_bloom_144_cdown.jpg
budding,20260328_1010_budding_81_sdown.jpg,data/raw/budding/20260328_1010_budding_81_sdown.jpg
seed_formation,20260328_1039_seed_formation_80_cup.jpg,data/raw/seed_formation/20260328_1039_seed_formation_80_cup.jpg
full_bloom,20260328_1052_full_bloom_65.jpg,data/raw/full_bloom/20260328_1052_full_bloom_65.jpg
full_bloom,20260328_1036_full_bloom_30_cdown.jpg,data/raw/full_bloom/20260328_1036_full_bloom_30_cdown.jpg
full_bloom,20260328_1013_full_bloom_14_bdown.jpg,data/raw/full_bloom/20260328_1013_full_bloom_14_bdown.jpg
pre_bloom,20260328_1043_pre_bloom_46_sup.jpg,data/raw/pre_bloom/20260328_1043_pre_bloom_46_sup.jpg
wilting,20260819_1716_wilting_18_sup.jpg,data/raw/wilting/20260819_1716_wilting_18_sup.jpg
budding,20260328_1005_budding_66_cup.jpg,data/raw/budding/20260328_1005_budding_66_cup.jpg
vegetative,20260328_1030_vegetative_27_bup.jpg,data/raw/vegetative/20260328_1030_vegetative_27_bup.jpg
full_bloom,20260328_1114_full_bloom_133_rot60.jpg,data/raw/full_bloom/20260328_1114_full_bloom_133_rot60.jpg
budding,20260328_1122_budding_215_sup.jpg,data/raw/budding/20260328_1122_budding_215_sup.jpg
budding,20260328_1005_budding_55_sdown.jpg,data/raw/budding/20260328_1005_budding_55_sdown.jpg
seed_formation,20260328_1008_seed_formation_18_rot30.jpg,data/raw/seed_formation/20260328_1008_seed_formation_18_rot30.jpg
budding,budding2_0000_budding_224_sdown.jpg,data/raw/budding/budding2_0000_budding_224_sdown.jpg
seed_formation,20260727_1732_seed_formation_169_bdown.jpg,data/raw/seed_formation/20260727_1732_seed_formation_169_bdown.jpg
seed_formation,20260328_1040_seed_formation_101_cdown.jpg,data/raw/seed_formation/20260328_1040_seed_formation_101_cdown.jpg
pre_bloom,20260727_1722_pre_bloom_60_cup.jpg,data/raw/pre_bloom/20260727_1722_pre_bloom_60_cup.jpg
pre_bloom,20260731_1658_pre_bloom_87_rot30.jpg,data/raw/pre_bloom/20260731_1658_pre_bloom_87_rot30.jpg
full_bloom,20260328_1051_full_bloom_49_cdown.jpg,data/raw/full_bloom/20260328_1051_full_bloom_49_cdown.jpg
wilting,20260814_1646_wilting_35_rot45.jpg,data/raw/wilting/20260814_1646_wilting_35_rot45.jpg
pre_bloom,20260804_1724_pre_bloom_108_sup.jpg,data/raw/pre_bloom/20260804_1724_pre_bloom_108_sup.jpg
seed_formation,20260328_1020_seed_formation_55_rot60.jpg,data/raw/seed_formation/20260328_1020_seed_formation_55_rot60.jpg
budding,20260328_1111_budding_177_rot30.jpg,data/raw/budding/20260328_1111_budding_177_rot30.jpg
full_bloom,20260328_1052_full_bloom_59.jpg,data/raw/full_bloom/20260328_1052_full_bloom_59.jpg
full_bloom,20260328_1110_full_bloom_115_sdown.jpg,data/raw/full_bloom/20260328_1110_full_bloom_115_sdown.jpg
full_bloom,20260328_1052_full_bloom_61.jpg,data/raw/full_bloom/20260328_1052_full_bloom_61.jpg
pre_bloom,20260328_1108_pre_bloom_56_sdown.jpg,data/raw/pre_bloom/20260328_1108_pre_bloom_56_sdown.jpg
budding,20260328_1011_budding_105_sdown.jpg,data/raw/budding/20260328_1011_budding_105_sdown.jpg
wilting,20260824_1709_wilting_85_rot30.jpg,data/raw/wilting/20260824_1709_wilting_85_rot30.jpg
wilting,20260824_1706_wilting_53_sup.jpg,data/raw/wilting/20260824_1706_wilting_53_sup.jpg
full_bloom,20260328_1114_full_bloom_133_sup.jpg,data/raw/full_bloom/20260328_1114_full_bloom_133_sup.jpg
full_bloom,20260328_1110_full_bloom_114_cdown.jpg,data/raw/full_bloom/20260328_1110_full_bloom_114_cdown.jpg
full_bloom,20260715_1556_full_bloom_7_sup.jpg,data/raw/full_bloom/20260715_1556_full_bloom_7_sup.jpg
vegetative,20260328_1038_vegetative_50_sup.jpg,data/raw/vegetative/20260328_1038_vegetative_50_sup.jpg
vegetative,20260328_1032_vegetative_35_bup.jpg,data/raw/vegetative/20260328_1032_vegetative_35_bup.jpg
seed_formation,20260715_1602_seed_formation_142_cup.jpg,data/raw/seed_formation/20260715_1602_seed_formation_142_cup.jpg
wilting,20260824_1706_wilting_54_bdown.jpg,data/raw/wilting/20260824_1706_wilting_54_bdown.jpg
pre_bloom,20260727_1736_pre_bloom_70_bup.jpg,data/raw/pre_bloom/20260727_1736_pre_bloom_70_bup.jpg
pre_bloom,20260727_1737_pre_bloom_74_rot30.jpg,data/raw/pre_bloom/20260727_1737_pre_bloom_74_rot30.jpg
full_bloom,20260328_1051_full_bloom_50_sdown.jpg,data/raw/full_bloom/20260328_1051_full_bloom_50_sdown.jpg
seed_formation,20260328_1041_seed_formation_111_rot60.jpg,data/raw/seed_formation/20260328_1041_seed_formation_111_rot60.jpg
pre_bloom,20260727_1556_pre_bloom_47_cdown.jpg,data/raw/pre_bloom/20260727_1556_pre_bloom_47_cdown.jpg
vegetative,20260328_1116_vegetative_75_rot30.jpg,data/raw/vegetative/20260328_1116_vegetative_75_rot30.jpg
wilting,20260814_1636_wilting_17_sdown.jpg,data/raw/wilting/20260814_1636_wilting_17_sdown.jpg
pre_bloom,20260722_1743_pre_bloom_22_sup.jpg,data/raw/pre_bloom/20260722_1743_pre_bloom_22_sup.jpg
vegetative,20260328_1032_vegetative_34_rot30.jpg,data/raw/vegetative/20260328_1032_vegetative_34_rot30.jpg
budding,20260328_1005_budding_38.jpg,data/raw/budding/20260328_1005_budding_38.jpg
vegetative,flowerin_0000_vegetative_169_rot30.jpg,data/raw/vegetative/flowerin_0000_vegetative_169_rot30.jpg
budding,inflores_0000_budding_228_rot60.jpg,data/raw/budding/inflores_0000_budding_228_rot60.jpg
vegetative,20260712_0902_vegetative_131_sdown.jpg,data/raw/vegetative/20260712_0902_vegetative_131_sdown.jpg
pre_bloom,20260328_1042_pre_bloom_26_bup.jpg,data/raw/pre_bloom/20260328_1042_pre_bloom_26_bup.jpg
pre_bloom,20260727_1737_pre_bloom_72_rot45.jpg,data/raw/pre_bloom/20260727_1737_pre_bloom_72_rot45.jpg
vegetative,20260328_1038_vegetative_50_rot30.jpg,data/raw/vegetative/20260328_1038_vegetative_50_rot30.jpg
budding,20260328_1011_budding_93_rot30.jpg,data/raw/budding/20260328_1011_budding_93_rot30.jpg
full_bloom,20260328_1037_full_bloom_34_bup.jpg,data/raw/full_bloom/20260328_1037_full_bloom_34_bup.jpg
full_bloom,20260727_1723_full_bloom_67_bdown.jpg,data/raw/full_bloom/20260727_1723_full_bloom_67_bdown.jpg
budding,20260328_1055_budding_140_cup.jpg,data/raw/budding/20260328_1055_budding_140_cup.jpg
pre_bloom,20260722_1743_pre_bloom_21_cdown.jpg,data/raw/pre_bloom/20260722_1743_pre_bloom_21_cdown.jpg
pre_bloom,20260328_1042_pre_bloom_34_bdown.jpg,data/raw/pre_bloom/20260328_1042_pre_bloom_34_bdown.jpg
full_bloom,20260328_1109_full_bloom_105_cup.jpg,data/raw/full_bloom/20260328_1109_full_bloom_105_cup.jpg
budding,20260328_1005_budding_5.jpg,data/raw/budding/20260328_1005_budding_5.jpg
pre_bloom,20260712_0854_pre_bloom_3_bup.jpg,data/raw/pre_bloom/20260712_0854_pre_bloom_3_bup.jpg
vegetative,20260712_0902_vegetative_129_cdown.jpg,data/raw/vegetative/20260712_0902_vegetative_129_cdown.jpg
budding,20260328_1055_budding_140_cdown.jpg,data/raw/budding/20260328_1055_budding_140_cdown.jpg
full_bloom,20260727_1724_full_bloom_70_bup.jpg,data/raw/full_bloom/20260727_1724_full_bloom_70_bup.jpg
full_bloom,20260727_1709_full_bloom_51_cup.jpg,data/raw/full_bloom/20260727_1709_full_bloom_51_cup.jpg
budding,20260328_1010_budding_74.jpg,data/raw/budding/20260328_1010_budding_74.jpg
vegetative,20260328_1046_vegetative_60_cdown.jpg,data/raw/vegetative/20260328_1046_vegetative_60_cdown.jpg
budding,20260328_1005_budding_51_cdown.jpg,data/raw/budding/20260328_1005_budding_51_cdown.jpg
vegetative,20260328_1032_vegetative_35_bdown.jpg,data/raw/vegetative/20260328_1032_vegetative_35_bdown.jpg
pre_bloom,20260727_1555_pre_bloom_41_bdown.jpg,data/raw/pre_bloom/20260727_1555_pre_bloom_41_bdown.jpg
wilting,20260824_1709_wilting_84_rot45.jpg,data/raw/wilting/20260824_1709_wilting_84_rot45.jpg
budding,20260328_1055_budding_137_cdown.jpg,data/raw/budding/20260328_1055_budding_137_cdown.jpg
full_bloom,20260722_1804_full_bloom_30_cdown.jpg,data/raw/full_bloom/20260722_1804_full_bloom_30_cdown.jpg
budding,20260328_1122_budding_210_cup.jpg,data/raw/budding/20260328_1122_budding_210_cup.jpg
pre_bloom,20260328_1018_pre_bloom_19.jpg,data/raw/pre_bloom/20260328_1018_pre_bloom_19.jpg
seed_formation,20260328_1020_seed_formation_44_sdown.jpg,data/raw/seed_formation/20260328_1020_seed_formation_44_sdown.jpg
wilting,20260819_1718_wilting_38_sdown.jpg,data/raw/wilting/20260819_1718_wilting_38_sdown.jpg
budding,20260328_1005_budding_22_cup.jpg,data/raw/budding/20260328_1005_budding_22_cup.jpg
full_bloom,20260328_1115_full_bloom_142_sup.jpg,data/raw/full_bloom/20260328_1115_full_bloom_142_sup.jpg
seed_formation,20260328_1040_seed_formation_95_sup.jpg,data/raw/seed_formation/20260328_1040_seed_formation_95_sup.jpg
pre_bloom,20260804_1724_pre_bloom_104_rot30.jpg,data/raw/pre_bloom/20260804_1724_pre_bloom_104_rot30.jpg
pre_bloom,20260727_1736_pre_bloom_67_cdown.jpg,data/raw/pre_bloom/20260727_1736_pre_bloom_67_cdown.jpg
wilting,wilting1_0000_wilting_45_rot60.jpg,data/raw/wilting/wilting1_0000_wilting_45_rot60.jpg
vegetative,20260712_0838_vegetative_102.jpg,data/raw/vegetative/20260712_0838_vegetative_102.jpg
vegetative,20260328_1031_vegetative_30.jpg,data/raw/vegetative/20260328_1031_vegetative_30.jpg
seed_formation,20260715_1602_seed_formation_146_cdown.jpg,data/raw/seed_formation/20260715_1602_seed_formation_146_cdown.jpg
full_bloom,20260328_1013_full_bloom_10.jpg,data/raw/full_bloom/20260328_1013_full_bloom_10.jpg
seed_formation,20260328_1041_seed_formation_113_bup.jpg,data/raw/seed_formation/20260328_1041_seed_formation_113_bup.jpg
full_bloom,20260328_1109_full_bloom_111_bup.jpg,data/raw/full_bloom/20260328_1109_full_bloom_111_bup.jpg
vegetative,20260328_1037_vegetative_47_sdown.jpg,data/raw/vegetative/20260328_1037_vegetative_47_sdown.jpg
full_bloom,20260722_1658_full_bloom_17_cdown.jpg,data/raw/full_bloom/20260722_1658_full_bloom_17_cdown.jpg
pre_bloom,20260726_1336_pre_bloom_30_bup.jpg,data/raw/pre_bloom/20260726_1336_pre_bloom_30_bup.jpg
pre_bloom,20260722_1743_pre_bloom_22_rot30.jpg,data/raw/pre_bloom/20260722_1743_pre_bloom_22_rot30.jpg
budding,20260328_1123_budding_219_cup.jpg,data/raw/budding/20260328_1123_budding_219_cup.jpg
budding,20260328_1122_budding_215_rot45.jpg,data/raw/budding/20260328_1122_budding_215_rot45.jpg
vegetative,20260328_1037_vegetative_48_sup.jpg,data/raw/vegetative/20260328_1037_vegetative_48_sup.jpg
pre_bloom,20260328_1109_pre_bloom_70_sdown.jpg,data/raw/pre_bloom/20260328_1109_pre_bloom_70_sdown.jpg
full_bloom,20260328_1114_full_bloom_133_cdown.jpg,data/raw/full_bloom/20260328_1114_full_bloom_133_cdown.jpg
full_bloom,20260328_1036_full_bloom_29_rot60.jpg,data/raw/full_bloom/20260328_1036_full_bloom_29_rot60.jpg
wilting,20260819_1717_wilting_27.jpg,data/raw/wilting/20260819_1717_wilting_27.jpg
vegetative,20260722_1659_vegetative_146_cdown.jpg,data/raw/vegetative/20260722_1659_vegetative_146_cdown.jpg
pre_bloom,20260722_1743_pre_bloom_20_sdown.jpg,data/raw/pre_bloom/20260722_1743_pre_bloom_20_sdown.jpg
budding,20260328_1115_budding_181_bup.jpg,data/raw/budding/20260328_1115_budding_181_bup.jpg
seed_formation,20260328_1041_seed_formation_120_rot60.jpg,data/raw/seed_formation/20260328_1041_seed_formation_120_rot60.jpg
vegetative,20260328_1005_vegetative_4_sup.jpg,data/raw/vegetative/20260328_1005_vegetative_4_sup.jpg
seed_formation,20260715_1602_seed_formation_140_cup.jpg,data/raw/seed_formation/20260715_1602_seed_formation_140_cup.jpg
full_bloom,flowerin_0000_full_bloom_152_bdown.jpg,data/raw/full_bloom/flowerin_0000_full_bloom_152_bdown.jpg
wilting,20260328_1056_wilting_4_sup.jpg,data/raw/wilting/20260328_1056_wilting_4_sup.jpg
pre_bloom,20260328_1042_pre_bloom_26_rot60.jpg,data/raw/pre_bloom/20260328_1042_pre_bloom_26_rot60.jpg
wilting,20260824_1709_wilting_83_rot60.jpg,data/raw/wilting/20260824_1709_wilting_83_rot60.jpg
pre_bloom,Budding0_0000_pre_bloom_76_rot30.jpg,data/raw/pre_bloom/Budding0_0000_pre_bloom_76_rot30.jpg
vegetative,20260328_1037_vegetative_47.jpg,data/raw/vegetative/20260328_1037_vegetative_47.jpg
pre_bloom,20260811_1640_pre_bloom_119_rot60.jpg,data/raw/pre_bloom/20260811_1640_pre_bloom_119_rot60.jpg
pre_bloom,20260328_1043_pre_bloom_43_rot45.jpg,data/raw/pre_bloom/20260328_1043_pre_bloom_43_rot45.jpg
wilting,20260824_1721_wilting_107_bup.jpg,data/raw/wilting/20260824_1721_wilting_107_bup.jpg
seed_formation,20260328_1020_seed_formation_45_bdown.jpg,data/raw/seed_formation/20260328_1020_seed_formation_45_bdown.jpg
full_bloom,20260722_1804_full_bloom_30_rot60.jpg,data/raw/full_bloom/20260722_1804_full_bloom_30_rot60.jpg
seed_formation,20260328_1042_seed_formation_123_cup.jpg,data/raw/seed_formation/20260328_1042_seed_formation_123_cup.jpg
seed_formation,20260328_1022_seed_formation_65_bdown.jpg,data/raw/seed_formation/20260328_1022_seed_formation_65_bdown.jpg
wilting,20260824_1706_wilting_59_cdown.jpg,data/raw/wilting/20260824_1706_wilting_59_cdown.jpg
vegetative,20260328_1015_vegetative_15_bdown.jpg,data/raw/vegetative/20260328_1015_vegetative_15_bdown.jpg
pre_bloom,20260722_1742_pre_bloom_18_bdown.jpg,data/raw/pre_bloom/20260722_1742_pre_bloom_18_bdown.jpg
budding,20260328_1005_budding_31_rot60.jpg,data/raw/budding/20260328_1005_budding_31_rot60.jpg
pre_bloom,20260328_1002_pre_bloom_1_cdown.jpg,data/raw/pre_bloom/20260328_1002_pre_bloom_1_cdown.jpg
vegetative,20260328_1032_vegetative_37.jpg,data/raw/vegetative/20260328_1032_vegetative_37.jpg
full_bloom,20260727_1709_full_bloom_47_bup.jpg,data/raw/full_bloom/20260727_1709_full_bloom_47_bup.jpg
seed_formation,20260328_1020_seed_formation_54_rot60.jpg,data/raw/seed_formation/20260328_1020_seed_formation_54_rot60.jpg
seed_formation,20260328_1007_seed_formation_6_sdown.jpg,data/raw/seed_formation/20260328_1007_seed_formation_6_sdown.jpg
full_bloom,20260328_1111_full_bloom_121_bup.jpg,data/raw/full_bloom/20260328_1111_full_bloom_121_bup.jpg
vegetative,20260328_1011_vegetative_9_cdown.jpg,data/raw/vegetative/20260328_1011_vegetative_9_cdown.jpg
vegetative,20260712_0902_vegetative_132_cdown.jpg,data/raw/vegetative/20260712_0902_vegetative_132_cdown.jpg
seed_formation,20260328_1041_seed_formation_115_cdown.jpg,data/raw/seed_formation/20260328_1041_seed_formation_115_cdown.jpg
full_bloom,20260328_1115_full_bloom_139_sdown.jpg,data/raw/full_bloom/20260328_1115_full_bloom_139_sdown.jpg
vegetative,20260328_1116_vegetative_72_bdown.jpg,data/raw/vegetative/20260328_1116_vegetative_72_bdown.jpg
seed_formation,20260328_1021_seed_formation_60_cup.jpg,data/raw/seed_formation/20260328_1021_seed_formation_60_cup.jpg
full_bloom,20260328_1013_full_bloom_2_bdown.jpg,data/raw/full_bloom/20260328_1013_full_bloom_2_bdown.jpg
vegetative,20260328_1117_vegetative_81_bdown.jpg,data/raw/vegetative/20260328_1117_vegetative_81_bdown.jpg
pre_bloom,flowerin_0000_pre_bloom_83_cup.jpg,data/raw/pre_bloom/flowerin_0000_pre_bloom_83_cup.jpg
budding,20260328_1122_budding_202.jpg,data/raw/budding/20260328_1122_budding_202.jpg
seed_formation,20260328_1009_seed_formation_33_bdown.jpg,data/raw/seed_formation/20260328_1009_seed_formation_33_bdown.jpg
full_bloom,20260328_1036_full_bloom_28_rot60.jpg,data/raw/full_bloom/20260328_1036_full_bloom_28_rot60.jpg
budding,20260328_1115_budding_182_bup.jpg,data/raw/budding/20260328_1115_budding_182_bup.jpg
seed_formation,20260715_1554_seed_formation_131_bdown.jpg,data/raw/seed_formation/20260715_1554_seed_formation_131_bdown.jpg
full_bloom,20260328_1053_full_bloom_74_sup.jpg,data/raw/full_bloom/20260328_1053_full_bloom_74_sup.jpg
budding,20260328_1122_budding_212_rot45.jpg,data/raw/budding/20260328_1122_budding_212_rot45.jpg
budding,20260328_1121_budding_191_rot30.jpg,data/raw/budding/20260328_1121_budding_191_rot30.jpg
seed_formation,20260328_1008_seed_formation_16_rot45.jpg,data/raw/seed_formation/20260328_1008_seed_formation_16_rot45.jpg
budding,20260328_1110_budding_168_bup.jpg,data/raw/budding/20260328_1110_budding_168_bup.jpg
seed_formation,20260328_1020_seed_formation_55_bdown.jpg,data/raw/seed_formation/20260328_1020_seed_formation_55_bdown.jpg
full_bloom,20260328_1051_full_bloom_53_sdown.jpg,data/raw/full_bloom/20260328_1051_full_bloom_53_sdown.jpg
seed_formation,20260328_1022_seed_formation_64.jpg,data/raw/seed_formation/20260328_1022_seed_formation_64.jpg
vegetative,20260328_1123_vegetative_96.jpg,data/raw/vegetative/20260328_1123_vegetative_96.jpg
seed_formation,20260715_1554_seed_formation_129_bup.jpg,data/raw/seed_formation/20260715_1554_seed_formation_129_bup.jpg
vegetative,20260712_0838_vegetative_104_sdown.jpg,data/raw/vegetative/20260712_0838_vegetative_104_sdown.jpg
seed_formation,20260328_1020_seed_formation_54_rot45.jpg,data/raw/seed_formation/20260328_1020_seed_formation_54_rot45.jpg
full_bloom,20260328_1037_full_bloom_37_bdown.jpg,data/raw/full_bloom/20260328_1037_full_bloom_37_bdown.jpg
full_bloom,bloom4.p_0000_full_bloom_146_rot45.jpg,data/raw/full_bloom/bloom4.p_0000_full_bloom_146_rot45.jpg
seed_formation,20260722_1754_seed_formation_158_bdown.jpg,data/raw/seed_formation/20260722_1754_seed_formation_158_bdown.jpg
pre_bloom,20260328_1109_pre_bloom_69_rot45.jpg,data/raw/pre_bloom/20260328_1109_pre_bloom_69_rot45.jpg
full_bloom,20260727_1709_full_bloom_49_rot45.jpg,data/raw/full_bloom/20260727_1709_full_bloom_49_rot45.jpg
pre_bloom,20260726_1337_pre_bloom_34_bup.jpg,data/raw/pre_bloom/20260726_1337_pre_bloom_34_bup.jpg
budding,20260328_1005_budding_36.jpg,data/raw/budding/20260328_1005_budding_36.jpg
vegetative,vegetati_0000_vegetative_178_rot45.jpg,data/raw/vegetative/vegetati_0000_vegetative_178_rot45.jpg
wilting,20260824_1705_wilting_41_rot45.jpg,data/raw/wilting/20260824_1705_wilting_41_rot45.jpg
budding,20260328_1055_budding_134.jpg,data/raw/budding/20260328_1055_budding_134.jpg
vegetative,20260328_1015_vegetative_13_cup.jpg,data/raw/vegetative/20260328_1015_vegetative_13_cup.jpg
vegetative,20260804_1656_vegetative_156_cup.jpg,data/raw/vegetative/20260804_1656_vegetative_156_cup.jpg
pre_bloom,20260804_1723_pre_bloom_96_sup.jpg,data/raw/pre_bloom/20260804_1723_pre_bloom_96_sup.jpg
vegetative,20260328_1038_vegetative_51_cup.jpg,data/raw/vegetative/20260328_1038_vegetative_51_cup.jpg
budding,20260328_1005_budding_14_cup.jpg,data/raw/budding/20260328_1005_budding_14_cup.jpg
full_bloom,20260727_1709_full_bloom_45_cdown.jpg,data/raw/full_bloom/20260727_1709_full_bloom_45_cdown.jpg
full_bloom,20260328_1052_full_bloom_59_sdown.jpg,data/raw/full_bloom/20260328_1052_full_bloom_59_sdown.jpg
budding,20260328_1005_budding_36_cdown.jpg,data/raw/budding/20260328_1005_budding_36_cdown.jpg
full_bloom,20260328_1052_full_bloom_59_cup.jpg,data/raw/full_bloom/20260328_1052_full_bloom_59_cup.jpg
wilting,20260824_1707_wilting_69_cdown.jpg,data/raw/wilting/20260824_1707_wilting_69_cdown.jpg
pre_bloom,20260712_0855_pre_bloom_10_bup.jpg,data/raw/pre_bloom/20260712_0855_pre_bloom_10_bup.jpg
seed_formation,20260727_1715_seed_formation_29_rot30.jpg,data/raw/seed_formation/20260727_1715_seed_formation_29_rot30.jpg
wilting,20260824_1720_wilting_91_sup.jpg,data/raw/wilting/20260824_1720_wilting_91_sup.jpg
pre_bloom,20260328_1108_pre_bloom_60_bdown.jpg,data/raw/pre_bloom/20260328_1108_pre_bloom_60_bdown.jpg
seed_formation,20260328_1006_seed_formation_2_cup.jpg,data/raw/seed_formation/20260328_1006_seed_formation_2_cup.jpg
vegetative,20260804_1656_vegetative_162_rot30.jpg,data/raw/vegetative/20260804_1656_vegetative_162_rot30.jpg
full_bloom,20260328_1053_full_bloom_77_bdown.jpg,data/raw/full_bloom/20260328_1053_full_bloom_77_bdown.jpg
wilting,20260814_1646_wilting_36_sup.jpg,data/raw/wilting/20260814_1646_wilting_36_sup.jpg
wilting,20260814_1646_wilting_41_bup.jpg,data/raw/wilting/20260814_1646_wilting_41_bup.jpg
seed_formation,seedling_0000_seed_formation_191_rot60.jpg,data/raw/seed_formation/seedling_0000_seed_formation_191_rot60.jpg
full_bloom,20260328_1038_full_bloom_45_sdown.jpg,data/raw/full_bloom/20260328_1038_full_bloom_45_sdown.jpg
vegetative,20260712_0838_vegetative_102_cup.jpg,data/raw/vegetative/20260712_0838_vegetative_102_cup.jpg
wilting,20260814_1637_wilting_7_bup.jpg,data/raw/wilting/20260814_1637_wilting_7_bup.jpg
seed_formation,seedling_0000_seed_formation_191_cup.jpg,data/raw/seed_formation/seedling_0000_seed_formation_191_cup.jpg
pre_bloom,20260328_1042_pre_bloom_28_sdown.jpg,data/raw/pre_bloom/20260328_1042_pre_bloom_28_sdown.jpg
pre_bloom,20260811_1640_pre_bloom_119_bup.jpg,data/raw/pre_bloom/20260811_1640_pre_bloom_119_bup.jpg
full_bloom,20260328_1100_full_bloom_96.jpg,data/raw/full_bloom/20260328_1100_full_bloom_96.jpg
wilting,20260824_1706_wilting_53_bup.jpg,data/raw/wilting/20260824_1706_wilting_53_bup.jpg
full_bloom,20260328_1114_full_bloom_127_rot45.jpg,data/raw/full_bloom/20260328_1114_full_bloom_127_rot45.jpg
pre_bloom,20260731_1656_pre_bloom_82_rot30.jpg,data/raw/pre_bloom/20260731_1656_pre_bloom_82_rot30.jpg
seed_formation,20260328_1040_seed_formation_98.jpg,data/raw/seed_formation/20260328_1040_seed_formation_98.jpg
full_bloom,20260722_1743_full_bloom_19_bup.jpg,data/raw/full_bloom/20260722_1743_full_bloom_19_bup.jpg
wilting,20260824_1706_wilting_60_sdown.jpg,data/raw/wilting/20260824_1706_wilting_60_sdown.jpg
budding,20260328_1122_budding_212_rot60.jpg,data/raw/budding/20260328_1122_budding_212_rot60.jpg
seed_formation,20260328_1022_seed_formation_66_bup.jpg,data/raw/seed_formation/20260328_1022_seed_formation_66_bup.jpg
full_bloom,20260328_1109_full_bloom_108.jpg,data/raw/full_bloom/20260328_1109_full_bloom_108.jpg
pre_bloom,20260804_1724_pre_bloom_103_rot60.jpg,data/raw/pre_bloom/20260804_1724_pre_bloom_103_rot60.jpg
vegetative,20260328_1038_vegetative_53_rot45.jpg,data/raw/vegetative/20260328_1038_vegetative_53_rot45.jpg
pre_bloom,20260328_1004_pre_bloom_6_rot30.jpg,data/raw/pre_bloom/20260328_1004_pre_bloom_6_rot30.jpg
seed_formation,20260328_1008_seed_formation_12_rot30.jpg,data/raw/seed_formation/20260328_1008_seed_formation_12_rot30.jpg
seed_formation,20260722_1755_seed_formation_167_cup.jpg,data/raw/seed_formation/20260722_1755_seed_formation_167_cup.jpg
budding,20260328_1110_budding_171_bup.jpg,data/raw/budding/20260328_1110_budding_171_bup.jpg
wilting,20260824_1706_wilting_53_bdown.jpg,data/raw/wilting/20260824_1706_wilting_53_bdown.jpg
full_bloom,20260328_1109_full_bloom_104_cdown.jpg,data/raw/full_bloom/20260328_1109_full_bloom_104_cdown.jpg
seed_formation,20260328_1020_seed_formation_47_bup.jpg,data/raw/seed_formation/20260328_1020_seed_formation_47_bup.jpg
pre_bloom,20260726_1336_pre_bloom_30_bdown.jpg,data/raw/pre_bloom/20260726_1336_pre_bloom_30_bdown.jpg
seed_formation,20260715_1602_seed_formation_149_sup.jpg,data/raw/seed_formation/20260715_1602_seed_formation_149_sup.jpg
full_bloom,20260328_1036_full_bloom_23_bup.jpg,data/raw/full_bloom/20260328_1036_full_bloom_23_bup.jpg
full_bloom,flowerin_0000_full_bloom_155_rot60.jpg,data/raw/full_bloom/flowerin_0000_full_bloom_155_rot60.jpg
pre_bloom,20260328_1042_pre_bloom_33.jpg,data/raw/pre_bloom/20260328_1042_pre_bloom_33.jpg
full_bloom,20260727_1722_full_bloom_63.jpg,data/raw/full_bloom/20260727_1722_full_bloom_63.jpg
full_bloom,20260328_1100_full_bloom_99_bup.jpg,data/raw/full_bloom/20260328_1100_full_bloom_99_bup.jpg
budding,20260328_1005_budding_70_bdown.jpg,data/raw/budding/20260328_1005_budding_70_bdown.jpg
pre_bloom,20260811_1640_pre_bloom_121.jpg,data/raw/pre_bloom/20260811_1640_pre_bloom_121.jpg
seed_formation,20260328_1039_seed_formation_82_cup.jpg,data/raw/seed_formation/20260328_1039_seed_formation_82_cup.jpg
vegetative,20260328_1046_vegetative_55_sdown.jpg,data/raw/vegetative/20260328_1046_vegetative_55_sdown.jpg
wilting,20260814_1637_wilting_27_bdown.jpg,data/raw/wilting/20260814_1637_wilting_27_bdown.jpg
pre_bloom,20260722_1742_pre_bloom_18_sup.jpg,data/raw/pre_bloom/20260722_1742_pre_bloom_18_sup.jpg
full_bloom,20260328_1051_full_bloom_51.jpg,data/raw/full_bloom/20260328_1051_full_bloom_51.jpg
full_bloom,20260715_1556_full_bloom_9_rot45.jpg,data/raw/full_bloom/20260715_1556_full_bloom_9_rot45.jpg
budding,20260328_1005_budding_61_bup.jpg,data/raw/budding/20260328_1005_budding_61_bup.jpg
seed_formation,20260328_1008_seed_formation_10_bdown.jpg,data/raw/seed_formation/20260328_1008_seed_formation_10_bdown.jpg
budding,20260328_1123_budding_217_sup.jpg,data/raw/budding/20260328_1123_budding_217_sup.jpg
wilting,20260814_1637_wilting_13_cdown.jpg,data/raw/wilting/20260814_1637_wilting_13_cdown.jpg
budding,20260328_1122_budding_201_rot30.jpg,data/raw/budding/20260328_1122_budding_201_rot30.jpg
vegetative,20260712_0902_vegetative_132_bdown.jpg,data/raw/vegetative/20260712_0902_vegetative_132_bdown.jpg
full_bloom,20260328_1100_full_bloom_96_rot45.jpg,data/raw/full_bloom/20260328_1100_full_bloom_96_rot45.jpg
budding,20260328_1111_budding_178_cdown.jpg,data/raw/budding/20260328_1111_budding_178_cdown.jpg
full_bloom,20260328_1036_full_bloom_23_rot60.jpg,data/raw/full_bloom/20260328_1036_full_bloom_23_rot60.jpg
budding,20260328_1111_budding_178_cup.jpg,data/raw/budding/20260328_1111_budding_178_cup.jpg
pre_bloom,20260726_1336_pre_bloom_30_sup.jpg,data/raw/pre_bloom/20260726_1336_pre_bloom_30_sup.jpg
full_bloom,20260328_1013_full_bloom_9_bup.jpg,data/raw/full_bloom/20260328_1013_full_bloom_9_bup.jpg
pre_bloom,20260727_1736_pre_bloom_67_rot45.jpg,data/raw/pre_bloom/20260727_1736_pre_bloom_67_rot45.jpg
wilting,20260824_1707_wilting_66_bdown.jpg,data/raw/wilting/20260824_1707_wilting_66_bdown.jpg
full_bloom,20260727_1709_full_bloom_49_bdown.jpg,data/raw/full_bloom/20260727_1709_full_bloom_49_bdown.jpg
budding,20260328_1110_budding_165_rot60.jpg,data/raw/budding/20260328_1110_budding_165_rot60.jpg
wilting,20260819_1716_wilting_22_sdown.jpg,data/raw/wilting/20260819_1716_wilting_22_sdown.jpg
vegetative,20260328_1030_vegetative_22_rot45.jpg,data/raw/vegetative/20260328_1030_vegetative_22_rot45.jpg
seed_formation,20260328_1009_seed_formation_27_cup.jpg,data/raw/seed_formation/20260328_1009_seed_formation_27_cup.jpg
vegetative,20260328_1011_vegetative_9_rot30.jpg,data/raw/vegetative/20260328_1011_vegetative_9_rot30.jpg
full_bloom,20260328_1053_full_bloom_79_rot30.jpg,data/raw/full_bloom/20260328_1053_full_bloom_79_rot30.jpg
budding,20260328_1011_budding_97_cdown.jpg,data/raw/budding/20260328_1011_budding_97_cdown.jpg
pre_bloom,20260328_1042_pre_bloom_34_cup.jpg,data/raw/pre_bloom/20260328_1042_pre_bloom_34_cup.jpg
pre_bloom,20260731_1656_pre_bloom_81_cup.jpg,data/raw/pre_bloom/20260731_1656_pre_bloom_81_cup.jpg
pre_bloom,20260731_1656_pre_bloom_81.jpg,data/raw/pre_bloom/20260731_1656_pre_bloom_81.jpg
wilting,20260824_1708_wilting_72_bdown.jpg,data/raw/wilting/20260824_1708_wilting_72_bdown.jpg
pre_bloom,20260328_1003_pre_bloom_5_cdown.jpg,data/raw/pre_bloom/20260328_1003_pre_bloom_5_cdown.jpg
seed_formation,20260727_1715_seed_formation_29_sdown.jpg,data/raw/seed_formation/20260727_1715_seed_formation_29_sdown.jpg
seed_formation,20260328_1040_seed_formation_96_cup.jpg,data/raw/seed_formation/20260328_1040_seed_formation_96_cup.jpg
pre_bloom,20260328_1043_pre_bloom_43_cdown.jpg,data/raw/pre_bloom/20260328_1043_pre_bloom_43_cdown.jpg
seed_formation,20260328_1008_seed_formation_17_rot30.jpg,data/raw/seed_formation/20260328_1008_seed_formation_17_rot30.jpg
vegetative,20260328_1116_vegetative_75_cup.jpg,data/raw/vegetative/20260328_1116_vegetative_75_cup.jpg
budding,20260328_1055_budding_143_rot30.jpg,data/raw/budding/20260328_1055_budding_143_rot30.jpg
wilting,20260824_1706_wilting_58_rot45.jpg,data/raw/wilting/20260824_1706_wilting_58_rot45.jpg
budding,20260328_1123_budding_220_bdown.jpg,data/raw/budding/20260328_1123_budding_220_bdown.jpg
wilting,20260824_1709_wilting_83_cup.jpg,data/raw/wilting/20260824_1709_wilting_83_cup.jpg
full_bloom,20260328_1013_full_bloom_15_bdown.jpg,data/raw/full_bloom/20260328_1013_full_bloom_15_bdown.jpg
seed_formation,20260328_1019_seed_formation_39_bdown.jpg,data/raw/seed_formation/20260328_1019_seed_formation_39_bdown.jpg
wilting,20260814_1646_wilting_37_rot45.jpg,data/raw/wilting/20260814_1646_wilting_37_rot45.jpg
budding,20260328_1005_budding_12_rot30.jpg,data/raw/budding/20260328_1005_budding_12_rot30.jpg
seed_formation,20260727_1715_seed_formation_31_rot60.jpg,data/raw/seed_formation/20260727_1715_seed_formation_31_rot60.jpg
wilting,20260824_1721_wilting_102_bdown.jpg,data/raw/wilting/20260824_1721_wilting_102_bdown.jpg
pre_bloom,20260328_1043_pre_bloom_44_sdown.jpg,data/raw/pre_bloom/20260328_1043_pre_bloom_44_sdown.jpg
wilting,20260824_1706_wilting_54_bup.jpg,data/raw/wilting/20260824_1706_wilting_54_bup.jpg
seed_formation,20260328_1006_seed_formation_1_rot45.jpg,data/raw/seed_formation/20260328_1006_seed_formation_1_rot45.jpg
vegetative,20260328_1117_vegetative_90_sdown.jpg,data/raw/vegetative/20260328_1117_vegetative_90_sdown.jpg
seed_formation,20260328_1019_seed_formation_39_cdown.jpg,data/raw/seed_formation/20260328_1019_seed_formation_39_cdown.jpg
pre_bloom,20260727_1555_pre_bloom_44_sdown.jpg,data/raw/pre_bloom/20260727_1555_pre_bloom_44_sdown.jpg
full_bloom,20260328_1052_full_bloom_57_sdown.jpg,data/raw/full_bloom/20260328_1052_full_bloom_57_sdown.jpg
full_bloom,20260328_1053_full_bloom_76_rot30.jpg,data/raw/full_bloom/20260328_1053_full_bloom_76_rot30.jpg
full_bloom,20260328_1052_full_bloom_57_cdown.jpg,data/raw/full_bloom/20260328_1052_full_bloom_57_cdown.jpg
full_bloom,20260328_1051_full_bloom_48_sup.jpg,data/raw/full_bloom/20260328_1051_full_bloom_48_sup.jpg
full_bloom,20260328_1013_full_bloom_10_sdown.jpg,data/raw/full_bloom/20260328_1013_full_bloom_10_sdown.jpg
wilting,wilting1_0000_wilting_45_sdown.jpg,data/raw/wilting/wilting1_0000_wilting_45_sdown.jpg
budding,20260328_1005_budding_33_sup.jpg,data/raw/budding/20260328_1005_budding_33_sup.jpg
budding,20260328_1110_budding_173_rot60.jpg,data/raw/budding/20260328_1110_budding_173_rot60.jpg
budding,20260328_1055_budding_141_rot60.jpg,data/raw/budding/20260328_1055_budding_141_rot60.jpg
wilting,20260819_1716_wilting_18_bup.jpg,data/raw/wilting/20260819_1716_wilting_18_bup.jpg
vegetative,20260712_0902_vegetative_131_sup.jpg,data/raw/vegetative/20260712_0902_vegetative_131_sup.jpg
budding,20260328_1121_budding_198_cup.jpg,data/raw/budding/20260328_1121_budding_198_cup.jpg
budding,20260328_1055_budding_142_bup.jpg,data/raw/budding/20260328_1055_budding_142_bup.jpg
pre_bloom,20260712_0854_pre_bloom_1_cdown.jpg,data/raw/pre_bloom/20260712_0854_pre_bloom_1_cdown.jpg
budding,20260328_1121_budding_190_rot60.jpg,data/raw/budding/20260328_1121_budding_190_rot60.jpg
full_bloom,flowerin_0000_full_bloom_149_rot45.jpg,data/raw/full_bloom/flowerin_0000_full_bloom_149_rot45.jpg
vegetative,20260328_1046_vegetative_56_rot45.jpg,data/raw/vegetative/20260328_1046_vegetative_56_rot45.jpg
vegetative,vegetati_0000_vegetative_172_bup.jpg,data/raw/vegetative/vegetati_0000_vegetative_172_bup.jpg
wilting,20260819_1718_wilting_37_sup.jpg,data/raw/wilting/20260819_1718_wilting_37_sup.jpg
pre_bloom,20260328_1109_pre_bloom_69_rot60.jpg,data/raw/pre_bloom/20260328_1109_pre_bloom_69_rot60.jpg
full_bloom,20260727_1709_full_bloom_48_cdown.jpg,data/raw/full_bloom/20260727_1709_full_bloom_48_cdown.jpg
pre_bloom,20260712_0855_pre_bloom_9_cup.jpg,data/raw/pre_bloom/20260712_0855_pre_bloom_9_cup.jpg
pre_bloom,20260731_1709_pre_bloom_92_cdown.jpg,data/raw/pre_bloom/20260731_1709_pre_bloom_92_cdown.jpg
full_bloom,20260328_1116_full_bloom_144_cup.jpg,data/raw/full_bloom/20260328_1116_full_bloom_144_cup.jpg
full_bloom,20260715_1556_full_bloom_5_bup.jpg,data/raw/full_bloom/20260715_1556_full_bloom_5_bup.jpg
pre_bloom,20260328_1003_pre_bloom_2.jpg,data/raw/pre_bloom/20260328_1003_pre_bloom_2.jpg
seed_formation,20260727_1733_seed_formation_175_sup.jpg,data/raw/seed_formation/20260727_1733_seed_formation_175_sup.jpg
budding,20260328_1018_budding_128_rot45.jpg,data/raw/budding/20260328_1018_budding_128_rot45.jpg
vegetative,20260328_1117_vegetative_84_sup.jpg,data/raw/vegetative/20260328_1117_vegetative_84_sup.jpg
budding,20260328_1121_budding_190_rot30.jpg,data/raw/budding/20260328_1121_budding_190_rot30.jpg
wilting,20260824_1706_wilting_55_bdown.jpg,data/raw/wilting/20260824_1706_wilting_55_bdown.jpg
seed_formation,20260328_1009_seed_formation_33_cdown.jpg,data/raw/seed_formation/20260328_1009_seed_formation_33_cdown.jpg
pre_bloom,20260727_1722_pre_bloom_61_rot45.jpg,data/raw/pre_bloom/20260727_1722_pre_bloom_61_rot45.jpg
budding,20260328_1005_budding_7_rot60.jpg,data/raw/budding/20260328_1005_budding_7_rot60.jpg
vegetative,20260712_0902_vegetative_131_bup.jpg,data/raw/vegetative/20260712_0902_vegetative_131_bup.jpg
full_bloom,20260727_1722_full_bloom_58_bdown.jpg,data/raw/full_bloom/20260727_1722_full_bloom_58_bdown.jpg
full_bloom,20260328_1114_full_bloom_127_rot60.jpg,data/raw/full_bloom/20260328_1114_full_bloom_127_rot60.jpg
budding,20260328_1122_budding_202_rot45.jpg,data/raw/budding/20260328_1122_budding_202_rot45.jpg
budding,20260328_1122_budding_202_cup.jpg,data/raw/budding/20260328_1122_budding_202_cup.jpg
seed_formation,20260328_1020_seed_formation_49_sup.jpg,data/raw/seed_formation/20260328_1020_seed_formation_49_sup.jpg
pre_bloom,20260804_1723_pre_bloom_98_rot30.jpg,data/raw/pre_bloom/20260804_1723_pre_bloom_98_rot30.jpg
wilting,20260824_1707_wilting_65_cdown.jpg,data/raw/wilting/20260824_1707_wilting_65_cdown.jpg
wilting,20260328_1056_wilting_4_rot45.jpg,data/raw/wilting/20260328_1056_wilting_4_rot45.jpg
pre_bloom,20260726_1336_pre_bloom_27_sup.jpg,data/raw/pre_bloom/20260726_1336_pre_bloom_27_sup.jpg
seed_formation,20260328_1020_seed_formation_54_cdown.jpg,data/raw/seed_formation/20260328_1020_seed_formation_54_cdown.jpg
pre_bloom,20260727_1711_pre_bloom_53_bup.jpg,data/raw/pre_bloom/20260727_1711_pre_bloom_53_bup.jpg
full_bloom,20260328_1051_full_bloom_51_cdown.jpg,data/raw/full_bloom/20260328_1051_full_bloom_51_cdown.jpg
vegetative,flowerin_0000_vegetative_164_rot45.jpg,data/raw/vegetative/flowerin_0000_vegetative_164_rot45.jpg
budding,20260328_1005_budding_51_rot45.jpg,data/raw/budding/20260328_1005_budding_51_rot45.jpg
full_bloom,20260328_1052_full_bloom_72_rot45.jpg,data/raw/full_bloom/20260328_1052_full_bloom_72_rot45.jpg
wilting,20260824_1705_wilting_51_rot60.jpg,data/raw/wilting/20260824_1705_wilting_51_rot60.jpg
seed_formation,20260727_1715_seed_formation_30_rot60.jpg,data/raw/seed_formation/20260727_1715_seed_formation_30_rot60.jpg
wilting,20260824_1706_wilting_60_bdown.jpg,data/raw/wilting/20260824_1706_wilting_60_bdown.jpg
full_bloom,20260328_1051_full_bloom_54_bup.jpg,data/raw/full_bloom/20260328_1051_full_bloom_54_bup.jpg
full_bloom,20260727_1711_full_bloom_55_cup.jpg,data/raw/full_bloom/20260727_1711_full_bloom_55_cup.jpg
full_bloom,20260722_1803_full_bloom_27_rot30.jpg,data/raw/full_bloom/20260722_1803_full_bloom_27_rot30.jpg
seed_formation,20260727_1732_seed_formation_169_rot60.jpg,data/raw/seed_formation/20260727_1732_seed_formation_169_rot60.jpg
budding,20260328_1123_budding_217_rot45.jpg,data/raw/budding/20260328_1123_budding_217_rot45.jpg
full_bloom,20260328_1037_full_bloom_38_rot45.jpg,data/raw/full_bloom/20260328_1037_full_bloom_38_rot45.jpg
seed_formation,20260328_1023_seed_formation_71_bup.jpg,data/raw/seed_formation/20260328_1023_seed_formation_71_bup.jpg
pre_bloom,20260804_1724_pre_bloom_102_bup.jpg,data/raw/pre_bloom/20260804_1724_pre_bloom_102_bup.jpg
full_bloom,20260328_1051_full_bloom_48_cdown.jpg,data/raw/full_bloom/20260328_1051_full_bloom_48_cdown.jpg
wilting,20260819_1717_wilting_28_rot45.jpg,data/raw/wilting/20260819_1717_wilting_28_rot45.jpg
full_bloom,20260715_1557_full_bloom_14_sdown.jpg,data/raw/full_bloom/20260715_1557_full_bloom_14_sdown.jpg
seed_formation,20260715_1602_seed_formation_149_bup.jpg,data/raw/seed_formation/20260715_1602_seed_formation_149_bup.jpg
full_bloom,20260328_1100_full_bloom_99_rot60.jpg,data/raw/full_bloom/20260328_1100_full_bloom_99_rot60.jpg
budding,20260328_1056_budding_150_sdown.jpg,data/raw/budding/20260328_1056_budding_150_sdown.jpg
budding,20260328_1010_budding_85_bup.jpg,data/raw/budding/20260328_1010_budding_85_bup.jpg
full_bloom,20260328_1038_full_bloom_43.jpg,data/raw/full_bloom/20260328_1038_full_bloom_43.jpg
pre_bloom,20260726_1336_pre_bloom_29_rot45.jpg,data/raw/pre_bloom/20260726_1336_pre_bloom_29_rot45.jpg
wilting,20260814_1636_wilting_20_rot45.jpg,data/raw/wilting/20260814_1636_wilting_20_rot45.jpg
full_bloom,20260328_1052_full_bloom_61_bup.jpg,data/raw/full_bloom/20260328_1052_full_bloom_61_bup.jpg
budding,20260328_1005_budding_57_rot60.jpg,data/raw/budding/20260328_1005_budding_57_rot60.jpg
budding,20260328_1010_budding_74_sup.jpg,data/raw/budding/20260328_1010_budding_74_sup.jpg
wilting,20260824_1720_wilting_90_rot60.jpg,data/raw/wilting/20260824_1720_wilting_90_rot60.jpg
wilting,20260814_1637_wilting_28.jpg,data/raw/wilting/20260814_1637_wilting_28.jpg
full_bloom,20260727_1722_full_bloom_61_cup.jpg,data/raw/full_bloom/20260727_1722_full_bloom_61_cup.jpg
vegetative,20260328_1116_vegetative_75.jpg,data/raw/vegetative/20260328_1116_vegetative_75.jpg
seed_formation,20260328_1008_seed_formation_18_cdown.jpg,data/raw/seed_formation/20260328_1008_seed_formation_18_cdown.jpg
pre_bloom,20260727_1711_pre_bloom_50_rot45.jpg,data/raw/pre_bloom/20260727_1711_pre_bloom_50_rot45.jpg
pre_bloom,20260727_1555_pre_bloom_45_cup.jpg,data/raw/pre_bloom/20260727_1555_pre_bloom_45_cup.jpg
wilting,20260824_1707_wilting_69_rot45.jpg,data/raw/wilting/20260824_1707_wilting_69_rot45.jpg
seed_formation,20260328_1041_seed_formation_112_cup.jpg,data/raw/seed_formation/20260328_1041_seed_formation_112_cup.jpg
vegetative,20260328_1002_vegetative_3_rot30.jpg,data/raw/vegetative/20260328_1002_vegetative_3_rot30.jpg
seed_formation,20260328_1023_seed_formation_72_sdown.jpg,data/raw/seed_formation/20260328_1023_seed_formation_72_sdown.jpg
budding,20260328_1122_budding_207_rot30.jpg,data/raw/budding/20260328_1122_budding_207_rot30.jpg
pre_bloom,20260722_1743_pre_bloom_24_cdown.jpg,data/raw/pre_bloom/20260722_1743_pre_bloom_24_cdown.jpg
budding,20260328_1005_budding_52_rot60.jpg,data/raw/budding/20260328_1005_budding_52_rot60.jpg
seed_formation,20260328_1019_seed_formation_38_bup.jpg,data/raw/seed_formation/20260328_1019_seed_formation_38_bup.jpg
wilting,20260819_1716_wilting_22.jpg,data/raw/wilting/20260819_1716_wilting_22.jpg
pre_bloom,20260811_1639_pre_bloom_110_cup.jpg,data/raw/pre_bloom/20260811_1639_pre_bloom_110_cup.jpg
pre_bloom,20260727_1555_pre_bloom_42_rot30.jpg,data/raw/pre_bloom/20260727_1555_pre_bloom_42_rot30.jpg
vegetative,20260712_0914_vegetative_144_sup.jpg,data/raw/vegetative/20260712_0914_vegetative_144_sup.jpg
pre_bloom,20260328_1004_pre_bloom_6_sdown.jpg,data/raw/pre_bloom/20260328_1004_pre_bloom_6_sdown.jpg
budding,20260328_1011_budding_93_cdown.jpg,data/raw/budding/20260328_1011_budding_93_cdown.jpg
seed_formation,20260727_1733_seed_formation_172.jpg,data/raw/seed_formation/20260727_1733_seed_formation_172.jpg
full_bloom,20260727_1722_full_bloom_58_rot60.jpg,data/raw/full_bloom/20260727_1722_full_bloom_58_rot60.jpg
full_bloom,20260328_1112_full_bloom_124_sdown.jpg,data/raw/full_bloom/20260328_1112_full_bloom_124_sdown.jpg
seed_formation,20260328_1021_seed_formation_59_rot60.jpg,data/raw/seed_formation/20260328_1021_seed_formation_59_rot60.jpg
full_bloom,20260328_1109_full_bloom_104_sdown.jpg,data/raw/full_bloom/20260328_1109_full_bloom_104_sdown.jpg
vegetative,20260804_1656_vegetative_162_bup.jpg,data/raw/vegetative/20260804_1656_vegetative_162_bup.jpg
pre_bloom,20260722_1743_pre_bloom_24_sup.jpg,data/raw/pre_bloom/20260722_1743_pre_bloom_24_sup.jpg
full_bloom,20260328_1110_full_bloom_117_rot60.jpg,data/raw/full_bloom/20260328_1110_full_bloom_117_rot60.jpg
seed_formation,20260328_1008_seed_formation_11_cdown.jpg,data/raw/seed_formation/20260328_1008_seed_formation_11_cdown.jpg
full_bloom,flowerin_0000_full_bloom_154_cdown.jpg,data/raw/full_bloom/flowerin_0000_full_bloom_154_cdown.jpg
pre_bloom,20260811_1640_pre_bloom_125_sup.jpg,data/raw/pre_bloom/20260811_1640_pre_bloom_125_sup.jpg
vegetative,20260328_1032_vegetative_33_cup.jpg,data/raw/vegetative/20260328_1032_vegetative_33_cup.jpg
vegetative,20260328_1117_vegetative_94_cdown.jpg,data/raw/vegetative/20260328_1117_vegetative_94_cdown.jpg
pre_bloom,20260722_1743_pre_bloom_25_sdown.jpg,data/raw/pre_bloom/20260722_1743_pre_bloom_25_sdown.jpg
pre_bloom,20260712_0854_pre_bloom_3_sup.jpg,data/raw/pre_bloom/20260712_0854_pre_bloom_3_sup.jpg
pre_bloom,20260727_1736_pre_bloom_64_sdown.jpg,data/raw/pre_bloom/20260727_1736_pre_bloom_64_sdown.jpg
wilting,20260824_1721_wilting_109_rot45.jpg,data/raw/wilting/20260824_1721_wilting_109_rot45.jpg
budding,20260328_1111_budding_177_cdown.jpg,data/raw/budding/20260328_1111_budding_177_cdown.jpg
pre_bloom,20260731_1658_pre_bloom_87_bdown.jpg,data/raw/pre_bloom/20260731_1658_pre_bloom_87_bdown.jpg
vegetative,20260712_0914_vegetative_144_bup.jpg,data/raw/vegetative/20260712_0914_vegetative_144_bup.jpg
vegetative,20260712_0838_vegetative_105_sup.jpg,data/raw/vegetative/20260712_0838_vegetative_105_sup.jpg
seed_formation,20260328_1042_seed_formation_123_rot45.jpg,data/raw/seed_formation/20260328_1042_seed_formation_123_rot45.jpg
pre_bloom,20260811_1640_pre_bloom_113_sup.jpg,data/raw/pre_bloom/20260811_1640_pre_bloom_113_sup.jpg
pre_bloom,20260328_1042_pre_bloom_34_rot45.jpg,data/raw/pre_bloom/20260328_1042_pre_bloom_34_rot45.jpg
budding,budding7.jpg,data/raw/budding/budding7.jpg
pre_bloom,Budding0_0000_pre_bloom_80_sdown.jpg,data/raw/pre_bloom/Budding0_0000_pre_bloom_80_sdown.jpg
vegetative,20260328_1005_vegetative_4_bup.jpg,data/raw/vegetative/20260328_1005_vegetative_4_bup.jpg
wilting,20260824_1707_wilting_69_bup.jpg,data/raw/wilting/20260824_1707_wilting_69_bup.jpg
pre_bloom,flowerin_0000_pre_bloom_85_rot45.jpg,data/raw/pre_bloom/flowerin_0000_pre_bloom_85_rot45.jpg
wilting,20260824_1720_wilting_90.jpg,data/raw/wilting/20260824_1720_wilting_90.jpg
budding,20260328_1005_budding_8_cdown.jpg,data/raw/budding/20260328_1005_budding_8_cdown.jpg
pre_bloom,20260328_1042_pre_bloom_33_rot30.jpg,data/raw/pre_bloom/20260328_1042_pre_bloom_33_rot30.jpg
budding,20260328_1111_budding_178_sdown.jpg,data/raw/budding/20260328_1111_budding_178_sdown.jpg
pre_bloom,20260731_1708_pre_bloom_91_rot60.jpg,data/raw/pre_bloom/20260731_1708_pre_bloom_91_rot60.jpg
pre_bloom,20260811_1639_pre_bloom_109_sup.jpg,data/raw/pre_bloom/20260811_1639_pre_bloom_109_sup.jpg
wilting,20260824_1705_wilting_50_rot60.jpg,data/raw/wilting/20260824_1705_wilting_50_rot60.jpg
wilting,20260824_1719_wilting_86_rot60.jpg,data/raw/wilting/20260824_1719_wilting_86_rot60.jpg
full_bloom,20260328_1051_full_bloom_51_sup.jpg,data/raw/full_bloom/20260328_1051_full_bloom_51_sup.jpg
full_bloom,20260328_1059_full_bloom_92_sdown.jpg,data/raw/full_bloom/20260328_1059_full_bloom_92_sdown.jpg
pre_bloom,20260731_1708_pre_bloom_91_bdown.jpg,data/raw/pre_bloom/20260731_1708_pre_bloom_91_bdown.jpg
wilting,20260328_1056_wilting_2_bdown.jpg,data/raw/wilting/20260328_1056_wilting_2_bdown.jpg
pre_bloom,20260722_1743_pre_bloom_20.jpg,data/raw/pre_bloom/20260722_1743_pre_bloom_20.jpg
wilting,20260824_1721_wilting_102_rot45.jpg,data/raw/wilting/20260824_1721_wilting_102_rot45.jpg
pre_bloom,20260811_1640_pre_bloom_115_rot60.jpg,data/raw/pre_bloom/20260811_1640_pre_bloom_115_rot60.jpg
budding,20260328_1121_budding_186_cdown.jpg,data/raw/budding/20260328_1121_budding_186_cdown.jpg
wilting,20260819_1717_wilting_28.jpg,data/raw/wilting/20260819_1717_wilting_28.jpg
budding,20260328_1005_budding_32_rot60.jpg,data/raw/budding/20260328_1005_budding_32_rot60.jpg
vegetative,20260712_0843_vegetative_107_sup.jpg,data/raw/vegetative/20260712_0843_vegetative_107_sup.jpg
wilting,20260727_1724_wilting_11_sdown.jpg,data/raw/wilting/20260727_1724_wilting_11_sdown.jpg
seed_formation,20260328_1040_seed_formation_103.jpg,data/raw/seed_formation/20260328_1040_seed_formation_103.jpg
wilting,20260819_1716_wilting_25.jpg,data/raw/wilting/20260819_1716_wilting_25.jpg
full_bloom,flowerin_0000_full_bloom_159_bup.jpg,data/raw/full_bloom/flowerin_0000_full_bloom_159_bup.jpg
full_bloom,20260715_1556_full_bloom_6_rot30.jpg,data/raw/full_bloom/20260715_1556_full_bloom_6_rot30.jpg
full_bloom,20260328_1052_full_bloom_65_rot60.jpg,data/raw/full_bloom/20260328_1052_full_bloom_65_rot60.jpg
vegetative,20260712_0837_vegetative_100_cup.jpg,data/raw/vegetative/20260712_0837_vegetative_100_cup.jpg
full_bloom,20260328_1036_full_bloom_27_rot45.jpg,data/raw/full_bloom/20260328_1036_full_bloom_27_rot45.jpg
pre_bloom,20260804_1724_pre_bloom_106_cup.jpg,data/raw/pre_bloom/20260804_1724_pre_bloom_106_cup.jpg
budding,20260328_1011_budding_105_bdown.jpg,data/raw/budding/20260328_1011_budding_105_bdown.jpg
full_bloom,flowerin_0000_full_bloom_154.jpg,data/raw/full_bloom/flowerin_0000_full_bloom_154.jpg
seed_formation,20260727_1715_seed_formation_23_bdown.jpg,data/raw/seed_formation/20260727_1715_seed_formation_23_bdown.jpg
seed_formation,20260328_1019_seed_formation_38_rot60.jpg,data/raw/seed_formation/20260328_1019_seed_formation_38_rot60.jpg
full_bloom,20260328_1109_full_bloom_112_cup.jpg,data/raw/full_bloom/20260328_1109_full_bloom_112_cup.jpg
budding,20260328_1110_budding_159_rot45.jpg,data/raw/budding/20260328_1110_budding_159_rot45.jpg
seed_formation,20260328_1008_seed_formation_21_rot30.jpg,data/raw/seed_formation/20260328_1008_seed_formation_21_rot30.jpg
budding,20260328_1110_budding_159_rot60.jpg,data/raw/budding/20260328_1110_budding_159_rot60.jpg
full_bloom,20260328_1053_full_bloom_79.jpg,data/raw/full_bloom/20260328_1053_full_bloom_79.jpg
budding,20260328_1005_budding_52_cdown.jpg,data/raw/budding/20260328_1005_budding_52_cdown.jpg
full_bloom,20260328_1036_full_bloom_29_sup.jpg,data/raw/full_bloom/20260328_1036_full_bloom_29_sup.jpg
pre_bloom,20260726_1336_pre_bloom_30_rot45.jpg,data/raw/pre_bloom/20260726_1336_pre_bloom_30_rot45.jpg
full_bloom,20260328_1109_full_bloom_108_bup.jpg,data/raw/full_bloom/20260328_1109_full_bloom_108_bup.jpg
vegetative,20260328_1046_vegetative_56_rot30.jpg,data/raw/vegetative/20260328_1046_vegetative_56_rot30.jpg
budding,20260328_1005_budding_43_rot45.jpg,data/raw/budding/20260328_1005_budding_43_rot45.jpg
seed_formation,20260328_1022_seed_formation_66_sdown.jpg,data/raw/seed_formation/20260328_1022_seed_formation_66_sdown.jpg
pre_bloom,20260722_1742_pre_bloom_18_cdown.jpg,data/raw/pre_bloom/20260722_1742_pre_bloom_18_cdown.jpg
wilting,20260814_1636_wilting_14_rot45.jpg,data/raw/wilting/20260814_1636_wilting_14_rot45.jpg
wilting,20260814_1637_wilting_27_cup.jpg,data/raw/wilting/20260814_1637_wilting_27_cup.jpg
budding,20260328_1010_budding_81_rot60.jpg,data/raw/budding/20260328_1010_budding_81_rot60.jpg
full_bloom,20260727_1707_full_bloom_31_bup.jpg,data/raw/full_bloom/20260727_1707_full_bloom_31_bup.jpg
full_bloom,20260328_1114_full_bloom_133_bup.jpg,data/raw/full_bloom/20260328_1114_full_bloom_133_bup.jpg
budding,20260328_1010_budding_83_sdown.jpg,data/raw/budding/20260328_1010_budding_83_sdown.jpg
vegetative,vegetati_0000_vegetative_175_rot45.jpg,data/raw/vegetative/vegetati_0000_vegetative_175_rot45.jpg
budding,20260328_1011_budding_97_cup.jpg,data/raw/budding/20260328_1011_budding_97_cup.jpg
pre_bloom,20260328_1005_pre_bloom_8_bdown.jpg,data/raw/pre_bloom/20260328_1005_pre_bloom_8_bdown.jpg
seed_formation,seedling_0000_seed_formation_190_cdown.jpg,data/raw/seed_formation/seedling_0000_seed_formation_190_cdown.jpg
budding,20260328_1055_budding_143_bup.jpg,data/raw/budding/20260328_1055_budding_143_bup.jpg
budding,20260328_1055_budding_142_bdown.jpg,data/raw/budding/20260328_1055_budding_142_bdown.jpg
pre_bloom,20260811_1640_pre_bloom_113_rot45.jpg,data/raw/pre_bloom/20260811_1640_pre_bloom_113_rot45.jpg
pre_bloom,20260722_1743_pre_bloom_21.jpg,data/raw/pre_bloom/20260722_1743_pre_bloom_21.jpg
budding,20260328_1059_budding_155_cup.jpg,data/raw/budding/20260328_1059_budding_155_cup.jpg
vegetative,20260328_1046_vegetative_62_rot45.jpg,data/raw/vegetative/20260328_1046_vegetative_62_rot45.jpg
pre_bloom,20260328_1042_pre_bloom_33_bdown.jpg,data/raw/pre_bloom/20260328_1042_pre_bloom_33_bdown.jpg
full_bloom,20260328_1112_full_bloom_125.jpg,data/raw/full_bloom/20260328_1112_full_bloom_125.jpg
full_bloom,20260328_1012_full_bloom_1_cup.jpg,data/raw/full_bloom/20260328_1012_full_bloom_1_cup.jpg
full_bloom,flowerin_0000_full_bloom_158_rot45.jpg,data/raw/full_bloom/flowerin_0000_full_bloom_158_rot45.jpg
full_bloom,20260328_1109_full_bloom_106_rot45.jpg,data/raw/full_bloom/20260328_1109_full_bloom_106_rot45.jpg
budding,20260328_1005_budding_49_cup.jpg,data/raw/budding/20260328_1005_budding_49_cup.jpg
full_bloom,20260727_1709_full_bloom_48_sdown.jpg,data/raw/full_bloom/20260727_1709_full_bloom_48_sdown.jpg
budding,20260328_1005_budding_2_cup.jpg,data/raw/budding/20260328_1005_budding_2_cup.jpg
vegetative,20260722_1821_vegetative_152_cdown.jpg,data/raw/vegetative/20260722_1821_vegetative_152_cdown.jpg
budding,inflores_0000_budding_229.jpg,data/raw/budding/inflores_0000_budding_229.jpg
full_bloom,20260328_1115_full_bloom_142.jpg,data/raw/full_bloom/20260328_1115_full_bloom_142.jpg
pre_bloom,20260328_1043_pre_bloom_41.jpg,data/raw/pre_bloom/20260328_1043_pre_bloom_41.jpg
full_bloom,20260727_1722_full_bloom_61_bdown.jpg,data/raw/full_bloom/20260727_1722_full_bloom_61_bdown.jpg
budding,20260328_1005_budding_61_rot30.jpg,data/raw/budding/20260328_1005_budding_61_rot30.jpg
pre_bloom,20260727_1711_pre_bloom_56_rot45.jpg,data/raw/pre_bloom/20260727_1711_pre_bloom_56_rot45.jpg
full_bloom,20260715_1557_full_bloom_12_rot45.jpg,data/raw/full_bloom/20260715_1557_full_bloom_12_rot45.jpg
pre_bloom,20260727_1737_pre_bloom_72.jpg,data/raw/pre_bloom/20260727_1737_pre_bloom_72.jpg
seed_formation,20260328_1039_seed_formation_80.jpg,data/raw/seed_formation/20260328_1039_seed_formation_80.jpg
vegetative,20260328_1037_vegetative_41_cup.jpg,data/raw/vegetative/20260328_1037_vegetative_41_cup.jpg
full_bloom,20260715_1556_full_bloom_8_sup.jpg,data/raw/full_bloom/20260715_1556_full_bloom_8_sup.jpg
pre_bloom,20260804_1723_pre_bloom_98_sup.jpg,data/raw/pre_bloom/20260804_1723_pre_bloom_98_sup.jpg
full_bloom,20260328_1013_full_bloom_14.jpg,data/raw/full_bloom/20260328_1013_full_bloom_14.jpg
pre_bloom,20260804_1723_pre_bloom_99_cdown.jpg,data/raw/pre_bloom/20260804_1723_pre_bloom_99_cdown.jpg
full_bloom,20260727_1724_full_bloom_70_sdown.jpg,data/raw/full_bloom/20260727_1724_full_bloom_70_sdown.jpg
wilting,20260814_1646_wilting_36_rot60.jpg,data/raw/wilting/20260814_1646_wilting_36_rot60.jpg
budding,20260328_1055_budding_136_cup.jpg,data/raw/budding/20260328_1055_budding_136_cup.jpg
seed_formation,20260328_1023_seed_formation_71_rot45.jpg,data/raw/seed_formation/20260328_1023_seed_formation_71_rot45.jpg
full_bloom,20260328_1114_full_bloom_130_bup.jpg,data/raw/full_bloom/20260328_1114_full_bloom_130_bup.jpg
pre_bloom,20260727_1711_pre_bloom_51_rot30.jpg,data/raw/pre_bloom/20260727_1711_pre_bloom_51_rot30.jpg
pre_bloom,20260328_1005_pre_bloom_8_cup.jpg,data/raw/pre_bloom/20260328_1005_pre_bloom_8_cup.jpg
seed_formation,20260328_1007_seed_formation_6_rot30.jpg,data/raw/seed_formation/20260328_1007_seed_formation_6_rot30.jpg
budding,20260328_1111_budding_179.jpg,data/raw/budding/20260328_1111_budding_179.jpg
vegetative,20260804_1656_vegetative_162_rot45.jpg,data/raw/vegetative/20260804_1656_vegetative_162_rot45.jpg
wilting,wilting1_0000_wilting_45.jpg,data/raw/wilting/wilting1_0000_wilting_45.jpg
vegetative,20260712_0901_vegetative_123_sdown.jpg,data/raw/vegetative/20260712_0901_vegetative_123_sdown.jpg
wilting,20260824_1706_wilting_60_rot60.jpg,data/raw/wilting/20260824_1706_wilting_60_rot60.jpg
seed_formation,20260328_1040_seed_formation_100_sup.jpg,data/raw/seed_formation/20260328_1040_seed_formation_100_sup.jpg
seed_formation,20260328_1022_seed_formation_68_rot60.jpg,data/raw/seed_formation/20260328_1022_seed_formation_68_rot60.jpg
vegetative,20260712_0902_vegetative_133_sdown.jpg,data/raw/vegetative/20260712_0902_vegetative_133_sdown.jpg
budding,20260328_1122_budding_210_cdown.jpg,data/raw/budding/20260328_1122_budding_210_cdown.jpg
vegetative,20260712_0901_vegetative_123_rot60.jpg,data/raw/vegetative/20260712_0901_vegetative_123_rot60.jpg
pre_bloom,20260727_1555_pre_bloom_43_rot60.jpg,data/raw/pre_bloom/20260727_1555_pre_bloom_43_rot60.jpg
budding,20260328_1121_budding_195_rot60.jpg,data/raw/budding/20260328_1121_budding_195_rot60.jpg
wilting,20260824_1721_wilting_110_rot45.jpg,data/raw/wilting/20260824_1721_wilting_110_rot45.jpg
pre_bloom,20260712_0913_pre_bloom_73.jpg,data/raw/pre_bloom/20260712_0913_pre_bloom_73.jpg
wilting,20260814_1646_wilting_38_rot45.jpg,data/raw/wilting/20260814_1646_wilting_38_rot45.jpg
seed_formation,20260328_1039_seed_formation_83_bdown.jpg,data/raw/seed_formation/20260328_1039_seed_formation_83_bdown.jpg
budding,20260328_1005_budding_11_sup.jpg,data/raw/budding/20260328_1005_budding_11_sup.jpg
seed_formation,20260328_1041_seed_formation_112.jpg,data/raw/seed_formation/20260328_1041_seed_formation_112.jpg
wilting,20260814_1637_wilting_12_rot60.jpg,data/raw/wilting/20260814_1637_wilting_12_rot60.jpg
wilting,20260328_1056_wilting_2_rot60.jpg,data/raw/wilting/20260328_1056_wilting_2_rot60.jpg
vegetative,vegetati_0000_vegetative_179_sdown.jpg,data/raw/vegetative/vegetati_0000_vegetative_179_sdown.jpg
full_bloom,20260328_1109_full_bloom_109.jpg,data/raw/full_bloom/20260328_1109_full_bloom_109.jpg
vegetative,20260328_1006_vegetative_6_bup.jpg,data/raw/vegetative/20260328_1006_vegetative_6_bup.jpg
full_bloom,20260328_1110_full_bloom_114.jpg,data/raw/full_bloom/20260328_1110_full_bloom_114.jpg
wilting,20260328_1056_wilting_4_bup.jpg,data/raw/wilting/20260328_1056_wilting_4_bup.jpg
vegetative,20260328_1030_vegetative_27_sup.jpg,data/raw/vegetative/20260328_1030_vegetative_27_sup.jpg
full_bloom,20260328_1114_full_bloom_129_sup.jpg,data/raw/full_bloom/20260328_1114_full_bloom_129_sup.jpg
budding,20260328_1005_budding_57_bup.jpg,data/raw/budding/20260328_1005_budding_57_bup.jpg
budding,20260328_1005_budding_57_cup.jpg,data/raw/budding/20260328_1005_budding_57_cup.jpg
full_bloom,20260328_1053_full_bloom_76_cup.jpg,data/raw/full_bloom/20260328_1053_full_bloom_76_cup.jpg
full_bloom,20260328_1038_full_bloom_45_rot60.jpg,data/raw/full_bloom/20260328_1038_full_bloom_45_rot60.jpg
full_bloom,20260727_1722_full_bloom_61_sup.jpg,data/raw/full_bloom/20260727_1722_full_bloom_61_sup.jpg
pre_bloom,20260811_1639_pre_bloom_109_bdown.jpg,data/raw/pre_bloom/20260811_1639_pre_bloom_109_bdown.jpg
full_bloom,20260328_1051_full_bloom_53_bdown.jpg,data/raw/full_bloom/20260328_1051_full_bloom_53_bdown.jpg
pre_bloom,20260328_1043_pre_bloom_37_bdown.jpg,data/raw/pre_bloom/20260328_1043_pre_bloom_37_bdown.jpg
vegetative,20260328_1046_vegetative_66_rot45.jpg,data/raw/vegetative/20260328_1046_vegetative_66_rot45.jpg
full_bloom,20260727_1709_full_bloom_45_rot45.jpg,data/raw/full_bloom/20260727_1709_full_bloom_45_rot45.jpg
pre_bloom,20260811_1639_pre_bloom_112_bdown.jpg,data/raw/pre_bloom/20260811_1639_pre_bloom_112_bdown.jpg
budding,20260328_1005_budding_57_cdown.jpg,data/raw/budding/20260328_1005_budding_57_cdown.jpg
pre_bloom,20260328_1042_pre_bloom_30_cdown.jpg,data/raw/pre_bloom/20260328_1042_pre_bloom_30_cdown.jpg
seed_formation,20260727_1733_seed_formation_177_bup.jpg,data/raw/seed_formation/20260727_1733_seed_formation_177_bup.jpg
wilting,20260814_1646_wilting_37_cup.jpg,data/raw/wilting/20260814_1646_wilting_37_cup.jpg
wilting,20260814_1646_wilting_36.jpg,data/raw/wilting/20260814_1646_wilting_36.jpg
vegetative,20260712_0914_vegetative_144_cdown.jpg,data/raw/vegetative/20260712_0914_vegetative_144_cdown.jpg
vegetative,vegetati_0000_vegetative_180_sdown.jpg,data/raw/vegetative/vegetati_0000_vegetative_180_sdown.jpg
pre_bloom,20260328_1108_pre_bloom_52_cup.jpg,data/raw/pre_bloom/20260328_1108_pre_bloom_52_cup.jpg
budding,20260328_1121_budding_195_sdown.jpg,data/raw/budding/20260328_1121_budding_195_sdown.jpg
full_bloom,20260328_1109_full_bloom_112_bup.jpg,data/raw/full_bloom/20260328_1109_full_bloom_112_bup.jpg
seed_formation,20260328_1019_seed_formation_35_sup.jpg,data/raw/seed_formation/20260328_1019_seed_formation_35_sup.jpg
budding,20260328_1005_budding_47_bup.jpg,data/raw/budding/20260328_1005_budding_47_bup.jpg
full_bloom,20260328_1036_full_bloom_30_sup.jpg,data/raw/full_bloom/20260328_1036_full_bloom_30_sup.jpg
budding,20260328_1122_budding_208_sdown.jpg,data/raw/budding/20260328_1122_budding_208_sdown.jpg
seed_formation,20260328_1041_seed_formation_119.jpg,data/raw/seed_formation/20260328_1041_seed_formation_119.jpg
seed_formation,20260328_1008_seed_formation_21_bup.jpg,data/raw/seed_formation/20260328_1008_seed_formation_21_bup.jpg
seed_formation,20260328_1020_seed_formation_43_rot60.jpg,data/raw/seed_formation/20260328_1020_seed_formation_43_rot60.jpg
budding,20260328_1059_budding_156_sdown.jpg,data/raw/budding/20260328_1059_budding_156_sdown.jpg
budding,20260328_1055_budding_143_bdown.jpg,data/raw/budding/20260328_1055_budding_143_bdown.jpg
seed_formation,20260328_1006_seed_formation_2_bup.jpg,data/raw/seed_formation/20260328_1006_seed_formation_2_bup.jpg
wilting,20260814_1637_wilting_24_sdown.jpg,data/raw/wilting/20260814_1637_wilting_24_sdown.jpg
vegetative,20260328_1031_vegetative_30_rot60.jpg,data/raw/vegetative/20260328_1031_vegetative_30_rot60.jpg
full_bloom,20260328_1052_full_bloom_69_rot45.jpg,data/raw/full_bloom/20260328_1052_full_bloom_69_rot45.jpg
pre_bloom,20260731_1656_pre_bloom_79_sdown.jpg,data/raw/pre_bloom/20260731_1656_pre_bloom_79_sdown.jpg
pre_bloom,20260727_1555_pre_bloom_44_sup.jpg,data/raw/pre_bloom/20260727_1555_pre_bloom_44_sup.jpg
full_bloom,20260727_1722_full_bloom_58_sdown.jpg,data/raw/full_bloom/20260727_1722_full_bloom_58_sdown.jpg
budding,20260328_1005_budding_2_rot60.jpg,data/raw/budding/20260328_1005_budding_2_rot60.jpg
full_bloom,20260328_1111_full_bloom_122_cup.jpg,data/raw/full_bloom/20260328_1111_full_bloom_122_cup.jpg
vegetative,20260328_1046_vegetative_64_cdown.jpg,data/raw/vegetative/20260328_1046_vegetative_64_cdown.jpg
pre_bloom,20260726_1336_pre_bloom_31_sup.jpg,data/raw/pre_bloom/20260726_1336_pre_bloom_31_sup.jpg
pre_bloom,20260727_1736_pre_bloom_70_sup.jpg,data/raw/pre_bloom/20260727_1736_pre_bloom_70_sup.jpg
seed_formation,20260328_1042_seed_formation_123_sup.jpg,data/raw/seed_formation/20260328_1042_seed_formation_123_sup.jpg
seed_formation,20260328_1020_seed_formation_40_rot45.jpg,data/raw/seed_formation/20260328_1020_seed_formation_40_rot45.jpg
full_bloom,20260715_1557_full_bloom_13_rot30.jpg,data/raw/full_bloom/20260715_1557_full_bloom_13_rot30.jpg
vegetative,20260328_1037_vegetative_44_rot45.jpg,data/raw/vegetative/20260328_1037_vegetative_44_rot45.jpg
full_bloom,20260328_1110_full_bloom_116_rot45.jpg,data/raw/full_bloom/20260328_1110_full_bloom_116_rot45.jpg
seed_formation,20260727_1732_seed_formation_170_rot30.jpg,data/raw/seed_formation/20260727_1732_seed_formation_170_rot30.jpg
budding,20260328_1115_budding_181_bdown.jpg,data/raw/budding/20260328_1115_budding_181_bdown.jpg
budding,20260328_1010_budding_83_cdown.jpg,data/raw/budding/20260328_1010_budding_83_cdown.jpg
full_bloom,20260328_1036_full_bloom_28_sdown.jpg,data/raw/full_bloom/20260328_1036_full_bloom_28_sdown.jpg
wilting,20260814_1636_wilting_15_cup.jpg,data/raw/wilting/20260814_1636_wilting_15_cup.jpg
budding,20260328_1005_budding_54_rot60.jpg,data/raw/budding/20260328_1005_budding_54_rot60.jpg
vegetative,20260328_1002_vegetative_3_cup.jpg,data/raw/vegetative/20260328_1002_vegetative_3_cup.jpg
wilting,20260824_1708_wilting_73.jpg,data/raw/wilting/20260824_1708_wilting_73.jpg
vegetative,20260804_1656_vegetative_160_sdown.jpg,data/raw/vegetative/20260804_1656_vegetative_160_sdown.jpg
pre_bloom,20260328_1006_pre_bloom_13_rot60.jpg,data/raw/pre_bloom/20260328_1006_pre_bloom_13_rot60.jpg
full_bloom,20260727_1722_full_bloom_59_rot45.jpg,data/raw/full_bloom/20260727_1722_full_bloom_59_rot45.jpg
pre_bloom,20260727_1555_pre_bloom_42_bdown.jpg,data/raw/pre_bloom/20260727_1555_pre_bloom_42_bdown.jpg
pre_bloom,20260727_1722_pre_bloom_61_bup.jpg,data/raw/pre_bloom/20260727_1722_pre_bloom_61_bup.jpg
seed_formation,20260328_1009_seed_formation_25_rot30.jpg,data/raw/seed_formation/20260328_1009_seed_formation_25_rot30.jpg
pre_bloom,20260328_1043_pre_bloom_39_cup.jpg,data/raw/pre_bloom/20260328_1043_pre_bloom_39_cup.jpg
budding,20260328_1121_budding_189_rot60.jpg,data/raw/budding/20260328_1121_budding_189_rot60.jpg
full_bloom,flowerin_0000_full_bloom_152_rot45.jpg,data/raw/full_bloom/flowerin_0000_full_bloom_152_rot45.jpg
seed_formation,20260715_1602_seed_formation_144_sup.jpg,data/raw/seed_formation/20260715_1602_seed_formation_144_sup.jpg
full_bloom,20260328_1013_full_bloom_3_cup.jpg,data/raw/full_bloom/20260328_1013_full_bloom_3_cup.jpg
budding,20260328_1005_budding_16_cup.jpg,data/raw/budding/20260328_1005_budding_16_cup.jpg
vegetative,20260712_0838_vegetative_103_rot30.jpg,data/raw/vegetative/20260712_0838_vegetative_103_rot30.jpg
wilting,20260824_1709_wilting_84_sup.jpg,data/raw/wilting/20260824_1709_wilting_84_sup.jpg
pre_bloom,20260731_1708_pre_bloom_90_rot30.jpg,data/raw/pre_bloom/20260731_1708_pre_bloom_90_rot30.jpg
vegetative,vegetati_0000_vegetative_179_rot60.jpg,data/raw/vegetative/vegetati_0000_vegetative_179_rot60.jpg
budding,20260328_1055_budding_141_rot30.jpg,data/raw/budding/20260328_1055_budding_141_rot30.jpg
vegetative,20260328_1037_vegetative_47_rot45.jpg,data/raw/vegetative/20260328_1037_vegetative_47_rot45.jpg
full_bloom,20260328_1053_full_bloom_84_cdown.jpg,data/raw/full_bloom/20260328_1053_full_bloom_84_cdown.jpg
full_bloom,20260328_1059_full_bloom_92_rot30.jpg,data/raw/full_bloom/20260328_1059_full_bloom_92_rot30.jpg
wilting,20260824_1708_wilting_74_rot45.jpg,data/raw/wilting/20260824_1708_wilting_74_rot45.jpg
seed_formation,20260328_1023_seed_formation_71_sup.jpg,data/raw/seed_formation/20260328_1023_seed_formation_71_sup.jpg
full_bloom,20260727_1711_full_bloom_56.jpg,data/raw/full_bloom/20260727_1711_full_bloom_56.jpg
seed_formation,20260715_1554_seed_formation_131_rot60.jpg,data/raw/seed_formation/20260715_1554_seed_formation_131_rot60.jpg
seed_formation,20260731_1719_seed_formation_186_sdown.jpg,data/raw/seed_formation/20260731_1719_seed_formation_186_sdown.jpg
wilting,20260824_1721_wilting_109_bdown.jpg,data/raw/wilting/20260824_1721_wilting_109_bdown.jpg
vegetative,flowerin_0000_vegetative_169_rot60.jpg,data/raw/vegetative/flowerin_0000_vegetative_169_rot60.jpg
pre_bloom,20260328_1042_pre_bloom_29.jpg,data/raw/pre_bloom/20260328_1042_pre_bloom_29.jpg
full_bloom,20260727_1709_full_bloom_48_sup.jpg,data/raw/full_bloom/20260727_1709_full_bloom_48_sup.jpg
seed_formation,20260715_1554_seed_formation_131.jpg,data/raw/seed_formation/20260715_1554_seed_formation_131.jpg
vegetative,20260712_0902_vegetative_140_bup.jpg,data/raw/vegetative/20260712_0902_vegetative_140_bup.jpg
wilting,20260824_1719_wilting_88_bup.jpg,data/raw/wilting/20260824_1719_wilting_88_bup.jpg
pre_bloom,20260811_1640_pre_bloom_119_sdown.jpg,data/raw/pre_bloom/20260811_1640_pre_bloom_119_sdown.jpg
budding,20260328_1122_budding_204.jpg,data/raw/budding/20260328_1122_budding_204.jpg
vegetative,20260328_1015_vegetative_15_rot30.jpg,data/raw/vegetative/20260328_1015_vegetative_15_rot30.jpg
seed_formation,20260328_1006_seed_formation_1_cup.jpg,data/raw/seed_formation/20260328_1006_seed_formation_1_cup.jpg
seed_formation,20260731_1719_seed_formation_186_bdown.jpg,data/raw/seed_formation/20260731_1719_seed_formation_186_bdown.jpg
pre_bloom,20260712_0854_pre_bloom_4_bup.jpg,data/raw/pre_bloom/20260712_0854_pre_bloom_4_bup.jpg
full_bloom,20260328_1036_full_bloom_32.jpg,data/raw/full_bloom/20260328_1036_full_bloom_32.jpg
seed_formation,20260328_1041_seed_formation_116_bdown.jpg,data/raw/seed_formation/20260328_1041_seed_formation_116_bdown.jpg
seed_formation,20260328_1023_seed_formation_73_bup.jpg,data/raw/seed_formation/20260328_1023_seed_formation_73_bup.jpg
pre_bloom,20260328_1043_pre_bloom_36_bup.jpg,data/raw/pre_bloom/20260328_1043_pre_bloom_36_bup.jpg
pre_bloom,20260804_1724_pre_bloom_103_rot30.jpg,data/raw/pre_bloom/20260804_1724_pre_bloom_103_rot30.jpg
seed_formation,20260328_1007_seed_formation_6_rot45.jpg,data/raw/seed_formation/20260328_1007_seed_formation_6_rot45.jpg
wilting,20260824_1709_wilting_83_sup.jpg,data/raw/wilting/20260824_1709_wilting_83_sup.jpg
pre_bloom,20260804_1723_pre_bloom_99_rot30.jpg,data/raw/pre_bloom/20260804_1723_pre_bloom_99_rot30.jpg
pre_bloom,20260727_1722_pre_bloom_58_sup.jpg,data/raw/pre_bloom/20260727_1722_pre_bloom_58_sup.jpg
pre_bloom,20260804_1724_pre_bloom_103_sdown.jpg,data/raw/pre_bloom/20260804_1724_pre_bloom_103_sdown.jpg
wilting,20260819_1717_wilting_28_bup.jpg,data/raw/wilting/20260819_1717_wilting_28_bup.jpg
budding,20260328_1055_budding_136_bup.jpg,data/raw/budding/20260328_1055_budding_136_bup.jpg
full_bloom,20260328_1100_full_bloom_96_bup.jpg,data/raw/full_bloom/20260328_1100_full_bloom_96_bup.jpg
pre_bloom,20260727_1711_pre_bloom_51_bdown.jpg,data/raw/pre_bloom/20260727_1711_pre_bloom_51_bdown.jpg
budding,20260328_1005_budding_59_rot30.jpg,data/raw/budding/20260328_1005_budding_59_rot30.jpg
wilting,20260824_1706_wilting_58_sup.jpg,data/raw/wilting/20260824_1706_wilting_58_sup.jpg
budding,20260328_1110_budding_173.jpg,data/raw/budding/20260328_1110_budding_173.jpg
full_bloom,20260727_1709_full_bloom_43_sdown.jpg,data/raw/full_bloom/20260727_1709_full_bloom_43_sdown.jpg
vegetative,20260328_1117_vegetative_81_rot60.jpg,data/raw/vegetative/20260328_1117_vegetative_81_rot60.jpg
full_bloom,20260727_1707_full_bloom_34_cup.jpg,data/raw/full_bloom/20260727_1707_full_bloom_34_cup.jpg
vegetative,vegetati_0000_vegetative_177_rot60.jpg,data/raw/vegetative/vegetati_0000_vegetative_177_rot60.jpg
wilting,20260814_1646_wilting_39_rot45.jpg,data/raw/wilting/20260814_1646_wilting_39_rot45.jpg
full_bloom,20260722_1744_full_bloom_23_rot45.jpg,data/raw/full_bloom/20260722_1744_full_bloom_23_rot45.jpg
budding,20260328_1005_budding_48_rot30.jpg,data/raw/budding/20260328_1005_budding_48_rot30.jpg
pre_bloom,20260804_1724_pre_bloom_104_bup.jpg,data/raw/pre_bloom/20260804_1724_pre_bloom_104_bup.jpg
pre_bloom,20260731_1658_pre_bloom_88_rot30.jpg,data/raw/pre_bloom/20260731_1658_pre_bloom_88_rot30.jpg
full_bloom,20260722_1803_full_bloom_27_bdown.jpg,data/raw/full_bloom/20260722_1803_full_bloom_27_bdown.jpg
pre_bloom,20260722_1742_pre_bloom_17_cup.jpg,data/raw/pre_bloom/20260722_1742_pre_bloom_17_cup.jpg
pre_bloom,20260727_1737_pre_bloom_75_cdown.jpg,data/raw/pre_bloom/20260727_1737_pre_bloom_75_cdown.jpg
full_bloom,20260727_1722_full_bloom_63_sdown.jpg,data/raw/full_bloom/20260727_1722_full_bloom_63_sdown.jpg
wilting,20260814_1646_wilting_39_sdown.jpg,data/raw/wilting/20260814_1646_wilting_39_sdown.jpg
vegetative,20260328_1037_vegetative_45_rot45.jpg,data/raw/vegetative/20260328_1037_vegetative_45_rot45.jpg
vegetative,flowerin_0000_vegetative_170.jpg,data/raw/vegetative/flowerin_0000_vegetative_170.jpg
pre_bloom,20260712_0855_pre_bloom_9_rot30.jpg,data/raw/pre_bloom/20260712_0855_pre_bloom_9_rot30.jpg
seed_formation,20260328_1009_seed_formation_32_rot45.jpg,data/raw/seed_formation/20260328_1009_seed_formation_32_rot45.jpg
seed_formation,20260328_1041_seed_formation_109.jpg,data/raw/seed_formation/20260328_1041_seed_formation_109.jpg
budding,20260328_1042_budding_131_rot30.jpg,data/raw/budding/20260328_1042_budding_131_rot30.jpg
full_bloom,20260328_1109_full_bloom_112.jpg,data/raw/full_bloom/20260328_1109_full_bloom_112.jpg
seed_formation,20260328_1019_seed_formation_35.jpg,data/raw/seed_formation/20260328_1019_seed_formation_35.jpg
vegetative,20260328_1123_vegetative_96_rot45.jpg,data/raw/vegetative/20260328_1123_vegetative_96_rot45.jpg
wilting,20260722_1658_wilting_6_sup.jpg,data/raw/wilting/20260722_1658_wilting_6_sup.jpg
full_bloom,20260722_1658_full_bloom_16.jpg,data/raw/full_bloom/20260722_1658_full_bloom_16.jpg
vegetative,20260722_1659_vegetative_146_sdown.jpg,data/raw/vegetative/20260722_1659_vegetative_146_sdown.jpg
seed_formation,20260715_1602_seed_formation_143_sup.jpg,data/raw/seed_formation/20260715_1602_seed_formation_143_sup.jpg
pre_bloom,20260328_1043_pre_bloom_37_rot60.jpg,data/raw/pre_bloom/20260328_1043_pre_bloom_37_rot60.jpg
seed_formation,20260328_1020_seed_formation_41_rot30.jpg,data/raw/seed_formation/20260328_1020_seed_formation_41_rot30.jpg
vegetative,vegetati_0000_vegetative_180_rot60.jpg,data/raw/vegetative/vegetati_0000_vegetative_180_rot60.jpg
seed_formation,20260328_1007_seed_formation_6_sup.jpg,data/raw/seed_formation/20260328_1007_seed_formation_6_sup.jpg
wilting,20260824_1720_wilting_92.jpg,data/raw/wilting/20260824_1720_wilting_92.jpg
wilting,20260824_1705_wilting_41_sdown.jpg,data/raw/wilting/20260824_1705_wilting_41_sdown.jpg
budding,20260328_1110_budding_172_bup.jpg,data/raw/budding/20260328_1110_budding_172_bup.jpg
vegetative,flowerin_0000_vegetative_169_cup.jpg,data/raw/vegetative/flowerin_0000_vegetative_169_cup.jpg
budding,20260328_1005_budding_15_sdown.jpg,data/raw/budding/20260328_1005_budding_15_sdown.jpg
budding,20260328_1005_budding_61_cdown.jpg,data/raw/budding/20260328_1005_budding_61_cdown.jpg
full_bloom,20260722_1658_full_bloom_18_bdown.jpg,data/raw/full_bloom/20260722_1658_full_bloom_18_bdown.jpg
budding,20260328_1005_budding_49_rot60.jpg,data/raw/budding/20260328_1005_budding_49_rot60.jpg
vegetative,20260328_1046_vegetative_56_sdown.jpg,data/raw/vegetative/20260328_1046_vegetative_56_sdown.jpg
vegetative,20260328_1030_vegetative_22_sdown.jpg,data/raw/vegetative/20260328_1030_vegetative_22_sdown.jpg
vegetative,20260328_1037_vegetative_49_sup.jpg,data/raw/vegetative/20260328_1037_vegetative_49_sup.jpg
budding,20260328_1005_budding_53_bdown.jpg,data/raw/budding/20260328_1005_budding_53_bdown.jpg
vegetative,20260328_1046_vegetative_60_bup.jpg,data/raw/vegetative/20260328_1046_vegetative_60_bup.jpg
seed_formation,20260727_1715_seed_formation_23_rot30.jpg,data/raw/seed_formation/20260727_1715_seed_formation_23_rot30.jpg
seed_formation,20260328_1041_seed_formation_117_bup.jpg,data/raw/seed_formation/20260328_1041_seed_formation_117_bup.jpg
seed_formation,20260328_1041_seed_formation_118_rot45.jpg,data/raw/seed_formation/20260328_1041_seed_formation_118_rot45.jpg
seed_formation,20260727_1733_seed_formation_175_rot45.jpg,data/raw/seed_formation/20260727_1733_seed_formation_175_rot45.jpg
full_bloom,20260328_1100_full_bloom_95_sup.jpg,data/raw/full_bloom/20260328_1100_full_bloom_95_sup.jpg
wilting,20260824_1720_wilting_91_rot45.jpg,data/raw/wilting/20260824_1720_wilting_91_rot45.jpg
full_bloom,bloom3.jpg,data/raw/full_bloom/bloom3.jpg
seed_formation,20260328_1020_seed_formation_41_sdown.jpg,data/raw/seed_formation/20260328_1020_seed_formation_41_sdown.jpg
pre_bloom,20260328_1018_pre_bloom_15_cup.jpg,data/raw/pre_bloom/20260328_1018_pre_bloom_15_cup.jpg
budding,20260328_1055_budding_134_sdown.jpg,data/raw/budding/20260328_1055_budding_134_sdown.jpg
full_bloom,20260328_1110_full_bloom_119_sdown.jpg,data/raw/full_bloom/20260328_1110_full_bloom_119_sdown.jpg
seed_formation,20260328_1039_seed_formation_86_bdown.jpg,data/raw/seed_formation/20260328_1039_seed_formation_86_bdown.jpg
seed_formation,20260328_1039_seed_formation_90_rot45.jpg,data/raw/seed_formation/20260328_1039_seed_formation_90_rot45.jpg
full_bloom,20260328_1013_full_bloom_7_rot30.jpg,data/raw/full_bloom/20260328_1013_full_bloom_7_rot30.jpg
wilting,20260824_1708_wilting_79_rot45.jpg,data/raw/wilting/20260824_1708_wilting_79_rot45.jpg
pre_bloom,20260804_1724_pre_bloom_102.jpg,data/raw/pre_bloom/20260804_1724_pre_bloom_102.jpg
seed_formation,20260328_1019_seed_formation_38_bdown.jpg,data/raw/seed_formation/20260328_1019_seed_formation_38_bdown.jpg
full_bloom,20260328_1053_full_bloom_80_bup.jpg,data/raw/full_bloom/20260328_1053_full_bloom_80_bup.jpg
full_bloom,20260328_1013_full_bloom_3_rot45.jpg,data/raw/full_bloom/20260328_1013_full_bloom_3_rot45.jpg
full_bloom,20260328_1013_full_bloom_8_cup.jpg,data/raw/full_bloom/20260328_1013_full_bloom_8_cup.jpg
vegetative,20260712_0901_vegetative_120_rot45.jpg,data/raw/vegetative/20260712_0901_vegetative_120_rot45.jpg
budding,20260328_1122_budding_208_bup.jpg,data/raw/budding/20260328_1122_budding_208_bup.jpg
vegetative,20260712_0901_vegetative_117_rot30.jpg,data/raw/vegetative/20260712_0901_vegetative_117_rot30.jpg
pre_bloom,20260712_0855_pre_bloom_9_bdown.jpg,data/raw/pre_bloom/20260712_0855_pre_bloom_9_bdown.jpg
vegetative,20260328_1023_vegetative_18_cdown.jpg,data/raw/vegetative/20260328_1023_vegetative_18_cdown.jpg
budding,20260328_1110_budding_170_sdown.jpg,data/raw/budding/20260328_1110_budding_170_sdown.jpg
wilting,20260814_1637_wilting_13_cup.jpg,data/raw/wilting/20260814_1637_wilting_13_cup.jpg
wilting,20260814_1636_wilting_16_rot30.jpg,data/raw/wilting/20260814_1636_wilting_16_rot30.jpg
full_bloom,20260328_1038_full_bloom_42_bup.jpg,data/raw/full_bloom/20260328_1038_full_bloom_42_bup.jpg
vegetative,20260712_0902_vegetative_136.jpg,data/raw/vegetative/20260712_0902_vegetative_136.jpg
budding,20260328_1121_budding_189_rot30.jpg,data/raw/budding/20260328_1121_budding_189_rot30.jpg
seed_formation,20260328_1042_seed_formation_123.jpg,data/raw/seed_formation/20260328_1042_seed_formation_123.jpg
pre_bloom,20260727_1737_pre_bloom_75_rot60.jpg,data/raw/pre_bloom/20260727_1737_pre_bloom_75_rot60.jpg
budding,20260328_1005_budding_11_bup.jpg,data/raw/budding/20260328_1005_budding_11_bup.jpg
full_bloom,20260328_1052_full_bloom_57.jpg,data/raw/full_bloom/20260328_1052_full_bloom_57.jpg
vegetative,vegetati_0000_vegetative_173_sdown.jpg,data/raw/vegetative/vegetati_0000_vegetative_173_sdown.jpg
pre_bloom,20260731_1656_pre_bloom_79_cdown.jpg,data/raw/pre_bloom/20260731_1656_pre_bloom_79_cdown.jpg
vegetative,20260328_1047_vegetative_67_bup.jpg,data/raw/vegetative/20260328_1047_vegetative_67_bup.jpg
wilting,20260824_1705_wilting_49_cdown.jpg,data/raw/wilting/20260824_1705_wilting_49_cdown.jpg
budding,20260328_1005_budding_32_rot30.jpg,data/raw/budding/20260328_1005_budding_32_rot30.jpg
budding,20260328_1005_budding_43_bup.jpg,data/raw/budding/20260328_1005_budding_43_bup.jpg
full_bloom,20260328_1114_full_bloom_127_bup.jpg,data/raw/full_bloom/20260328_1114_full_bloom_127_bup.jpg
vegetative,20260804_1656_vegetative_155_cup.jpg,data/raw/vegetative/20260804_1656_vegetative_155_cup.jpg
pre_bloom,20260722_1743_pre_bloom_24_sdown.jpg,data/raw/pre_bloom/20260722_1743_pre_bloom_24_sdown.jpg
seed_formation,20260715_1602_seed_formation_142_bdown.jpg,data/raw/seed_formation/20260715_1602_seed_formation_142_bdown.jpg
pre_bloom,20260731_1658_pre_bloom_85_bup.jpg,data/raw/pre_bloom/20260731_1658_pre_bloom_85_bup.jpg
pre_bloom,20260731_1708_pre_bloom_91_bup.jpg,data/raw/pre_bloom/20260731_1708_pre_bloom_91_bup.jpg
vegetative,20260712_0902_vegetative_138_sup.jpg,data/raw/vegetative/20260712_0902_vegetative_138_sup.jpg
wilting,20260722_1658_wilting_7.jpg,data/raw/wilting/20260722_1658_wilting_7.jpg
budding,20260328_1011_budding_109_rot30.jpg,data/raw/budding/20260328_1011_budding_109_rot30.jpg
seed_formation,20260328_1009_seed_formation_28_rot45.jpg,data/raw/seed_formation/20260328_1009_seed_formation_28_rot45.jpg
full_bloom,20260328_1036_full_bloom_27_cdown.jpg,data/raw/full_bloom/20260328_1036_full_bloom_27_cdown.jpg
seed_formation,20260328_1040_seed_formation_98_rot30.jpg,data/raw/seed_formation/20260328_1040_seed_formation_98_rot30.jpg
wilting,20260824_1719_wilting_86_rot45.jpg,data/raw/wilting/20260824_1719_wilting_86_rot45.jpg
full_bloom,20260727_1709_full_bloom_40_rot60.jpg,data/raw/full_bloom/20260727_1709_full_bloom_40_rot60.jpg
budding,20260328_1055_budding_142_rot60.jpg,data/raw/budding/20260328_1055_budding_142_rot60.jpg
wilting,20260819_1718_wilting_33_cup.jpg,data/raw/wilting/20260819_1718_wilting_33_cup.jpg
full_bloom,20260727_1722_full_bloom_59_sdown.jpg,data/raw/full_bloom/20260727_1722_full_bloom_59_sdown.jpg
seed_formation,20260722_1745_seed_formation_150_bdown.jpg,data/raw/seed_formation/20260722_1745_seed_formation_150_bdown.jpg
pre_bloom,20260328_1002_pre_bloom_1_sup.jpg,data/raw/pre_bloom/20260328_1002_pre_bloom_1_sup.jpg
pre_bloom,20260722_1743_pre_bloom_23_rot60.jpg,data/raw/pre_bloom/20260722_1743_pre_bloom_23_rot60.jpg
wilting,20260819_1717_wilting_30_rot45.jpg,data/raw/wilting/20260819_1717_wilting_30_rot45.jpg
full_bloom,20260727_1709_full_bloom_42.jpg,data/raw/full_bloom/20260727_1709_full_bloom_42.jpg
vegetative,20260328_1002_vegetative_1_rot45.jpg,data/raw/vegetative/20260328_1002_vegetative_1_rot45.jpg
pre_bloom,20260328_1108_pre_bloom_56_cdown.jpg,data/raw/pre_bloom/20260328_1108_pre_bloom_56_cdown.jpg
pre_bloom,20260726_1337_pre_bloom_35_cup.jpg,data/raw/pre_bloom/20260726_1337_pre_bloom_35_cup.jpg
budding,20260328_1055_budding_135_sup.jpg,data/raw/budding/20260328_1055_budding_135_sup.jpg
full_bloom,20260328_1111_full_bloom_121_cup.jpg,data/raw/full_bloom/20260328_1111_full_bloom_121_cup.jpg
seed_formation,20260328_1041_seed_formation_110_cdown.jpg,data/raw/seed_formation/20260328_1041_seed_formation_110_cdown.jpg
seed_formation,20260328_1009_seed_formation_27.jpg,data/raw/seed_formation/20260328_1009_seed_formation_27.jpg
wilting,20260824_1705_wilting_50_bup.jpg,data/raw/wilting/20260824_1705_wilting_50_bup.jpg
full_bloom,20260715_1557_full_bloom_15_bup.jpg,data/raw/full_bloom/20260715_1557_full_bloom_15_bup.jpg
seed_formation,20260328_1041_seed_formation_109_sup.jpg,data/raw/seed_formation/20260328_1041_seed_formation_109_sup.jpg
pre_bloom,20260712_0855_pre_bloom_10_rot60.jpg,data/raw/pre_bloom/20260712_0855_pre_bloom_10_rot60.jpg
seed_formation,20260328_1022_seed_formation_68_rot30.jpg,data/raw/seed_formation/20260328_1022_seed_formation_68_rot30.jpg
budding,20260328_1115_budding_181_sdown.jpg,data/raw/budding/20260328_1115_budding_181_sdown.jpg
budding,20260328_1005_budding_44_sup.jpg,data/raw/budding/20260328_1005_budding_44_sup.jpg
wilting,20260814_1646_wilting_42_rot45.jpg,data/raw/wilting/20260814_1646_wilting_42_rot45.jpg
budding,20260328_1018_budding_128_rot30.jpg,data/raw/budding/20260328_1018_budding_128_rot30.jpg
pre_bloom,20260727_1555_pre_bloom_45_sdown.jpg,data/raw/pre_bloom/20260727_1555_pre_bloom_45_sdown.jpg
full_bloom,20260328_1114_full_bloom_133.jpg,data/raw/full_bloom/20260328_1114_full_bloom_133.jpg
pre_bloom,20260731_1658_pre_bloom_85_sdown.jpg,data/raw/pre_bloom/20260731_1658_pre_bloom_85_sdown.jpg
budding,20260328_1055_budding_143_rot60.jpg,data/raw/budding/20260328_1055_budding_143_rot60.jpg
pre_bloom,Budding0_0000_pre_bloom_80_cdown.jpg,data/raw/pre_bloom/Budding0_0000_pre_bloom_80_cdown.jpg
wilting,20260824_1707_wilting_69_bdown.jpg,data/raw/wilting/20260824_1707_wilting_69_bdown.jpg
seed_formation,20260328_1019_seed_formation_39_sup.jpg,data/raw/seed_formation/20260328_1019_seed_formation_39_sup.jpg
wilting,20260824_1705_wilting_51_rot45.jpg,data/raw/wilting/20260824_1705_wilting_51_rot45.jpg
pre_bloom,20260328_1005_pre_bloom_7_bdown.jpg,data/raw/pre_bloom/20260328_1005_pre_bloom_7_bdown.jpg
vegetative,flowerin_0000_vegetative_169.jpg,data/raw/vegetative/flowerin_0000_vegetative_169.jpg
full_bloom,20260715_1556_full_bloom_6_rot45.jpg,data/raw/full_bloom/20260715_1556_full_bloom_6_rot45.jpg
seed_formation,20260328_1039_seed_formation_91_cup.jpg,data/raw/seed_formation/20260328_1039_seed_formation_91_cup.jpg
seed_formation,20260328_1039_seed_formation_91_bdown.jpg,data/raw/seed_formation/20260328_1039_seed_formation_91_bdown.jpg
full_bloom,20260328_1038_full_bloom_40.jpg,data/raw/full_bloom/20260328_1038_full_bloom_40.jpg
seed_formation,20260328_1041_seed_formation_115_bup.jpg,data/raw/seed_formation/20260328_1041_seed_formation_115_bup.jpg
full_bloom,20260328_1013_full_bloom_2_rot45.jpg,data/raw/full_bloom/20260328_1013_full_bloom_2_rot45.jpg
vegetative,vegetati_0000_vegetative_180_rot45.jpg,data/raw/vegetative/vegetati_0000_vegetative_180_rot45.jpg
seed_formation,20260722_1755_seed_formation_167_rot45.jpg,data/raw/seed_formation/20260722_1755_seed_formation_167_rot45.jpg
seed_formation,20260328_1039_seed_formation_84_rot30.jpg,data/raw/seed_formation/20260328_1039_seed_formation_84_rot30.jpg
budding,20260328_1121_budding_186_sdown.jpg,data/raw/budding/20260328_1121_budding_186_sdown.jpg
seed_formation,20260328_1022_seed_formation_68_cdown.jpg,data/raw/seed_formation/20260328_1022_seed_formation_68_cdown.jpg
seed_formation,20260328_1020_seed_formation_56_rot60.jpg,data/raw/seed_formation/20260328_1020_seed_formation_56_rot60.jpg
full_bloom,20260328_1013_full_bloom_11_rot30.jpg,data/raw/full_bloom/20260328_1013_full_bloom_11_rot30.jpg
full_bloom,20260328_1054_full_bloom_90_rot45.jpg,data/raw/full_bloom/20260328_1054_full_bloom_90_rot45.jpg
seed_formation,20260328_1009_seed_formation_32_sup.jpg,data/raw/seed_formation/20260328_1009_seed_formation_32_sup.jpg
vegetative,20260328_1046_vegetative_60_rot45.jpg,data/raw/vegetative/20260328_1046_vegetative_60_rot45.jpg
budding,20260328_1005_budding_61_cup.jpg,data/raw/budding/20260328_1005_budding_61_cup.jpg
pre_bloom,20260727_1736_pre_bloom_67_sdown.jpg,data/raw/pre_bloom/20260727_1736_pre_bloom_67_sdown.jpg
pre_bloom,20260328_1015_pre_bloom_14_rot60.jpg,data/raw/pre_bloom/20260328_1015_pre_bloom_14_rot60.jpg
full_bloom,20260328_1100_full_bloom_99_cdown.jpg,data/raw/full_bloom/20260328_1100_full_bloom_99_cdown.jpg
wilting,20260727_1724_wilting_12_bdown.jpg,data/raw/wilting/20260727_1724_wilting_12_bdown.jpg
seed_formation,20260328_1020_seed_formation_56_sup.jpg,data/raw/seed_formation/20260328_1020_seed_formation_56_sup.jpg
pre_bloom,20260722_1742_pre_bloom_15_bup.jpg,data/raw/pre_bloom/20260722_1742_pre_bloom_15_bup.jpg
full_bloom,20260328_1037_full_bloom_37_rot60.jpg,data/raw/full_bloom/20260328_1037_full_bloom_37_rot60.jpg
vegetative,20260712_0902_vegetative_135_sup.jpg,data/raw/vegetative/20260712_0902_vegetative_135_sup.jpg
wilting,20260819_1717_wilting_30_bup.jpg,data/raw/wilting/20260819_1717_wilting_30_bup.jpg
budding,20260328_1011_budding_95_bup.jpg,data/raw/budding/20260328_1011_budding_95_bup.jpg
budding,20260328_1011_budding_89_sdown.jpg,data/raw/budding/20260328_1011_budding_89_sdown.jpg
budding,20260328_1123_budding_217_cdown.jpg,data/raw/budding/20260328_1123_budding_217_cdown.jpg
wilting,20260824_1721_wilting_108_cup.jpg,data/raw/wilting/20260824_1721_wilting_108_cup.jpg
full_bloom,20260722_1744_full_bloom_22_sup.jpg,data/raw/full_bloom/20260722_1744_full_bloom_22_sup.jpg
full_bloom,20260715_1556_full_bloom_6_sdown.jpg,data/raw/full_bloom/20260715_1556_full_bloom_6_sdown.jpg
pre_bloom,Budding0_0000_pre_bloom_75_sup.jpg,data/raw/pre_bloom/Budding0_0000_pre_bloom_75_sup.jpg
pre_bloom,20260328_1006_pre_bloom_9_rot30.jpg,data/raw/pre_bloom/20260328_1006_pre_bloom_9_rot30.jpg
seed_formation,20260328_1039_seed_formation_81_rot45.jpg,data/raw/seed_formation/20260328_1039_seed_formation_81_rot45.jpg
vegetative,20260328_1046_vegetative_54_bdown.jpg,data/raw/vegetative/20260328_1046_vegetative_54_bdown.jpg
full_bloom,20260328_1100_full_bloom_96_cdown.jpg,data/raw/full_bloom/20260328_1100_full_bloom_96_cdown.jpg
full_bloom,20260328_1100_full_bloom_99_sdown.jpg,data/raw/full_bloom/20260328_1100_full_bloom_99_sdown.jpg
budding,20260328_1122_budding_213_rot30.jpg,data/raw/budding/20260328_1122_budding_213_rot30.jpg
budding,20260328_1010_budding_85.jpg,data/raw/budding/20260328_1010_budding_85.jpg
full_bloom,20260328_1114_full_bloom_133_bdown.jpg,data/raw/full_bloom/20260328_1114_full_bloom_133_bdown.jpg
full_bloom,20260722_1804_full_bloom_29_rot45.jpg,data/raw/full_bloom/20260722_1804_full_bloom_29_rot45.jpg
pre_bloom,20260328_1006_pre_bloom_10_sup.jpg,data/raw/pre_bloom/20260328_1006_pre_bloom_10_sup.jpg
seed_formation,20260328_1008_seed_formation_8_bup.jpg,data/raw/seed_formation/20260328_1008_seed_formation_8_bup.jpg
wilting,20260824_1720_wilting_96.jpg,data/raw/wilting/20260824_1720_wilting_96.jpg
full_bloom,flowerin_0000_full_bloom_155_cdown.jpg,data/raw/full_bloom/flowerin_0000_full_bloom_155_cdown.jpg
wilting,20260814_1646_wilting_35_sdown.jpg,data/raw/wilting/20260814_1646_wilting_35_sdown.jpg
wilting,20260824_1705_wilting_51_sdown.jpg,data/raw/wilting/20260824_1705_wilting_51_sdown.jpg
wilting,20260824_1705_wilting_42_bdown.jpg,data/raw/wilting/20260824_1705_wilting_42_bdown.jpg
wilting,20260814_1636_wilting_14.jpg,data/raw/wilting/20260814_1636_wilting_14.jpg
wilting,20260819_1717_wilting_27_rot60.jpg,data/raw/wilting/20260819_1717_wilting_27_rot60.jpg
vegetative,20260328_1030_vegetative_29_cdown.jpg,data/raw/vegetative/20260328_1030_vegetative_29_cdown.jpg
pre_bloom,20260726_1336_pre_bloom_30_cup.jpg,data/raw/pre_bloom/20260726_1336_pre_bloom_30_cup.jpg
full_bloom,20260328_1054_full_bloom_90_rot60.jpg,data/raw/full_bloom/20260328_1054_full_bloom_90_rot60.jpg
pre_bloom,20260727_1555_pre_bloom_37_rot30.jpg,data/raw/pre_bloom/20260727_1555_pre_bloom_37_rot30.jpg
pre_bloom,20260726_1336_pre_bloom_29_cup.jpg,data/raw/pre_bloom/20260726_1336_pre_bloom_29_cup.jpg
full_bloom,20260328_1109_full_bloom_111_cup.jpg,data/raw/full_bloom/20260328_1109_full_bloom_111_cup.jpg
full_bloom,20260328_1114_full_bloom_132_cdown.jpg,data/raw/full_bloom/20260328_1114_full_bloom_132_cdown.jpg
wilting,20260824_1707_wilting_65_sdown.jpg,data/raw/wilting/20260824_1707_wilting_65_sdown.jpg
full_bloom,20260727_1709_full_bloom_45_bdown.jpg,data/raw/full_bloom/20260727_1709_full_bloom_45_bdown.jpg
pre_bloom,20260727_1555_pre_bloom_42_rot45.jpg,data/raw/pre_bloom/20260727_1555_pre_bloom_42_rot45.jpg
vegetative,20260328_1002_vegetative_2_sdown.jpg,data/raw/vegetative/20260328_1002_vegetative_2_sdown.jpg
pre_bloom,20260731_1657_pre_bloom_83_cup.jpg,data/raw/pre_bloom/20260731_1657_pre_bloom_83_cup.jpg
wilting,20260819_1717_wilting_29_rot45.jpg,data/raw/wilting/20260819_1717_wilting_29_rot45.jpg
full_bloom,20260328_1013_full_bloom_11_sdown.jpg,data/raw/full_bloom/20260328_1013_full_bloom_11_sdown.jpg
pre_bloom,20260727_1737_pre_bloom_75_bdown.jpg,data/raw/pre_bloom/20260727_1737_pre_bloom_75_bdown.jpg
wilting,20260824_1708_wilting_73_sup.jpg,data/raw/wilting/20260824_1708_wilting_73_sup.jpg
budding,20260328_1110_budding_171.jpg,data/raw/budding/20260328_1110_budding_171.jpg
budding,20260328_1005_budding_25_bdown.jpg,data/raw/budding/20260328_1005_budding_25_bdown.jpg
seed_formation,20260727_1733_seed_formation_174_sup.jpg,data/raw/seed_formation/20260727_1733_seed_formation_174_sup.jpg
seed_formation,20260328_1040_seed_formation_100_cup.jpg,data/raw/seed_formation/20260328_1040_seed_formation_100_cup.jpg
pre_bloom,20260712_0854_pre_bloom_3_rot30.jpg,data/raw/pre_bloom/20260712_0854_pre_bloom_3_rot30.jpg
vegetative,20260328_1031_vegetative_30_bup.jpg,data/raw/vegetative/20260328_1031_vegetative_30_bup.jpg
wilting,20260824_1706_wilting_62_rot30.jpg,data/raw/wilting/20260824_1706_wilting_62_rot30.jpg
wilting,20260824_1708_wilting_73_bup.jpg,data/raw/wilting/20260824_1708_wilting_73_bup.jpg
budding,20260328_1011_budding_103_sdown.jpg,data/raw/budding/20260328_1011_budding_103_sdown.jpg
full_bloom,20260722_1658_full_bloom_18_sdown.jpg,data/raw/full_bloom/20260722_1658_full_bloom_18_sdown.jpg
budding,20260328_1011_budding_101_rot45.jpg,data/raw/budding/20260328_1011_budding_101_rot45.jpg
budding,20260328_1122_budding_209_rot30.jpg,data/raw/budding/20260328_1122_budding_209_rot30.jpg
wilting,20260824_1706_wilting_54_cdown.jpg,data/raw/wilting/20260824_1706_wilting_54_cdown.jpg
full_bloom,20260328_1112_full_bloom_125_cup.jpg,data/raw/full_bloom/20260328_1112_full_bloom_125_cup.jpg
seed_formation,20260715_1602_seed_formation_139_sdown.jpg,data/raw/seed_formation/20260715_1602_seed_formation_139_sdown.jpg
full_bloom,flowerin_0000_full_bloom_154_rot30.jpg,data/raw/full_bloom/flowerin_0000_full_bloom_154_rot30.jpg
full_bloom,20260727_1709_full_bloom_42_rot60.jpg,data/raw/full_bloom/20260727_1709_full_bloom_42_rot60.jpg
seed_formation,20260715_1602_seed_formation_149_rot45.jpg,data/raw/seed_formation/20260715_1602_seed_formation_149_rot45.jpg
vegetative,vegetati_0000_vegetative_171_sup.jpg,data/raw/vegetative/vegetati_0000_vegetative_171_sup.jpg
vegetative,vegetati_0000_vegetative_178_cdown.jpg,data/raw/vegetative/vegetati_0000_vegetative_178_cdown.jpg
budding,20260328_1005_budding_1_bdown.jpg,data/raw/budding/20260328_1005_budding_1_bdown.jpg
full_bloom,20260328_1112_full_bloom_125_rot30.jpg,data/raw/full_bloom/20260328_1112_full_bloom_125_rot30.jpg
budding,20260328_1005_budding_43.jpg,data/raw/budding/20260328_1005_budding_43.jpg
full_bloom,20260727_1709_full_bloom_47_bdown.jpg,data/raw/full_bloom/20260727_1709_full_bloom_47_bdown.jpg
wilting,20260824_1705_wilting_42_rot60.jpg,data/raw/wilting/20260824_1705_wilting_42_rot60.jpg
budding,20260328_1005_budding_65.jpg,data/raw/budding/20260328_1005_budding_65.jpg
budding,20260328_1110_budding_167_rot45.jpg,data/raw/budding/20260328_1110_budding_167_rot45.jpg
full_bloom,20260328_1052_full_bloom_64_sdown.jpg,data/raw/full_bloom/20260328_1052_full_bloom_64_sdown.jpg
full_bloom,20260328_1051_full_bloom_54_sup.jpg,data/raw/full_bloom/20260328_1051_full_bloom_54_sup.jpg
wilting,20260824_1720_wilting_90_rot45.jpg,data/raw/wilting/20260824_1720_wilting_90_rot45.jpg
full_bloom,20260328_1038_full_bloom_47.jpg,data/raw/full_bloom/20260328_1038_full_bloom_47.jpg
vegetative,20260712_0838_vegetative_106_sup.jpg,data/raw/vegetative/20260712_0838_vegetative_106_sup.jpg
full_bloom,20260328_1038_full_bloom_43_sup.jpg,data/raw/full_bloom/20260328_1038_full_bloom_43_sup.jpg
budding,20260328_1055_budding_135_bup.jpg,data/raw/budding/20260328_1055_budding_135_bup.jpg
pre_bloom,20260804_1723_pre_bloom_98_rot45.jpg,data/raw/pre_bloom/20260804_1723_pre_bloom_98_rot45.jpg
seed_formation,20260328_1041_seed_formation_120_cup.jpg,data/raw/seed_formation/20260328_1041_seed_formation_120_cup.jpg
seed_formation,20260328_1020_seed_formation_54_bup.jpg,data/raw/seed_formation/20260328_1020_seed_formation_54_bup.jpg
wilting,20260814_1636_wilting_14_bdown.jpg,data/raw/wilting/20260814_1636_wilting_14_bdown.jpg
vegetative,flowerin_0000_vegetative_164.jpg,data/raw/vegetative/flowerin_0000_vegetative_164.jpg
wilting,20260824_1720_wilting_96_cdown.jpg,data/raw/wilting/20260824_1720_wilting_96_cdown.jpg
pre_bloom,20260328_1108_pre_bloom_59_bdown.jpg,data/raw/pre_bloom/20260328_1108_pre_bloom_59_bdown.jpg
budding,20260328_1122_budding_205.jpg,data/raw/budding/20260328_1122_budding_205.jpg
vegetative,vegetati_0000_vegetative_174_rot30.jpg,data/raw/vegetative/vegetati_0000_vegetative_174_rot30.jpg
budding,20260328_1055_budding_142_cdown.jpg,data/raw/budding/20260328_1055_budding_142_cdown.jpg
vegetative,20260328_1032_vegetative_33_cdown.jpg,data/raw/vegetative/20260328_1032_vegetative_33_cdown.jpg
wilting,20260824_1709_wilting_81_rot60.jpg,data/raw/wilting/20260824_1709_wilting_81_rot60.jpg
vegetative,20260328_1117_vegetative_84_sdown.jpg,data/raw/vegetative/20260328_1117_vegetative_84_sdown.jpg
vegetative,20260712_0900_vegetative_115_bdown.jpg,data/raw/vegetative/20260712_0900_vegetative_115_bdown.jpg
budding,20260328_1122_budding_205_bdown.jpg,data/raw/budding/20260328_1122_budding_205_bdown.jpg
seed_formation,20260731_1719_seed_formation_181_bup.jpg,data/raw/seed_formation/20260731_1719_seed_formation_181_bup.jpg
budding,20260328_1011_budding_93_bup.jpg,data/raw/budding/20260328_1011_budding_93_bup.jpg
seed_formation,20260328_1008_seed_formation_12_rot45.jpg,data/raw/seed_formation/20260328_1008_seed_formation_12_rot45.jpg
full_bloom,20260328_1037_full_bloom_34_rot45.jpg,data/raw/full_bloom/20260328_1037_full_bloom_34_rot45.jpg
pre_bloom,20260731_1708_pre_bloom_89_cdown.jpg,data/raw/pre_bloom/20260731_1708_pre_bloom_89_cdown.jpg
full_bloom,20260328_1053_full_bloom_76_bup.jpg,data/raw/full_bloom/20260328_1053_full_bloom_76_bup.jpg
seed_formation,20260328_1041_seed_formation_119_bdown.jpg,data/raw/seed_formation/20260328_1041_seed_formation_119_bdown.jpg
seed_formation,20260328_1019_seed_formation_39_bup.jpg,data/raw/seed_formation/20260328_1019_seed_formation_39_bup.jpg
budding,20260328_1059_budding_154_sup.jpg,data/raw/budding/20260328_1059_budding_154_sup.jpg
budding,20260328_1042_budding_130_bup.jpg,data/raw/budding/20260328_1042_budding_130_bup.jpg
wilting,20260814_1646_wilting_36_cup.jpg,data/raw/wilting/20260814_1646_wilting_36_cup.jpg
pre_bloom,20260731_1656_pre_bloom_80_bup.jpg,data/raw/pre_bloom/20260731_1656_pre_bloom_80_bup.jpg
budding,20260328_1122_budding_202_rot30.jpg,data/raw/budding/20260328_1122_budding_202_rot30.jpg
budding,20260328_1005_budding_39_cdown.jpg,data/raw/budding/20260328_1005_budding_39_cdown.jpg
vegetative,20260328_1046_vegetative_55_bup.jpg,data/raw/vegetative/20260328_1046_vegetative_55_bup.jpg
seed_formation,20260328_1022_seed_formation_63_cdown.jpg,data/raw/seed_formation/20260328_1022_seed_formation_63_cdown.jpg
budding,20260328_1123_budding_220_cdown.jpg,data/raw/budding/20260328_1123_budding_220_cdown.jpg
vegetative,20260712_0838_vegetative_106_rot60.jpg,data/raw/vegetative/20260712_0838_vegetative_106_rot60.jpg
full_bloom,20260328_1052_full_bloom_72_sup.jpg,data/raw/full_bloom/20260328_1052_full_bloom_72_sup.jpg
vegetative,20260712_0914_vegetative_144_rot45.jpg,data/raw/vegetative/20260712_0914_vegetative_144_rot45.jpg
wilting,20260328_1056_wilting_3_rot30.jpg,data/raw/wilting/20260328_1056_wilting_3_rot30.jpg
pre_bloom,20260727_1711_pre_bloom_55_sup.jpg,data/raw/pre_bloom/20260727_1711_pre_bloom_55_sup.jpg
seed_formation,20260328_1021_seed_formation_59.jpg,data/raw/seed_formation/20260328_1021_seed_formation_59.jpg
seed_formation,20260727_1715_seed_formation_31_cdown.jpg,data/raw/seed_formation/20260727_1715_seed_formation_31_cdown.jpg
pre_bloom,20260811_1640_pre_bloom_120_cdown.jpg,data/raw/pre_bloom/20260811_1640_pre_bloom_120_cdown.jpg
budding,20260328_1005_budding_15_cup.jpg,data/raw/budding/20260328_1005_budding_15_cup.jpg
seed_formation,20260722_1754_seed_formation_159_rot60.jpg,data/raw/seed_formation/20260722_1754_seed_formation_159_rot60.jpg
vegetative,20260328_1123_vegetative_97.jpg,data/raw/vegetative/20260328_1123_vegetative_97.jpg
budding,20260328_1005_budding_46_rot60.jpg,data/raw/budding/20260328_1005_budding_46_rot60.jpg
seed_formation,20260722_1745_seed_formation_11_bdown.jpg,data/raw/seed_formation/20260722_1745_seed_formation_11_bdown.jpg
full_bloom,flowerin_0000_full_bloom_152_sup.jpg,data/raw/full_bloom/flowerin_0000_full_bloom_152_sup.jpg
wilting,20260814_1637_wilting_27_rot60.jpg,data/raw/wilting/20260814_1637_wilting_27_rot60.jpg
budding,20260328_1121_budding_190_bdown.jpg,data/raw/budding/20260328_1121_budding_190_bdown.jpg
seed_formation,20260328_1041_seed_formation_116_rot45.jpg,data/raw/seed_formation/20260328_1041_seed_formation_116_rot45.jpg
seed_formation,20260328_1041_seed_formation_110_rot45.jpg,data/raw/seed_formation/20260328_1041_seed_formation_110_rot45.jpg
vegetative,20260804_1656_vegetative_160_rot30.jpg,data/raw/vegetative/20260804_1656_vegetative_160_rot30.jpg
seed_formation,20260715_1602_seed_formation_134_cup.jpg,data/raw/seed_formation/20260715_1602_seed_formation_134_cup.jpg
pre_bloom,20260722_1742_pre_bloom_16_bdown.jpg,data/raw/pre_bloom/20260722_1742_pre_bloom_16_bdown.jpg
full_bloom,20260727_1711_full_bloom_55_sdown.jpg,data/raw/full_bloom/20260727_1711_full_bloom_55_sdown.jpg
full_bloom,20260727_1722_full_bloom_58_bup.jpg,data/raw/full_bloom/20260727_1722_full_bloom_58_bup.jpg
vegetative,20260328_1006_vegetative_7_rot60.jpg,data/raw/vegetative/20260328_1006_vegetative_7_rot60.jpg
wilting,20260824_1708_wilting_78_bup.jpg,data/raw/wilting/20260824_1708_wilting_78_bup.jpg
budding,20260328_1121_budding_185_rot30.jpg,data/raw/budding/20260328_1121_budding_185_rot30.jpg
wilting,20260328_1056_wilting_4_bdown.jpg,data/raw/wilting/20260328_1056_wilting_4_bdown.jpg
full_bloom,20260328_1110_full_bloom_114_sup.jpg,data/raw/full_bloom/20260328_1110_full_bloom_114_sup.jpg
wilting,20260824_1707_wilting_69_sdown.jpg,data/raw/wilting/20260824_1707_wilting_69_sdown.jpg
pre_bloom,20260727_1556_pre_bloom_47.jpg,data/raw/pre_bloom/20260727_1556_pre_bloom_47.jpg
budding,20260328_1122_budding_201_cdown.jpg,data/raw/budding/20260328_1122_budding_201_cdown.jpg
wilting,20260824_1706_wilting_54.jpg,data/raw/wilting/20260824_1706_wilting_54.jpg
full_bloom,20260727_1709_full_bloom_45_rot30.jpg,data/raw/full_bloom/20260727_1709_full_bloom_45_rot30.jpg
budding,20260328_1123_budding_218_sdown.jpg,data/raw/budding/20260328_1123_budding_218_sdown.jpg
pre_bloom,20260328_1018_pre_bloom_15_rot45.jpg,data/raw/pre_bloom/20260328_1018_pre_bloom_15_rot45.jpg
seed_formation,20260328_1009_seed_formation_33_rot60.jpg,data/raw/seed_formation/20260328_1009_seed_formation_33_rot60.jpg
wilting,20260814_1646_wilting_39_cup.jpg,data/raw/wilting/20260814_1646_wilting_39_cup.jpg
vegetative,flowerin_0000_vegetative_170_cdown.jpg,data/raw/vegetative/flowerin_0000_vegetative_170_cdown.jpg
seed_formation,20260715_1602_seed_formation_144_bdown.jpg,data/raw/seed_formation/20260715_1602_seed_formation_144_bdown.jpg
wilting,20260824_1708_wilting_73_bdown.jpg,data/raw/wilting/20260824_1708_wilting_73_bdown.jpg
seed_formation,20260328_1020_seed_formation_40_rot30.jpg,data/raw/seed_formation/20260328_1020_seed_formation_40_rot30.jpg
full_bloom,20260328_1114_full_bloom_130_rot60.jpg,data/raw/full_bloom/20260328_1114_full_bloom_130_rot60.jpg
pre_bloom,20260804_1723_pre_bloom_98_bup.jpg,data/raw/pre_bloom/20260804_1723_pre_bloom_98_bup.jpg
budding,20260328_1111_budding_178_rot45.jpg,data/raw/budding/20260328_1111_budding_178_rot45.jpg
budding,20260328_1121_budding_191_rot60.jpg,data/raw/budding/20260328_1121_budding_191_rot60.jpg
full_bloom,20260328_1110_full_bloom_120_rot60.jpg,data/raw/full_bloom/20260328_1110_full_bloom_120_rot60.jpg
seed_formation,20260328_1022_seed_formation_65_sup.jpg,data/raw/seed_formation/20260328_1022_seed_formation_65_sup.jpg
seed_formation,20260328_1021_seed_formation_59_bdown.jpg,data/raw/seed_formation/20260328_1021_seed_formation_59_bdown.jpg
full_bloom,20260328_1013_full_bloom_11.jpg,data/raw/full_bloom/20260328_1013_full_bloom_11.jpg
budding,20260328_1055_budding_138_cdown.jpg,data/raw/budding/20260328_1055_budding_138_cdown.jpg
wilting,20260824_1706_wilting_63_cdown.jpg,data/raw/wilting/20260824_1706_wilting_63_cdown.jpg
seed_formation,20260328_1041_seed_formation_112_rot60.jpg,data/raw/seed_formation/20260328_1041_seed_formation_112_rot60.jpg
full_bloom,20260328_1038_full_bloom_44_rot60.jpg,data/raw/full_bloom/20260328_1038_full_bloom_44_rot60.jpg
vegetative,20260328_1046_vegetative_65_cdown.jpg,data/raw/vegetative/20260328_1046_vegetative_65_cdown.jpg
seed_formation,20260328_1020_seed_formation_47_rot45.jpg,data/raw/seed_formation/20260328_1020_seed_formation_47_rot45.jpg
budding,20260328_1042_budding_131.jpg,data/raw/budding/20260328_1042_budding_131.jpg
seed_formation,20260328_1040_seed_formation_100_sdown.jpg,data/raw/seed_formation/20260328_1040_seed_formation_100_sdown.jpg
pre_bloom,20260811_1640_pre_bloom_118.jpg,data/raw/pre_bloom/20260811_1640_pre_bloom_118.jpg
pre_bloom,20260727_1737_pre_bloom_74_bdown.jpg,data/raw/pre_bloom/20260727_1737_pre_bloom_74_bdown.jpg
vegetative,20260712_0901_vegetative_128_sup.jpg,data/raw/vegetative/20260712_0901_vegetative_128_sup.jpg
full_bloom,20260328_1053_full_bloom_75_sdown.jpg,data/raw/full_bloom/20260328_1053_full_bloom_75_sdown.jpg
full_bloom,20260328_1112_full_bloom_124_rot30.jpg,data/raw/full_bloom/20260328_1112_full_bloom_124_rot30.jpg
vegetative,20260328_1030_vegetative_23_bdown.jpg,data/raw/vegetative/20260328_1030_vegetative_23_bdown.jpg
wilting,wilting2.jpg,data/raw/wilting/wilting2.jpg
budding,20260328_1005_budding_2_cdown.jpg,data/raw/budding/20260328_1005_budding_2_cdown.jpg
pre_bloom,20260731_1656_pre_bloom_81_rot60.jpg,data/raw/pre_bloom/20260731_1656_pre_bloom_81_rot60.jpg
wilting,20260824_1706_wilting_59_rot30.jpg,data/raw/wilting/20260824_1706_wilting_59_rot30.jpg
seed_formation,20260727_1732_seed_formation_169_sdown.jpg,data/raw/seed_formation/20260727_1732_seed_formation_169_sdown.jpg
pre_bloom,20260804_1724_pre_bloom_102_bdown.jpg,data/raw/pre_bloom/20260804_1724_pre_bloom_102_bdown.jpg
vegetative,flowerin_0000_vegetative_169_sdown.jpg,data/raw/vegetative/flowerin_0000_vegetative_169_sdown.jpg
budding,20260328_1121_budding_184_cdown.jpg,data/raw/budding/20260328_1121_budding_184_cdown.jpg
budding,20260328_1011_budding_100_cdown.jpg,data/raw/budding/20260328_1011_budding_100_cdown.jpg
pre_bloom,20260811_1640_pre_bloom_120_bdown.jpg,data/raw/pre_bloom/20260811_1640_pre_bloom_120_bdown.jpg
full_bloom,20260722_1744_full_bloom_22_rot45.jpg,data/raw/full_bloom/20260722_1744_full_bloom_22_rot45.jpg
seed_formation,20260328_1041_seed_formation_110_cup.jpg,data/raw/seed_formation/20260328_1041_seed_formation_110_cup.jpg
vegetative,20260328_1047_vegetative_68_sup.jpg,data/raw/vegetative/20260328_1047_vegetative_68_sup.jpg
seed_formation,20260328_1040_seed_formation_95_cdown.jpg,data/raw/seed_formation/20260328_1040_seed_formation_95_cdown.jpg
vegetative,20260712_0902_vegetative_140_sdown.jpg,data/raw/vegetative/20260712_0902_vegetative_140_sdown.jpg
pre_bloom,20260731_1658_pre_bloom_85_cdown.jpg,data/raw/pre_bloom/20260731_1658_pre_bloom_85_cdown.jpg
budding,20260328_1005_budding_20_bdown.jpg,data/raw/budding/20260328_1005_budding_20_bdown.jpg
full_bloom,20260328_1053_full_bloom_80.jpg,data/raw/full_bloom/20260328_1053_full_bloom_80.jpg
wilting,20260824_1708_wilting_79_cdown.jpg,data/raw/wilting/20260824_1708_wilting_79_cdown.jpg
budding,20260328_1005_budding_58_rot60.jpg,data/raw/budding/20260328_1005_budding_58_rot60.jpg
budding,20260328_1115_budding_181_cup.jpg,data/raw/budding/20260328_1115_budding_181_cup.jpg
vegetative,20260328_1117_vegetative_92_sup.jpg,data/raw/vegetative/20260328_1117_vegetative_92_sup.jpg
seed_formation,20260722_1754_seed_formation_159_sup.jpg,data/raw/seed_formation/20260722_1754_seed_formation_159_sup.jpg
pre_bloom,20260804_1724_pre_bloom_104_cdown.jpg,data/raw/pre_bloom/20260804_1724_pre_bloom_104_cdown.jpg
full_bloom,20260722_1804_full_bloom_29_rot30.jpg,data/raw/full_bloom/20260722_1804_full_bloom_29_rot30.jpg
full_bloom,flowerin_0000_full_bloom_147_cdown.jpg,data/raw/full_bloom/flowerin_0000_full_bloom_147_cdown.jpg
seed_formation,20260328_1039_seed_formation_81_bdown.jpg,data/raw/seed_formation/20260328_1039_seed_formation_81_bdown.jpg
vegetative,20260804_1656_vegetative_159.jpg,data/raw/vegetative/20260804_1656_vegetative_159.jpg
vegetative,20260328_1030_vegetative_27_rot30.jpg,data/raw/vegetative/20260328_1030_vegetative_27_rot30.jpg
budding,20260328_1121_budding_188_bdown.jpg,data/raw/budding/20260328_1121_budding_188_bdown.jpg
seed_formation,20260328_1039_seed_formation_86_sup.jpg,data/raw/seed_formation/20260328_1039_seed_formation_86_sup.jpg
full_bloom,20260328_1053_full_bloom_74.jpg,data/raw/full_bloom/20260328_1053_full_bloom_74.jpg
vegetative,20260804_1656_vegetative_160_sup.jpg,data/raw/vegetative/20260804_1656_vegetative_160_sup.jpg
pre_bloom,20260328_1108_pre_bloom_50_cdown.jpg,data/raw/pre_bloom/20260328_1108_pre_bloom_50_cdown.jpg
seed_formation,20260328_1009_seed_formation_25_sdown.jpg,data/raw/seed_formation/20260328_1009_seed_formation_25_sdown.jpg
full_bloom,20260328_1038_full_bloom_47_rot45.jpg,data/raw/full_bloom/20260328_1038_full_bloom_47_rot45.jpg
vegetative,20260712_0902_vegetative_139.jpg,data/raw/vegetative/20260712_0902_vegetative_139.jpg
pre_bloom,20260328_1043_pre_bloom_46_bup.jpg,data/raw/pre_bloom/20260328_1043_pre_bloom_46_bup.jpg
full_bloom,20260722_1658_full_bloom_17.jpg,data/raw/full_bloom/20260722_1658_full_bloom_17.jpg
seed_formation,20260328_1040_seed_formation_98_rot60.jpg,data/raw/seed_formation/20260328_1040_seed_formation_98_rot60.jpg
pre_bloom,20260722_1743_pre_bloom_22.jpg,data/raw/pre_bloom/20260722_1743_pre_bloom_22.jpg
seed_formation,20260328_1040_seed_formation_101_rot45.jpg,data/raw/seed_formation/20260328_1040_seed_formation_101_rot45.jpg
wilting,20260814_1646_wilting_42_rot60.jpg,data/raw/wilting/20260814_1646_wilting_42_rot60.jpg
wilting,20260814_1637_wilting_28_sup.jpg,data/raw/wilting/20260814_1637_wilting_28_sup.jpg
seed_formation,20260328_1022_seed_formation_66_rot30.jpg,data/raw/seed_formation/20260328_1022_seed_formation_66_rot30.jpg
seed_formation,20260328_1020_seed_formation_45_cdown.jpg,data/raw/seed_formation/20260328_1020_seed_formation_45_cdown.jpg
seed_formation,20260328_1041_seed_formation_119_rot30.jpg,data/raw/seed_formation/20260328_1041_seed_formation_119_rot30.jpg
budding,20260328_1005_budding_8_cup.jpg,data/raw/budding/20260328_1005_budding_8_cup.jpg
seed_formation,20260715_1554_seed_formation_129_rot45.jpg,data/raw/seed_formation/20260715_1554_seed_formation_129_rot45.jpg
seed_formation,20260731_1719_seed_formation_184_cup.jpg,data/raw/seed_formation/20260731_1719_seed_formation_184_cup.jpg
full_bloom,20260727_1711_full_bloom_55_bup.jpg,data/raw/full_bloom/20260727_1711_full_bloom_55_bup.jpg
pre_bloom,20260804_1724_pre_bloom_104_cup.jpg,data/raw/pre_bloom/20260804_1724_pre_bloom_104_cup.jpg
seed_formation,20260328_1040_seed_formation_106_sup.jpg,data/raw/seed_formation/20260328_1040_seed_formation_106_sup.jpg
seed_formation,20260328_1040_seed_formation_103_sdown.jpg,data/raw/seed_formation/20260328_1040_seed_formation_103_sdown.jpg
vegetative,20260712_0914_vegetative_145_rot30.jpg,data/raw/vegetative/20260712_0914_vegetative_145_rot30.jpg
budding,20260328_1011_budding_105_rot60.jpg,data/raw/budding/20260328_1011_budding_105_rot60.jpg
seed_formation,20260328_1021_seed_formation_60_bdown.jpg,data/raw/seed_formation/20260328_1021_seed_formation_60_bdown.jpg
vegetative,20260328_1117_vegetative_87_rot60.jpg,data/raw/vegetative/20260328_1117_vegetative_87_rot60.jpg
seed_formation,20260715_1602_seed_formation_149_rot60.jpg,data/raw/seed_formation/20260715_1602_seed_formation_149_rot60.jpg
seed_formation,20260715_1602_seed_formation_145_sup.jpg,data/raw/seed_formation/20260715_1602_seed_formation_145_sup.jpg
seed_formation,20260328_1040_seed_formation_106_cdown.jpg,data/raw/seed_formation/20260328_1040_seed_formation_106_cdown.jpg
seed_formation,20260731_1719_seed_formation_183_sup.jpg,data/raw/seed_formation/20260731_1719_seed_formation_183_sup.jpg
seed_formation,20260727_1715_seed_formation_30_rot30.jpg,data/raw/seed_formation/20260727_1715_seed_formation_30_rot30.jpg
wilting,20260824_1708_wilting_75_cdown.jpg,data/raw/wilting/20260824_1708_wilting_75_cdown.jpg
pre_bloom,20260727_1722_pre_bloom_61.jpg,data/raw/pre_bloom/20260727_1722_pre_bloom_61.jpg
budding,20260328_1005_budding_32_bdown.jpg,data/raw/budding/20260328_1005_budding_32_bdown.jpg
vegetative,20260328_1037_vegetative_45_cup.jpg,data/raw/vegetative/20260328_1037_vegetative_45_cup.jpg
pre_bloom,20260727_1722_pre_bloom_60.jpg,data/raw/pre_bloom/20260727_1722_pre_bloom_60.jpg
full_bloom,20260328_1115_full_bloom_139_cdown.jpg,data/raw/full_bloom/20260328_1115_full_bloom_139_cdown.jpg
seed_formation,20260328_1040_seed_formation_92_bdown.jpg,data/raw/seed_formation/20260328_1040_seed_formation_92_bdown.jpg
wilting,20260824_1705_wilting_45_sdown.jpg,data/raw/wilting/20260824_1705_wilting_45_sdown.jpg
pre_bloom,20260811_1639_pre_bloom_109_rot60.jpg,data/raw/pre_bloom/20260811_1639_pre_bloom_109_rot60.jpg
seed_formation,20260328_1007_seed_formation_4_cdown.jpg,data/raw/seed_formation/20260328_1007_seed_formation_4_cdown.jpg
budding,20260328_1122_budding_205_rot45.jpg,data/raw/budding/20260328_1122_budding_205_rot45.jpg
wilting,20260814_1637_wilting_13_rot60.jpg,data/raw/wilting/20260814_1637_wilting_13_rot60.jpg
pre_bloom,20260731_1658_pre_bloom_86_cup.jpg,data/raw/pre_bloom/20260731_1658_pre_bloom_86_cup.jpg
vegetative,20260328_1037_vegetative_42_rot45.jpg,data/raw/vegetative/20260328_1037_vegetative_42_rot45.jpg
budding,20260328_1005_budding_57_sup.jpg,data/raw/budding/20260328_1005_budding_57_sup.jpg
seed_formation,20260727_1715_seed_formation_27_cdown.jpg,data/raw/seed_formation/20260727_1715_seed_formation_27_cdown.jpg
full_bloom,bloom2.jpg,data/raw/full_bloom/bloom2.jpg
vegetative,20260712_0902_vegetative_138_cdown.jpg,data/raw/vegetative/20260712_0902_vegetative_138_cdown.jpg
full_bloom,20260328_1114_full_bloom_130.jpg,data/raw/full_bloom/20260328_1114_full_bloom_130.jpg
seed_formation,20260328_1041_seed_formation_117.jpg,data/raw/seed_formation/20260328_1041_seed_formation_117.jpg
vegetative,20260328_1123_vegetative_97_sup.jpg,data/raw/vegetative/20260328_1123_vegetative_97_sup.jpg
pre_bloom,20260727_1736_pre_bloom_70_rot60.jpg,data/raw/pre_bloom/20260727_1736_pre_bloom_70_rot60.jpg
budding,20260328_1042_budding_131_rot45.jpg,data/raw/budding/20260328_1042_budding_131_rot45.jpg
full_bloom,flowerin_0000_full_bloom_155.jpg,data/raw/full_bloom/flowerin_0000_full_bloom_155.jpg
pre_bloom,20260811_1640_pre_bloom_122_bdown.jpg,data/raw/pre_bloom/20260811_1640_pre_bloom_122_bdown.jpg
pre_bloom,20260328_1006_pre_bloom_13_sup.jpg,data/raw/pre_bloom/20260328_1006_pre_bloom_13_sup.jpg
budding,inflores_0000_budding_229_cup.jpg,data/raw/budding/inflores_0000_budding_229_cup.jpg
budding,20260328_1010_budding_85_rot60.jpg,data/raw/budding/20260328_1010_budding_85_rot60.jpg
pre_bloom,20260328_1108_pre_bloom_60_rot45.jpg,data/raw/pre_bloom/20260328_1108_pre_bloom_60_rot45.jpg
budding,20260328_1121_budding_189_cdown.jpg,data/raw/budding/20260328_1121_budding_189_cdown.jpg
seed_formation,20260328_1020_seed_formation_50_bup.jpg,data/raw/seed_formation/20260328_1020_seed_formation_50_bup.jpg
pre_bloom,20260731_1657_pre_bloom_83_cdown.jpg,data/raw/pre_bloom/20260731_1657_pre_bloom_83_cdown.jpg
vegetative,20260712_0838_vegetative_102_rot60.jpg,data/raw/vegetative/20260712_0838_vegetative_102_rot60.jpg
vegetative,20260328_1117_vegetative_90_bup.jpg,data/raw/vegetative/20260328_1117_vegetative_90_bup.jpg
pre_bloom,20260722_1742_pre_bloom_16_cdown.jpg,data/raw/pre_bloom/20260722_1742_pre_bloom_16_cdown.jpg
budding,20260328_1121_budding_185_cdown.jpg,data/raw/budding/20260328_1121_budding_185_cdown.jpg
seed_formation,20260722_1745_seed_formation_13_rot45.jpg,data/raw/seed_formation/20260722_1745_seed_formation_13_rot45.jpg
wilting,20260819_1718_wilting_37_rot30.jpg,data/raw/wilting/20260819_1718_wilting_37_rot30.jpg
budding,20260328_1042_budding_130_cup.jpg,data/raw/budding/20260328_1042_budding_130_cup.jpg
full_bloom,20260715_1556_full_bloom_6_cdown.jpg,data/raw/full_bloom/20260715_1556_full_bloom_6_cdown.jpg
vegetative,20260328_1037_vegetative_44_sdown.jpg,data/raw/vegetative/20260328_1037_vegetative_44_sdown.jpg
pre_bloom,20260328_1108_pre_bloom_48_rot60.jpg,data/raw/pre_bloom/20260328_1108_pre_bloom_48_rot60.jpg
pre_bloom,20260328_1043_pre_bloom_36_rot30.jpg,data/raw/pre_bloom/20260328_1043_pre_bloom_36_rot30.jpg
pre_bloom,20260726_1337_pre_bloom_33_bup.jpg,data/raw/pre_bloom/20260726_1337_pre_bloom_33_bup.jpg
pre_bloom,20260727_1711_pre_bloom_56_sdown.jpg,data/raw/pre_bloom/20260727_1711_pre_bloom_56_sdown.jpg
full_bloom,20260328_1052_full_bloom_71_rot30.jpg,data/raw/full_bloom/20260328_1052_full_bloom_71_rot30.jpg
budding,20260328_1121_budding_187_bdown.jpg,data/raw/budding/20260328_1121_budding_187_bdown.jpg
seed_formation,20260328_1009_seed_formation_25_cdown.jpg,data/raw/seed_formation/20260328_1009_seed_formation_25_cdown.jpg
vegetative,20260328_1116_vegetative_74_cup.jpg,data/raw/vegetative/20260328_1116_vegetative_74_cup.jpg
budding,20260328_1111_budding_177_rot60.jpg,data/raw/budding/20260328_1111_budding_177_rot60.jpg
full_bloom,20260328_1114_full_bloom_130_sdown.jpg,data/raw/full_bloom/20260328_1114_full_bloom_130_sdown.jpg
budding,budding3_0000_budding_225_bdown.jpg,data/raw/budding/budding3_0000_budding_225_bdown.jpg
vegetative,20260328_1002_vegetative_1_rot60.jpg,data/raw/vegetative/20260328_1002_vegetative_1_rot60.jpg
pre_bloom,20260731_1656_pre_bloom_80.jpg,data/raw/pre_bloom/20260731_1656_pre_bloom_80.jpg
seed_formation,20260328_1009_seed_formation_28_cup.jpg,data/raw/seed_formation/20260328_1009_seed_formation_28_cup.jpg
full_bloom,20260328_1051_full_bloom_49_cup.jpg,data/raw/full_bloom/20260328_1051_full_bloom_49_cup.jpg
budding,20260328_1122_budding_209_bup.jpg,data/raw/budding/20260328_1122_budding_209_bup.jpg
budding,20260328_1011_budding_105.jpg,data/raw/budding/20260328_1011_budding_105.jpg
budding,20260328_1121_budding_186.jpg,data/raw/budding/20260328_1121_budding_186.jpg
vegetative,20260722_1821_vegetative_151_bdown.jpg,data/raw/vegetative/20260722_1821_vegetative_151_bdown.jpg
seed_formation,20260722_1754_seed_formation_158_rot60.jpg,data/raw/seed_formation/20260722_1754_seed_formation_158_rot60.jpg
vegetative,20260804_1656_vegetative_156_rot60.jpg,data/raw/vegetative/20260804_1656_vegetative_156_rot60.jpg
budding,20260328_1055_budding_140_rot60.jpg,data/raw/budding/20260328_1055_budding_140_rot60.jpg
pre_bloom,20260811_1640_pre_bloom_123_cdown.jpg,data/raw/pre_bloom/20260811_1640_pre_bloom_123_cdown.jpg
wilting,20260727_1724_wilting_11_bup.jpg,data/raw/wilting/20260727_1724_wilting_11_bup.jpg
seed_formation,20260328_1020_seed_formation_53_sdown.jpg,data/raw/seed_formation/20260328_1020_seed_formation_53_sdown.jpg
pre_bloom,20260811_1639_pre_bloom_110.jpg,data/raw/pre_bloom/20260811_1639_pre_bloom_110.jpg
seed_formation,20260328_1039_seed_formation_79_rot45.jpg,data/raw/seed_formation/20260328_1039_seed_formation_79_rot45.jpg
pre_bloom,20260328_1109_pre_bloom_68_bdown.jpg,data/raw/pre_bloom/20260328_1109_pre_bloom_68_bdown.jpg
vegetative,20260712_0901_vegetative_117_bdown.jpg,data/raw/vegetative/20260712_0901_vegetative_117_bdown.jpg
seed_formation,20260727_1715_seed_formation_26_bdown.jpg,data/raw/seed_formation/20260727_1715_seed_formation_26_bdown.jpg
budding,20260328_1010_budding_81_rot30.jpg,data/raw/budding/20260328_1010_budding_81_rot30.jpg
pre_bloom,20260328_1042_pre_bloom_33_cup.jpg,data/raw/pre_bloom/20260328_1042_pre_bloom_33_cup.jpg
vegetative,20260804_1656_vegetative_161_bdown.jpg,data/raw/vegetative/20260804_1656_vegetative_161_bdown.jpg
seed_formation,20260328_1007_seed_formation_5_sup.jpg,data/raw/seed_formation/20260328_1007_seed_formation_5_sup.jpg
seed_formation,20260328_1009_seed_formation_25_rot45.jpg,data/raw/seed_formation/20260328_1009_seed_formation_25_rot45.jpg
seed_formation,20260328_1009_seed_formation_33_rot30.jpg,data/raw/seed_formation/20260328_1009_seed_formation_33_rot30.jpg
seed_formation,20260328_1039_seed_formation_80_sup.jpg,data/raw/seed_formation/20260328_1039_seed_formation_80_sup.jpg
pre_bloom,20260328_1003_pre_bloom_2_bdown.jpg,data/raw/pre_bloom/20260328_1003_pre_bloom_2_bdown.jpg
wilting,20260824_1721_wilting_109_cdown.jpg,data/raw/wilting/20260824_1721_wilting_109_cdown.jpg
budding,20260328_1121_budding_187_rot45.jpg,data/raw/budding/20260328_1121_budding_187_rot45.jpg
budding,20260328_1010_budding_78_cdown.jpg,data/raw/budding/20260328_1010_budding_78_cdown.jpg
vegetative,20260328_1117_vegetative_90.jpg,data/raw/vegetative/20260328_1117_vegetative_90.jpg
full_bloom,20260328_1054_full_bloom_86_sdown.jpg,data/raw/full_bloom/20260328_1054_full_bloom_86_sdown.jpg
vegetative,20260328_1046_vegetative_55_cdown.jpg,data/raw/vegetative/20260328_1046_vegetative_55_cdown.jpg
full_bloom,flowerin_0000_full_bloom_156_rot45.jpg,data/raw/full_bloom/flowerin_0000_full_bloom_156_rot45.jpg
wilting,20260824_1706_wilting_61_cdown.jpg,data/raw/wilting/20260824_1706_wilting_61_cdown.jpg
pre_bloom,20260731_1708_pre_bloom_90_cdown.jpg,data/raw/pre_bloom/20260731_1708_pre_bloom_90_cdown.jpg
wilting,20260814_1636_wilting_15_sup.jpg,data/raw/wilting/20260814_1636_wilting_15_sup.jpg
seed_formation,20260328_1023_seed_formation_71_rot30.jpg,data/raw/seed_formation/20260328_1023_seed_formation_71_rot30.jpg
pre_bloom,20260722_1742_pre_bloom_17_sdown.jpg,data/raw/pre_bloom/20260722_1742_pre_bloom_17_sdown.jpg
vegetative,20260328_1015_vegetative_12_rot60.jpg,data/raw/vegetative/20260328_1015_vegetative_12_rot60.jpg
full_bloom,20260328_1116_full_bloom_143_rot45.jpg,data/raw/full_bloom/20260328_1116_full_bloom_143_rot45.jpg
budding,20260328_1005_budding_51_bup.jpg,data/raw/budding/20260328_1005_budding_51_bup.jpg
pre_bloom,20260727_1736_pre_bloom_69_bdown.jpg,data/raw/pre_bloom/20260727_1736_pre_bloom_69_bdown.jpg
pre_bloom,20260731_1656_pre_bloom_79_bdown.jpg,data/raw/pre_bloom/20260731_1656_pre_bloom_79_bdown.jpg
wilting,20260824_1708_wilting_79.jpg,data/raw/wilting/20260824_1708_wilting_79.jpg
full_bloom,20260328_1114_full_bloom_130_bdown.jpg,data/raw/full_bloom/20260328_1114_full_bloom_130_bdown.jpg
budding,20260328_1005_budding_49_bup.jpg,data/raw/budding/20260328_1005_budding_49_bup.jpg
seed_formation,20260328_1021_seed_formation_60_sdown.jpg,data/raw/seed_formation/20260328_1021_seed_formation_60_sdown.jpg
full_bloom,20260328_1053_full_bloom_79_rot45.jpg,data/raw/full_bloom/20260328_1053_full_bloom_79_rot45.jpg
full_bloom,20260328_1037_full_bloom_34_cup.jpg,data/raw/full_bloom/20260328_1037_full_bloom_34_cup.jpg
pre_bloom,20260731_1656_pre_bloom_81_bup.jpg,data/raw/pre_bloom/20260731_1656_pre_bloom_81_bup.jpg
budding,20260328_1059_budding_156_rot45.jpg,data/raw/budding/20260328_1059_budding_156_rot45.jpg
vegetative,20260328_1117_vegetative_84_bup.jpg,data/raw/vegetative/20260328_1117_vegetative_84_bup.jpg
seed_formation,20260328_1040_seed_formation_103_cdown.jpg,data/raw/seed_formation/20260328_1040_seed_formation_103_cdown.jpg
wilting,20260819_1717_wilting_31_rot30.jpg,data/raw/wilting/20260819_1717_wilting_31_rot30.jpg
seed_formation,20260328_1007_seed_formation_4_rot30.jpg,data/raw/seed_formation/20260328_1007_seed_formation_4_rot30.jpg
pre_bloom,20260328_1109_pre_bloom_69_rot30.jpg,data/raw/pre_bloom/20260328_1109_pre_bloom_69_rot30.jpg
full_bloom,20260715_1556_full_bloom_7_cdown.jpg,data/raw/full_bloom/20260715_1556_full_bloom_7_cdown.jpg
wilting,20260814_1637_wilting_14_rot45.jpg,data/raw/wilting/20260814_1637_wilting_14_rot45.jpg
seed_formation,20260328_1039_seed_formation_79_sdown.jpg,data/raw/seed_formation/20260328_1039_seed_formation_79_sdown.jpg
full_bloom,20260722_1744_full_bloom_22_rot30.jpg,data/raw/full_bloom/20260722_1744_full_bloom_22_rot30.jpg
full_bloom,20260727_1709_full_bloom_47_rot60.jpg,data/raw/full_bloom/20260727_1709_full_bloom_47_rot60.jpg
full_bloom,20260328_1052_full_bloom_59_bdown.jpg,data/raw/full_bloom/20260328_1052_full_bloom_59_bdown.jpg
vegetative,20260328_1046_vegetative_59.jpg,data/raw/vegetative/20260328_1046_vegetative_59.jpg
budding,20260328_1055_budding_135_cup.jpg,data/raw/budding/20260328_1055_budding_135_cup.jpg
wilting,20260722_1658_wilting_6_cup.jpg,data/raw/wilting/20260722_1658_wilting_6_cup.jpg
seed_formation,20260328_1020_seed_formation_45.jpg,data/raw/seed_formation/20260328_1020_seed_formation_45.jpg
pre_bloom,20260731_1656_pre_bloom_81_cdown.jpg,data/raw/pre_bloom/20260731_1656_pre_bloom_81_cdown.jpg
pre_bloom,20260731_1656_pre_bloom_79_rot30.jpg,data/raw/pre_bloom/20260731_1656_pre_bloom_79_rot30.jpg
budding,20260328_1121_budding_198_rot60.jpg,data/raw/budding/20260328_1121_budding_198_rot60.jpg
full_bloom,20260328_1036_full_bloom_32_bup.jpg,data/raw/full_bloom/20260328_1036_full_bloom_32_bup.jpg
full_bloom,20260328_1114_full_bloom_133_rot30.jpg,data/raw/full_bloom/20260328_1114_full_bloom_133_rot30.jpg
seed_formation,20260328_1039_seed_formation_87_rot60.jpg,data/raw/seed_formation/20260328_1039_seed_formation_87_rot60.jpg
pre_bloom,20260731_1708_pre_bloom_89.jpg,data/raw/pre_bloom/20260731_1708_pre_bloom_89.jpg
full_bloom,20260328_1112_full_bloom_125_sup.jpg,data/raw/full_bloom/20260328_1112_full_bloom_125_sup.jpg
full_bloom,bloom4.p_0000_full_bloom_146.jpg,data/raw/full_bloom/bloom4.p_0000_full_bloom_146.jpg
full_bloom,flowerin_0000_full_bloom_149_cup.jpg,data/raw/full_bloom/flowerin_0000_full_bloom_149_cup.jpg
vegetative,vegetati_0000_vegetative_173_bdown.jpg,data/raw/vegetative/vegetati_0000_vegetative_173_bdown.jpg
full_bloom,20260722_1803_full_bloom_25_bup.jpg,data/raw/full_bloom/20260722_1803_full_bloom_25_bup.jpg
budding,20260328_1005_budding_34_sdown.jpg,data/raw/budding/20260328_1005_budding_34_sdown.jpg
seed_formation,20260328_1039_seed_formation_83_rot45.jpg,data/raw/seed_formation/20260328_1039_seed_formation_83_rot45.jpg
seed_formation,20260328_1021_seed_formation_60_sup.jpg,data/raw/seed_formation/20260328_1021_seed_formation_60_sup.jpg
full_bloom,20260727_1707_full_bloom_31_sdown.jpg,data/raw/full_bloom/20260727_1707_full_bloom_31_sdown.jpg
vegetative,20260712_0902_vegetative_132_cup.jpg,data/raw/vegetative/20260712_0902_vegetative_132_cup.jpg
budding,20260328_1121_budding_188_cdown.jpg,data/raw/budding/20260328_1121_budding_188_cdown.jpg
pre_bloom,20260328_1003_pre_bloom_5_rot45.jpg,data/raw/pre_bloom/20260328_1003_pre_bloom_5_rot45.jpg
seed_formation,20260328_1020_seed_formation_47_rot60.jpg,data/raw/seed_formation/20260328_1020_seed_formation_47_rot60.jpg
vegetative,20260712_0902_vegetative_129.jpg,data/raw/vegetative/20260712_0902_vegetative_129.jpg
vegetative,20260328_1117_vegetative_87_bdown.jpg,data/raw/vegetative/20260328_1117_vegetative_87_bdown.jpg
vegetative,20260328_1032_vegetative_34_cup.jpg,data/raw/vegetative/20260328_1032_vegetative_34_cup.jpg
budding,20260328_1005_budding_62_rot60.jpg,data/raw/budding/20260328_1005_budding_62_rot60.jpg
budding,20260328_1055_budding_143.jpg,data/raw/budding/20260328_1055_budding_143.jpg
pre_bloom,20260722_1743_pre_bloom_22_rot45.jpg,data/raw/pre_bloom/20260722_1743_pre_bloom_22_rot45.jpg
full_bloom,20260328_1114_full_bloom_129_bdown.jpg,data/raw/full_bloom/20260328_1114_full_bloom_129_bdown.jpg
vegetative,20260712_0902_vegetative_135_rot30.jpg,data/raw/vegetative/20260712_0902_vegetative_135_rot30.jpg
vegetative,20260328_1117_vegetative_92_bdown.jpg,data/raw/vegetative/20260328_1117_vegetative_92_bdown.jpg
wilting,20260722_1658_wilting_7_sdown.jpg,data/raw/wilting/20260722_1658_wilting_7_sdown.jpg
full_bloom,20260715_1557_full_bloom_15_rot45.jpg,data/raw/full_bloom/20260715_1557_full_bloom_15_rot45.jpg
budding,20260328_1055_budding_139.jpg,data/raw/budding/20260328_1055_budding_139.jpg
vegetative,20260328_1030_vegetative_28_bup.jpg,data/raw/vegetative/20260328_1030_vegetative_28_bup.jpg
full_bloom,20260727_1722_full_bloom_63_cup.jpg,data/raw/full_bloom/20260727_1722_full_bloom_63_cup.jpg
seed_formation,20260328_1039_seed_formation_84_cup.jpg,data/raw/seed_formation/20260328_1039_seed_formation_84_cup.jpg
full_bloom,20260715_1556_full_bloom_9_cup.jpg,data/raw/full_bloom/20260715_1556_full_bloom_9_cup.jpg
full_bloom,20260328_1100_full_bloom_100_rot30.jpg,data/raw/full_bloom/20260328_1100_full_bloom_100_rot30.jpg
vegetative,20260712_0902_vegetative_132_rot30.jpg,data/raw/vegetative/20260712_0902_vegetative_132_rot30.jpg
budding,20260328_1005_budding_36_rot60.jpg,data/raw/budding/20260328_1005_budding_36_rot60.jpg
full_bloom,20260328_1053_full_bloom_83_rot30.jpg,data/raw/full_bloom/20260328_1053_full_bloom_83_rot30.jpg
seed_formation,20260328_1020_seed_formation_46_rot60.jpg,data/raw/seed_formation/20260328_1020_seed_formation_46_rot60.jpg
wilting,20260824_1721_wilting_106_sdown.jpg,data/raw/wilting/20260824_1721_wilting_106_sdown.jpg
full_bloom,20260715_1556_full_bloom_9_bdown.jpg,data/raw/full_bloom/20260715_1556_full_bloom_9_bdown.jpg
pre_bloom,20260328_1043_pre_bloom_40_sup.jpg,data/raw/pre_bloom/20260328_1043_pre_bloom_40_sup.jpg
budding,20260328_1011_budding_94_rot60.jpg,data/raw/budding/20260328_1011_budding_94_rot60.jpg
pre_bloom,20260328_1005_pre_bloom_7_bup.jpg,data/raw/pre_bloom/20260328_1005_pre_bloom_7_bup.jpg
pre_bloom,20260727_1555_pre_bloom_38_rot60.jpg,data/raw/pre_bloom/20260727_1555_pre_bloom_38_rot60.jpg
seed_formation,20260328_1041_seed_formation_108_bup.jpg,data/raw/seed_formation/20260328_1041_seed_formation_108_bup.jpg
seed_formation,20260722_1745_seed_formation_13.jpg,data/raw/seed_formation/20260722_1745_seed_formation_13.jpg
full_bloom,20260727_1707_full_bloom_35_rot30.jpg,data/raw/full_bloom/20260727_1707_full_bloom_35_rot30.jpg
full_bloom,20260328_1100_full_bloom_96_rot30.jpg,data/raw/full_bloom/20260328_1100_full_bloom_96_rot30.jpg
pre_bloom,20260726_1336_pre_bloom_31_cup.jpg,data/raw/pre_bloom/20260726_1336_pre_bloom_31_cup.jpg
wilting,20260824_1721_wilting_107_rot45.jpg,data/raw/wilting/20260824_1721_wilting_107_rot45.jpg
wilting,20260819_1717_wilting_27_cdown.jpg,data/raw/wilting/20260819_1717_wilting_27_cdown.jpg
seed_formation,20260727_1732_seed_formation_171_sup.jpg,data/raw/seed_formation/20260727_1732_seed_formation_171_sup.jpg
budding,20260328_1110_budding_159_bup.jpg,data/raw/budding/20260328_1110_budding_159_bup.jpg
budding,20260328_1055_budding_141_sup.jpg,data/raw/budding/20260328_1055_budding_141_sup.jpg
full_bloom,flowerin_0000_full_bloom_157_sup.jpg,data/raw/full_bloom/flowerin_0000_full_bloom_157_sup.jpg
vegetative,20260328_1117_vegetative_80_rot45.jpg,data/raw/vegetative/20260328_1117_vegetative_80_rot45.jpg
budding,20260328_1005_budding_39_rot30.jpg,data/raw/budding/20260328_1005_budding_39_rot30.jpg
seed_formation,20260328_1020_seed_formation_46_cup.jpg,data/raw/seed_formation/20260328_1020_seed_formation_46_cup.jpg
pre_bloom,20260328_1003_pre_bloom_2_cdown.jpg,data/raw/pre_bloom/20260328_1003_pre_bloom_2_cdown.jpg
budding,20260328_1042_budding_130_rot45.jpg,data/raw/budding/20260328_1042_budding_130_rot45.jpg
wilting,20260824_1707_wilting_69_rot60.jpg,data/raw/wilting/20260824_1707_wilting_69_rot60.jpg
pre_bloom,20260328_1042_pre_bloom_28.jpg,data/raw/pre_bloom/20260328_1042_pre_bloom_28.jpg
budding,20260328_1018_budding_128_bdown.jpg,data/raw/budding/20260328_1018_budding_128_bdown.jpg
seed_formation,20260722_1754_seed_formation_161_sdown.jpg,data/raw/seed_formation/20260722_1754_seed_formation_161_sdown.jpg
budding,20260328_1110_budding_159_cdown.jpg,data/raw/budding/20260328_1110_budding_159_cdown.jpg
seed_formation,20260328_1020_seed_formation_54.jpg,data/raw/seed_formation/20260328_1020_seed_formation_54.jpg
seed_formation,20260727_1733_seed_formation_172_bdown.jpg,data/raw/seed_formation/20260727_1733_seed_formation_172_bdown.jpg
vegetative,20260712_0901_vegetative_128_rot45.jpg,data/raw/vegetative/20260712_0901_vegetative_128_rot45.jpg
pre_bloom,20260727_1711_pre_bloom_49_cup.jpg,data/raw/pre_bloom/20260727_1711_pre_bloom_49_cup.jpg
full_bloom,20260328_1059_full_bloom_92_sup.jpg,data/raw/full_bloom/20260328_1059_full_bloom_92_sup.jpg
wilting,20260824_1708_wilting_78_rot60.jpg,data/raw/wilting/20260824_1708_wilting_78_rot60.jpg
budding,20260328_1110_budding_170_rot60.jpg,data/raw/budding/20260328_1110_budding_170_rot60.jpg
seed_formation,20260328_1020_seed_formation_42.jpg,data/raw/seed_formation/20260328_1020_seed_formation_42.jpg
seed_formation,20260328_1009_seed_formation_33_cup.jpg,data/raw/seed_formation/20260328_1009_seed_formation_33_cup.jpg
vegetative,20260328_1046_vegetative_62_sdown.jpg,data/raw/vegetative/20260328_1046_vegetative_62_sdown.jpg
budding,20260328_1055_budding_142_rot45.jpg,data/raw/budding/20260328_1055_budding_142_rot45.jpg
seed_formation,20260722_1745_seed_formation_156_bdown.jpg,data/raw/seed_formation/20260722_1745_seed_formation_156_bdown.jpg
budding,20260328_1005_budding_13_sdown.jpg,data/raw/budding/20260328_1005_budding_13_sdown.jpg
wilting,20260328_1056_wilting_3_cup.jpg,data/raw/wilting/20260328_1056_wilting_3_cup.jpg
wilting,20260814_1637_wilting_27_bup.jpg,data/raw/wilting/20260814_1637_wilting_27_bup.jpg
full_bloom,20260328_1036_full_bloom_30_sdown.jpg,data/raw/full_bloom/20260328_1036_full_bloom_30_sdown.jpg
budding,20260328_1011_budding_89_bup.jpg,data/raw/budding/20260328_1011_budding_89_bup.jpg
vegetative,20260722_1821_vegetative_151_sup.jpg,data/raw/vegetative/20260722_1821_vegetative_151_sup.jpg
budding,20260328_1005_budding_1_bup.jpg,data/raw/budding/20260328_1005_budding_1_bup.jpg
full_bloom,20260328_1114_full_bloom_130_sup.jpg,data/raw/full_bloom/20260328_1114_full_bloom_130_sup.jpg
vegetative,20260328_1116_vegetative_73_rot30.jpg,data/raw/vegetative/20260328_1116_vegetative_73_rot30.jpg
pre_bloom,20260328_1043_pre_bloom_35_cdown.jpg,data/raw/pre_bloom/20260328_1043_pre_bloom_35_cdown.jpg
wilting,20260819_1716_wilting_25_bup.jpg,data/raw/wilting/20260819_1716_wilting_25_bup.jpg
budding,20260328_1005_budding_65_rot60.jpg,data/raw/budding/20260328_1005_budding_65_rot60.jpg
seed_formation,20260328_1041_seed_formation_116_bup.jpg,data/raw/seed_formation/20260328_1041_seed_formation_116_bup.jpg
seed_formation,20260328_1019_seed_formation_38.jpg,data/raw/seed_formation/20260328_1019_seed_formation_38.jpg
budding,20260328_1123_budding_220_cup.jpg,data/raw/budding/20260328_1123_budding_220_cup.jpg
vegetative,vegetati_0000_vegetative_177_rot45.jpg,data/raw/vegetative/vegetati_0000_vegetative_177_rot45.jpg
seed_formation,20260328_1006_seed_formation_3_rot45.jpg,data/raw/seed_formation/20260328_1006_seed_formation_3_rot45.jpg
seed_formation,20260328_1022_seed_formation_66_cup.jpg,data/raw/seed_formation/20260328_1022_seed_formation_66_cup.jpg
wilting,20260824_1705_wilting_50_sup.jpg,data/raw/wilting/20260824_1705_wilting_50_sup.jpg
full_bloom,20260715_1555_full_bloom_1_rot60.jpg,data/raw/full_bloom/20260715_1555_full_bloom_1_rot60.jpg
vegetative,20260712_0902_vegetative_131_rot60.jpg,data/raw/vegetative/20260712_0902_vegetative_131_rot60.jpg
pre_bloom,20260328_1108_pre_bloom_55_rot60.jpg,data/raw/pre_bloom/20260328_1108_pre_bloom_55_rot60.jpg
vegetative,20260328_1117_vegetative_80_bdown.jpg,data/raw/vegetative/20260328_1117_vegetative_80_bdown.jpg
vegetative,flowerin_0000_vegetative_169_bup.jpg,data/raw/vegetative/flowerin_0000_vegetative_169_bup.jpg
seed_formation,20260722_1755_seed_formation_167_rot60.jpg,data/raw/seed_formation/20260722_1755_seed_formation_167_rot60.jpg
seed_formation,20260731_1719_seed_formation_180_rot45.jpg,data/raw/seed_formation/20260731_1719_seed_formation_180_rot45.jpg
pre_bloom,20260727_1555_pre_bloom_41_cdown.jpg,data/raw/pre_bloom/20260727_1555_pre_bloom_41_cdown.jpg
wilting,20260814_1636_wilting_20_rot60.jpg,data/raw/wilting/20260814_1636_wilting_20_rot60.jpg
pre_bloom,20260328_1108_pre_bloom_53_rot30.jpg,data/raw/pre_bloom/20260328_1108_pre_bloom_53_rot30.jpg
full_bloom,20260328_1013_full_bloom_3_rot60.jpg,data/raw/full_bloom/20260328_1013_full_bloom_3_rot60.jpg
pre_bloom,20260722_1743_pre_bloom_23_bup.jpg,data/raw/pre_bloom/20260722_1743_pre_bloom_23_bup.jpg
full_bloom,20260722_1744_full_bloom_23_rot60.jpg,data/raw/full_bloom/20260722_1744_full_bloom_23_rot60.jpg
seed_formation,20260727_1733_seed_formation_176_sup.jpg,data/raw/seed_formation/20260727_1733_seed_formation_176_sup.jpg
budding,inflores_0000_budding_228_rot45.jpg,data/raw/budding/inflores_0000_budding_228_rot45.jpg
pre_bloom,20260328_1043_pre_bloom_35_rot45.jpg,data/raw/pre_bloom/20260328_1043_pre_bloom_35_rot45.jpg
wilting,20260824_1706_wilting_58_bdown.jpg,data/raw/wilting/20260824_1706_wilting_58_bdown.jpg
seed_formation,20260731_1719_seed_formation_183_rot45.jpg,data/raw/seed_formation/20260731_1719_seed_formation_183_rot45.jpg
full_bloom,20260727_1724_full_bloom_70_cdown.jpg,data/raw/full_bloom/20260727_1724_full_bloom_70_cdown.jpg
pre_bloom,20260727_1736_pre_bloom_67_sup.jpg,data/raw/pre_bloom/20260727_1736_pre_bloom_67_sup.jpg
seed_formation,20260328_1020_seed_formation_41_rot45.jpg,data/raw/seed_formation/20260328_1020_seed_formation_41_rot45.jpg
full_bloom,20260722_1804_full_bloom_29_sdown.jpg,data/raw/full_bloom/20260722_1804_full_bloom_29_sdown.jpg
seed_formation,20260328_1009_seed_formation_33.jpg,data/raw/seed_formation/20260328_1009_seed_formation_33.jpg
pre_bloom,20260328_1003_pre_bloom_4_cdown.jpg,data/raw/pre_bloom/20260328_1003_pre_bloom_4_cdown.jpg
wilting,20260824_1709_wilting_83.jpg,data/raw/wilting/20260824_1709_wilting_83.jpg
full_bloom,20260715_1557_full_bloom_12_cdown.jpg,data/raw/full_bloom/20260715_1557_full_bloom_12_cdown.jpg
vegetative,20260804_1656_vegetative_160.jpg,data/raw/vegetative/20260804_1656_vegetative_160.jpg
full_bloom,20260328_1037_full_bloom_35_rot30.jpg,data/raw/full_bloom/20260328_1037_full_bloom_35_rot30.jpg
budding,20260328_1059_budding_156_bdown.jpg,data/raw/budding/20260328_1059_budding_156_bdown.jpg
budding,20260328_1122_budding_212_sdown.jpg,data/raw/budding/20260328_1122_budding_212_sdown.jpg
full_bloom,20260328_1112_full_bloom_125_sdown.jpg,data/raw/full_bloom/20260328_1112_full_bloom_125_sdown.jpg
budding,20260328_1055_budding_143_sup.jpg,data/raw/budding/20260328_1055_budding_143_sup.jpg
full_bloom,20260727_1707_full_bloom_34_sdown.jpg,data/raw/full_bloom/20260727_1707_full_bloom_34_sdown.jpg
wilting,20260824_1705_wilting_50_bdown.jpg,data/raw/wilting/20260824_1705_wilting_50_bdown.jpg
vegetative,20260328_1032_vegetative_37_rot45.jpg,data/raw/vegetative/20260328_1032_vegetative_37_rot45.jpg
vegetative,20260722_1821_vegetative_151_cdown.jpg,data/raw/vegetative/20260722_1821_vegetative_151_cdown.jpg
budding,20260328_1055_budding_134_rot30.jpg,data/raw/budding/20260328_1055_budding_134_rot30.jpg
seed_formation,20260722_1754_seed_formation_161.jpg,data/raw/seed_formation/20260722_1754_seed_formation_161.jpg
budding,20260328_1005_budding_33.jpg,data/raw/budding/20260328_1005_budding_33.jpg
budding,20260328_1110_budding_171_rot30.jpg,data/raw/budding/20260328_1110_budding_171_rot30.jpg
vegetative,20260712_0838_vegetative_103_rot60.jpg,data/raw/vegetative/20260712_0838_vegetative_103_rot60.jpg
vegetative,flowerin_0000_vegetative_166_cup.jpg,data/raw/vegetative/flowerin_0000_vegetative_166_cup.jpg
pre_bloom,20260811_1640_pre_bloom_113_sdown.jpg,data/raw/pre_bloom/20260811_1640_pre_bloom_113_sdown.jpg
budding,20260328_1010_budding_85_cup.jpg,data/raw/budding/20260328_1010_budding_85_cup.jpg
full_bloom,20260715_1557_full_bloom_12_sup.jpg,data/raw/full_bloom/20260715_1557_full_bloom_12_sup.jpg
pre_bloom,20260328_1003_pre_bloom_4_rot60.jpg,data/raw/pre_bloom/20260328_1003_pre_bloom_4_rot60.jpg
pre_bloom,20260727_1711_pre_bloom_51_bup.jpg,data/raw/pre_bloom/20260727_1711_pre_bloom_51_bup.jpg
vegetative,20260722_1821_vegetative_153_rot60.jpg,data/raw/vegetative/20260722_1821_vegetative_153_rot60.jpg
budding,20260328_1121_budding_184_bup.jpg,data/raw/budding/20260328_1121_budding_184_bup.jpg
wilting,20260824_1706_wilting_55_bup.jpg,data/raw/wilting/20260824_1706_wilting_55_bup.jpg
seed_formation,20260727_1733_seed_formation_177_rot60.jpg,data/raw/seed_formation/20260727_1733_seed_formation_177_rot60.jpg
vegetative,20260328_1038_vegetative_51_cdown.jpg,data/raw/vegetative/20260328_1038_vegetative_51_cdown.jpg
pre_bloom,20260328_1004_pre_bloom_6_bup.jpg,data/raw/pre_bloom/20260328_1004_pre_bloom_6_bup.jpg
budding,20260328_1121_budding_186_rot60.jpg,data/raw/budding/20260328_1121_budding_186_rot60.jpg
wilting,20260814_1636_wilting_16_sdown.jpg,data/raw/wilting/20260814_1636_wilting_16_sdown.jpg
budding,budding2_0000_budding_224_cdown.jpg,data/raw/budding/budding2_0000_budding_224_cdown.jpg
budding,20260328_1110_budding_169_rot30.jpg,data/raw/budding/20260328_1110_budding_169_rot30.jpg
pre_bloom,20260712_0855_pre_bloom_11.jpg,data/raw/pre_bloom/20260712_0855_pre_bloom_11.jpg
seed_formation,20260328_1007_seed_formation_5_bup.jpg,data/raw/seed_formation/20260328_1007_seed_formation_5_bup.jpg
pre_bloom,20260811_1640_pre_bloom_123.jpg,data/raw/pre_bloom/20260811_1640_pre_bloom_123.jpg
budding,20260328_1005_budding_36_cup.jpg,data/raw/budding/20260328_1005_budding_36_cup.jpg
wilting,20260814_1636_wilting_14_sdown.jpg,data/raw/wilting/20260814_1636_wilting_14_sdown.jpg
budding,20260328_1123_budding_219_rot45.jpg,data/raw/budding/20260328_1123_budding_219_rot45.jpg
wilting,20260824_1720_wilting_90_bdown.jpg,data/raw/wilting/20260824_1720_wilting_90_bdown.jpg
wilting,20260814_1637_wilting_14_cdown.jpg,data/raw/wilting/20260814_1637_wilting_14_cdown.jpg
wilting,20260814_1646_wilting_39.jpg,data/raw/wilting/20260814_1646_wilting_39.jpg
vegetative,20260328_1047_vegetative_67_sdown.jpg,data/raw/vegetative/20260328_1047_vegetative_67_sdown.jpg
wilting,20260824_1706_wilting_60.jpg,data/raw/wilting/20260824_1706_wilting_60.jpg
budding,20260328_1005_budding_13_sup.jpg,data/raw/budding/20260328_1005_budding_13_sup.jpg
pre_bloom,20260731_1658_pre_bloom_88.jpg,data/raw/pre_bloom/20260731_1658_pre_bloom_88.jpg
vegetative,20260328_1046_vegetative_58_bdown.jpg,data/raw/vegetative/20260328_1046_vegetative_58_bdown.jpg
seed_formation,20260328_1041_seed_formation_110_rot30.jpg,data/raw/seed_formation/20260328_1041_seed_formation_110_rot30.jpg
wilting,20260824_1708_wilting_79_sup.jpg,data/raw/wilting/20260824_1708_wilting_79_sup.jpg
budding,20260328_1122_budding_213_rot45.jpg,data/raw/budding/20260328_1122_budding_213_rot45.jpg
vegetative,20260328_1002_vegetative_3_bup.jpg,data/raw/vegetative/20260328_1002_vegetative_3_bup.jpg
budding,20260328_1059_budding_154_bup.jpg,data/raw/budding/20260328_1059_budding_154_bup.jpg
budding,20260328_1005_budding_65_sup.jpg,data/raw/budding/20260328_1005_budding_65_sup.jpg
vegetative,20260712_0838_vegetative_104_bup.jpg,data/raw/vegetative/20260712_0838_vegetative_104_bup.jpg
wilting,20260814_1637_wilting_14_rot30.jpg,data/raw/wilting/20260814_1637_wilting_14_rot30.jpg
pre_bloom,20260328_1019_pre_bloom_23_rot45.jpg,data/raw/pre_bloom/20260328_1019_pre_bloom_23_rot45.jpg
budding,20260328_1005_budding_2_bup.jpg,data/raw/budding/20260328_1005_budding_2_bup.jpg
wilting,20260824_1720_wilting_96_rot45.jpg,data/raw/wilting/20260824_1720_wilting_96_rot45.jpg
budding,20260328_1122_budding_214_cup.jpg,data/raw/budding/20260328_1122_budding_214_cup.jpg
pre_bloom,20260731_1708_pre_bloom_90_rot60.jpg,data/raw/pre_bloom/20260731_1708_pre_bloom_90_rot60.jpg
budding,20260328_1121_budding_191_bdown.jpg,data/raw/budding/20260328_1121_budding_191_bdown.jpg
vegetative,20260328_1116_vegetative_72.jpg,data/raw/vegetative/20260328_1116_vegetative_72.jpg
full_bloom,20260328_1013_full_bloom_9_rot30.jpg,data/raw/full_bloom/20260328_1013_full_bloom_9_rot30.jpg
full_bloom,20260328_1013_full_bloom_10_cup.jpg,data/raw/full_bloom/20260328_1013_full_bloom_10_cup.jpg
budding,20260328_1005_budding_46_bdown.jpg,data/raw/budding/20260328_1005_budding_46_bdown.jpg
pre_bloom,20260731_1656_pre_bloom_82_bdown.jpg,data/raw/pre_bloom/20260731_1656_pre_bloom_82_bdown.jpg
vegetative,20260328_1037_vegetative_48_bup.jpg,data/raw/vegetative/20260328_1037_vegetative_48_bup.jpg
full_bloom,20260328_1052_full_bloom_71.jpg,data/raw/full_bloom/20260328_1052_full_bloom_71.jpg
full_bloom,20260328_1037_full_bloom_38.jpg,data/raw/full_bloom/20260328_1037_full_bloom_38.jpg
full_bloom,20260328_1110_full_bloom_115_rot60.jpg,data/raw/full_bloom/20260328_1110_full_bloom_115_rot60.jpg
pre_bloom,20260727_1722_pre_bloom_59.jpg,data/raw/pre_bloom/20260727_1722_pre_bloom_59.jpg
full_bloom,flowerin_0000_full_bloom_159_rot60.jpg,data/raw/full_bloom/flowerin_0000_full_bloom_159_rot60.jpg
budding,inflores_0000_budding_228_cup.jpg,data/raw/budding/inflores_0000_budding_228_cup.jpg
budding,20260328_1005_budding_29_cdown.jpg,data/raw/budding/20260328_1005_budding_29_cdown.jpg
seed_formation,20260328_1039_seed_formation_88_cup.jpg,data/raw/seed_formation/20260328_1039_seed_formation_88_cup.jpg
full_bloom,20260727_1709_full_bloom_49_cdown.jpg,data/raw/full_bloom/20260727_1709_full_bloom_49_cdown.jpg
vegetative,20260328_1117_vegetative_88_rot60.jpg,data/raw/vegetative/20260328_1117_vegetative_88_rot60.jpg
full_bloom,20260328_1038_full_bloom_43_cdown.jpg,data/raw/full_bloom/20260328_1038_full_bloom_43_cdown.jpg
wilting,20260824_1720_wilting_96_bup.jpg,data/raw/wilting/20260824_1720_wilting_96_bup.jpg
full_bloom,20260328_1109_full_bloom_103.jpg,data/raw/full_bloom/20260328_1109_full_bloom_103.jpg
seed_formation,20260731_1719_seed_formation_183_bdown.jpg,data/raw/seed_formation/20260731_1719_seed_formation_183_bdown.jpg
seed_formation,20260715_1554_seed_formation_131_rot30.jpg,data/raw/seed_formation/20260715_1554_seed_formation_131_rot30.jpg
full_bloom,20260722_1803_full_bloom_25_sup.jpg,data/raw/full_bloom/20260722_1803_full_bloom_25_sup.jpg
pre_bloom,20260727_1711_pre_bloom_49_bdown.jpg,data/raw/pre_bloom/20260727_1711_pre_bloom_49_bdown.jpg
wilting,20260819_1717_wilting_28_bdown.jpg,data/raw/wilting/20260819_1717_wilting_28_bdown.jpg
pre_bloom,20260328_1108_pre_bloom_58_cdown.jpg,data/raw/pre_bloom/20260328_1108_pre_bloom_58_cdown.jpg
seed_formation,20260328_1023_seed_formation_72_rot45.jpg,data/raw/seed_formation/20260328_1023_seed_formation_72_rot45.jpg
seed_formation,20260727_1732_seed_formation_170_cdown.jpg,data/raw/seed_formation/20260727_1732_seed_formation_170_cdown.jpg
budding,budding2_0000_budding_224.jpg,data/raw/budding/budding2_0000_budding_224.jpg
seed_formation,20260328_1040_seed_formation_106_cup.jpg,data/raw/seed_formation/20260328_1040_seed_formation_106_cup.jpg
wilting,20260814_1637_wilting_28_cup.jpg,data/raw/wilting/20260814_1637_wilting_28_cup.jpg
pre_bloom,flowerin_0000_pre_bloom_85_sup.jpg,data/raw/pre_bloom/flowerin_0000_pre_bloom_85_sup.jpg
pre_bloom,20260811_1640_pre_bloom_125_bdown.jpg,data/raw/pre_bloom/20260811_1640_pre_bloom_125_bdown.jpg
seed_formation,20260722_1754_seed_formation_161_cup.jpg,data/raw/seed_formation/20260722_1754_seed_formation_161_cup.jpg
vegetative,20260712_0838_vegetative_102_rot30.jpg,data/raw/vegetative/20260712_0838_vegetative_102_rot30.jpg
full_bloom,20260715_1557_full_bloom_12_rot60.jpg,data/raw/full_bloom/20260715_1557_full_bloom_12_rot60.jpg
pre_bloom,20260722_1743_pre_bloom_21_rot45.jpg,data/raw/pre_bloom/20260722_1743_pre_bloom_21_rot45.jpg
seed_formation,20260328_1009_seed_formation_25_bdown.jpg,data/raw/seed_formation/20260328_1009_seed_formation_25_bdown.jpg
full_bloom,20260328_1013_full_bloom_10_rot30.jpg,data/raw/full_bloom/20260328_1013_full_bloom_10_rot30.jpg
pre_bloom,20260328_1043_pre_bloom_39.jpg,data/raw/pre_bloom/20260328_1043_pre_bloom_39.jpg
pre_bloom,20260731_1658_pre_bloom_85.jpg,data/raw/pre_bloom/20260731_1658_pre_bloom_85.jpg
full_bloom,20260328_1112_full_bloom_123_cdown.jpg,data/raw/full_bloom/20260328_1112_full_bloom_123_cdown.jpg
seed_formation,20260328_1020_seed_formation_58.jpg,data/raw/seed_formation/20260328_1020_seed_formation_58.jpg
pre_bloom,flowerin_0000_pre_bloom_82_cdown.jpg,data/raw/pre_bloom/flowerin_0000_pre_bloom_82_cdown.jpg
budding,20260328_1111_budding_179_rot45.jpg,data/raw/budding/20260328_1111_budding_179_rot45.jpg
wilting,20260814_1637_wilting_26_cdown.jpg,data/raw/wilting/20260814_1637_wilting_26_cdown.jpg
budding,20260328_1121_budding_190_rot45.jpg,data/raw/budding/20260328_1121_budding_190_rot45.jpg
full_bloom,20260328_1110_full_bloom_117.jpg,data/raw/full_bloom/20260328_1110_full_bloom_117.jpg
vegetative,20260328_1117_vegetative_78_bdown.jpg,data/raw/vegetative/20260328_1117_vegetative_78_bdown.jpg
vegetative,20260328_1117_vegetative_78_bup.jpg,data/raw/vegetative/20260328_1117_vegetative_78_bup.jpg
wilting,20260824_1706_wilting_62.jpg,data/raw/wilting/20260824_1706_wilting_62.jpg
wilting,20260824_1719_wilting_86_bup.jpg,data/raw/wilting/20260824_1719_wilting_86_bup.jpg
wilting,20260824_1709_wilting_85_sup.jpg,data/raw/wilting/20260824_1709_wilting_85_sup.jpg
seed_formation,20260715_1602_seed_formation_149_cup.jpg,data/raw/seed_formation/20260715_1602_seed_formation_149_cup.jpg
vegetative,20260712_0901_vegetative_117.jpg,data/raw/vegetative/20260712_0901_vegetative_117.jpg
seed_formation,20260328_1020_seed_formation_57_cup.jpg,data/raw/seed_formation/20260328_1020_seed_formation_57_cup.jpg
full_bloom,20260727_1711_full_bloom_56_cup.jpg,data/raw/full_bloom/20260727_1711_full_bloom_56_cup.jpg
vegetative,20260328_1123_vegetative_96_bdown.jpg,data/raw/vegetative/20260328_1123_vegetative_96_bdown.jpg
wilting,20260819_1705_wilting_17_bup.jpg,data/raw/wilting/20260819_1705_wilting_17_bup.jpg
budding,20260328_1110_budding_173_bup.jpg,data/raw/budding/20260328_1110_budding_173_bup.jpg
vegetative,20260328_1046_vegetative_58_sup.jpg,data/raw/vegetative/20260328_1046_vegetative_58_sup.jpg
full_bloom,20260722_1804_full_bloom_30_sdown.jpg,data/raw/full_bloom/20260722_1804_full_bloom_30_sdown.jpg
full_bloom,20260328_1036_full_bloom_23_rot45.jpg,data/raw/full_bloom/20260328_1036_full_bloom_23_rot45.jpg
vegetative,20260328_1046_vegetative_59_rot60.jpg,data/raw/vegetative/20260328_1046_vegetative_59_rot60.jpg
full_bloom,flowerin_0000_full_bloom_159_sdown.jpg,data/raw/full_bloom/flowerin_0000_full_bloom_159_sdown.jpg
budding,20260328_1111_budding_178_bup.jpg,data/raw/budding/20260328_1111_budding_178_bup.jpg
wilting,20260819_1718_wilting_38_rot30.jpg,data/raw/wilting/20260819_1718_wilting_38_rot30.jpg
budding,20260328_1005_budding_59_sdown.jpg,data/raw/budding/20260328_1005_budding_59_sdown.jpg
seed_formation,20260328_1039_seed_formation_83_rot60.jpg,data/raw/seed_formation/20260328_1039_seed_formation_83_rot60.jpg
pre_bloom,20260727_1737_pre_bloom_75_rot30.jpg,data/raw/pre_bloom/20260727_1737_pre_bloom_75_rot30.jpg
vegetative,20260712_0910_vegetative_143_bup.jpg,data/raw/vegetative/20260712_0910_vegetative_143_bup.jpg
seed_formation,20260328_1039_seed_formation_86_rot60.jpg,data/raw/seed_formation/20260328_1039_seed_formation_86_rot60.jpg
seed_formation,20260328_1042_seed_formation_124_rot30.jpg,data/raw/seed_formation/20260328_1042_seed_formation_124_rot30.jpg
wilting,20260824_1705_wilting_40_bdown.jpg,data/raw/wilting/20260824_1705_wilting_40_bdown.jpg
full_bloom,20260727_1711_full_bloom_56_rot30.jpg,data/raw/full_bloom/20260727_1711_full_bloom_56_rot30.jpg
vegetative,20260328_1046_vegetative_56_sup.jpg,data/raw/vegetative/20260328_1046_vegetative_56_sup.jpg
pre_bloom,20260804_1724_pre_bloom_106_bup.jpg,data/raw/pre_bloom/20260804_1724_pre_bloom_106_bup.jpg
seed_formation,20260328_1008_seed_formation_15_sup.jpg,data/raw/seed_formation/20260328_1008_seed_formation_15_sup.jpg
budding,20260328_1005_budding_10_bdown.jpg,data/raw/budding/20260328_1005_budding_10_bdown.jpg
full_bloom,flowerin_0000_full_bloom_155_cup.jpg,data/raw/full_bloom/flowerin_0000_full_bloom_155_cup.jpg
full_bloom,20260715_1556_full_bloom_5_cdown.jpg,data/raw/full_bloom/20260715_1556_full_bloom_5_cdown.jpg
pre_bloom,20260731_1657_pre_bloom_83_rot60.jpg,data/raw/pre_bloom/20260731_1657_pre_bloom_83_rot60.jpg
seed_formation,20260328_1008_seed_formation_8_sdown.jpg,data/raw/seed_formation/20260328_1008_seed_formation_8_sdown.jpg
budding,inflores_0000_budding_227.jpg,data/raw/budding/inflores_0000_budding_227.jpg
pre_bloom,20260727_1555_pre_bloom_44_rot45.jpg,data/raw/pre_bloom/20260727_1555_pre_bloom_44_rot45.jpg
budding,20260328_1055_budding_146_cdown.jpg,data/raw/budding/20260328_1055_budding_146_cdown.jpg
vegetative,20260712_0900_vegetative_115_bup.jpg,data/raw/vegetative/20260712_0900_vegetative_115_bup.jpg
seed_formation,20260328_1041_seed_formation_108_sup.jpg,data/raw/seed_formation/20260328_1041_seed_formation_108_sup.jpg
pre_bloom,20260727_1722_pre_bloom_61_rot30.jpg,data/raw/pre_bloom/20260727_1722_pre_bloom_61_rot30.jpg
seed_formation,20260715_1602_seed_formation_140_rot60.jpg,data/raw/seed_formation/20260715_1602_seed_formation_140_rot60.jpg
seed_formation,20260328_1040_seed_formation_95_bdown.jpg,data/raw/seed_formation/20260328_1040_seed_formation_95_bdown.jpg
full_bloom,20260727_1707_full_bloom_35_rot60.jpg,data/raw/full_bloom/20260727_1707_full_bloom_35_rot60.jpg
full_bloom,20260328_1052_full_bloom_64_cdown.jpg,data/raw/full_bloom/20260328_1052_full_bloom_64_cdown.jpg
budding,20260328_1005_budding_7.jpg,data/raw/budding/20260328_1005_budding_7.jpg
vegetative,20260328_1046_vegetative_58_rot30.jpg,data/raw/vegetative/20260328_1046_vegetative_58_rot30.jpg
seed_formation,20260328_1040_seed_formation_101_rot30.jpg,data/raw/seed_formation/20260328_1040_seed_formation_101_rot30.jpg
full_bloom,20260722_1744_full_bloom_22.jpg,data/raw/full_bloom/20260722_1744_full_bloom_22.jpg
full_bloom,20260328_1038_full_bloom_40_sup.jpg,data/raw/full_bloom/20260328_1038_full_bloom_40_sup.jpg
vegetative,20260328_1030_vegetative_23_rot60.jpg,data/raw/vegetative/20260328_1030_vegetative_23_rot60.jpg
seed_formation,20260328_1021_seed_formation_59_sdown.jpg,data/raw/seed_formation/20260328_1021_seed_formation_59_sdown.jpg
pre_bloom,20260712_0854_pre_bloom_1_bdown.jpg,data/raw/pre_bloom/20260712_0854_pre_bloom_1_bdown.jpg
wilting,20260824_1708_wilting_71_rot30.jpg,data/raw/wilting/20260824_1708_wilting_71_rot30.jpg
vegetative,20260328_1046_vegetative_63_rot60.jpg,data/raw/vegetative/20260328_1046_vegetative_63_rot60.jpg
seed_formation,20260328_1041_seed_formation_112_rot30.jpg,data/raw/seed_formation/20260328_1041_seed_formation_112_rot30.jpg
pre_bloom,20260727_1556_pre_bloom_47_sup.jpg,data/raw/pre_bloom/20260727_1556_pre_bloom_47_sup.jpg
full_bloom,20260328_1013_full_bloom_9_cup.jpg,data/raw/full_bloom/20260328_1013_full_bloom_9_cup.jpg
pre_bloom,20260727_1736_pre_bloom_64_sup.jpg,data/raw/pre_bloom/20260727_1736_pre_bloom_64_sup.jpg
pre_bloom,20260722_1743_pre_bloom_24_cup.jpg,data/raw/pre_bloom/20260722_1743_pre_bloom_24_cup.jpg
full_bloom,20260328_1112_full_bloom_123_bup.jpg,data/raw/full_bloom/20260328_1112_full_bloom_123_bup.jpg
vegetative,20260722_1821_vegetative_153_bdown.jpg,data/raw/vegetative/20260722_1821_vegetative_153_bdown.jpg
seed_formation,20260727_1733_seed_formation_174_bdown.jpg,data/raw/seed_formation/20260727_1733_seed_formation_174_bdown.jpg
vegetative,20260712_0902_vegetative_130_rot30.jpg,data/raw/vegetative/20260712_0902_vegetative_130_rot30.jpg
pre_bloom,20260811_1640_pre_bloom_118_sup.jpg,data/raw/pre_bloom/20260811_1640_pre_bloom_118_sup.jpg
vegetative,20260328_1011_vegetative_8_sdown.jpg,data/raw/vegetative/20260328_1011_vegetative_8_sdown.jpg
budding,20260328_1115_budding_182_cdown.jpg,data/raw/budding/20260328_1115_budding_182_cdown.jpg
wilting,20260814_1646_wilting_41_bdown.jpg,data/raw/wilting/20260814_1646_wilting_41_bdown.jpg
seed_formation,20260328_1040_seed_formation_92_rot30.jpg,data/raw/seed_formation/20260328_1040_seed_formation_92_rot30.jpg
seed_formation,20260328_1041_seed_formation_109_cup.jpg,data/raw/seed_formation/20260328_1041_seed_formation_109_cup.jpg
seed_formation,seedling_0000_seed_formation_190_rot30.jpg,data/raw/seed_formation/seedling_0000_seed_formation_190_rot30.jpg
wilting,20260727_1724_wilting_10_rot60.jpg,data/raw/wilting/20260727_1724_wilting_10_rot60.jpg
vegetative,20260712_0901_vegetative_117_sdown.jpg,data/raw/vegetative/20260712_0901_vegetative_117_sdown.jpg
budding,20260328_1121_budding_186_rot30.jpg,data/raw/budding/20260328_1121_budding_186_rot30.jpg
full_bloom,20260328_1013_full_bloom_11_rot60.jpg,data/raw/full_bloom/20260328_1013_full_bloom_11_rot60.jpg
pre_bloom,20260811_1640_pre_bloom_115.jpg,data/raw/pre_bloom/20260811_1640_pre_bloom_115.jpg
full_bloom,20260727_1709_full_bloom_51_cdown.jpg,data/raw/full_bloom/20260727_1709_full_bloom_51_cdown.jpg
seed_formation,20260328_1007_seed_formation_4_sdown.jpg,data/raw/seed_formation/20260328_1007_seed_formation_4_sdown.jpg
pre_bloom,20260727_1737_pre_bloom_75_cup.jpg,data/raw/pre_bloom/20260727_1737_pre_bloom_75_cup.jpg
seed_formation,20260328_1020_seed_formation_49_bdown.jpg,data/raw/seed_formation/20260328_1020_seed_formation_49_bdown.jpg
vegetative,20260328_1046_vegetative_65_cup.jpg,data/raw/vegetative/20260328_1046_vegetative_65_cup.jpg
vegetative,20260328_1046_vegetative_62_bup.jpg,data/raw/vegetative/20260328_1046_vegetative_62_bup.jpg
wilting,20260819_1705_wilting_17_sdown.jpg,data/raw/wilting/20260819_1705_wilting_17_sdown.jpg
seed_formation,20260715_1602_seed_formation_134_sdown.jpg,data/raw/seed_formation/20260715_1602_seed_formation_134_sdown.jpg
full_bloom,20260328_1014_full_bloom_18_bup.jpg,data/raw/full_bloom/20260328_1014_full_bloom_18_bup.jpg
pre_bloom,20260328_1005_pre_bloom_8_rot30.jpg,data/raw/pre_bloom/20260328_1005_pre_bloom_8_rot30.jpg
seed_formation,20260328_1040_seed_formation_95_rot45.jpg,data/raw/seed_formation/20260328_1040_seed_formation_95_rot45.jpg
full_bloom,20260727_1711_full_bloom_55.jpg,data/raw/full_bloom/20260727_1711_full_bloom_55.jpg
pre_bloom,20260727_1711_pre_bloom_51_rot45.jpg,data/raw/pre_bloom/20260727_1711_pre_bloom_51_rot45.jpg
budding,20260328_1005_budding_43_cup.jpg,data/raw/budding/20260328_1005_budding_43_cup.jpg
wilting,20260814_1637_wilting_12_sdown.jpg,data/raw/wilting/20260814_1637_wilting_12_sdown.jpg
full_bloom,20260727_1709_full_bloom_54_rot45.jpg,data/raw/full_bloom/20260727_1709_full_bloom_54_rot45.jpg
full_bloom,20260727_1707_full_bloom_37_rot60.jpg,data/raw/full_bloom/20260727_1707_full_bloom_37_rot60.jpg
pre_bloom,20260804_1724_pre_bloom_104_sdown.jpg,data/raw/pre_bloom/20260804_1724_pre_bloom_104_sdown.jpg
seed_formation,20260727_1715_seed_formation_31_bup.jpg,data/raw/seed_formation/20260727_1715_seed_formation_31_bup.jpg
wilting,20260824_1706_wilting_55_sdown.jpg,data/raw/wilting/20260824_1706_wilting_55_sdown.jpg
seed_formation,20260715_1602_seed_formation_146.jpg,data/raw/seed_formation/20260715_1602_seed_formation_146.jpg
full_bloom,20260328_1100_full_bloom_95_rot45.jpg,data/raw/full_bloom/20260328_1100_full_bloom_95_rot45.jpg
wilting,20260824_1706_wilting_58_cup.jpg,data/raw/wilting/20260824_1706_wilting_58_cup.jpg
budding,20260328_1121_budding_198_bdown.jpg,data/raw/budding/20260328_1121_budding_198_bdown.jpg
seed_formation,20260727_1733_seed_formation_177_cdown.jpg,data/raw/seed_formation/20260727_1733_seed_formation_177_cdown.jpg
budding,20260328_1122_budding_210_sdown.jpg,data/raw/budding/20260328_1122_budding_210_sdown.jpg
seed_formation,20260328_1020_seed_formation_51_bup.jpg,data/raw/seed_formation/20260328_1020_seed_formation_51_bup.jpg
seed_formation,20260727_1733_seed_formation_175_rot60.jpg,data/raw/seed_formation/20260727_1733_seed_formation_175_rot60.jpg
wilting,20260824_1706_wilting_59_rot60.jpg,data/raw/wilting/20260824_1706_wilting_59_rot60.jpg
vegetative,20260328_1116_vegetative_72_cup.jpg,data/raw/vegetative/20260328_1116_vegetative_72_cup.jpg
vegetative,20260328_1030_vegetative_28_cdown.jpg,data/raw/vegetative/20260328_1030_vegetative_28_cdown.jpg
seed_formation,20260328_1020_seed_formation_47.jpg,data/raw/seed_formation/20260328_1020_seed_formation_47.jpg
seed_formation,20260328_1039_seed_formation_82_cdown.jpg,data/raw/seed_formation/20260328_1039_seed_formation_82_cdown.jpg
seed_formation,20260722_1745_seed_formation_13_bup.jpg,data/raw/seed_formation/20260722_1745_seed_formation_13_bup.jpg
seed_formation,20260731_1719_seed_formation_182_bup.jpg,data/raw/seed_formation/20260731_1719_seed_formation_182_bup.jpg
budding,20260328_1055_budding_142_rot30.jpg,data/raw/budding/20260328_1055_budding_142_rot30.jpg
pre_bloom,20260328_1109_pre_bloom_72_rot60.jpg,data/raw/pre_bloom/20260328_1109_pre_bloom_72_rot60.jpg
vegetative,20260712_0902_vegetative_135.jpg,data/raw/vegetative/20260712_0902_vegetative_135.jpg
wilting,20260824_1706_wilting_63_rot30.jpg,data/raw/wilting/20260824_1706_wilting_63_rot30.jpg
full_bloom,20260328_1109_full_bloom_111_sup.jpg,data/raw/full_bloom/20260328_1109_full_bloom_111_sup.jpg
budding,20260328_1121_budding_187_sup.jpg,data/raw/budding/20260328_1121_budding_187_sup.jpg
full_bloom,20260328_1052_full_bloom_59_cdown.jpg,data/raw/full_bloom/20260328_1052_full_bloom_59_cdown.jpg
full_bloom,20260328_1053_full_bloom_76_rot60.jpg,data/raw/full_bloom/20260328_1053_full_bloom_76_rot60.jpg
pre_bloom,20260731_1658_pre_bloom_86_sup.jpg,data/raw/pre_bloom/20260731_1658_pre_bloom_86_sup.jpg
seed_formation,20260328_1007_seed_formation_4_bup.jpg,data/raw/seed_formation/20260328_1007_seed_formation_4_bup.jpg
budding,20260328_1010_budding_83.jpg,data/raw/budding/20260328_1010_budding_83.jpg
budding,20260328_1005_budding_52_cup.jpg,data/raw/budding/20260328_1005_budding_52_cup.jpg
pre_bloom,20260328_1108_pre_bloom_64_bup.jpg,data/raw/pre_bloom/20260328_1108_pre_bloom_64_bup.jpg
wilting,20260819_1717_wilting_29_rot30.jpg,data/raw/wilting/20260819_1717_wilting_29_rot30.jpg
budding,20260328_1056_budding_150.jpg,data/raw/budding/20260328_1056_budding_150.jpg
vegetative,20260712_0851_vegetative_111_rot60.jpg,data/raw/vegetative/20260712_0851_vegetative_111_rot60.jpg
budding,20260328_1005_budding_48_cdown.jpg,data/raw/budding/20260328_1005_budding_48_cdown.jpg
seed_formation,20260727_1715_seed_formation_26_sup.jpg,data/raw/seed_formation/20260727_1715_seed_formation_26_sup.jpg
full_bloom,20260328_1052_full_bloom_62_sup.jpg,data/raw/full_bloom/20260328_1052_full_bloom_62_sup.jpg
full_bloom,20260328_1036_full_bloom_27_bdown.jpg,data/raw/full_bloom/20260328_1036_full_bloom_27_bdown.jpg
seed_formation,20260328_1007_seed_formation_5_bdown.jpg,data/raw/seed_formation/20260328_1007_seed_formation_5_bdown.jpg
full_bloom,20260722_1804_full_bloom_29_sup.jpg,data/raw/full_bloom/20260722_1804_full_bloom_29_sup.jpg
pre_bloom,20260722_1743_pre_bloom_26_rot30.jpg,data/raw/pre_bloom/20260722_1743_pre_bloom_26_rot30.jpg
vegetative,20260712_0901_vegetative_123_sup.jpg,data/raw/vegetative/20260712_0901_vegetative_123_sup.jpg
budding,20260328_1005_budding_32_sup.jpg,data/raw/budding/20260328_1005_budding_32_sup.jpg
budding,20260328_1005_budding_2_sdown.jpg,data/raw/budding/20260328_1005_budding_2_sdown.jpg
budding,20260328_1110_budding_168_cup.jpg,data/raw/budding/20260328_1110_budding_168_cup.jpg
budding,20260328_1005_budding_62_cup.jpg,data/raw/budding/20260328_1005_budding_62_cup.jpg
seed_formation,20260722_1745_seed_formation_156_sup.jpg,data/raw/seed_formation/20260722_1745_seed_formation_156_sup.jpg
vegetative,20260328_1046_vegetative_62_sup.jpg,data/raw/vegetative/20260328_1046_vegetative_62_sup.jpg
vegetative,20260712_0902_vegetative_133_bup.jpg,data/raw/vegetative/20260712_0902_vegetative_133_bup.jpg
pre_bloom,20260727_1722_pre_bloom_61_sdown.jpg,data/raw/pre_bloom/20260727_1722_pre_bloom_61_sdown.jpg
seed_formation,20260328_1039_seed_formation_80_rot45.jpg,data/raw/seed_formation/20260328_1039_seed_formation_80_rot45.jpg
vegetative,vegetati_0000_vegetative_173_sup.jpg,data/raw/vegetative/vegetati_0000_vegetative_173_sup.jpg
full_bloom,20260328_1036_full_bloom_29_rot45.jpg,data/raw/full_bloom/20260328_1036_full_bloom_29_rot45.jpg
full_bloom,20260722_1744_full_bloom_22_cup.jpg,data/raw/full_bloom/20260722_1744_full_bloom_22_cup.jpg
wilting,20260824_1708_wilting_75_sup.jpg,data/raw/wilting/20260824_1708_wilting_75_sup.jpg
budding,20260328_1110_budding_166_rot45.jpg,data/raw/budding/20260328_1110_budding_166_rot45.jpg
full_bloom,20260715_1555_full_bloom_1_bdown.jpg,data/raw/full_bloom/20260715_1555_full_bloom_1_bdown.jpg
vegetative,20260328_1047_vegetative_68_rot45.jpg,data/raw/vegetative/20260328_1047_vegetative_68_rot45.jpg
seed_formation,20260328_1020_seed_formation_44_bup.jpg,data/raw/seed_formation/20260328_1020_seed_formation_44_bup.jpg
budding,20260328_1055_budding_136_rot45.jpg,data/raw/budding/20260328_1055_budding_136_rot45.jpg
vegetative,20260712_0838_vegetative_102_sup.jpg,data/raw/vegetative/20260712_0838_vegetative_102_sup.jpg
wilting,20260824_1708_wilting_72_rot30.jpg,data/raw/wilting/20260824_1708_wilting_72_rot30.jpg
seed_formation,20260722_1754_seed_formation_161_bup.jpg,data/raw/seed_formation/20260722_1754_seed_formation_161_bup.jpg
budding,20260328_1055_budding_136_sup.jpg,data/raw/budding/20260328_1055_budding_136_sup.jpg
pre_bloom,20260328_1015_pre_bloom_14_cdown.jpg,data/raw/pre_bloom/20260328_1015_pre_bloom_14_cdown.jpg
seed_formation,20260328_1008_seed_formation_15_cdown.jpg,data/raw/seed_formation/20260328_1008_seed_formation_15_cdown.jpg
wilting,20260814_1646_wilting_42_rot30.jpg,data/raw/wilting/20260814_1646_wilting_42_rot30.jpg
full_bloom,20260328_1038_full_bloom_43_bdown.jpg,data/raw/full_bloom/20260328_1038_full_bloom_43_bdown.jpg
seed_formation,20260328_1020_seed_formation_50.jpg,data/raw/seed_formation/20260328_1020_seed_formation_50.jpg
budding,20260328_1018_budding_128.jpg,data/raw/budding/20260328_1018_budding_128.jpg
seed_formation,20260722_1745_seed_formation_12_rot60.jpg,data/raw/seed_formation/20260722_1745_seed_formation_12_rot60.jpg
seed_formation,20260328_1022_seed_formation_64_sup.jpg,data/raw/seed_formation/20260328_1022_seed_formation_64_sup.jpg
budding,20260328_1123_budding_217.jpg,data/raw/budding/20260328_1123_budding_217.jpg
pre_bloom,20260328_1108_pre_bloom_64_sup.jpg,data/raw/pre_bloom/20260328_1108_pre_bloom_64_sup.jpg
pre_bloom,20260727_1736_pre_bloom_70_rot45.jpg,data/raw/pre_bloom/20260727_1736_pre_bloom_70_rot45.jpg
vegetative,20260712_0902_vegetative_129_rot30.jpg,data/raw/vegetative/20260712_0902_vegetative_129_rot30.jpg
vegetative,20260328_1117_vegetative_80_bup.jpg,data/raw/vegetative/20260328_1117_vegetative_80_bup.jpg
pre_bloom,20260731_1658_pre_bloom_87_rot60.jpg,data/raw/pre_bloom/20260731_1658_pre_bloom_87_rot60.jpg
full_bloom,20260328_1013_full_bloom_9_sup.jpg,data/raw/full_bloom/20260328_1013_full_bloom_9_sup.jpg
pre_bloom,20260731_1656_pre_bloom_82_bup.jpg,data/raw/pre_bloom/20260731_1656_pre_bloom_82_bup.jpg
wilting,20260824_1709_wilting_81.jpg,data/raw/wilting/20260824_1709_wilting_81.jpg
wilting,20260824_1721_wilting_107_rot60.jpg,data/raw/wilting/20260824_1721_wilting_107_rot60.jpg
seed_formation,20260722_1745_seed_formation_12_rot30.jpg,data/raw/seed_formation/20260722_1745_seed_formation_12_rot30.jpg
pre_bloom,20260328_1108_pre_bloom_53_rot60.jpg,data/raw/pre_bloom/20260328_1108_pre_bloom_53_rot60.jpg
budding,20260328_1123_budding_220_rot30.jpg,data/raw/budding/20260328_1123_budding_220_rot30.jpg
vegetative,20260804_1655_vegetative_154_sdown.jpg,data/raw/vegetative/20260804_1655_vegetative_154_sdown.jpg
budding,20260328_1055_budding_137_rot45.jpg,data/raw/budding/20260328_1055_budding_137_rot45.jpg
budding,20260328_1123_budding_220_rot45.jpg,data/raw/budding/20260328_1123_budding_220_rot45.jpg
wilting,20260814_1646_wilting_36_rot30.jpg,data/raw/wilting/20260814_1646_wilting_36_rot30.jpg
vegetative,20260328_1037_vegetative_41_rot60.jpg,data/raw/vegetative/20260328_1037_vegetative_41_rot60.jpg
full_bloom,20260328_1110_full_bloom_120_sup.jpg,data/raw/full_bloom/20260328_1110_full_bloom_120_sup.jpg
vegetative,flowerin_0000_vegetative_169_cdown.jpg,data/raw/vegetative/flowerin_0000_vegetative_169_cdown.jpg
seed_formation,20260328_1006_seed_formation_2.jpg,data/raw/seed_formation/20260328_1006_seed_formation_2.jpg
full_bloom,20260328_1036_full_bloom_32_bdown.jpg,data/raw/full_bloom/20260328_1036_full_bloom_32_bdown.jpg
seed_formation,20260328_1039_seed_formation_80_rot60.jpg,data/raw/seed_formation/20260328_1039_seed_formation_80_rot60.jpg
wilting,20260819_1716_wilting_25_rot60.jpg,data/raw/wilting/20260819_1716_wilting_25_rot60.jpg
wilting,20260824_1706_wilting_53_cup.jpg,data/raw/wilting/20260824_1706_wilting_53_cup.jpg
pre_bloom,20260328_1108_pre_bloom_56_bdown.jpg,data/raw/pre_bloom/20260328_1108_pre_bloom_56_bdown.jpg
seed_formation,20260715_1602_seed_formation_140_sup.jpg,data/raw/seed_formation/20260715_1602_seed_formation_140_sup.jpg
wilting,20260824_1705_wilting_50_rot30.jpg,data/raw/wilting/20260824_1705_wilting_50_rot30.jpg
full_bloom,20260727_1709_full_bloom_54_cup.jpg,data/raw/full_bloom/20260727_1709_full_bloom_54_cup.jpg
wilting,20260819_1659_wilting_16_sup.jpg,data/raw/wilting/20260819_1659_wilting_16_sup.jpg
pre_bloom,20260811_1640_pre_bloom_118_bup.jpg,data/raw/pre_bloom/20260811_1640_pre_bloom_118_bup.jpg
pre_bloom,20260712_0855_pre_bloom_11_bdown.jpg,data/raw/pre_bloom/20260712_0855_pre_bloom_11_bdown.jpg
seed_formation,20260328_1039_seed_formation_79_rot60.jpg,data/raw/seed_formation/20260328_1039_seed_formation_79_rot60.jpg
full_bloom,20260328_1012_full_bloom_1_rot30.jpg,data/raw/full_bloom/20260328_1012_full_bloom_1_rot30.jpg
seed_formation,20260328_1020_seed_formation_41_sup.jpg,data/raw/seed_formation/20260328_1020_seed_formation_41_sup.jpg
pre_bloom,20260722_1743_pre_bloom_20_bup.jpg,data/raw/pre_bloom/20260722_1743_pre_bloom_20_bup.jpg
budding,20260328_1011_budding_109_bup.jpg,data/raw/budding/20260328_1011_budding_109_bup.jpg
vegetative,20260328_1117_vegetative_88_cdown.jpg,data/raw/vegetative/20260328_1117_vegetative_88_cdown.jpg
pre_bloom,20260328_1018_pre_bloom_15_sdown.jpg,data/raw/pre_bloom/20260328_1018_pre_bloom_15_sdown.jpg
full_bloom,20260328_1013_full_bloom_15_sup.jpg,data/raw/full_bloom/20260328_1013_full_bloom_15_sup.jpg
vegetative,20260328_1117_vegetative_82.jpg,data/raw/vegetative/20260328_1117_vegetative_82.jpg
wilting,20260824_1707_wilting_65_bup.jpg,data/raw/wilting/20260824_1707_wilting_65_bup.jpg
wilting,20260328_1056_wilting_2_rot45.jpg,data/raw/wilting/20260328_1056_wilting_2_rot45.jpg
vegetative,20260328_1037_vegetative_42_cdown.jpg,data/raw/vegetative/20260328_1037_vegetative_42_cdown.jpg
full_bloom,20260328_1051_full_bloom_52_sup.jpg,data/raw/full_bloom/20260328_1051_full_bloom_52_sup.jpg
full_bloom,flowerin_0000_full_bloom_149.jpg,data/raw/full_bloom/flowerin_0000_full_bloom_149.jpg
vegetative,20260328_1046_vegetative_63_rot30.jpg,data/raw/vegetative/20260328_1046_vegetative_63_rot30.jpg
budding,20260328_1005_budding_38_sdown.jpg,data/raw/budding/20260328_1005_budding_38_sdown.jpg
vegetative,20260328_1037_vegetative_45_bdown.jpg,data/raw/vegetative/20260328_1037_vegetative_45_bdown.jpg
full_bloom,20260727_1709_full_bloom_48_rot45.jpg,data/raw/full_bloom/20260727_1709_full_bloom_48_rot45.jpg
seed_formation,20260328_1042_seed_formation_123_rot60.jpg,data/raw/seed_formation/20260328_1042_seed_formation_123_rot60.jpg
budding,20260328_1005_budding_7_rot30.jpg,data/raw/budding/20260328_1005_budding_7_rot30.jpg
budding,20260328_1010_budding_78_bdown.jpg,data/raw/budding/20260328_1010_budding_78_bdown.jpg
seed_formation,20260328_1008_seed_formation_11_cup.jpg,data/raw/seed_formation/20260328_1008_seed_formation_11_cup.jpg
full_bloom,20260328_1111_full_bloom_122_bup.jpg,data/raw/full_bloom/20260328_1111_full_bloom_122_bup.jpg
budding,20260328_1123_budding_217_bup.jpg,data/raw/budding/20260328_1123_budding_217_bup.jpg
full_bloom,20260727_1709_full_bloom_51.jpg,data/raw/full_bloom/20260727_1709_full_bloom_51.jpg
vegetative,20260328_1046_vegetative_55.jpg,data/raw/vegetative/20260328_1046_vegetative_55.jpg
full_bloom,flowerin_0000_full_bloom_155_rot45.jpg,data/raw/full_bloom/flowerin_0000_full_bloom_155_rot45.jpg
budding,20260328_1005_budding_58_rot45.jpg,data/raw/budding/20260328_1005_budding_58_rot45.jpg
full_bloom,20260328_1052_full_bloom_72_sdown.jpg,data/raw/full_bloom/20260328_1052_full_bloom_72_sdown.jpg
pre_bloom,20260731_1658_pre_bloom_87_sdown.jpg,data/raw/pre_bloom/20260731_1658_pre_bloom_87_sdown.jpg
seed_formation,20260731_1719_seed_formation_181.jpg,data/raw/seed_formation/20260731_1719_seed_formation_181.jpg
pre_bloom,20260328_1042_pre_bloom_30_sdown.jpg,data/raw/pre_bloom/20260328_1042_pre_bloom_30_sdown.jpg
budding,20260328_1005_budding_49_sdown.jpg,data/raw/budding/20260328_1005_budding_49_sdown.jpg
wilting,20260819_1659_wilting_16_rot60.jpg,data/raw/wilting/20260819_1659_wilting_16_rot60.jpg
seed_formation,20260328_1023_seed_formation_71_bdown.jpg,data/raw/seed_formation/20260328_1023_seed_formation_71_bdown.jpg
seed_formation,20260328_1041_seed_formation_115.jpg,data/raw/seed_formation/20260328_1041_seed_formation_115.jpg
wilting,20260328_1056_wilting_3.jpg,data/raw/wilting/20260328_1056_wilting_3.jpg
wilting,20260824_1720_wilting_91_bdown.jpg,data/raw/wilting/20260824_1720_wilting_91_bdown.jpg
budding,20260328_1010_budding_83_bup.jpg,data/raw/budding/20260328_1010_budding_83_bup.jpg
seed_formation,20260727_1733_seed_formation_176_bup.jpg,data/raw/seed_formation/20260727_1733_seed_formation_176_bup.jpg
pre_bloom,flowerin_0000_pre_bloom_82.jpg,data/raw/pre_bloom/flowerin_0000_pre_bloom_82.jpg
full_bloom,20260727_1722_full_bloom_65_rot45.jpg,data/raw/full_bloom/20260727_1722_full_bloom_65_rot45.jpg
wilting,20260824_1708_wilting_72_rot45.jpg,data/raw/wilting/20260824_1708_wilting_72_rot45.jpg
wilting,20260824_1720_wilting_92_sdown.jpg,data/raw/wilting/20260824_1720_wilting_92_sdown.jpg
seed_formation,20260328_1042_seed_formation_122.jpg,data/raw/seed_formation/20260328_1042_seed_formation_122.jpg
vegetative,20260328_1046_vegetative_58_cdown.jpg,data/raw/vegetative/20260328_1046_vegetative_58_cdown.jpg
full_bloom,20260727_1709_full_bloom_43_cdown.jpg,data/raw/full_bloom/20260727_1709_full_bloom_43_cdown.jpg
seed_formation,20260731_1719_seed_formation_180_bup.jpg,data/raw/seed_formation/20260731_1719_seed_formation_180_bup.jpg
seed_formation,20260328_1039_seed_formation_86_cdown.jpg,data/raw/seed_formation/20260328_1039_seed_formation_86_cdown.jpg
full_bloom,20260328_1100_full_bloom_95_rot60.jpg,data/raw/full_bloom/20260328_1100_full_bloom_95_rot60.jpg
full_bloom,20260328_1051_full_bloom_53_rot30.jpg,data/raw/full_bloom/20260328_1051_full_bloom_53_rot30.jpg
wilting,20260824_1709_wilting_80.jpg,data/raw/wilting/20260824_1709_wilting_80.jpg
seed_formation,20260328_1041_seed_formation_112_rot45.jpg,data/raw/seed_formation/20260328_1041_seed_formation_112_rot45.jpg
budding,budding3_0000_budding_225_sdown.jpg,data/raw/budding/budding3_0000_budding_225_sdown.jpg
full_bloom,flowerin_0000_full_bloom_156_sup.jpg,data/raw/full_bloom/flowerin_0000_full_bloom_156_sup.jpg
seed_formation,20260328_1040_seed_formation_98_bup.jpg,data/raw/seed_formation/20260328_1040_seed_formation_98_bup.jpg
seed_formation,20260328_1041_seed_formation_116_cup.jpg,data/raw/seed_formation/20260328_1041_seed_formation_116_cup.jpg
pre_bloom,20260328_1109_pre_bloom_72_rot45.jpg,data/raw/pre_bloom/20260328_1109_pre_bloom_72_rot45.jpg
seed_formation,20260328_1041_seed_formation_110_sup.jpg,data/raw/seed_formation/20260328_1041_seed_formation_110_sup.jpg
budding,20260328_1110_budding_159_sdown.jpg,data/raw/budding/20260328_1110_budding_159_sdown.jpg
vegetative,20260328_1117_vegetative_92_bup.jpg,data/raw/vegetative/20260328_1117_vegetative_92_bup.jpg
budding,20260328_1122_budding_216_sup.jpg,data/raw/budding/20260328_1122_budding_216_sup.jpg
pre_bloom,20260328_1005_pre_bloom_7_sdown.jpg,data/raw/pre_bloom/20260328_1005_pre_bloom_7_sdown.jpg
wilting,20260814_1637_wilting_15_bup.jpg,data/raw/wilting/20260814_1637_wilting_15_bup.jpg
full_bloom,20260328_1051_full_bloom_49_sdown.jpg,data/raw/full_bloom/20260328_1051_full_bloom_49_sdown.jpg
wilting,20260814_1646_wilting_35_cup.jpg,data/raw/wilting/20260814_1646_wilting_35_cup.jpg
wilting,20260727_1724_wilting_10_cdown.jpg,data/raw/wilting/20260727_1724_wilting_10_cdown.jpg
budding,20260328_1121_budding_195.jpg,data/raw/budding/20260328_1121_budding_195.jpg
wilting,20260824_1705_wilting_49.jpg,data/raw/wilting/20260824_1705_wilting_49.jpg
pre_bloom,20260727_1737_pre_bloom_74_bup.jpg,data/raw/pre_bloom/20260727_1737_pre_bloom_74_bup.jpg
pre_bloom,20260811_1639_pre_bloom_112_rot45.jpg,data/raw/pre_bloom/20260811_1639_pre_bloom_112_rot45.jpg
full_bloom,20260727_1722_full_bloom_58_rot45.jpg,data/raw/full_bloom/20260727_1722_full_bloom_58_rot45.jpg
full_bloom,20260328_1036_full_bloom_23_cdown.jpg,data/raw/full_bloom/20260328_1036_full_bloom_23_cdown.jpg
budding,20260328_1005_budding_46_sup.jpg,data/raw/budding/20260328_1005_budding_46_sup.jpg
budding,20260328_1122_budding_205_rot60.jpg,data/raw/budding/20260328_1122_budding_205_rot60.jpg
pre_bloom,20260811_1639_pre_bloom_110_rot60.jpg,data/raw/pre_bloom/20260811_1639_pre_bloom_110_rot60.jpg
vegetative,vegetati_0000_vegetative_180_bup.jpg,data/raw/vegetative/vegetati_0000_vegetative_180_bup.jpg
pre_bloom,20260328_1005_pre_bloom_7_cup.jpg,data/raw/pre_bloom/20260328_1005_pre_bloom_7_cup.jpg
pre_bloom,20260328_1043_pre_bloom_36.jpg,data/raw/pre_bloom/20260328_1043_pre_bloom_36.jpg
seed_formation,20260727_1715_seed_formation_26_rot45.jpg,data/raw/seed_formation/20260727_1715_seed_formation_26_rot45.jpg
seed_formation,20260328_1040_seed_formation_92_sdown.jpg,data/raw/seed_formation/20260328_1040_seed_formation_92_sdown.jpg
seed_formation,20260722_1754_seed_formation_159_cdown.jpg,data/raw/seed_formation/20260722_1754_seed_formation_159_cdown.jpg
wilting,20260824_1708_wilting_75_rot45.jpg,data/raw/wilting/20260824_1708_wilting_75_rot45.jpg
full_bloom,20260328_1013_full_bloom_3_rot30.jpg,data/raw/full_bloom/20260328_1013_full_bloom_3_rot30.jpg
wilting,20260819_1659_wilting_16_sdown.jpg,data/raw/wilting/20260819_1659_wilting_16_sdown.jpg
pre_bloom,20260328_1109_pre_bloom_69_cup.jpg,data/raw/pre_bloom/20260328_1109_pre_bloom_69_cup.jpg
seed_formation,20260328_1019_seed_formation_38_cdown.jpg,data/raw/seed_formation/20260328_1019_seed_formation_38_cdown.jpg
seed_formation,20260731_1719_seed_formation_180_cdown.jpg,data/raw/seed_formation/20260731_1719_seed_formation_180_cdown.jpg
budding,20260328_1010_budding_80_bdown.jpg,data/raw/budding/20260328_1010_budding_80_bdown.jpg
pre_bloom,20260328_1043_pre_bloom_36_rot45.jpg,data/raw/pre_bloom/20260328_1043_pre_bloom_36_rot45.jpg
wilting,20260824_1705_wilting_40_rot60.jpg,data/raw/wilting/20260824_1705_wilting_40_rot60.jpg
seed_formation,20260727_1715_seed_formation_23_cup.jpg,data/raw/seed_formation/20260727_1715_seed_formation_23_cup.jpg
budding,20260328_1122_budding_215_bdown.jpg,data/raw/budding/20260328_1122_budding_215_bdown.jpg
budding,budding4.jpg,data/raw/budding/budding4.jpg
seed_formation,seedling_0000_seed_formation_189.jpg,data/raw/seed_formation/seedling_0000_seed_formation_189.jpg
seed_formation,20260328_1008_seed_formation_21_bdown.jpg,data/raw/seed_formation/20260328_1008_seed_formation_21_bdown.jpg
wilting,20260824_1720_wilting_90_cup.jpg,data/raw/wilting/20260824_1720_wilting_90_cup.jpg
vegetative,20260712_0838_vegetative_104_rot60.jpg,data/raw/vegetative/20260712_0838_vegetative_104_rot60.jpg
pre_bloom,20260328_1108_pre_bloom_65_sup.jpg,data/raw/pre_bloom/20260328_1108_pre_bloom_65_sup.jpg
seed_formation,20260328_1019_seed_formation_35_bdown.jpg,data/raw/seed_formation/20260328_1019_seed_formation_35_bdown.jpg
full_bloom,20260722_1658_full_bloom_17_rot30.jpg,data/raw/full_bloom/20260722_1658_full_bloom_17_rot30.jpg
wilting,20260824_1705_wilting_41_cdown.jpg,data/raw/wilting/20260824_1705_wilting_41_cdown.jpg
vegetative,20260328_1011_vegetative_8_bup.jpg,data/raw/vegetative/20260328_1011_vegetative_8_bup.jpg
full_bloom,20260328_1051_full_bloom_54.jpg,data/raw/full_bloom/20260328_1051_full_bloom_54.jpg
full_bloom,20260328_1109_full_bloom_112_bdown.jpg,data/raw/full_bloom/20260328_1109_full_bloom_112_bdown.jpg
seed_formation,20260328_1042_seed_formation_122_cdown.jpg,data/raw/seed_formation/20260328_1042_seed_formation_122_cdown.jpg
full_bloom,20260715_1556_full_bloom_6_rot60.jpg,data/raw/full_bloom/20260715_1556_full_bloom_6_rot60.jpg
vegetative,vegetati_0000_vegetative_175.jpg,data/raw/vegetative/vegetati_0000_vegetative_175.jpg
pre_bloom,20260328_1002_pre_bloom_1_cup.jpg,data/raw/pre_bloom/20260328_1002_pre_bloom_1_cup.jpg
vegetative,flowerin_0000_vegetative_166_rot30.jpg,data/raw/vegetative/flowerin_0000_vegetative_166_rot30.jpg
vegetative,vegetative3.jpg,data/raw/vegetative/vegetative3.jpg
seed_formation,20260328_1039_seed_formation_82_rot45.jpg,data/raw/seed_formation/20260328_1039_seed_formation_82_rot45.jpg
seed_formation,20260715_1554_seed_formation_131_rot45.jpg,data/raw/seed_formation/20260715_1554_seed_formation_131_rot45.jpg
wilting,20260819_1716_wilting_24_sdown.jpg,data/raw/wilting/20260819_1716_wilting_24_sdown.jpg
pre_bloom,20260726_1337_pre_bloom_34_cup.jpg,data/raw/pre_bloom/20260726_1337_pre_bloom_34_cup.jpg
full_bloom,20260715_1556_full_bloom_6.jpg,data/raw/full_bloom/20260715_1556_full_bloom_6.jpg
pre_bloom,Budding0_0000_pre_bloom_76_bdown.jpg,data/raw/pre_bloom/Budding0_0000_pre_bloom_76_bdown.jpg
budding,20260328_1005_budding_55_bup.jpg,data/raw/budding/20260328_1005_budding_55_bup.jpg
pre_bloom,20260811_1640_pre_bloom_115_sup.jpg,data/raw/pre_bloom/20260811_1640_pre_bloom_115_sup.jpg
pre_bloom,20260731_1658_pre_bloom_88_bup.jpg,data/raw/pre_bloom/20260731_1658_pre_bloom_88_bup.jpg
full_bloom,20260328_1038_full_bloom_44.jpg,data/raw/full_bloom/20260328_1038_full_bloom_44.jpg
budding,20260328_1005_budding_20_sdown.jpg,data/raw/budding/20260328_1005_budding_20_sdown.jpg
seed_formation,seedling_0000_seed_formation_189_rot60.jpg,data/raw/seed_formation/seedling_0000_seed_formation_189_rot60.jpg
wilting,20260819_1718_wilting_38.jpg,data/raw/wilting/20260819_1718_wilting_38.jpg
vegetative,20260328_1047_vegetative_67.jpg,data/raw/vegetative/20260328_1047_vegetative_67.jpg
vegetative,20260804_1656_vegetative_162.jpg,data/raw/vegetative/20260804_1656_vegetative_162.jpg
pre_bloom,20260328_1003_pre_bloom_5.jpg,data/raw/pre_bloom/20260328_1003_pre_bloom_5.jpg
wilting,20260328_1056_wilting_4.jpg,data/raw/wilting/20260328_1056_wilting_4.jpg
vegetative,20260328_1117_vegetative_94_sup.jpg,data/raw/vegetative/20260328_1117_vegetative_94_sup.jpg
budding,20260328_1005_budding_52_bdown.jpg,data/raw/budding/20260328_1005_budding_52_bdown.jpg
wilting,20260819_1718_wilting_38_bup.jpg,data/raw/wilting/20260819_1718_wilting_38_bup.jpg
seed_formation,20260328_1008_seed_formation_15.jpg,data/raw/seed_formation/20260328_1008_seed_formation_15.jpg
pre_bloom,20260328_1043_pre_bloom_40_rot30.jpg,data/raw/pre_bloom/20260328_1043_pre_bloom_40_rot30.jpg
pre_bloom,20260727_1711_pre_bloom_53_rot45.jpg,data/raw/pre_bloom/20260727_1711_pre_bloom_53_rot45.jpg
seed_formation,20260715_1602_seed_formation_145_rot45.jpg,data/raw/seed_formation/20260715_1602_seed_formation_145_rot45.jpg
vegetative,20260328_1117_vegetative_92.jpg,data/raw/vegetative/20260328_1117_vegetative_92.jpg
full_bloom,20260328_1109_full_bloom_104.jpg,data/raw/full_bloom/20260328_1109_full_bloom_104.jpg
budding,20260328_1005_budding_10_cup.jpg,data/raw/budding/20260328_1005_budding_10_cup.jpg
full_bloom,20260727_1722_full_bloom_66_cdown.jpg,data/raw/full_bloom/20260727_1722_full_bloom_66_cdown.jpg
vegetative,20260328_1116_vegetative_74_bup.jpg,data/raw/vegetative/20260328_1116_vegetative_74_bup.jpg
budding,20260328_1005_budding_55_sup.jpg,data/raw/budding/20260328_1005_budding_55_sup.jpg
full_bloom,20260328_1054_full_bloom_89_sdown.jpg,data/raw/full_bloom/20260328_1054_full_bloom_89_sdown.jpg
budding,20260328_1005_budding_43_rot60.jpg,data/raw/budding/20260328_1005_budding_43_rot60.jpg
pre_bloom,20260328_1108_pre_bloom_65_cdown.jpg,data/raw/pre_bloom/20260328_1108_pre_bloom_65_cdown.jpg
full_bloom,20260328_1114_full_bloom_132_bup.jpg,data/raw/full_bloom/20260328_1114_full_bloom_132_bup.jpg
wilting,20260824_1705_wilting_51_bup.jpg,data/raw/wilting/20260824_1705_wilting_51_bup.jpg
pre_bloom,20260722_1743_pre_bloom_24_rot45.jpg,data/raw/pre_bloom/20260722_1743_pre_bloom_24_rot45.jpg
pre_bloom,20260731_1656_pre_bloom_82_rot45.jpg,data/raw/pre_bloom/20260731_1656_pre_bloom_82_rot45.jpg
full_bloom,20260328_1013_full_bloom_2_rot60.jpg,data/raw/full_bloom/20260328_1013_full_bloom_2_rot60.jpg
wilting,20260328_1056_wilting_3_sup.jpg,data/raw/wilting/20260328_1056_wilting_3_sup.jpg
full_bloom,20260328_1112_full_bloom_124_rot45.jpg,data/raw/full_bloom/20260328_1112_full_bloom_124_rot45.jpg
pre_bloom,20260722_1742_pre_bloom_18_sdown.jpg,data/raw/pre_bloom/20260722_1742_pre_bloom_18_sdown.jpg
vegetative,20260804_1656_vegetative_159_bup.jpg,data/raw/vegetative/20260804_1656_vegetative_159_bup.jpg
full_bloom,20260328_1109_full_bloom_108_rot60.jpg,data/raw/full_bloom/20260328_1109_full_bloom_108_rot60.jpg
pre_bloom,20260328_1003_pre_bloom_4_cup.jpg,data/raw/pre_bloom/20260328_1003_pre_bloom_4_cup.jpg
budding,20260328_1005_budding_66_rot45.jpg,data/raw/budding/20260328_1005_budding_66_rot45.jpg
budding,20260328_1122_budding_209_bdown.jpg,data/raw/budding/20260328_1122_budding_209_bdown.jpg
full_bloom,20260715_1555_full_bloom_1_cdown.jpg,data/raw/full_bloom/20260715_1555_full_bloom_1_cdown.jpg
seed_formation,20260328_1008_seed_formation_21_sdown.jpg,data/raw/seed_formation/20260328_1008_seed_formation_21_sdown.jpg
wilting,20260819_1718_wilting_37_rot60.jpg,data/raw/wilting/20260819_1718_wilting_37_rot60.jpg
pre_bloom,20260712_0854_pre_bloom_2.jpg,data/raw/pre_bloom/20260712_0854_pre_bloom_2.jpg
pre_bloom,20260811_1640_pre_bloom_123_sup.jpg,data/raw/pre_bloom/20260811_1640_pre_bloom_123_sup.jpg
seed_formation,20260328_1039_seed_formation_82.jpg,data/raw/seed_formation/20260328_1039_seed_formation_82.jpg
seed_formation,20260715_1602_seed_formation_144.jpg,data/raw/seed_formation/20260715_1602_seed_formation_144.jpg
wilting,20260727_1724_wilting_11_rot45.jpg,data/raw/wilting/20260727_1724_wilting_11_rot45.jpg
full_bloom,20260727_1722_full_bloom_59_rot60.jpg,data/raw/full_bloom/20260727_1722_full_bloom_59_rot60.jpg
wilting,20260824_1708_wilting_74_rot30.jpg,data/raw/wilting/20260824_1708_wilting_74_rot30.jpg
full_bloom,20260727_1722_full_bloom_63_bdown.jpg,data/raw/full_bloom/20260727_1722_full_bloom_63_bdown.jpg
full_bloom,20260727_1707_full_bloom_31_rot60.jpg,data/raw/full_bloom/20260727_1707_full_bloom_31_rot60.jpg
budding,20260328_1005_budding_33_cup.jpg,data/raw/budding/20260328_1005_budding_33_cup.jpg
budding,20260328_1011_budding_93_bdown.jpg,data/raw/budding/20260328_1011_budding_93_bdown.jpg
budding,20260328_1011_budding_101_cup.jpg,data/raw/budding/20260328_1011_budding_101_cup.jpg
pre_bloom,20260811_1640_pre_bloom_122.jpg,data/raw/pre_bloom/20260811_1640_pre_bloom_122.jpg
budding,20260328_1005_budding_45.jpg,data/raw/budding/20260328_1005_budding_45.jpg
wilting,20260814_1637_wilting_15_cdown.jpg,data/raw/wilting/20260814_1637_wilting_15_cdown.jpg
vegetative,20260328_1005_vegetative_4_rot30.jpg,data/raw/vegetative/20260328_1005_vegetative_4_rot30.jpg
wilting,20260819_1718_wilting_38_cup.jpg,data/raw/wilting/20260819_1718_wilting_38_cup.jpg
vegetative,20260328_1047_vegetative_67_cup.jpg,data/raw/vegetative/20260328_1047_vegetative_67_cup.jpg
budding,20260328_1121_budding_198_rot30.jpg,data/raw/budding/20260328_1121_budding_198_rot30.jpg
pre_bloom,20260731_1656_pre_bloom_79_rot60.jpg,data/raw/pre_bloom/20260731_1656_pre_bloom_79_rot60.jpg
seed_formation,20260328_1020_seed_formation_51_cup.jpg,data/raw/seed_formation/20260328_1020_seed_formation_51_cup.jpg
pre_bloom,20260712_0914_pre_bloom_74_bup.jpg,data/raw/pre_bloom/20260712_0914_pre_bloom_74_bup.jpg
budding,20260328_1005_budding_14_bdown.jpg,data/raw/budding/20260328_1005_budding_14_bdown.jpg
wilting,20260814_1646_wilting_42.jpg,data/raw/wilting/20260814_1646_wilting_42.jpg
full_bloom,20260328_1051_full_bloom_53_rot60.jpg,data/raw/full_bloom/20260328_1051_full_bloom_53_rot60.jpg
pre_bloom,20260727_1555_pre_bloom_43_sup.jpg,data/raw/pre_bloom/20260727_1555_pre_bloom_43_sup.jpg
budding,20260328_1110_budding_167_cdown.jpg,data/raw/budding/20260328_1110_budding_167_cdown.jpg
pre_bloom,20260328_1003_pre_bloom_4_sup.jpg,data/raw/pre_bloom/20260328_1003_pre_bloom_4_sup.jpg
pre_bloom,Budding0_0000_pre_bloom_76_sup.jpg,data/raw/pre_bloom/Budding0_0000_pre_bloom_76_sup.jpg
seed_formation,20260722_1754_seed_formation_161_cdown.jpg,data/raw/seed_formation/20260722_1754_seed_formation_161_cdown.jpg
budding,20260328_1005_budding_70_rot45.jpg,data/raw/budding/20260328_1005_budding_70_rot45.jpg
wilting,20260814_1637_wilting_24_sup.jpg,data/raw/wilting/20260814_1637_wilting_24_sup.jpg
full_bloom,20260722_1804_full_bloom_30_bdown.jpg,data/raw/full_bloom/20260722_1804_full_bloom_30_bdown.jpg
budding,20260328_1005_budding_7_sdown.jpg,data/raw/budding/20260328_1005_budding_7_sdown.jpg
seed_formation,20260328_1041_seed_formation_115_cup.jpg,data/raw/seed_formation/20260328_1041_seed_formation_115_cup.jpg
wilting,20260824_1708_wilting_79_rot30.jpg,data/raw/wilting/20260824_1708_wilting_79_rot30.jpg
pre_bloom,20260727_1737_pre_bloom_75_sdown.jpg,data/raw/pre_bloom/20260727_1737_pre_bloom_75_sdown.jpg
vegetative,20260328_1046_vegetative_59_bup.jpg,data/raw/vegetative/20260328_1046_vegetative_59_bup.jpg
seed_formation,20260328_1006_seed_formation_2_rot30.jpg,data/raw/seed_formation/20260328_1006_seed_formation_2_rot30.jpg
full_bloom,20260727_1711_full_bloom_55_sup.jpg,data/raw/full_bloom/20260727_1711_full_bloom_55_sup.jpg
full_bloom,20260328_1110_full_bloom_117_cup.jpg,data/raw/full_bloom/20260328_1110_full_bloom_117_cup.jpg
seed_formation,20260715_1602_seed_formation_142_rot45.jpg,data/raw/seed_formation/20260715_1602_seed_formation_142_rot45.jpg
vegetative,20260328_1030_vegetative_23.jpg,data/raw/vegetative/20260328_1030_vegetative_23.jpg
full_bloom,20260328_1110_full_bloom_117_rot45.jpg,data/raw/full_bloom/20260328_1110_full_bloom_117_rot45.jpg
full_bloom,20260328_1051_full_bloom_51_bdown.jpg,data/raw/full_bloom/20260328_1051_full_bloom_51_bdown.jpg
seed_formation,20260328_1041_seed_formation_119_bup.jpg,data/raw/seed_formation/20260328_1041_seed_formation_119_bup.jpg
seed_formation,20260722_1745_seed_formation_12_sdown.jpg,data/raw/seed_formation/20260722_1745_seed_formation_12_sdown.jpg
vegetative,20260712_0838_vegetative_105_cup.jpg,data/raw/vegetative/20260712_0838_vegetative_105_cup.jpg
full_bloom,20260722_1744_full_bloom_24_sup.jpg,data/raw/full_bloom/20260722_1744_full_bloom_24_sup.jpg
pre_bloom,20260722_1742_pre_bloom_15_bdown.jpg,data/raw/pre_bloom/20260722_1742_pre_bloom_15_bdown.jpg
seed_formation,20260328_1022_seed_formation_64_cup.jpg,data/raw/seed_formation/20260328_1022_seed_formation_64_cup.jpg
full_bloom,20260328_1051_full_bloom_52_cdown.jpg,data/raw/full_bloom/20260328_1051_full_bloom_52_cdown.jpg
full_bloom,flowerin_0000_full_bloom_158_bdown.jpg,data/raw/full_bloom/flowerin_0000_full_bloom_158_bdown.jpg
vegetative,20260328_1046_vegetative_63_rot45.jpg,data/raw/vegetative/20260328_1046_vegetative_63_rot45.jpg
vegetative,20260328_1002_vegetative_3.jpg,data/raw/vegetative/20260328_1002_vegetative_3.jpg
vegetative,20260722_1820_vegetative_148_cup.jpg,data/raw/vegetative/20260722_1820_vegetative_148_cup.jpg
full_bloom,20260328_1114_full_bloom_129_sdown.jpg,data/raw/full_bloom/20260328_1114_full_bloom_129_sdown.jpg
budding,20260328_1122_budding_207_rot60.jpg,data/raw/budding/20260328_1122_budding_207_rot60.jpg
budding,budding2_0000_budding_224_bdown.jpg,data/raw/budding/budding2_0000_budding_224_bdown.jpg
wilting,20260819_1716_wilting_24_cup.jpg,data/raw/wilting/20260819_1716_wilting_24_cup.jpg
budding,20260328_1122_budding_204_rot45.jpg,data/raw/budding/20260328_1122_budding_204_rot45.jpg
wilting,20260824_1709_wilting_85_bup.jpg,data/raw/wilting/20260824_1709_wilting_85_bup.jpg
vegetative,20260328_1006_vegetative_5_bup.jpg,data/raw/vegetative/20260328_1006_vegetative_5_bup.jpg
pre_bloom,20260328_1043_pre_bloom_37_cdown.jpg,data/raw/pre_bloom/20260328_1043_pre_bloom_37_cdown.jpg
pre_bloom,20260727_1555_pre_bloom_37_cup.jpg,data/raw/pre_bloom/20260727_1555_pre_bloom_37_cup.jpg
pre_bloom,20260328_1108_pre_bloom_63_rot30.jpg,data/raw/pre_bloom/20260328_1108_pre_bloom_63_rot30.jpg
pre_bloom,20260726_1337_pre_bloom_35_rot60.jpg,data/raw/pre_bloom/20260726_1337_pre_bloom_35_rot60.jpg
full_bloom,20260328_1051_full_bloom_49_bdown.jpg,data/raw/full_bloom/20260328_1051_full_bloom_49_bdown.jpg
full_bloom,20260722_1803_full_bloom_25_sdown.jpg,data/raw/full_bloom/20260722_1803_full_bloom_25_sdown.jpg
vegetative,20260328_1002_vegetative_2_bdown.jpg,data/raw/vegetative/20260328_1002_vegetative_2_bdown.jpg
full_bloom,20260328_1109_full_bloom_103_bup.jpg,data/raw/full_bloom/20260328_1109_full_bloom_103_bup.jpg
vegetative,vegetati_0000_vegetative_173_rot60.jpg,data/raw/vegetative/vegetati_0000_vegetative_173_rot60.jpg
budding,20260328_1055_budding_136_cdown.jpg,data/raw/budding/20260328_1055_budding_136_cdown.jpg
budding,20260328_1123_budding_217_rot60.jpg,data/raw/budding/20260328_1123_budding_217_rot60.jpg
seed_formation,20260328_1020_seed_formation_50_cup.jpg,data/raw/seed_formation/20260328_1020_seed_formation_50_cup.jpg
pre_bloom,20260328_1043_pre_bloom_41_rot45.jpg,data/raw/pre_bloom/20260328_1043_pre_bloom_41_rot45.jpg
pre_bloom,20260811_1639_pre_bloom_109_sdown.jpg,data/raw/pre_bloom/20260811_1639_pre_bloom_109_sdown.jpg
vegetative,20260722_1821_vegetative_152_rot45.jpg,data/raw/vegetative/20260722_1821_vegetative_152_rot45.jpg
pre_bloom,20260804_1724_pre_bloom_108_bdown.jpg,data/raw/pre_bloom/20260804_1724_pre_bloom_108_bdown.jpg
pre_bloom,20260328_1108_pre_bloom_58_bup.jpg,data/raw/pre_bloom/20260328_1108_pre_bloom_58_bup.jpg
vegetative,20260712_0910_vegetative_143_bdown.jpg,data/raw/vegetative/20260712_0910_vegetative_143_bdown.jpg
pre_bloom,20260328_1043_pre_bloom_44_bup.jpg,data/raw/pre_bloom/20260328_1043_pre_bloom_44_bup.jpg
pre_bloom,20260328_1108_pre_bloom_60_sdown.jpg,data/raw/pre_bloom/20260328_1108_pre_bloom_60_sdown.jpg
pre_bloom,20260726_1337_pre_bloom_33_bdown.jpg,data/raw/pre_bloom/20260726_1337_pre_bloom_33_bdown.jpg
wilting,20260722_1658_wilting_6_cdown.jpg,data/raw/wilting/20260722_1658_wilting_6_cdown.jpg
vegetative,20260712_0843_vegetative_107_rot30.jpg,data/raw/vegetative/20260712_0843_vegetative_107_rot30.jpg
full_bloom,20260328_1051_full_bloom_49_bup.jpg,data/raw/full_bloom/20260328_1051_full_bloom_49_bup.jpg
budding,20260328_1005_budding_38_rot45.jpg,data/raw/budding/20260328_1005_budding_38_rot45.jpg
pre_bloom,20260328_1043_pre_bloom_42_sdown.jpg,data/raw/pre_bloom/20260328_1043_pre_bloom_42_sdown.jpg
pre_bloom,20260811_1640_pre_bloom_124_sup.jpg,data/raw/pre_bloom/20260811_1640_pre_bloom_124_sup.jpg
vegetative,20260712_0902_vegetative_136_rot45.jpg,data/raw/vegetative/20260712_0902_vegetative_136_rot45.jpg
seed_formation,20260328_1009_seed_formation_28_bdown.jpg,data/raw/seed_formation/20260328_1009_seed_formation_28_bdown.jpg
seed_formation,20260328_1039_seed_formation_88_cdown.jpg,data/raw/seed_formation/20260328_1039_seed_formation_88_cdown.jpg
full_bloom,20260328_1013_full_bloom_11_bdown.jpg,data/raw/full_bloom/20260328_1013_full_bloom_11_bdown.jpg
seed_formation,20260328_1041_seed_formation_112_sdown.jpg,data/raw/seed_formation/20260328_1041_seed_formation_112_sdown.jpg
wilting,20260824_1706_wilting_62_rot45.jpg,data/raw/wilting/20260824_1706_wilting_62_rot45.jpg
pre_bloom,20260328_1042_pre_bloom_29_rot30.jpg,data/raw/pre_bloom/20260328_1042_pre_bloom_29_rot30.jpg
budding,20260328_1005_budding_61.jpg,data/raw/budding/20260328_1005_budding_61.jpg
wilting,20260824_1708_wilting_74_rot60.jpg,data/raw/wilting/20260824_1708_wilting_74_rot60.jpg
vegetative,20260712_0901_vegetative_124_bdown.jpg,data/raw/vegetative/20260712_0901_vegetative_124_bdown.jpg
budding,20260328_1005_budding_29_bup.jpg,data/raw/budding/20260328_1005_budding_29_bup.jpg
pre_bloom,20260731_1658_pre_bloom_86_rot30.jpg,data/raw/pre_bloom/20260731_1658_pre_bloom_86_rot30.jpg
seed_formation,20260727_1715_seed_formation_27_rot30.jpg,data/raw/seed_formation/20260727_1715_seed_formation_27_rot30.jpg
seed_formation,20260328_1039_seed_formation_84_rot45.jpg,data/raw/seed_formation/20260328_1039_seed_formation_84_rot45.jpg
vegetative,20260712_0902_vegetative_130.jpg,data/raw/vegetative/20260712_0902_vegetative_130.jpg
vegetative,20260722_1820_vegetative_148.jpg,data/raw/vegetative/20260722_1820_vegetative_148.jpg
wilting,20260814_1647_wilting_43_rot60.jpg,data/raw/wilting/20260814_1647_wilting_43_rot60.jpg
full_bloom,20260328_1013_full_bloom_13_rot45.jpg,data/raw/full_bloom/20260328_1013_full_bloom_13_rot45.jpg
budding,20260328_1005_budding_62_cdown.jpg,data/raw/budding/20260328_1005_budding_62_cdown.jpg
budding,20260328_1005_budding_67_cdown.jpg,data/raw/budding/20260328_1005_budding_67_cdown.jpg
full_bloom,20260328_1053_full_bloom_75_bdown.jpg,data/raw/full_bloom/20260328_1053_full_bloom_75_bdown.jpg
pre_bloom,20260712_0913_pre_bloom_73_rot45.jpg,data/raw/pre_bloom/20260712_0913_pre_bloom_73_rot45.jpg
wilting,20260819_1718_wilting_38_rot60.jpg,data/raw/wilting/20260819_1718_wilting_38_rot60.jpg
budding,20260328_1005_budding_22_bup.jpg,data/raw/budding/20260328_1005_budding_22_bup.jpg
wilting,20260824_1706_wilting_62_cdown.jpg,data/raw/wilting/20260824_1706_wilting_62_cdown.jpg
pre_bloom,20260722_1743_pre_bloom_20_cdown.jpg,data/raw/pre_bloom/20260722_1743_pre_bloom_20_cdown.jpg
wilting,20260328_1056_wilting_3_bup.jpg,data/raw/wilting/20260328_1056_wilting_3_bup.jpg
wilting,20260824_1705_wilting_50_rot45.jpg,data/raw/wilting/20260824_1705_wilting_50_rot45.jpg
full_bloom,20260328_1109_full_bloom_105_rot30.jpg,data/raw/full_bloom/20260328_1109_full_bloom_105_rot30.jpg
seed_formation,20260722_1745_seed_formation_12_rot45.jpg,data/raw/seed_formation/20260722_1745_seed_formation_12_rot45.jpg
pre_bloom,20260722_1743_pre_bloom_20_rot30.jpg,data/raw/pre_bloom/20260722_1743_pre_bloom_20_rot30.jpg
seed_formation,20260722_1755_seed_formation_166_rot45.jpg,data/raw/seed_formation/20260722_1755_seed_formation_166_rot45.jpg
vegetative,20260712_0838_vegetative_104_cdown.jpg,data/raw/vegetative/20260712_0838_vegetative_104_cdown.jpg
full_bloom,20260715_1556_full_bloom_7_bdown.jpg,data/raw/full_bloom/20260715_1556_full_bloom_7_bdown.jpg
wilting,20260824_1709_wilting_80_bdown.jpg,data/raw/wilting/20260824_1709_wilting_80_bdown.jpg
pre_bloom,20260722_1743_pre_bloom_26_cup.jpg,data/raw/pre_bloom/20260722_1743_pre_bloom_26_cup.jpg
pre_bloom,20260731_1656_pre_bloom_81_rot45.jpg,data/raw/pre_bloom/20260731_1656_pre_bloom_81_rot45.jpg
budding,20260328_1122_budding_207_cup.jpg,data/raw/budding/20260328_1122_budding_207_cup.jpg
seed_formation,20260328_1041_seed_formation_111_sdown.jpg,data/raw/seed_formation/20260328_1041_seed_formation_111_sdown.jpg
budding,20260328_1005_budding_1_cdown.jpg,data/raw/budding/20260328_1005_budding_1_cdown.jpg
seed_formation,20260328_1041_seed_formation_118_rot30.jpg,data/raw/seed_formation/20260328_1041_seed_formation_118_rot30.jpg
full_bloom,20260727_1709_full_bloom_49_bup.jpg,data/raw/full_bloom/20260727_1709_full_bloom_49_bup.jpg
seed_formation,20260328_1020_seed_formation_58_sup.jpg,data/raw/seed_formation/20260328_1020_seed_formation_58_sup.jpg
full_bloom,20260328_1110_full_bloom_120_bdown.jpg,data/raw/full_bloom/20260328_1110_full_bloom_120_bdown.jpg
full_bloom,20260328_1051_full_bloom_53_bup.jpg,data/raw/full_bloom/20260328_1051_full_bloom_53_bup.jpg
seed_formation,20260328_1008_seed_formation_11_sup.jpg,data/raw/seed_formation/20260328_1008_seed_formation_11_sup.jpg
vegetative,20260712_0914_vegetative_145_rot45.jpg,data/raw/vegetative/20260712_0914_vegetative_145_rot45.jpg
wilting,20260824_1708_wilting_75_sdown.jpg,data/raw/wilting/20260824_1708_wilting_75_sdown.jpg
seed_formation,20260328_1040_seed_formation_101.jpg,data/raw/seed_formation/20260328_1040_seed_formation_101.jpg
seed_formation,20260328_1020_seed_formation_42_rot60.jpg,data/raw/seed_formation/20260328_1020_seed_formation_42_rot60.jpg
seed_formation,20260328_1006_seed_formation_2_rot60.jpg,data/raw/seed_formation/20260328_1006_seed_formation_2_rot60.jpg
pre_bloom,flowerin_0000_pre_bloom_83_bup.jpg,data/raw/pre_bloom/flowerin_0000_pre_bloom_83_bup.jpg
pre_bloom,20260727_1711_pre_bloom_50_sdown.jpg,data/raw/pre_bloom/20260727_1711_pre_bloom_50_sdown.jpg
budding,20260328_1122_budding_215.jpg,data/raw/budding/20260328_1122_budding_215.jpg
full_bloom,20260722_1744_full_bloom_24_cup.jpg,data/raw/full_bloom/20260722_1744_full_bloom_24_cup.jpg
pre_bloom,20260811_1639_pre_bloom_110_rot45.jpg,data/raw/pre_bloom/20260811_1639_pre_bloom_110_rot45.jpg
vegetative,vegetati_0000_vegetative_175_sdown.jpg,data/raw/vegetative/vegetati_0000_vegetative_175_sdown.jpg
full_bloom,20260328_1013_full_bloom_9_cdown.jpg,data/raw/full_bloom/20260328_1013_full_bloom_9_cdown.jpg
budding,20260328_1005_budding_49_cdown.jpg,data/raw/budding/20260328_1005_budding_49_cdown.jpg
seed_formation,20260328_1020_seed_formation_46.jpg,data/raw/seed_formation/20260328_1020_seed_formation_46.jpg
full_bloom,20260727_1722_full_bloom_59_cdown.jpg,data/raw/full_bloom/20260727_1722_full_bloom_59_cdown.jpg
budding,20260328_1011_budding_101_rot30.jpg,data/raw/budding/20260328_1011_budding_101_rot30.jpg
vegetative,20260722_1821_vegetative_151_cup.jpg,data/raw/vegetative/20260722_1821_vegetative_151_cup.jpg
vegetative,20260328_1023_vegetative_18_sdown.jpg,data/raw/vegetative/20260328_1023_vegetative_18_sdown.jpg
budding,20260328_1005_budding_25_sup.jpg,data/raw/budding/20260328_1005_budding_25_sup.jpg
wilting,20260824_1705_wilting_51_cdown.jpg,data/raw/wilting/20260824_1705_wilting_51_cdown.jpg
full_bloom,20260328_1052_full_bloom_58_bup.jpg,data/raw/full_bloom/20260328_1052_full_bloom_58_bup.jpg
vegetative,20260712_0902_vegetative_134_bdown.jpg,data/raw/vegetative/20260712_0902_vegetative_134_bdown.jpg
pre_bloom,20260328_1042_pre_bloom_33_rot45.jpg,data/raw/pre_bloom/20260328_1042_pre_bloom_33_rot45.jpg
seed_formation,20260328_1008_seed_formation_17_bup.jpg,data/raw/seed_formation/20260328_1008_seed_formation_17_bup.jpg
full_bloom,20260727_1711_full_bloom_56_bdown.jpg,data/raw/full_bloom/20260727_1711_full_bloom_56_bdown.jpg
full_bloom,20260328_1051_full_bloom_49_rot30.jpg,data/raw/full_bloom/20260328_1051_full_bloom_49_rot30.jpg
seed_formation,20260715_1602_seed_formation_146_cup.jpg,data/raw/seed_formation/20260715_1602_seed_formation_146_cup.jpg
full_bloom,20260727_1709_full_bloom_49_sup.jpg,data/raw/full_bloom/20260727_1709_full_bloom_49_sup.jpg
seed_formation,20260328_1020_seed_formation_40_sup.jpg,data/raw/seed_formation/20260328_1020_seed_formation_40_sup.jpg
pre_bloom,20260722_1743_pre_bloom_22_bup.jpg,data/raw/pre_bloom/20260722_1743_pre_bloom_22_bup.jpg
seed_formation,20260328_1009_seed_formation_29_rot30.jpg,data/raw/seed_formation/20260328_1009_seed_formation_29_rot30.jpg
vegetative,vegetati_0000_vegetative_177_sdown.jpg,data/raw/vegetative/vegetati_0000_vegetative_177_sdown.jpg
pre_bloom,20260811_1639_pre_bloom_110_bdown.jpg,data/raw/pre_bloom/20260811_1639_pre_bloom_110_bdown.jpg
seed_formation,20260328_1039_seed_formation_84.jpg,data/raw/seed_formation/20260328_1039_seed_formation_84.jpg
pre_bloom,flowerin_0000_pre_bloom_85_sdown.jpg,data/raw/pre_bloom/flowerin_0000_pre_bloom_85_sdown.jpg
seed_formation,20260328_1019_seed_formation_39.jpg,data/raw/seed_formation/20260328_1019_seed_formation_39.jpg
wilting,20260819_1718_wilting_33_sdown.jpg,data/raw/wilting/20260819_1718_wilting_33_sdown.jpg
vegetative,vegetati_0000_vegetative_180_sup.jpg,data/raw/vegetative/vegetati_0000_vegetative_180_sup.jpg
budding,20260328_1121_budding_187_rot30.jpg,data/raw/budding/20260328_1121_budding_187_rot30.jpg
pre_bloom,20260328_1019_pre_bloom_23_cdown.jpg,data/raw/pre_bloom/20260328_1019_pre_bloom_23_cdown.jpg
vegetative,20260328_1037_vegetative_47_rot30.jpg,data/raw/vegetative/20260328_1037_vegetative_47_rot30.jpg
full_bloom,20260328_1053_full_bloom_74_rot60.jpg,data/raw/full_bloom/20260328_1053_full_bloom_74_rot60.jpg
vegetative,20260722_1821_vegetative_153_rot30.jpg,data/raw/vegetative/20260722_1821_vegetative_153_rot30.jpg
vegetative,vegetati_0000_vegetative_179_sup.jpg,data/raw/vegetative/vegetati_0000_vegetative_179_sup.jpg
vegetative,20260722_1820_vegetative_148_sdown.jpg,data/raw/vegetative/20260722_1820_vegetative_148_sdown.jpg
wilting,20260824_1721_wilting_102_rot30.jpg,data/raw/wilting/20260824_1721_wilting_102_rot30.jpg
full_bloom,20260722_1658_full_bloom_16_cup.jpg,data/raw/full_bloom/20260722_1658_full_bloom_16_cup.jpg
pre_bloom,20260804_1724_pre_bloom_104_bdown.jpg,data/raw/pre_bloom/20260804_1724_pre_bloom_104_bdown.jpg
budding,20260328_1123_budding_220_sdown.jpg,data/raw/budding/20260328_1123_budding_220_sdown.jpg
full_bloom,20260328_1037_full_bloom_36_rot30.jpg,data/raw/full_bloom/20260328_1037_full_bloom_36_rot30.jpg
vegetative,20260804_1656_vegetative_155_sdown.jpg,data/raw/vegetative/20260804_1656_vegetative_155_sdown.jpg
seed_formation,20260328_1020_seed_formation_49_cdown.jpg,data/raw/seed_formation/20260328_1020_seed_formation_49_cdown.jpg
vegetative,20260328_1037_vegetative_48_bdown.jpg,data/raw/vegetative/20260328_1037_vegetative_48_bdown.jpg
vegetative,20260804_1655_vegetative_154_cdown.jpg,data/raw/vegetative/20260804_1655_vegetative_154_cdown.jpg
budding,20260328_1005_budding_17_bdown.jpg,data/raw/budding/20260328_1005_budding_17_bdown.jpg
vegetative,20260712_0910_vegetative_143_sdown.jpg,data/raw/vegetative/20260712_0910_vegetative_143_sdown.jpg
budding,20260328_1122_budding_202_rot60.jpg,data/raw/budding/20260328_1122_budding_202_rot60.jpg
wilting,20260824_1709_wilting_80_rot60.jpg,data/raw/wilting/20260824_1709_wilting_80_rot60.jpg
budding,20260328_1055_budding_135_rot30.jpg,data/raw/budding/20260328_1055_budding_135_rot30.jpg
wilting,20260814_1636_wilting_20_cup.jpg,data/raw/wilting/20260814_1636_wilting_20_cup.jpg
budding,20260328_1005_budding_12_sup.jpg,data/raw/budding/20260328_1005_budding_12_sup.jpg
vegetative,20260328_1117_vegetative_90_sup.jpg,data/raw/vegetative/20260328_1117_vegetative_90_sup.jpg
wilting,20260814_1637_wilting_23_bdown.jpg,data/raw/wilting/20260814_1637_wilting_23_bdown.jpg
budding,20260328_1010_budding_80_sdown.jpg,data/raw/budding/20260328_1010_budding_80_sdown.jpg
budding,20260328_1005_budding_31_rot45.jpg,data/raw/budding/20260328_1005_budding_31_rot45.jpg
wilting,20260824_1721_wilting_100_sdown.jpg,data/raw/wilting/20260824_1721_wilting_100_sdown.jpg
budding,20260328_1005_budding_55_cup.jpg,data/raw/budding/20260328_1005_budding_55_cup.jpg
budding,20260328_1005_budding_66_bdown.jpg,data/raw/budding/20260328_1005_budding_66_bdown.jpg
pre_bloom,20260727_1736_pre_bloom_64_bdown.jpg,data/raw/pre_bloom/20260727_1736_pre_bloom_64_bdown.jpg
budding,20260328_1121_budding_196_sdown.jpg,data/raw/budding/20260328_1121_budding_196_sdown.jpg
budding,20260328_1111_budding_177_sdown.jpg,data/raw/budding/20260328_1111_budding_177_sdown.jpg
seed_formation,20260731_1719_seed_formation_184_bup.jpg,data/raw/seed_formation/20260731_1719_seed_formation_184_bup.jpg
pre_bloom,20260712_0914_pre_bloom_74_bdown.jpg,data/raw/pre_bloom/20260712_0914_pre_bloom_74_bdown.jpg
pre_bloom,20260722_1742_pre_bloom_15_rot30.jpg,data/raw/pre_bloom/20260722_1742_pre_bloom_15_rot30.jpg
budding,20260328_1005_budding_16_bup.jpg,data/raw/budding/20260328_1005_budding_16_bup.jpg
vegetative,20260328_1117_vegetative_84_rot30.jpg,data/raw/vegetative/20260328_1117_vegetative_84_rot30.jpg
budding,20260328_1121_budding_198_rot45.jpg,data/raw/budding/20260328_1121_budding_198_rot45.jpg
budding,20260328_1005_budding_13_rot30.jpg,data/raw/budding/20260328_1005_budding_13_rot30.jpg
wilting,20260824_1721_wilting_100_bup.jpg,data/raw/wilting/20260824_1721_wilting_100_bup.jpg
full_bloom,20260328_1112_full_bloom_124_sup.jpg,data/raw/full_bloom/20260328_1112_full_bloom_124_sup.jpg
seed_formation,20260328_1006_seed_formation_2_cdown.jpg,data/raw/seed_formation/20260328_1006_seed_formation_2_cdown.jpg
budding,20260328_1055_budding_140_sup.jpg,data/raw/budding/20260328_1055_budding_140_sup.jpg
pre_bloom,20260328_1003_pre_bloom_5_bup.jpg,data/raw/pre_bloom/20260328_1003_pre_bloom_5_bup.jpg
vegetative,20260328_1037_vegetative_45_sup.jpg,data/raw/vegetative/20260328_1037_vegetative_45_sup.jpg
vegetative,20260328_1117_vegetative_91_sup.jpg,data/raw/vegetative/20260328_1117_vegetative_91_sup.jpg
wilting,20260814_1646_wilting_41_sdown.jpg,data/raw/wilting/20260814_1646_wilting_41_sdown.jpg
pre_bloom,20260328_1109_pre_bloom_72_cup.jpg,data/raw/pre_bloom/20260328_1109_pre_bloom_72_cup.jpg
pre_bloom,20260727_1556_pre_bloom_48_sup.jpg,data/raw/pre_bloom/20260727_1556_pre_bloom_48_sup.jpg
seed_formation,20260328_1020_seed_formation_55_rot45.jpg,data/raw/seed_formation/20260328_1020_seed_formation_55_rot45.jpg
full_bloom,20260328_1051_full_bloom_48_sdown.jpg,data/raw/full_bloom/20260328_1051_full_bloom_48_sdown.jpg
pre_bloom,Budding0_0000_pre_bloom_80_rot45.jpg,data/raw/pre_bloom/Budding0_0000_pre_bloom_80_rot45.jpg
seed_formation,20260715_1602_seed_formation_142_sdown.jpg,data/raw/seed_formation/20260715_1602_seed_formation_142_sdown.jpg
full_bloom,20260727_1724_full_bloom_68_sup.jpg,data/raw/full_bloom/20260727_1724_full_bloom_68_sup.jpg
full_bloom,flowerin_0000_full_bloom_147_bdown.jpg,data/raw/full_bloom/flowerin_0000_full_bloom_147_bdown.jpg
budding,20260328_1056_budding_150_bup.jpg,data/raw/budding/20260328_1056_budding_150_bup.jpg
full_bloom,20260328_1038_full_bloom_43_sdown.jpg,data/raw/full_bloom/20260328_1038_full_bloom_43_sdown.jpg
wilting,20260824_1707_wilting_66_sdown.jpg,data/raw/wilting/20260824_1707_wilting_66_sdown.jpg
budding,20260328_1110_budding_162_sup.jpg,data/raw/budding/20260328_1110_budding_162_sup.jpg
vegetative,20260328_1002_vegetative_3_rot60.jpg,data/raw/vegetative/20260328_1002_vegetative_3_rot60.jpg
budding,20260328_1055_budding_146_rot45.jpg,data/raw/budding/20260328_1055_budding_146_rot45.jpg
pre_bloom,20260811_1640_pre_bloom_119_bdown.jpg,data/raw/pre_bloom/20260811_1640_pre_bloom_119_bdown.jpg
seed_formation,20260328_1039_seed_formation_90_bdown.jpg,data/raw/seed_formation/20260328_1039_seed_formation_90_bdown.jpg
pre_bloom,20260722_1742_pre_bloom_17_sup.jpg,data/raw/pre_bloom/20260722_1742_pre_bloom_17_sup.jpg
seed_formation,20260328_1041_seed_formation_119_cdown.jpg,data/raw/seed_formation/20260328_1041_seed_formation_119_cdown.jpg
pre_bloom,20260804_1724_pre_bloom_102_rot60.jpg,data/raw/pre_bloom/20260804_1724_pre_bloom_102_rot60.jpg
vegetative,20260328_1023_vegetative_18_sup.jpg,data/raw/vegetative/20260328_1023_vegetative_18_sup.jpg
wilting,20260814_1646_wilting_42_bup.jpg,data/raw/wilting/20260814_1646_wilting_42_bup.jpg
seed_formation,20260727_1732_seed_formation_171.jpg,data/raw/seed_formation/20260727_1732_seed_formation_171.jpg
full_bloom,20260328_1053_full_bloom_76_bdown.jpg,data/raw/full_bloom/20260328_1053_full_bloom_76_bdown.jpg
vegetative,20260328_1002_vegetative_2_cdown.jpg,data/raw/vegetative/20260328_1002_vegetative_2_cdown.jpg
seed_formation,20260328_1020_seed_formation_41.jpg,data/raw/seed_formation/20260328_1020_seed_formation_41.jpg
full_bloom,20260328_1052_full_bloom_58_sdown.jpg,data/raw/full_bloom/20260328_1052_full_bloom_58_sdown.jpg
budding,20260328_1005_budding_4_bdown.jpg,data/raw/budding/20260328_1005_budding_4_bdown.jpg
budding,20260328_1122_budding_201_bdown.jpg,data/raw/budding/20260328_1122_budding_201_bdown.jpg
full_bloom,20260328_1053_full_bloom_84.jpg,data/raw/full_bloom/20260328_1053_full_bloom_84.jpg
pre_bloom,20260328_1109_pre_bloom_68_rot30.jpg,data/raw/pre_bloom/20260328_1109_pre_bloom_68_rot30.jpg
pre_bloom,Budding0_0000_pre_bloom_75_sdown.jpg,data/raw/pre_bloom/Budding0_0000_pre_bloom_75_sdown.jpg
budding,20260328_1121_budding_195_rot45.jpg,data/raw/budding/20260328_1121_budding_195_rot45.jpg
vegetative,20260328_1046_vegetative_59_cup.jpg,data/raw/vegetative/20260328_1046_vegetative_59_cup.jpg
seed_formation,20260328_1008_seed_formation_15_cup.jpg,data/raw/seed_formation/20260328_1008_seed_formation_15_cup.jpg
seed_formation,20260328_1020_seed_formation_42_cdown.jpg,data/raw/seed_formation/20260328_1020_seed_formation_42_cdown.jpg
vegetative,20260712_0902_vegetative_139_sup.jpg,data/raw/vegetative/20260712_0902_vegetative_139_sup.jpg
seed_formation,20260722_1745_seed_formation_12_cdown.jpg,data/raw/seed_formation/20260722_1745_seed_formation_12_cdown.jpg
wilting,20260727_1724_wilting_10_bdown.jpg,data/raw/wilting/20260727_1724_wilting_10_bdown.jpg
full_bloom,20260328_1052_full_bloom_72_rot30.jpg,data/raw/full_bloom/20260328_1052_full_bloom_72_rot30.jpg
budding,20260328_1110_budding_168_cdown.jpg,data/raw/budding/20260328_1110_budding_168_cdown.jpg
pre_bloom,20260727_1736_pre_bloom_69_cup.jpg,data/raw/pre_bloom/20260727_1736_pre_bloom_69_cup.jpg
wilting,20260824_1708_wilting_72_sdown.jpg,data/raw/wilting/20260824_1708_wilting_72_sdown.jpg
seed_formation,20260328_1040_seed_formation_101_cup.jpg,data/raw/seed_formation/20260328_1040_seed_formation_101_cup.jpg
seed_formation,20260328_1008_seed_formation_18_bup.jpg,data/raw/seed_formation/20260328_1008_seed_formation_18_bup.jpg
pre_bloom,20260727_1737_pre_bloom_74_rot45.jpg,data/raw/pre_bloom/20260727_1737_pre_bloom_74_rot45.jpg
vegetative,20260328_1117_vegetative_78_sup.jpg,data/raw/vegetative/20260328_1117_vegetative_78_sup.jpg
pre_bloom,20260731_1658_pre_bloom_86_rot60.jpg,data/raw/pre_bloom/20260731_1658_pre_bloom_86_rot60.jpg
seed_formation,20260328_1041_seed_formation_119_sup.jpg,data/raw/seed_formation/20260328_1041_seed_formation_119_sup.jpg
full_bloom,20260328_1100_full_bloom_96_cup.jpg,data/raw/full_bloom/20260328_1100_full_bloom_96_cup.jpg
budding,20260328_1005_budding_12_cup.jpg,data/raw/budding/20260328_1005_budding_12_cup.jpg
full_bloom,20260328_1037_full_bloom_35_cdown.jpg,data/raw/full_bloom/20260328_1037_full_bloom_35_cdown.jpg
budding,20260328_1005_budding_32.jpg,data/raw/budding/20260328_1005_budding_32.jpg
full_bloom,20260328_1110_full_bloom_114_bup.jpg,data/raw/full_bloom/20260328_1110_full_bloom_114_bup.jpg
pre_bloom,Budding0_0000_pre_bloom_76_bup.jpg,data/raw/pre_bloom/Budding0_0000_pre_bloom_76_bup.jpg
full_bloom,20260328_1051_full_bloom_48_bup.jpg,data/raw/full_bloom/20260328_1051_full_bloom_48_bup.jpg
budding,20260328_1011_budding_101_cdown.jpg,data/raw/budding/20260328_1011_budding_101_cdown.jpg
pre_bloom,20260328_1108_pre_bloom_56_bup.jpg,data/raw/pre_bloom/20260328_1108_pre_bloom_56_bup.jpg
budding,20260328_1005_budding_38_rot60.jpg,data/raw/budding/20260328_1005_budding_38_rot60.jpg
wilting,20260824_1721_wilting_108_sdown.jpg,data/raw/wilting/20260824_1721_wilting_108_sdown.jpg
seed_formation,20260727_1715_seed_formation_28_rot60.jpg,data/raw/seed_formation/20260727_1715_seed_formation_28_rot60.jpg
pre_bloom,20260804_1724_pre_bloom_102_cup.jpg,data/raw/pre_bloom/20260804_1724_pre_bloom_102_cup.jpg
full_bloom,flowerin_0000_full_bloom_156_cup.jpg,data/raw/full_bloom/flowerin_0000_full_bloom_156_cup.jpg
budding,20260328_1005_budding_12_sdown.jpg,data/raw/budding/20260328_1005_budding_12_sdown.jpg
full_bloom,20260328_1059_full_bloom_93_rot30.jpg,data/raw/full_bloom/20260328_1059_full_bloom_93_rot30.jpg
budding,20260328_1005_budding_9_sdown.jpg,data/raw/budding/20260328_1005_budding_9_sdown.jpg
vegetative,20260712_0902_vegetative_141_rot30.jpg,data/raw/vegetative/20260712_0902_vegetative_141_rot30.jpg
wilting,20260814_1646_wilting_41_rot45.jpg,data/raw/wilting/20260814_1646_wilting_41_rot45.jpg
seed_formation,20260727_1732_seed_formation_171_cup.jpg,data/raw/seed_formation/20260727_1732_seed_formation_171_cup.jpg
seed_formation,20260328_1022_seed_formation_65_rot30.jpg,data/raw/seed_formation/20260328_1022_seed_formation_65_rot30.jpg
seed_formation,20260328_1041_seed_formation_108_cup.jpg,data/raw/seed_formation/20260328_1041_seed_formation_108_cup.jpg
vegetative,20260328_1046_vegetative_63_cdown.jpg,data/raw/vegetative/20260328_1046_vegetative_63_cdown.jpg
budding,20260328_1059_budding_154_rot60.jpg,data/raw/budding/20260328_1059_budding_154_rot60.jpg
seed_formation,20260715_1602_seed_formation_144_rot60.jpg,data/raw/seed_formation/20260715_1602_seed_formation_144_rot60.jpg
budding,20260328_1055_budding_139_cdown.jpg,data/raw/budding/20260328_1055_budding_139_cdown.jpg
vegetative,20260328_1030_vegetative_27_sdown.jpg,data/raw/vegetative/20260328_1030_vegetative_27_sdown.jpg
pre_bloom,20260811_1640_pre_bloom_113_bdown.jpg,data/raw/pre_bloom/20260811_1640_pre_bloom_113_bdown.jpg
full_bloom,20260727_1711_full_bloom_55_rot60.jpg,data/raw/full_bloom/20260727_1711_full_bloom_55_rot60.jpg
vegetative,20260712_0902_vegetative_135_bup.jpg,data/raw/vegetative/20260712_0902_vegetative_135_bup.jpg
vegetative,20260328_1046_vegetative_56_bup.jpg,data/raw/vegetative/20260328_1046_vegetative_56_bup.jpg
full_bloom,20260727_1707_full_bloom_35_bup.jpg,data/raw/full_bloom/20260727_1707_full_bloom_35_bup.jpg
full_bloom,20260328_1052_full_bloom_65_bup.jpg,data/raw/full_bloom/20260328_1052_full_bloom_65_bup.jpg
full_bloom,20260328_1013_full_bloom_15_bup.jpg,data/raw/full_bloom/20260328_1013_full_bloom_15_bup.jpg
vegetative,20260712_0848_vegetative_110_cup.jpg,data/raw/vegetative/20260712_0848_vegetative_110_cup.jpg
pre_bloom,20260328_1108_pre_bloom_55_cup.jpg,data/raw/pre_bloom/20260328_1108_pre_bloom_55_cup.jpg
seed_formation,20260731_1719_seed_formation_186_bup.jpg,data/raw/seed_formation/20260731_1719_seed_formation_186_bup.jpg
pre_bloom,20260328_1108_pre_bloom_48_cdown.jpg,data/raw/pre_bloom/20260328_1108_pre_bloom_48_cdown.jpg
vegetative,20260328_1038_vegetative_51_bdown.jpg,data/raw/vegetative/20260328_1038_vegetative_51_bdown.jpg
full_bloom,20260328_1053_full_bloom_83_rot45.jpg,data/raw/full_bloom/20260328_1053_full_bloom_83_rot45.jpg
vegetative,20260328_1123_vegetative_97_bdown.jpg,data/raw/vegetative/20260328_1123_vegetative_97_bdown.jpg
budding,20260328_1055_budding_140_rot30.jpg,data/raw/budding/20260328_1055_budding_140_rot30.jpg
pre_bloom,20260731_1656_pre_bloom_80_sdown.jpg,data/raw/pre_bloom/20260731_1656_pre_bloom_80_sdown.jpg
vegetative,20260328_1038_vegetative_50_rot45.jpg,data/raw/vegetative/20260328_1038_vegetative_50_rot45.jpg
budding,20260328_1121_budding_195_bdown.jpg,data/raw/budding/20260328_1121_budding_195_bdown.jpg
full_bloom,20260328_1109_full_bloom_106_bup.jpg,data/raw/full_bloom/20260328_1109_full_bloom_106_bup.jpg
budding,20260328_1121_budding_198_bup.jpg,data/raw/budding/20260328_1121_budding_198_bup.jpg
pre_bloom,20260731_1658_pre_bloom_85_rot30.jpg,data/raw/pre_bloom/20260731_1658_pre_bloom_85_rot30.jpg
pre_bloom,20260804_1723_pre_bloom_99_rot60.jpg,data/raw/pre_bloom/20260804_1723_pre_bloom_99_rot60.jpg
budding,20260328_1055_budding_134_cdown.jpg,data/raw/budding/20260328_1055_budding_134_cdown.jpg
seed_formation,20260328_1020_seed_formation_58_rot30.jpg,data/raw/seed_formation/20260328_1020_seed_formation_58_rot30.jpg
pre_bloom,20260727_1555_pre_bloom_45.jpg,data/raw/pre_bloom/20260727_1555_pre_bloom_45.jpg
vegetative,20260712_0846_vegetative_108_sup.jpg,data/raw/vegetative/20260712_0846_vegetative_108_sup.jpg
pre_bloom,20260727_1737_pre_bloom_77_bdown.jpg,data/raw/pre_bloom/20260727_1737_pre_bloom_77_bdown.jpg
wilting,20260814_1637_wilting_24_bdown.jpg,data/raw/wilting/20260814_1637_wilting_24_bdown.jpg
budding,20260328_1005_budding_12_bdown.jpg,data/raw/budding/20260328_1005_budding_12_bdown.jpg
wilting,20260814_1637_wilting_28_cdown.jpg,data/raw/wilting/20260814_1637_wilting_28_cdown.jpg
wilting,20260819_1718_wilting_37_cup.jpg,data/raw/wilting/20260819_1718_wilting_37_cup.jpg
seed_formation,20260328_1022_seed_formation_65_bup.jpg,data/raw/seed_formation/20260328_1022_seed_formation_65_bup.jpg
pre_bloom,20260727_1736_pre_bloom_69_sdown.jpg,data/raw/pre_bloom/20260727_1736_pre_bloom_69_sdown.jpg
budding,20260328_1110_budding_167.jpg,data/raw/budding/20260328_1110_budding_167.jpg
full_bloom,20260328_1116_full_bloom_143_sdown.jpg,data/raw/full_bloom/20260328_1116_full_bloom_143_sdown.jpg
full_bloom,20260328_1013_full_bloom_13_bdown.jpg,data/raw/full_bloom/20260328_1013_full_bloom_13_bdown.jpg
full_bloom,20260328_1114_full_bloom_127_bdown.jpg,data/raw/full_bloom/20260328_1114_full_bloom_127_bdown.jpg
full_bloom,20260328_1110_full_bloom_119_rot45.jpg,data/raw/full_bloom/20260328_1110_full_bloom_119_rot45.jpg
vegetative,20260328_1117_vegetative_77_cup.jpg,data/raw/vegetative/20260328_1117_vegetative_77_cup.jpg
seed_formation,20260328_1039_seed_formation_81_cdown.jpg,data/raw/seed_formation/20260328_1039_seed_formation_81_cdown.jpg
vegetative,20260328_1046_vegetative_63_sup.jpg,data/raw/vegetative/20260328_1046_vegetative_63_sup.jpg
wilting,20260824_1720_wilting_91_cup.jpg,data/raw/wilting/20260824_1720_wilting_91_cup.jpg
seed_formation,20260731_1719_seed_formation_186_sup.jpg,data/raw/seed_formation/20260731_1719_seed_formation_186_sup.jpg
seed_formation,20260727_1733_seed_formation_177_sdown.jpg,data/raw/seed_formation/20260727_1733_seed_formation_177_sdown.jpg
seed_formation,20260328_1020_seed_formation_49.jpg,data/raw/seed_formation/20260328_1020_seed_formation_49.jpg
vegetative,20260328_1032_vegetative_34_rot60.jpg,data/raw/vegetative/20260328_1032_vegetative_34_rot60.jpg
wilting,20260824_1721_wilting_100_cdown.jpg,data/raw/wilting/20260824_1721_wilting_100_cdown.jpg
vegetative,20260328_1047_vegetative_68_sdown.jpg,data/raw/vegetative/20260328_1047_vegetative_68_sdown.jpg
budding,20260328_1056_budding_152.jpg,data/raw/budding/20260328_1056_budding_152.jpg
budding,20260328_1122_budding_209_rot45.jpg,data/raw/budding/20260328_1122_budding_209_rot45.jpg
vegetative,20260328_1037_vegetative_44.jpg,data/raw/vegetative/20260328_1037_vegetative_44.jpg
seed_formation,20260328_1019_seed_formation_35_rot60.jpg,data/raw/seed_formation/20260328_1019_seed_formation_35_rot60.jpg
full_bloom,20260727_1709_full_bloom_54_cdown.jpg,data/raw/full_bloom/20260727_1709_full_bloom_54_cdown.jpg
vegetative,20260804_1656_vegetative_162_rot60.jpg,data/raw/vegetative/20260804_1656_vegetative_162_rot60.jpg
wilting,20260824_1720_wilting_94_rot30.jpg,data/raw/wilting/20260824_1720_wilting_94_rot30.jpg
budding,20260328_1005_budding_9_sup.jpg,data/raw/budding/20260328_1005_budding_9_sup.jpg
pre_bloom,20260811_1640_pre_bloom_116_cup.jpg,data/raw/pre_bloom/20260811_1640_pre_bloom_116_cup.jpg
wilting,20260824_1719_wilting_86_rot30.jpg,data/raw/wilting/20260824_1719_wilting_86_rot30.jpg
vegetative,20260712_0838_vegetative_105_rot30.jpg,data/raw/vegetative/20260712_0838_vegetative_105_rot30.jpg
vegetative,20260328_1117_vegetative_81_bup.jpg,data/raw/vegetative/20260328_1117_vegetative_81_bup.jpg
budding,20260328_1005_budding_38_rot30.jpg,data/raw/budding/20260328_1005_budding_38_rot30.jpg
budding,20260328_1121_budding_185_rot45.jpg,data/raw/budding/20260328_1121_budding_185_rot45.jpg
pre_bloom,20260712_0855_pre_bloom_11_rot60.jpg,data/raw/pre_bloom/20260712_0855_pre_bloom_11_rot60.jpg
seed_formation,20260722_1745_seed_formation_10_cdown.jpg,data/raw/seed_formation/20260722_1745_seed_formation_10_cdown.jpg
budding,20260328_1055_budding_134_bdown.jpg,data/raw/budding/20260328_1055_budding_134_bdown.jpg
vegetative,20260328_1117_vegetative_92_cup.jpg,data/raw/vegetative/20260328_1117_vegetative_92_cup.jpg
vegetative,20260328_1038_vegetative_51_rot45.jpg,data/raw/vegetative/20260328_1038_vegetative_51_rot45.jpg
seed_formation,20260715_1554_seed_formation_127_cdown.jpg,data/raw/seed_formation/20260715_1554_seed_formation_127_cdown.jpg
full_bloom,20260727_1709_full_bloom_53.jpg,data/raw/full_bloom/20260727_1709_full_bloom_53.jpg
vegetative,20260328_1046_vegetative_65_rot60.jpg,data/raw/vegetative/20260328_1046_vegetative_65_rot60.jpg
wilting,20260824_1709_wilting_82.jpg,data/raw/wilting/20260824_1709_wilting_82.jpg
vegetative,20260328_1015_vegetative_13_rot30.jpg,data/raw/vegetative/20260328_1015_vegetative_13_rot30.jpg
pre_bloom,20260328_1108_pre_bloom_65_cup.jpg,data/raw/pre_bloom/20260328_1108_pre_bloom_65_cup.jpg
full_bloom,20260328_1036_full_bloom_29.jpg,data/raw/full_bloom/20260328_1036_full_bloom_29.jpg
budding,20260328_1110_budding_170_rot30.jpg,data/raw/budding/20260328_1110_budding_170_rot30.jpg
budding,20260328_1005_budding_9_rot30.jpg,data/raw/budding/20260328_1005_budding_9_rot30.jpg
vegetative,20260328_1011_vegetative_9_sup.jpg,data/raw/vegetative/20260328_1011_vegetative_9_sup.jpg
budding,20260328_1115_budding_181_rot60.jpg,data/raw/budding/20260328_1115_budding_181_rot60.jpg
pre_bloom,20260712_0913_pre_bloom_73_rot60.jpg,data/raw/pre_bloom/20260712_0913_pre_bloom_73_rot60.jpg
seed_formation,20260731_1719_seed_formation_186.jpg,data/raw/seed_formation/20260731_1719_seed_formation_186.jpg
budding,20260328_1055_budding_136_rot30.jpg,data/raw/budding/20260328_1055_budding_136_rot30.jpg
pre_bloom,flowerin_0000_pre_bloom_82_rot60.jpg,data/raw/pre_bloom/flowerin_0000_pre_bloom_82_rot60.jpg
seed_formation,20260715_1602_seed_formation_1.jpg,data/raw/seed_formation/20260715_1602_seed_formation_1.jpg
pre_bloom,20260328_1043_pre_bloom_40_bdown.jpg,data/raw/pre_bloom/20260328_1043_pre_bloom_40_bdown.jpg
vegetative,20260328_1002_vegetative_1_bdown.jpg,data/raw/vegetative/20260328_1002_vegetative_1_bdown.jpg
full_bloom,20260328_1038_full_bloom_41_sup.jpg,data/raw/full_bloom/20260328_1038_full_bloom_41_sup.jpg
vegetative,20260712_0902_vegetative_139_rot30.jpg,data/raw/vegetative/20260712_0902_vegetative_139_rot30.jpg
seed_formation,20260715_1602_seed_formation_142_cdown.jpg,data/raw/seed_formation/20260715_1602_seed_formation_142_cdown.jpg
pre_bloom,20260328_1018_pre_bloom_15_cdown.jpg,data/raw/pre_bloom/20260328_1018_pre_bloom_15_cdown.jpg
full_bloom,20260722_1743_full_bloom_19_bdown.jpg,data/raw/full_bloom/20260722_1743_full_bloom_19_bdown.jpg
seed_formation,20260328_1039_seed_formation_86_bup.jpg,data/raw/seed_formation/20260328_1039_seed_formation_86_bup.jpg
vegetative,20260328_1117_vegetative_88_bdown.jpg,data/raw/vegetative/20260328_1117_vegetative_88_bdown.jpg
seed_formation,20260722_1754_seed_formation_158_sup.jpg,data/raw/seed_formation/20260722_1754_seed_formation_158_sup.jpg
wilting,20260819_1716_wilting_25_cup.jpg,data/raw/wilting/20260819_1716_wilting_25_cup.jpg
pre_bloom,20260328_1108_pre_bloom_49_sup.jpg,data/raw/pre_bloom/20260328_1108_pre_bloom_49_sup.jpg
budding,20260328_1122_budding_212_cup.jpg,data/raw/budding/20260328_1122_budding_212_cup.jpg
budding,20260328_1005_budding_55_bdown.jpg,data/raw/budding/20260328_1005_budding_55_bdown.jpg
wilting,20260824_1719_wilting_86_cdown.jpg,data/raw/wilting/20260824_1719_wilting_86_cdown.jpg
seed_formation,20260328_1008_seed_formation_11_rot30.jpg,data/raw/seed_formation/20260328_1008_seed_formation_11_rot30.jpg
vegetative,20260328_1032_vegetative_35_cdown.jpg,data/raw/vegetative/20260328_1032_vegetative_35_cdown.jpg
vegetative,20260712_0900_vegetative_115_sdown.jpg,data/raw/vegetative/20260712_0900_vegetative_115_sdown.jpg
seed_formation,20260328_1009_seed_formation_27_rot45.jpg,data/raw/seed_formation/20260328_1009_seed_formation_27_rot45.jpg
pre_bloom,20260727_1711_pre_bloom_51_sup.jpg,data/raw/pre_bloom/20260727_1711_pre_bloom_51_sup.jpg
wilting,20260824_1707_wilting_66_cdown.jpg,data/raw/wilting/20260824_1707_wilting_66_cdown.jpg
budding,20260328_1055_budding_146_sup.jpg,data/raw/budding/20260328_1055_budding_146_sup.jpg
seed_formation,20260328_1040_seed_formation_100_rot45.jpg,data/raw/seed_formation/20260328_1040_seed_formation_100_rot45.jpg
full_bloom,20260727_1709_full_bloom_51_rot45.jpg,data/raw/full_bloom/20260727_1709_full_bloom_51_rot45.jpg
budding,20260328_1005_budding_54_bup.jpg,data/raw/budding/20260328_1005_budding_54_bup.jpg
vegetative,20260328_1030_vegetative_28_rot30.jpg,data/raw/vegetative/20260328_1030_vegetative_28_rot30.jpg
full_bloom,20260328_1059_full_bloom_93_cup.jpg,data/raw/full_bloom/20260328_1059_full_bloom_93_cup.jpg
pre_bloom,20260727_1722_pre_bloom_61_sup.jpg,data/raw/pre_bloom/20260727_1722_pre_bloom_61_sup.jpg
wilting,20260824_1705_wilting_45_cdown.jpg,data/raw/wilting/20260824_1705_wilting_45_cdown.jpg
seed_formation,20260715_1602_seed_formation_145_bup.jpg,data/raw/seed_formation/20260715_1602_seed_formation_145_bup.jpg
full_bloom,20260727_1709_full_bloom_54_rot30.jpg,data/raw/full_bloom/20260727_1709_full_bloom_54_rot30.jpg
budding,20260328_1055_budding_142_sup.jpg,data/raw/budding/20260328_1055_budding_142_sup.jpg
vegetative,20260328_1037_vegetative_47_cdown.jpg,data/raw/vegetative/20260328_1037_vegetative_47_cdown.jpg
pre_bloom,20260811_1639_pre_bloom_109_cdown.jpg,data/raw/pre_bloom/20260811_1639_pre_bloom_109_cdown.jpg
full_bloom,20260328_1013_full_bloom_7_sup.jpg,data/raw/full_bloom/20260328_1013_full_bloom_7_sup.jpg
wilting,20260824_1709_wilting_80_sdown.jpg,data/raw/wilting/20260824_1709_wilting_80_sdown.jpg
pre_bloom,20260804_1723_pre_bloom_98_bdown.jpg,data/raw/pre_bloom/20260804_1723_pre_bloom_98_bdown.jpg
full_bloom,20260722_1658_full_bloom_16_sup.jpg,data/raw/full_bloom/20260722_1658_full_bloom_16_sup.jpg
vegetative,20260328_1046_vegetative_62_cup.jpg,data/raw/vegetative/20260328_1046_vegetative_62_cup.jpg
vegetative,20260328_1117_vegetative_87_cdown.jpg,data/raw/vegetative/20260328_1117_vegetative_87_cdown.jpg
seed_formation,20260727_1733_seed_formation_172_rot45.jpg,data/raw/seed_formation/20260727_1733_seed_formation_172_rot45.jpg
seed_formation,seedling_0000_seed_formation_189_bup.jpg,data/raw/seed_formation/seedling_0000_seed_formation_189_bup.jpg
seed_formation,20260328_1041_seed_formation_115_rot30.jpg,data/raw/seed_formation/20260328_1041_seed_formation_115_rot30.jpg
seed_formation,20260328_1041_seed_formation_110_rot60.jpg,data/raw/seed_formation/20260328_1041_seed_formation_110_rot60.jpg
seed_formation,20260722_1745_seed_formation_11_rot45.jpg,data/raw/seed_formation/20260722_1745_seed_formation_11_rot45.jpg
wilting,20260824_1720_wilting_91_rot60.jpg,data/raw/wilting/20260824_1720_wilting_91_rot60.jpg
vegetative,20260328_1117_vegetative_78.jpg,data/raw/vegetative/20260328_1117_vegetative_78.jpg
budding,20260328_1010_budding_82_sup.jpg,data/raw/budding/20260328_1010_budding_82_sup.jpg
budding,20260328_1011_budding_97_bdown.jpg,data/raw/budding/20260328_1011_budding_97_bdown.jpg
full_bloom,20260727_1709_full_bloom_42_bdown.jpg,data/raw/full_bloom/20260727_1709_full_bloom_42_bdown.jpg
pre_bloom,20260811_1640_pre_bloom_122_sdown.jpg,data/raw/pre_bloom/20260811_1640_pre_bloom_122_sdown.jpg
pre_bloom,20260726_1337_pre_bloom_33_rot60.jpg,data/raw/pre_bloom/20260726_1337_pre_bloom_33_rot60.jpg
budding,20260328_1115_budding_182_sup.jpg,data/raw/budding/20260328_1115_budding_182_sup.jpg
pre_bloom,20260722_1742_pre_bloom_18_rot60.jpg,data/raw/pre_bloom/20260722_1742_pre_bloom_18_rot60.jpg
vegetative,20260328_1117_vegetative_78_rot45.jpg,data/raw/vegetative/20260328_1117_vegetative_78_rot45.jpg
pre_bloom,20260328_1108_pre_bloom_50_sup.jpg,data/raw/pre_bloom/20260328_1108_pre_bloom_50_sup.jpg
full_bloom,20260328_1052_full_bloom_58_rot30.jpg,data/raw/full_bloom/20260328_1052_full_bloom_58_rot30.jpg
pre_bloom,20260811_1640_pre_bloom_115_bup.jpg,data/raw/pre_bloom/20260811_1640_pre_bloom_115_bup.jpg
full_bloom,flowerin_0000_full_bloom_158_sdown.jpg,data/raw/full_bloom/flowerin_0000_full_bloom_158_sdown.jpg
vegetative,20260712_0838_vegetative_103_bup.jpg,data/raw/vegetative/20260712_0838_vegetative_103_bup.jpg
seed_formation,20260715_1602_seed_formation_139_rot60.jpg,data/raw/seed_formation/20260715_1602_seed_formation_139_rot60.jpg
full_bloom,20260328_1051_full_bloom_53_rot45.jpg,data/raw/full_bloom/20260328_1051_full_bloom_53_rot45.jpg
pre_bloom,20260727_1737_pre_bloom_75_rot45.jpg,data/raw/pre_bloom/20260727_1737_pre_bloom_75_rot45.jpg
wilting,20260814_1637_wilting_10_sup.jpg,data/raw/wilting/20260814_1637_wilting_10_sup.jpg
vegetative,20260804_1656_vegetative_155.jpg,data/raw/vegetative/20260804_1656_vegetative_155.jpg
vegetative,20260328_1117_vegetative_88.jpg,data/raw/vegetative/20260328_1117_vegetative_88.jpg
vegetative,20260328_1117_vegetative_77_sup.jpg,data/raw/vegetative/20260328_1117_vegetative_77_sup.jpg
pre_bloom,20260727_1555_pre_bloom_38_cdown.jpg,data/raw/pre_bloom/20260727_1555_pre_bloom_38_cdown.jpg
pre_bloom,20260731_1656_pre_bloom_81_sup.jpg,data/raw/pre_bloom/20260731_1656_pre_bloom_81_sup.jpg
wilting,20260814_1636_wilting_17.jpg,data/raw/wilting/20260814_1636_wilting_17.jpg
wilting,20260824_1721_wilting_98_rot60.jpg,data/raw/wilting/20260824_1721_wilting_98_rot60.jpg
full_bloom,20260722_1658_full_bloom_16_rot30.jpg,data/raw/full_bloom/20260722_1658_full_bloom_16_rot30.jpg
budding,20260328_1005_budding_59_bup.jpg,data/raw/budding/20260328_1005_budding_59_bup.jpg
pre_bloom,20260727_1737_pre_bloom_72_cdown.jpg,data/raw/pre_bloom/20260727_1737_pre_bloom_72_cdown.jpg
seed_formation,20260715_1602_seed_formation_149_sdown.jpg,data/raw/seed_formation/20260715_1602_seed_formation_149_sdown.jpg
seed_formation,seedling_0000_seed_formation_191_rot45.jpg,data/raw/seed_formation/seedling_0000_seed_formation_191_rot45.jpg
budding,20260328_1011_budding_103_rot30.jpg,data/raw/budding/20260328_1011_budding_103_rot30.jpg
vegetative,20260712_0901_vegetative_120_bdown.jpg,data/raw/vegetative/20260712_0901_vegetative_120_bdown.jpg
vegetative,20260712_0901_vegetative_120_bup.jpg,data/raw/vegetative/20260712_0901_vegetative_120_bup.jpg
wilting,20260824_1721_wilting_97_rot30.jpg,data/raw/wilting/20260824_1721_wilting_97_rot30.jpg
budding,20260328_1011_budding_94_bdown.jpg,data/raw/budding/20260328_1011_budding_94_bdown.jpg
budding,20260328_1055_budding_139_rot45.jpg,data/raw/budding/20260328_1055_budding_139_rot45.jpg
pre_bloom,20260722_1743_pre_bloom_20_rot45.jpg,data/raw/pre_bloom/20260722_1743_pre_bloom_20_rot45.jpg
pre_bloom,20260727_1736_pre_bloom_70_bdown.jpg,data/raw/pre_bloom/20260727_1736_pre_bloom_70_bdown.jpg
vegetative,20260712_0902_vegetative_139_cdown.jpg,data/raw/vegetative/20260712_0902_vegetative_139_cdown.jpg
pre_bloom,20260811_1640_pre_bloom_122_rot45.jpg,data/raw/pre_bloom/20260811_1640_pre_bloom_122_rot45.jpg
wilting,20260814_1647_wilting_43_sup.jpg,data/raw/wilting/20260814_1647_wilting_43_sup.jpg
full_bloom,flowerin_0000_full_bloom_155_sup.jpg,data/raw/full_bloom/flowerin_0000_full_bloom_155_sup.jpg
full_bloom,20260727_1722_full_bloom_65_bup.jpg,data/raw/full_bloom/20260727_1722_full_bloom_65_bup.jpg
seed_formation,20260328_1041_seed_formation_116_rot30.jpg,data/raw/seed_formation/20260328_1041_seed_formation_116_rot30.jpg
full_bloom,20260328_1013_full_bloom_9_bdown.jpg,data/raw/full_bloom/20260328_1013_full_bloom_9_bdown.jpg
pre_bloom,Budding0_0000_pre_bloom_80_sup.jpg,data/raw/pre_bloom/Budding0_0000_pre_bloom_80_sup.jpg
seed_formation,20260328_1022_seed_formation_66_rot45.jpg,data/raw/seed_formation/20260328_1022_seed_formation_66_rot45.jpg
full_bloom,20260328_1013_full_bloom_13_sdown.jpg,data/raw/full_bloom/20260328_1013_full_bloom_13_sdown.jpg
vegetative,20260712_0914_vegetative_145_sdown.jpg,data/raw/vegetative/20260712_0914_vegetative_145_sdown.jpg
wilting,20260824_1706_wilting_53_sdown.jpg,data/raw/wilting/20260824_1706_wilting_53_sdown.jpg
pre_bloom,20260727_1556_pre_bloom_47_rot45.jpg,data/raw/pre_bloom/20260727_1556_pre_bloom_47_rot45.jpg
seed_formation,20260328_1040_seed_formation_92_rot60.jpg,data/raw/seed_formation/20260328_1040_seed_formation_92_rot60.jpg
pre_bloom,20260804_1723_pre_bloom_96_bdown.jpg,data/raw/pre_bloom/20260804_1723_pre_bloom_96_bdown.jpg
full_bloom,flowerin_0000_full_bloom_159_bdown.jpg,data/raw/full_bloom/flowerin_0000_full_bloom_159_bdown.jpg
seed_formation,20260328_1008_seed_formation_16_sdown.jpg,data/raw/seed_formation/20260328_1008_seed_formation_16_sdown.jpg
pre_bloom,20260712_0854_pre_bloom_1_rot45.jpg,data/raw/pre_bloom/20260712_0854_pre_bloom_1_rot45.jpg
pre_bloom,20260712_0855_pre_bloom_7_sdown.jpg,data/raw/pre_bloom/20260712_0855_pre_bloom_7_sdown.jpg
full_bloom,20260328_1116_full_bloom_144_bdown.jpg,data/raw/full_bloom/20260328_1116_full_bloom_144_bdown.jpg
wilting,20260814_1637_wilting_12.jpg,data/raw/wilting/20260814_1637_wilting_12.jpg
pre_bloom,20260722_1742_pre_bloom_16_cup.jpg,data/raw/pre_bloom/20260722_1742_pre_bloom_16_cup.jpg
wilting,20260824_1720_wilting_90_bup.jpg,data/raw/wilting/20260824_1720_wilting_90_bup.jpg
vegetative,20260804_1656_vegetative_161_sdown.jpg,data/raw/vegetative/20260804_1656_vegetative_161_sdown.jpg
seed_formation,20260328_1007_seed_formation_5.jpg,data/raw/seed_formation/20260328_1007_seed_formation_5.jpg
pre_bloom,20260328_1043_pre_bloom_39_rot60.jpg,data/raw/pre_bloom/20260328_1043_pre_bloom_39_rot60.jpg
vegetative,20260712_0902_vegetative_133_rot45.jpg,data/raw/vegetative/20260712_0902_vegetative_133_rot45.jpg
seed_formation,20260727_1733_seed_formation_176_cdown.jpg,data/raw/seed_formation/20260727_1733_seed_formation_176_cdown.jpg
wilting,20260824_1706_wilting_58_bup.jpg,data/raw/wilting/20260824_1706_wilting_58_bup.jpg
vegetative,20260328_1117_vegetative_77_rot30.jpg,data/raw/vegetative/20260328_1117_vegetative_77_rot30.jpg
seed_formation,20260328_1041_seed_formation_112_bdown.jpg,data/raw/seed_formation/20260328_1041_seed_formation_112_bdown.jpg
full_bloom,20260328_1109_full_bloom_111_rot30.jpg,data/raw/full_bloom/20260328_1109_full_bloom_111_rot30.jpg
budding,20260328_1005_budding_39_sup.jpg,data/raw/budding/20260328_1005_budding_39_sup.jpg
pre_bloom,20260727_1722_pre_bloom_60_rot45.jpg,data/raw/pre_bloom/20260727_1722_pre_bloom_60_rot45.jpg
pre_bloom,20260727_1737_pre_bloom_72_bup.jpg,data/raw/pre_bloom/20260727_1737_pre_bloom_72_bup.jpg
full_bloom,20260328_1054_full_bloom_86_rot60.jpg,data/raw/full_bloom/20260328_1054_full_bloom_86_rot60.jpg
budding,20260328_1123_budding_218_bup.jpg,data/raw/budding/20260328_1123_budding_218_bup.jpg
pre_bloom,20260328_1108_pre_bloom_58_rot60.jpg,data/raw/pre_bloom/20260328_1108_pre_bloom_58_rot60.jpg
pre_bloom,Budding0_0000_pre_bloom_75_bup.jpg,data/raw/pre_bloom/Budding0_0000_pre_bloom_75_bup.jpg
seed_formation,20260715_1602_seed_formation_143.jpg,data/raw/seed_formation/20260715_1602_seed_formation_143.jpg
vegetative,20260712_0902_vegetative_135_rot45.jpg,data/raw/vegetative/20260712_0902_vegetative_135_rot45.jpg
vegetative,20260328_1002_vegetative_3_sdown.jpg,data/raw/vegetative/20260328_1002_vegetative_3_sdown.jpg
seed_formation,20260328_1020_seed_formation_41_bup.jpg,data/raw/seed_formation/20260328_1020_seed_formation_41_bup.jpg
budding,20260328_1123_budding_218_cdown.jpg,data/raw/budding/20260328_1123_budding_218_cdown.jpg
budding,20260328_1122_budding_209_cup.jpg,data/raw/budding/20260328_1122_budding_209_cup.jpg
full_bloom,20260328_1115_full_bloom_139_rot30.jpg,data/raw/full_bloom/20260328_1115_full_bloom_139_rot30.jpg
full_bloom,20260727_1709_full_bloom_40_bup.jpg,data/raw/full_bloom/20260727_1709_full_bloom_40_bup.jpg
vegetative,20260712_0851_vegetative_111_bup.jpg,data/raw/vegetative/20260712_0851_vegetative_111_bup.jpg
pre_bloom,20260731_1708_pre_bloom_90.jpg,data/raw/pre_bloom/20260731_1708_pre_bloom_90.jpg
full_bloom,20260328_1109_full_bloom_108_cdown.jpg,data/raw/full_bloom/20260328_1109_full_bloom_108_cdown.jpg
vegetative,20260328_1037_vegetative_48_cup.jpg,data/raw/vegetative/20260328_1037_vegetative_48_cup.jpg
vegetative,20260712_0838_vegetative_102_rot45.jpg,data/raw/vegetative/20260712_0838_vegetative_102_rot45.jpg
seed_formation,20260328_1041_seed_formation_113_cup.jpg,data/raw/seed_formation/20260328_1041_seed_formation_113_cup.jpg
budding,20260328_1121_budding_196_sup.jpg,data/raw/budding/20260328_1121_budding_196_sup.jpg
wilting,20260824_1719_wilting_86_bdown.jpg,data/raw/wilting/20260824_1719_wilting_86_bdown.jpg
seed_formation,20260328_1020_seed_formation_42_bup.jpg,data/raw/seed_formation/20260328_1020_seed_formation_42_bup.jpg
vegetative,20260328_1002_vegetative_3_bdown.jpg,data/raw/vegetative/20260328_1002_vegetative_3_bdown.jpg
pre_bloom,20260328_1042_pre_bloom_26_rot30.jpg,data/raw/pre_bloom/20260328_1042_pre_bloom_26_rot30.jpg
vegetative,20260712_0902_vegetative_133_rot30.jpg,data/raw/vegetative/20260712_0902_vegetative_133_rot30.jpg
vegetative,20260712_0902_vegetative_136_rot60.jpg,data/raw/vegetative/20260712_0902_vegetative_136_rot60.jpg
vegetative,20260804_1655_vegetative_154.jpg,data/raw/vegetative/20260804_1655_vegetative_154.jpg
wilting,20260824_1708_wilting_75_bup.jpg,data/raw/wilting/20260824_1708_wilting_75_bup.jpg
budding,20260328_1005_budding_12.jpg,data/raw/budding/20260328_1005_budding_12.jpg
full_bloom,20260328_1053_full_bloom_74_bdown.jpg,data/raw/full_bloom/20260328_1053_full_bloom_74_bdown.jpg
seed_formation,20260328_1042_seed_formation_122_rot45.jpg,data/raw/seed_formation/20260328_1042_seed_formation_122_rot45.jpg
seed_formation,20260328_1041_seed_formation_118.jpg,data/raw/seed_formation/20260328_1041_seed_formation_118.jpg
vegetative,20260328_1037_vegetative_47_rot60.jpg,data/raw/vegetative/20260328_1037_vegetative_47_rot60.jpg
full_bloom,20260715_1556_full_bloom_5.jpg,data/raw/full_bloom/20260715_1556_full_bloom_5.jpg
budding,20260328_1059_budding_156.jpg,data/raw/budding/20260328_1059_budding_156.jpg
budding,20260328_1005_budding_10.jpg,data/raw/budding/20260328_1005_budding_10.jpg
budding,20260328_1122_budding_202_sdown.jpg,data/raw/budding/20260328_1122_budding_202_sdown.jpg
vegetative,20260328_1117_vegetative_84_bdown.jpg,data/raw/vegetative/20260328_1117_vegetative_84_bdown.jpg
budding,20260328_1005_budding_38_bdown.jpg,data/raw/budding/20260328_1005_budding_38_bdown.jpg
pre_bloom,20260811_1640_pre_bloom_115_rot30.jpg,data/raw/pre_bloom/20260811_1640_pre_bloom_115_rot30.jpg
full_bloom,20260715_1556_full_bloom_5_rot30.jpg,data/raw/full_bloom/20260715_1556_full_bloom_5_rot30.jpg
budding,20260328_1005_budding_10_bup.jpg,data/raw/budding/20260328_1005_budding_10_bup.jpg
wilting,20260819_1716_wilting_25_bdown.jpg,data/raw/wilting/20260819_1716_wilting_25_bdown.jpg
full_bloom,20260328_1054_full_bloom_90_cdown.jpg,data/raw/full_bloom/20260328_1054_full_bloom_90_cdown.jpg
pre_bloom,20260727_1711_pre_bloom_56_sup.jpg,data/raw/pre_bloom/20260727_1711_pre_bloom_56_sup.jpg
budding,20260328_1123_budding_219.jpg,data/raw/budding/20260328_1123_budding_219.jpg
full_bloom,20260727_1711_full_bloom_55_bdown.jpg,data/raw/full_bloom/20260727_1711_full_bloom_55_bdown.jpg
vegetative,20260722_1820_vegetative_148_rot60.jpg,data/raw/vegetative/20260722_1820_vegetative_148_rot60.jpg
full_bloom,20260328_1109_full_bloom_104_bup.jpg,data/raw/full_bloom/20260328_1109_full_bloom_104_bup.jpg
full_bloom,20260328_1052_full_bloom_65_rot30.jpg,data/raw/full_bloom/20260328_1052_full_bloom_65_rot30.jpg
wilting,20260819_1717_wilting_28_rot30.jpg,data/raw/wilting/20260819_1717_wilting_28_rot30.jpg
seed_formation,20260328_1020_seed_formation_47_sup.jpg,data/raw/seed_formation/20260328_1020_seed_formation_47_sup.jpg
budding,20260328_1059_budding_154.jpg,data/raw/budding/20260328_1059_budding_154.jpg
full_bloom,20260727_1709_full_bloom_40_sdown.jpg,data/raw/full_bloom/20260727_1709_full_bloom_40_sdown.jpg
wilting,20260824_1708_wilting_72_bup.jpg,data/raw/wilting/20260824_1708_wilting_72_bup.jpg
budding,20260328_1005_budding_7_rot45.jpg,data/raw/budding/20260328_1005_budding_7_rot45.jpg
seed_formation,20260328_1020_seed_formation_45_cup.jpg,data/raw/seed_formation/20260328_1020_seed_formation_45_cup.jpg
seed_formation,20260328_1040_seed_formation_101_rot60.jpg,data/raw/seed_formation/20260328_1040_seed_formation_101_rot60.jpg
full_bloom,20260727_1707_full_bloom_37_sup.jpg,data/raw/full_bloom/20260727_1707_full_bloom_37_sup.jpg
budding,20260328_1055_budding_140_bdown.jpg,data/raw/budding/20260328_1055_budding_140_bdown.jpg
vegetative,20260328_1037_vegetative_49_cup.jpg,data/raw/vegetative/20260328_1037_vegetative_49_cup.jpg
budding,20260328_1005_budding_52_bup.jpg,data/raw/budding/20260328_1005_budding_52_bup.jpg
budding,20260328_1055_budding_142_sdown.jpg,data/raw/budding/20260328_1055_budding_142_sdown.jpg
vegetative,20260328_1117_vegetative_87_sdown.jpg,data/raw/vegetative/20260328_1117_vegetative_87_sdown.jpg
pre_bloom,20260726_1336_pre_bloom_31_bup.jpg,data/raw/pre_bloom/20260726_1336_pre_bloom_31_bup.jpg
budding,20260328_1122_budding_205_sup.jpg,data/raw/budding/20260328_1122_budding_205_sup.jpg
budding,20260328_1110_budding_166_rot30.jpg,data/raw/budding/20260328_1110_budding_166_rot30.jpg
pre_bloom,Budding0_0000_pre_bloom_75_bdown.jpg,data/raw/pre_bloom/Budding0_0000_pre_bloom_75_bdown.jpg
seed_formation,20260328_1020_seed_formation_57_rot30.jpg,data/raw/seed_formation/20260328_1020_seed_formation_57_rot30.jpg
pre_bloom,20260731_1708_pre_bloom_89_cup.jpg,data/raw/pre_bloom/20260731_1708_pre_bloom_89_cup.jpg
pre_bloom,20260727_1711_pre_bloom_55_bdown.jpg,data/raw/pre_bloom/20260727_1711_pre_bloom_55_bdown.jpg
pre_bloom,20260328_1018_pre_bloom_15_bup.jpg,data/raw/pre_bloom/20260328_1018_pre_bloom_15_bup.jpg
full_bloom,20260328_1052_full_bloom_63_cdown.jpg,data/raw/full_bloom/20260328_1052_full_bloom_63_cdown.jpg
full_bloom,20260715_1557_full_bloom_13_rot45.jpg,data/raw/full_bloom/20260715_1557_full_bloom_13_rot45.jpg
seed_formation,20260328_1040_seed_formation_106_rot60.jpg,data/raw/seed_formation/20260328_1040_seed_formation_106_rot60.jpg
seed_formation,20260328_1040_seed_formation_107_rot30.jpg,data/raw/seed_formation/20260328_1040_seed_formation_107_rot30.jpg
vegetative,20260328_1117_vegetative_81_rot45.jpg,data/raw/vegetative/20260328_1117_vegetative_81_rot45.jpg
full_bloom,20260328_1109_full_bloom_106_rot60.jpg,data/raw/full_bloom/20260328_1109_full_bloom_106_rot60.jpg
budding,20260328_1122_budding_214_rot30.jpg,data/raw/budding/20260328_1122_budding_214_rot30.jpg
pre_bloom,20260731_1708_pre_bloom_89_bdown.jpg,data/raw/pre_bloom/20260731_1708_pre_bloom_89_bdown.jpg
full_bloom,20260328_1037_full_bloom_35_sdown.jpg,data/raw/full_bloom/20260328_1037_full_bloom_35_sdown.jpg
seed_formation,20260727_1715_seed_formation_30_bdown.jpg,data/raw/seed_formation/20260727_1715_seed_formation_30_bdown.jpg
full_bloom,20260727_1707_full_bloom_31_rot30.jpg,data/raw/full_bloom/20260727_1707_full_bloom_31_rot30.jpg
budding,20260328_1010_budding_74_bup.jpg,data/raw/budding/20260328_1010_budding_74_bup.jpg
pre_bloom,20260328_1002_pre_bloom_1_rot60.jpg,data/raw/pre_bloom/20260328_1002_pre_bloom_1_rot60.jpg
wilting,wilting1_0000_wilting_45_cdown.jpg,data/raw/wilting/wilting1_0000_wilting_45_cdown.jpg
budding,20260328_1005_budding_9.jpg,data/raw/budding/20260328_1005_budding_9.jpg
budding,20260328_1110_budding_167_rot30.jpg,data/raw/budding/20260328_1110_budding_167_rot30.jpg
pre_bloom,20260722_1743_pre_bloom_21_bup.jpg,data/raw/pre_bloom/20260722_1743_pre_bloom_21_bup.jpg
budding,20260328_1122_budding_202_sup.jpg,data/raw/budding/20260328_1122_budding_202_sup.jpg
full_bloom,20260328_1037_full_bloom_38_cdown.jpg,data/raw/full_bloom/20260328_1037_full_bloom_38_cdown.jpg
budding,20260328_1005_budding_14.jpg,data/raw/budding/20260328_1005_budding_14.jpg
seed_formation,20260328_1009_seed_formation_33_sdown.jpg,data/raw/seed_formation/20260328_1009_seed_formation_33_sdown.jpg
wilting,20260824_1708_wilting_74_sup.jpg,data/raw/wilting/20260824_1708_wilting_74_sup.jpg
seed_formation,20260328_1039_seed_formation_80_sdown.jpg,data/raw/seed_formation/20260328_1039_seed_formation_80_sdown.jpg
pre_bloom,20260811_1640_pre_bloom_119_cdown.jpg,data/raw/pre_bloom/20260811_1640_pre_bloom_119_cdown.jpg
wilting,20260814_1646_wilting_42_sup.jpg,data/raw/wilting/20260814_1646_wilting_42_sup.jpg
wilting,20260819_1717_wilting_31_cdown.jpg,data/raw/wilting/20260819_1717_wilting_31_cdown.jpg
budding,20260328_1005_budding_57_rot45.jpg,data/raw/budding/20260328_1005_budding_57_rot45.jpg
seed_formation,20260715_1554_seed_formation_127_cup.jpg,data/raw/seed_formation/20260715_1554_seed_formation_127_cup.jpg
seed_formation,20260328_1041_seed_formation_118_rot60.jpg,data/raw/seed_formation/20260328_1041_seed_formation_118_rot60.jpg
budding,20260328_1110_budding_169_sdown.jpg,data/raw/budding/20260328_1110_budding_169_sdown.jpg
budding,20260328_1122_budding_205_bup.jpg,data/raw/budding/20260328_1122_budding_205_bup.jpg
vegetative,20260328_1038_vegetative_51_rot60.jpg,data/raw/vegetative/20260328_1038_vegetative_51_rot60.jpg
seed_formation,20260328_1039_seed_formation_83_sup.jpg,data/raw/seed_formation/20260328_1039_seed_formation_83_sup.jpg
pre_bloom,20260712_0854_pre_bloom_3_cup.jpg,data/raw/pre_bloom/20260712_0854_pre_bloom_3_cup.jpg
full_bloom,20260722_1744_full_bloom_23_sup.jpg,data/raw/full_bloom/20260722_1744_full_bloom_23_sup.jpg
wilting,20260824_1709_wilting_81_cup.jpg,data/raw/wilting/20260824_1709_wilting_81_cup.jpg
seed_formation,20260727_1715_seed_formation_26.jpg,data/raw/seed_formation/20260727_1715_seed_formation_26.jpg
pre_bloom,flowerin_0000_pre_bloom_81_sup.jpg,data/raw/pre_bloom/flowerin_0000_pre_bloom_81_sup.jpg
vegetative,20260712_0901_vegetative_120_rot30.jpg,data/raw/vegetative/20260712_0901_vegetative_120_rot30.jpg
pre_bloom,20260328_1108_pre_bloom_63_cdown.jpg,data/raw/pre_bloom/20260328_1108_pre_bloom_63_cdown.jpg
budding,20260328_1005_budding_9_rot60.jpg,data/raw/budding/20260328_1005_budding_9_rot60.jpg
pre_bloom,20260727_1555_pre_bloom_41.jpg,data/raw/pre_bloom/20260727_1555_pre_bloom_41.jpg
vegetative,20260328_1005_vegetative_4_rot45.jpg,data/raw/vegetative/20260328_1005_vegetative_4_rot45.jpg
full_bloom,20260328_1052_full_bloom_69_bdown.jpg,data/raw/full_bloom/20260328_1052_full_bloom_69_bdown.jpg
vegetative,20260712_0902_vegetative_136_cdown.jpg,data/raw/vegetative/20260712_0902_vegetative_136_cdown.jpg
wilting,20260727_1724_wilting_10_cup.jpg,data/raw/wilting/20260727_1724_wilting_10_cup.jpg
full_bloom,20260727_1707_full_bloom_32_bdown.jpg,data/raw/full_bloom/20260727_1707_full_bloom_32_bdown.jpg
pre_bloom,20260811_1640_pre_bloom_123_rot30.jpg,data/raw/pre_bloom/20260811_1640_pre_bloom_123_rot30.jpg
full_bloom,20260727_1709_full_bloom_43_rot45.jpg,data/raw/full_bloom/20260727_1709_full_bloom_43_rot45.jpg
full_bloom,20260328_1013_full_bloom_15_rot30.jpg,data/raw/full_bloom/20260328_1013_full_bloom_15_rot30.jpg
vegetative,20260712_0914_vegetative_144_cup.jpg,data/raw/vegetative/20260712_0914_vegetative_144_cup.jpg
vegetative,20260712_0914_vegetative_145_cdown.jpg,data/raw/vegetative/20260712_0914_vegetative_145_cdown.jpg
wilting,20260824_1721_wilting_106_rot60.jpg,data/raw/wilting/20260824_1721_wilting_106_rot60.jpg
budding,20260328_1005_budding_34_cup.jpg,data/raw/budding/20260328_1005_budding_34_cup.jpg
budding,20260328_1005_budding_53_rot30.jpg,data/raw/budding/20260328_1005_budding_53_rot30.jpg
full_bloom,20260328_1013_full_bloom_15_rot60.jpg,data/raw/full_bloom/20260328_1013_full_bloom_15_rot60.jpg
full_bloom,flowerin_0000_full_bloom_148_rot30.jpg,data/raw/full_bloom/flowerin_0000_full_bloom_148_rot30.jpg
wilting,20260824_1709_wilting_80_cdown.jpg,data/raw/wilting/20260824_1709_wilting_80_cdown.jpg
full_bloom,20260328_1036_full_bloom_32_rot60.jpg,data/raw/full_bloom/20260328_1036_full_bloom_32_rot60.jpg
budding,20260328_1005_budding_25.jpg,data/raw/budding/20260328_1005_budding_25.jpg
seed_formation,20260328_1042_seed_formation_122_sup.jpg,data/raw/seed_formation/20260328_1042_seed_formation_122_sup.jpg
seed_formation,20260715_1602_seed_formation_143_cdown.jpg,data/raw/seed_formation/20260715_1602_seed_formation_143_cdown.jpg
vegetative,20260712_0914_vegetative_145_rot60.jpg,data/raw/vegetative/20260712_0914_vegetative_145_rot60.jpg
pre_bloom,20260328_1006_pre_bloom_10_rot30.jpg,data/raw/pre_bloom/20260328_1006_pre_bloom_10_rot30.jpg
full_bloom,20260328_1115_full_bloom_139_sup.jpg,data/raw/full_bloom/20260328_1115_full_bloom_139_sup.jpg
budding,20260328_1005_budding_62_rot45.jpg,data/raw/budding/20260328_1005_budding_62_rot45.jpg
budding,20260328_1005_budding_14_rot30.jpg,data/raw/budding/20260328_1005_budding_14_rot30.jpg
pre_bloom,20260731_1656_pre_bloom_82_cup.jpg,data/raw/pre_bloom/20260731_1656_pre_bloom_82_cup.jpg
budding,20260328_1005_budding_2_rot45.jpg,data/raw/budding/20260328_1005_budding_2_rot45.jpg
budding,20260328_1055_budding_134_sup.jpg,data/raw/budding/20260328_1055_budding_134_sup.jpg
full_bloom,20260328_1054_full_bloom_89_rot60.jpg,data/raw/full_bloom/20260328_1054_full_bloom_89_rot60.jpg
seed_formation,20260328_1008_seed_formation_18_rot45.jpg,data/raw/seed_formation/20260328_1008_seed_formation_18_rot45.jpg
pre_bloom,20260712_0855_pre_bloom_9_cdown.jpg,data/raw/pre_bloom/20260712_0855_pre_bloom_9_cdown.jpg
budding,20260328_1055_budding_144_rot45.jpg,data/raw/budding/20260328_1055_budding_144_rot45.jpg
vegetative,20260712_0902_vegetative_134_bup.jpg,data/raw/vegetative/20260712_0902_vegetative_134_bup.jpg
full_bloom,20260328_1110_full_bloom_116_sdown.jpg,data/raw/full_bloom/20260328_1110_full_bloom_116_sdown.jpg
full_bloom,20260328_1012_full_bloom_1_bdown.jpg,data/raw/full_bloom/20260328_1012_full_bloom_1_bdown.jpg
full_bloom,20260328_1036_full_bloom_30_rot60.jpg,data/raw/full_bloom/20260328_1036_full_bloom_30_rot60.jpg
vegetative,20260328_1002_vegetative_1_bup.jpg,data/raw/vegetative/20260328_1002_vegetative_1_bup.jpg
budding,20260328_1110_budding_162_rot30.jpg,data/raw/budding/20260328_1110_budding_162_rot30.jpg
vegetative,20260712_0902_vegetative_129_sup.jpg,data/raw/vegetative/20260712_0902_vegetative_129_sup.jpg
pre_bloom,20260328_1019_pre_bloom_23.jpg,data/raw/pre_bloom/20260328_1019_pre_bloom_23.jpg
budding,20260328_1122_budding_214_bup.jpg,data/raw/budding/20260328_1122_budding_214_bup.jpg
budding,20260328_1054_budding_133.jpg,data/raw/budding/20260328_1054_budding_133.jpg
budding,20260328_1005_budding_58_bdown.jpg,data/raw/budding/20260328_1005_budding_58_bdown.jpg
wilting,20260814_1637_wilting_24_rot45.jpg,data/raw/wilting/20260814_1637_wilting_24_rot45.jpg
budding,20260328_1042_budding_131_sup.jpg,data/raw/budding/20260328_1042_budding_131_sup.jpg
full_bloom,20260715_1557_full_bloom_12_rot30.jpg,data/raw/full_bloom/20260715_1557_full_bloom_12_rot30.jpg
seed_formation,20260715_1554_seed_formation_131_bup.jpg,data/raw/seed_formation/20260715_1554_seed_formation_131_bup.jpg
full_bloom,flowerin_0000_full_bloom_157_cdown.jpg,data/raw/full_bloom/flowerin_0000_full_bloom_157_cdown.jpg
pre_bloom,20260328_1018_pre_bloom_19_sup.jpg,data/raw/pre_bloom/20260328_1018_pre_bloom_19_sup.jpg
vegetative,20260712_0838_vegetative_106_rot45.jpg,data/raw/vegetative/20260712_0838_vegetative_106_rot45.jpg
vegetative,20260328_1006_vegetative_6_cdown.jpg,data/raw/vegetative/20260328_1006_vegetative_6_cdown.jpg
budding,20260328_1011_budding_101_bup.jpg,data/raw/budding/20260328_1011_budding_101_bup.jpg
pre_bloom,20260804_1724_pre_bloom_106_sdown.jpg,data/raw/pre_bloom/20260804_1724_pre_bloom_106_sdown.jpg
wilting,20260819_1705_wilting_17_bdown.jpg,data/raw/wilting/20260819_1705_wilting_17_bdown.jpg
budding,budding2_0000_budding_224_sup.jpg,data/raw/budding/budding2_0000_budding_224_sup.jpg
pre_bloom,20260328_1042_pre_bloom_34_cdown.jpg,data/raw/pre_bloom/20260328_1042_pre_bloom_34_cdown.jpg
vegetative,20260712_0902_vegetative_139_rot45.jpg,data/raw/vegetative/20260712_0902_vegetative_139_rot45.jpg
wilting,wilting1_0000_wilting_45_bdown.jpg,data/raw/wilting/wilting1_0000_wilting_45_bdown.jpg
vegetative,20260712_0901_vegetative_124_cup.jpg,data/raw/vegetative/20260712_0901_vegetative_124_cup.jpg
full_bloom,20260328_1038_full_bloom_40_cdown.jpg,data/raw/full_bloom/20260328_1038_full_bloom_40_cdown.jpg
pre_bloom,20260727_1555_pre_bloom_42_cup.jpg,data/raw/pre_bloom/20260727_1555_pre_bloom_42_cup.jpg
budding,20260328_1005_budding_31_rot30.jpg,data/raw/budding/20260328_1005_budding_31_rot30.jpg
pre_bloom,20260727_1722_pre_bloom_61_rot60.jpg,data/raw/pre_bloom/20260727_1722_pre_bloom_61_rot60.jpg
vegetative,20260712_0902_vegetative_133_cup.jpg,data/raw/vegetative/20260712_0902_vegetative_133_cup.jpg
full_bloom,20260727_1709_full_bloom_53_rot30.jpg,data/raw/full_bloom/20260727_1709_full_bloom_53_rot30.jpg
wilting,20260722_1658_wilting_6_rot45.jpg,data/raw/wilting/20260722_1658_wilting_6_rot45.jpg
wilting,20260328_1056_wilting_4_cdown.jpg,data/raw/wilting/20260328_1056_wilting_4_cdown.jpg
full_bloom,20260328_1110_full_bloom_115_sup.jpg,data/raw/full_bloom/20260328_1110_full_bloom_115_sup.jpg
budding,20260328_1011_budding_95_cup.jpg,data/raw/budding/20260328_1011_budding_95_cup.jpg
full_bloom,20260722_1658_full_bloom_16_rot60.jpg,data/raw/full_bloom/20260722_1658_full_bloom_16_rot60.jpg
vegetative,20260328_1002_vegetative_2.jpg,data/raw/vegetative/20260328_1002_vegetative_2.jpg
pre_bloom,20260727_1555_pre_bloom_43_sdown.jpg,data/raw/pre_bloom/20260727_1555_pre_bloom_43_sdown.jpg
full_bloom,20260727_1709_full_bloom_51_rot60.jpg,data/raw/full_bloom/20260727_1709_full_bloom_51_rot60.jpg
budding,20260328_1005_budding_43_sdown.jpg,data/raw/budding/20260328_1005_budding_43_sdown.jpg
vegetative,20260712_0901_vegetative_121_rot45.jpg,data/raw/vegetative/20260712_0901_vegetative_121_rot45.jpg
wilting,20260824_1721_wilting_102_sdown.jpg,data/raw/wilting/20260824_1721_wilting_102_sdown.jpg
seed_formation,20260727_1733_seed_formation_174_rot30.jpg,data/raw/seed_formation/20260727_1733_seed_formation_174_rot30.jpg
full_bloom,20260328_1012_full_bloom_1.jpg,data/raw/full_bloom/20260328_1012_full_bloom_1.jpg
budding,20260328_1110_budding_162_cup.jpg,data/raw/budding/20260328_1110_budding_162_cup.jpg
seed_formation,20260328_1008_seed_formation_8_rot60.jpg,data/raw/seed_formation/20260328_1008_seed_formation_8_rot60.jpg
seed_formation,20260731_1719_seed_formation_182_bdown.jpg,data/raw/seed_formation/20260731_1719_seed_formation_182_bdown.jpg
budding,20260328_1115_budding_181.jpg,data/raw/budding/20260328_1115_budding_181.jpg
vegetative,20260712_0910_vegetative_143_cdown.jpg,data/raw/vegetative/20260712_0910_vegetative_143_cdown.jpg
full_bloom,20260328_1052_full_bloom_60_rot45.jpg,data/raw/full_bloom/20260328_1052_full_bloom_60_rot45.jpg
pre_bloom,20260328_1003_pre_bloom_4_rot30.jpg,data/raw/pre_bloom/20260328_1003_pre_bloom_4_rot30.jpg
wilting,20260819_1717_wilting_30_sdown.jpg,data/raw/wilting/20260819_1717_wilting_30_sdown.jpg
vegetative,20260712_0838_vegetative_104_cup.jpg,data/raw/vegetative/20260712_0838_vegetative_104_cup.jpg
vegetative,20260328_1046_vegetative_66_bdown.jpg,data/raw/vegetative/20260328_1046_vegetative_66_bdown.jpg
full_bloom,20260328_1051_full_bloom_48.jpg,data/raw/full_bloom/20260328_1051_full_bloom_48.jpg
wilting,20260819_1717_wilting_29_bdown.jpg,data/raw/wilting/20260819_1717_wilting_29_bdown.jpg
vegetative,20260328_1030_vegetative_23_rot30.jpg,data/raw/vegetative/20260328_1030_vegetative_23_rot30.jpg
budding,20260328_1055_budding_144_sup.jpg,data/raw/budding/20260328_1055_budding_144_sup.jpg
seed_formation,20260727_1715_seed_formation_33_sdown.jpg,data/raw/seed_formation/20260727_1715_seed_formation_33_sdown.jpg
vegetative,vegetati_0000_vegetative_172_rot30.jpg,data/raw/vegetative/vegetati_0000_vegetative_172_rot30.jpg
pre_bloom,20260727_1711_pre_bloom_53_cdown.jpg,data/raw/pre_bloom/20260727_1711_pre_bloom_53_cdown.jpg
budding,20260328_1056_budding_150_rot45.jpg,data/raw/budding/20260328_1056_budding_150_rot45.jpg
pre_bloom,20260731_1708_pre_bloom_91_cdown.jpg,data/raw/pre_bloom/20260731_1708_pre_bloom_91_cdown.jpg
pre_bloom,20260328_1003_pre_bloom_3_rot60.jpg,data/raw/pre_bloom/20260328_1003_pre_bloom_3_rot60.jpg
full_bloom,20260328_1052_full_bloom_59_rot45.jpg,data/raw/full_bloom/20260328_1052_full_bloom_59_rot45.jpg
full_bloom,20260328_1051_full_bloom_52_rot60.jpg,data/raw/full_bloom/20260328_1051_full_bloom_52_rot60.jpg
wilting,20260824_1708_wilting_79_sdown.jpg,data/raw/wilting/20260824_1708_wilting_79_sdown.jpg
wilting,20260824_1706_wilting_56_sdown.jpg,data/raw/wilting/20260824_1706_wilting_56_sdown.jpg
full_bloom,20260328_1038_full_bloom_44_cdown.jpg,data/raw/full_bloom/20260328_1038_full_bloom_44_cdown.jpg
budding,20260328_1122_budding_209.jpg,data/raw/budding/20260328_1122_budding_209.jpg
budding,20260328_1005_budding_11_rot60.jpg,data/raw/budding/20260328_1005_budding_11_rot60.jpg
budding,20260328_1010_budding_83_rot60.jpg,data/raw/budding/20260328_1010_budding_83_rot60.jpg
pre_bloom,20260727_1711_pre_bloom_55_cup.jpg,data/raw/pre_bloom/20260727_1711_pre_bloom_55_cup.jpg
vegetative,20260328_1037_vegetative_47_bdown.jpg,data/raw/vegetative/20260328_1037_vegetative_47_bdown.jpg
full_bloom,20260328_1109_full_bloom_106_cup.jpg,data/raw/full_bloom/20260328_1109_full_bloom_106_cup.jpg
seed_formation,20260731_1719_seed_formation_186_rot45.jpg,data/raw/seed_formation/20260731_1719_seed_formation_186_rot45.jpg
vegetative,20260328_1037_vegetative_42_cup.jpg,data/raw/vegetative/20260328_1037_vegetative_42_cup.jpg
seed_formation,20260727_1715_seed_formation_23_bup.jpg,data/raw/seed_formation/20260727_1715_seed_formation_23_bup.jpg
full_bloom,20260328_1052_full_bloom_72_cup.jpg,data/raw/full_bloom/20260328_1052_full_bloom_72_cup.jpg
budding,20260328_1055_budding_144_sdown.jpg,data/raw/budding/20260328_1055_budding_144_sdown.jpg
seed_formation,20260328_1041_seed_formation_111_cdown.jpg,data/raw/seed_formation/20260328_1041_seed_formation_111_cdown.jpg
seed_formation,20260722_1754_seed_formation_161_bdown.jpg,data/raw/seed_formation/20260722_1754_seed_formation_161_bdown.jpg
vegetative,20260712_0901_vegetative_123_cdown.jpg,data/raw/vegetative/20260712_0901_vegetative_123_cdown.jpg
wilting,20260819_1705_wilting_17_cup.jpg,data/raw/wilting/20260819_1705_wilting_17_cup.jpg
pre_bloom,20260804_1724_pre_bloom_102_cdown.jpg,data/raw/pre_bloom/20260804_1724_pre_bloom_102_cdown.jpg
seed_formation,20260722_1755_seed_formation_167_cdown.jpg,data/raw/seed_formation/20260722_1755_seed_formation_167_cdown.jpg
seed_formation,20260731_1719_seed_formation_182_rot60.jpg,data/raw/seed_formation/20260731_1719_seed_formation_182_rot60.jpg
wilting,20260824_1720_wilting_96_bdown.jpg,data/raw/wilting/20260824_1720_wilting_96_bdown.jpg
budding,20260328_1011_budding_103.jpg,data/raw/budding/20260328_1011_budding_103.jpg
seed_formation,20260328_1009_seed_formation_32_bup.jpg,data/raw/seed_formation/20260328_1009_seed_formation_32_bup.jpg
full_bloom,20260328_1038_full_bloom_42_sdown.jpg,data/raw/full_bloom/20260328_1038_full_bloom_42_sdown.jpg
budding,20260328_1122_budding_213_rot60.jpg,data/raw/budding/20260328_1122_budding_213_rot60.jpg
vegetative,20260328_1117_vegetative_80_rot30.jpg,data/raw/vegetative/20260328_1117_vegetative_80_rot30.jpg
pre_bloom,20260722_1743_pre_bloom_21_cup.jpg,data/raw/pre_bloom/20260722_1743_pre_bloom_21_cup.jpg
vegetative,20260712_0843_vegetative_107_sdown.jpg,data/raw/vegetative/20260712_0843_vegetative_107_sdown.jpg
vegetative,20260328_1038_vegetative_51.jpg,data/raw/vegetative/20260328_1038_vegetative_51.jpg
pre_bloom,20260727_1711_pre_bloom_56_cup.jpg,data/raw/pre_bloom/20260727_1711_pre_bloom_56_cup.jpg
vegetative,flowerin_0000_vegetative_169_bdown.jpg,data/raw/vegetative/flowerin_0000_vegetative_169_bdown.jpg
full_bloom,20260727_1724_full_bloom_70_bdown.jpg,data/raw/full_bloom/20260727_1724_full_bloom_70_bdown.jpg
seed_formation,20260727_1733_seed_formation_174_cdown.jpg,data/raw/seed_formation/20260727_1733_seed_formation_174_cdown.jpg
full_bloom,20260328_1013_full_bloom_13_cdown.jpg,data/raw/full_bloom/20260328_1013_full_bloom_13_cdown.jpg
pre_bloom,20260328_1042_pre_bloom_29_bup.jpg,data/raw/pre_bloom/20260328_1042_pre_bloom_29_bup.jpg
vegetative,20260712_0902_vegetative_138.jpg,data/raw/vegetative/20260712_0902_vegetative_138.jpg
seed_formation,20260328_1008_seed_formation_15_sdown.jpg,data/raw/seed_formation/20260328_1008_seed_formation_15_sdown.jpg
pre_bloom,20260727_1736_pre_bloom_69.jpg,data/raw/pre_bloom/20260727_1736_pre_bloom_69.jpg
pre_bloom,20260811_1640_pre_bloom_122_bup.jpg,data/raw/pre_bloom/20260811_1640_pre_bloom_122_bup.jpg
vegetative,20260328_1005_vegetative_4_sdown.jpg,data/raw/vegetative/20260328_1005_vegetative_4_sdown.jpg
full_bloom,20260328_1052_full_bloom_57_bdown.jpg,data/raw/full_bloom/20260328_1052_full_bloom_57_bdown.jpg
full_bloom,20260328_1037_full_bloom_35.jpg,data/raw/full_bloom/20260328_1037_full_bloom_35.jpg
pre_bloom,20260328_1108_pre_bloom_56_rot45.jpg,data/raw/pre_bloom/20260328_1108_pre_bloom_56_rot45.jpg
full_bloom,20260727_1707_full_bloom_31_rot45.jpg,data/raw/full_bloom/20260727_1707_full_bloom_31_rot45.jpg
seed_formation,seedling_0000_seed_formation_190.jpg,data/raw/seed_formation/seedling_0000_seed_formation_190.jpg
full_bloom,20260722_1744_full_bloom_22_cdown.jpg,data/raw/full_bloom/20260722_1744_full_bloom_22_cdown.jpg
pre_bloom,20260328_1005_pre_bloom_8.jpg,data/raw/pre_bloom/20260328_1005_pre_bloom_8.jpg
pre_bloom,20260722_1742_pre_bloom_18_rot45.jpg,data/raw/pre_bloom/20260722_1742_pre_bloom_18_rot45.jpg
vegetative,vegetati_0000_vegetative_174_bup.jpg,data/raw/vegetative/vegetati_0000_vegetative_174_bup.jpg
seed_formation,20260328_1040_seed_formation_101_bdown.jpg,data/raw/seed_formation/20260328_1040_seed_formation_101_bdown.jpg
vegetative,20260328_1117_vegetative_90_cup.jpg,data/raw/vegetative/20260328_1117_vegetative_90_cup.jpg
seed_formation,20260727_1732_seed_formation_171_bdown.jpg,data/raw/seed_formation/20260727_1732_seed_formation_171_bdown.jpg
budding,20260328_1005_budding_44_bdown.jpg,data/raw/budding/20260328_1005_budding_44_bdown.jpg
full_bloom,20260328_1052_full_bloom_60_sup.jpg,data/raw/full_bloom/20260328_1052_full_bloom_60_sup.jpg
pre_bloom,20260328_1108_pre_bloom_65_rot30.jpg,data/raw/pre_bloom/20260328_1108_pre_bloom_65_rot30.jpg
vegetative,20260712_0902_vegetative_139_cup.jpg,data/raw/vegetative/20260712_0902_vegetative_139_cup.jpg
budding,20260328_1122_budding_208_rot30.jpg,data/raw/budding/20260328_1122_budding_208_rot30.jpg
full_bloom,20260715_1556_full_bloom_5_bdown.jpg,data/raw/full_bloom/20260715_1556_full_bloom_5_bdown.jpg
seed_formation,20260328_1039_seed_formation_90_rot30.jpg,data/raw/seed_formation/20260328_1039_seed_formation_90_rot30.jpg
wilting,20260824_1720_wilting_92_sup.jpg,data/raw/wilting/20260824_1720_wilting_92_sup.jpg
full_bloom,20260328_1109_full_bloom_109_cup.jpg,data/raw/full_bloom/20260328_1109_full_bloom_109_cup.jpg
vegetative,20260712_0901_vegetative_124_rot45.jpg,data/raw/vegetative/20260712_0901_vegetative_124_rot45.jpg
budding,20260328_1005_budding_49_rot45.jpg,data/raw/budding/20260328_1005_budding_49_rot45.jpg
pre_bloom,20260328_1108_pre_bloom_49_cdown.jpg,data/raw/pre_bloom/20260328_1108_pre_bloom_49_cdown.jpg
full_bloom,20260328_1036_full_bloom_28_cup.jpg,data/raw/full_bloom/20260328_1036_full_bloom_28_cup.jpg
vegetative,20260328_1117_vegetative_91_sdown.jpg,data/raw/vegetative/20260328_1117_vegetative_91_sdown.jpg
full_bloom,20260328_1051_full_bloom_52_bup.jpg,data/raw/full_bloom/20260328_1051_full_bloom_52_bup.jpg
pre_bloom,20260804_1724_pre_bloom_108_rot45.jpg,data/raw/pre_bloom/20260804_1724_pre_bloom_108_rot45.jpg
vegetative,20260328_1046_vegetative_62.jpg,data/raw/vegetative/20260328_1046_vegetative_62.jpg
full_bloom,20260328_1038_full_bloom_42_rot60.jpg,data/raw/full_bloom/20260328_1038_full_bloom_42_rot60.jpg
seed_formation,20260727_1715_seed_formation_28_sup.jpg,data/raw/seed_formation/20260727_1715_seed_formation_28_sup.jpg
wilting,20260814_1637_wilting_7_rot60.jpg,data/raw/wilting/20260814_1637_wilting_7_rot60.jpg
pre_bloom,20260811_1640_pre_bloom_125_cdown.jpg,data/raw/pre_bloom/20260811_1640_pre_bloom_125_cdown.jpg
vegetative,20260328_1046_vegetative_63.jpg,data/raw/vegetative/20260328_1046_vegetative_63.jpg
full_bloom,20260328_1109_full_bloom_107_sdown.jpg,data/raw/full_bloom/20260328_1109_full_bloom_107_sdown.jpg
full_bloom,20260715_1557_full_bloom_12_bdown.jpg,data/raw/full_bloom/20260715_1557_full_bloom_12_bdown.jpg
seed_formation,20260328_1020_seed_formation_40_rot60.jpg,data/raw/seed_formation/20260328_1020_seed_formation_40_rot60.jpg
pre_bloom,20260726_1337_pre_bloom_35_bup.jpg,data/raw/pre_bloom/20260726_1337_pre_bloom_35_bup.jpg
vegetative,20260328_1006_vegetative_5_rot45.jpg,data/raw/vegetative/20260328_1006_vegetative_5_rot45.jpg
full_bloom,flowerin_0000_full_bloom_159.jpg,data/raw/full_bloom/flowerin_0000_full_bloom_159.jpg
seed_formation,20260722_1745_seed_formation_13_rot60.jpg,data/raw/seed_formation/20260722_1745_seed_formation_13_rot60.jpg
seed_formation,20260727_1733_seed_formation_174_sdown.jpg,data/raw/seed_formation/20260727_1733_seed_formation_174_sdown.jpg
pre_bloom,20260727_1737_pre_bloom_77_rot30.jpg,data/raw/pre_bloom/20260727_1737_pre_bloom_77_rot30.jpg
pre_bloom,20260731_1658_pre_bloom_87_sup.jpg,data/raw/pre_bloom/20260731_1658_pre_bloom_87_sup.jpg
seed_formation,20260328_1040_seed_formation_96_bup.jpg,data/raw/seed_formation/20260328_1040_seed_formation_96_bup.jpg
full_bloom,20260722_1743_full_bloom_19_cup.jpg,data/raw/full_bloom/20260722_1743_full_bloom_19_cup.jpg
full_bloom,20260727_1707_full_bloom_34_rot30.jpg,data/raw/full_bloom/20260727_1707_full_bloom_34_rot30.jpg
seed_formation,20260727_1715_seed_formation_23_rot45.jpg,data/raw/seed_formation/20260727_1715_seed_formation_23_rot45.jpg
budding,20260328_1122_budding_208_rot60.jpg,data/raw/budding/20260328_1122_budding_208_rot60.jpg
full_bloom,flowerin_0000_full_bloom_152_rot60.jpg,data/raw/full_bloom/flowerin_0000_full_bloom_152_rot60.jpg
budding,20260328_1010_budding_81_rot45.jpg,data/raw/budding/20260328_1010_budding_81_rot45.jpg
seed_formation,20260722_1754_seed_formation_161_rot45.jpg,data/raw/seed_formation/20260722_1754_seed_formation_161_rot45.jpg
seed_formation,20260328_1022_seed_formation_64_bup.jpg,data/raw/seed_formation/20260328_1022_seed_formation_64_bup.jpg
pre_bloom,flowerin_0000_pre_bloom_85_rot30.jpg,data/raw/pre_bloom/flowerin_0000_pre_bloom_85_rot30.jpg
seed_formation,20260715_1602_seed_formation_140_rot30.jpg,data/raw/seed_formation/20260715_1602_seed_formation_140_rot30.jpg
vegetative,20260328_1046_vegetative_54_sdown.jpg,data/raw/vegetative/20260328_1046_vegetative_54_sdown.jpg
vegetative,20260328_1032_vegetative_35_rot30.jpg,data/raw/vegetative/20260328_1032_vegetative_35_rot30.jpg
pre_bloom,20260731_1656_pre_bloom_80_rot45.jpg,data/raw/pre_bloom/20260731_1656_pre_bloom_80_rot45.jpg
budding,20260328_1005_budding_20_rot45.jpg,data/raw/budding/20260328_1005_budding_20_rot45.jpg
seed_formation,20260328_1040_seed_formation_95_rot30.jpg,data/raw/seed_formation/20260328_1040_seed_formation_95_rot30.jpg
seed_formation,20260722_1755_seed_formation_166_rot60.jpg,data/raw/seed_formation/20260722_1755_seed_formation_166_rot60.jpg
pre_bloom,20260811_1640_pre_bloom_113_rot60.jpg,data/raw/pre_bloom/20260811_1640_pre_bloom_113_rot60.jpg
pre_bloom,20260727_1737_pre_bloom_77_cdown.jpg,data/raw/pre_bloom/20260727_1737_pre_bloom_77_cdown.jpg
vegetative,20260328_1038_vegetative_53_sup.jpg,data/raw/vegetative/20260328_1038_vegetative_53_sup.jpg
seed_formation,20260328_1040_seed_formation_106_bdown.jpg,data/raw/seed_formation/20260328_1040_seed_formation_106_bdown.jpg
pre_bloom,20260328_1108_pre_bloom_59_rot60.jpg,data/raw/pre_bloom/20260328_1108_pre_bloom_59_rot60.jpg
seed_formation,20260722_1745_seed_formation_10_rot30.jpg,data/raw/seed_formation/20260722_1745_seed_formation_10_rot30.jpg
pre_bloom,20260712_0854_pre_bloom_3_sdown.jpg,data/raw/pre_bloom/20260712_0854_pre_bloom_3_sdown.jpg
seed_formation,20260722_1754_seed_formation_161_sup.jpg,data/raw/seed_formation/20260722_1754_seed_formation_161_sup.jpg
budding,20260328_1121_budding_190_sdown.jpg,data/raw/budding/20260328_1121_budding_190_sdown.jpg
full_bloom,20260328_1014_full_bloom_17_sup.jpg,data/raw/full_bloom/20260328_1014_full_bloom_17_sup.jpg
pre_bloom,20260727_1722_pre_bloom_60_bup.jpg,data/raw/pre_bloom/20260727_1722_pre_bloom_60_bup.jpg
budding,20260328_1005_budding_43_cdown.jpg,data/raw/budding/20260328_1005_budding_43_cdown.jpg
vegetative,20260328_1030_vegetative_29_bdown.jpg,data/raw/vegetative/20260328_1030_vegetative_29_bdown.jpg
full_bloom,20260328_1014_full_bloom_18_rot30.jpg,data/raw/full_bloom/20260328_1014_full_bloom_18_rot30.jpg
seed_formation,20260328_1008_seed_formation_15_rot30.jpg,data/raw/seed_formation/20260328_1008_seed_formation_15_rot30.jpg
pre_bloom,20260727_1736_pre_bloom_64_bup.jpg,data/raw/pre_bloom/20260727_1736_pre_bloom_64_bup.jpg
full_bloom,20260328_1036_full_bloom_27_sdown.jpg,data/raw/full_bloom/20260328_1036_full_bloom_27_sdown.jpg
full_bloom,20260715_1557_full_bloom_14_cup.jpg,data/raw/full_bloom/20260715_1557_full_bloom_14_cup.jpg
wilting,20260824_1721_wilting_106_bdown.jpg,data/raw/wilting/20260824_1721_wilting_106_bdown.jpg
wilting,20260824_1705_wilting_49_sup.jpg,data/raw/wilting/20260824_1705_wilting_49_sup.jpg
wilting,20260824_1721_wilting_98_rot45.jpg,data/raw/wilting/20260824_1721_wilting_98_rot45.jpg
vegetative,20260712_0902_vegetative_139_sdown.jpg,data/raw/vegetative/20260712_0902_vegetative_139_sdown.jpg
vegetative,20260328_1006_vegetative_7.jpg,data/raw/vegetative/20260328_1006_vegetative_7.jpg
vegetative,vegetative1.jpg,data/raw/vegetative/vegetative1.jpg
wilting,20260814_1636_wilting_15_cdown.jpg,data/raw/wilting/20260814_1636_wilting_15_cdown.jpg
full_bloom,20260715_1557_full_bloom_12_bup.jpg,data/raw/full_bloom/20260715_1557_full_bloom_12_bup.jpg
seed_formation,20260328_1008_seed_formation_12.jpg,data/raw/seed_formation/20260328_1008_seed_formation_12.jpg
budding,20260328_1110_budding_165_rot45.jpg,data/raw/budding/20260328_1110_budding_165_rot45.jpg
budding,20260328_1005_budding_49_sup.jpg,data/raw/budding/20260328_1005_budding_49_sup.jpg
vegetative,20260328_1030_vegetative_27_cdown.jpg,data/raw/vegetative/20260328_1030_vegetative_27_cdown.jpg
vegetative,20260328_1116_vegetative_74_bdown.jpg,data/raw/vegetative/20260328_1116_vegetative_74_bdown.jpg
wilting,20260819_1718_wilting_37_rot45.jpg,data/raw/wilting/20260819_1718_wilting_37_rot45.jpg
full_bloom,20260328_1052_full_bloom_57_bup.jpg,data/raw/full_bloom/20260328_1052_full_bloom_57_bup.jpg
pre_bloom,20260811_1640_pre_bloom_118_cdown.jpg,data/raw/pre_bloom/20260811_1640_pre_bloom_118_cdown.jpg
budding,20260328_1010_budding_82_sdown.jpg,data/raw/budding/20260328_1010_budding_82_sdown.jpg
vegetative,20260712_0848_vegetative_110.jpg,data/raw/vegetative/20260712_0848_vegetative_110.jpg
budding,20260328_1011_budding_100_bdown.jpg,data/raw/budding/20260328_1011_budding_100_bdown.jpg
seed_formation,20260328_1007_seed_formation_5_rot45.jpg,data/raw/seed_formation/20260328_1007_seed_formation_5_rot45.jpg
wilting,20260824_1706_wilting_53_rot45.jpg,data/raw/wilting/20260824_1706_wilting_53_rot45.jpg
full_bloom,20260328_1052_full_bloom_61_cdown.jpg,data/raw/full_bloom/20260328_1052_full_bloom_61_cdown.jpg
full_bloom,20260328_1110_full_bloom_114_rot30.jpg,data/raw/full_bloom/20260328_1110_full_bloom_114_rot30.jpg
pre_bloom,20260328_1015_pre_bloom_14_cup.jpg,data/raw/pre_bloom/20260328_1015_pre_bloom_14_cup.jpg
wilting,20260824_1720_wilting_91_bup.jpg,data/raw/wilting/20260824_1720_wilting_91_bup.jpg
full_bloom,20260328_1014_full_bloom_17_rot30.jpg,data/raw/full_bloom/20260328_1014_full_bloom_17_rot30.jpg
budding,20260328_1005_budding_1_sup.jpg,data/raw/budding/20260328_1005_budding_1_sup.jpg
seed_formation,20260328_1023_seed_formation_73_bdown.jpg,data/raw/seed_formation/20260328_1023_seed_formation_73_bdown.jpg
pre_bloom,20260328_1043_pre_bloom_40_rot60.jpg,data/raw/pre_bloom/20260328_1043_pre_bloom_40_rot60.jpg
vegetative,20260328_1031_vegetative_30_rot45.jpg,data/raw/vegetative/20260328_1031_vegetative_30_rot45.jpg
vegetative,flowerin_0000_vegetative_169_rot45.jpg,data/raw/vegetative/flowerin_0000_vegetative_169_rot45.jpg
budding,20260328_1056_budding_152_cup.jpg,data/raw/budding/20260328_1056_budding_152_cup.jpg
seed_formation,20260328_1008_seed_formation_16_cdown.jpg,data/raw/seed_formation/20260328_1008_seed_formation_16_cdown.jpg
seed_formation,20260328_1008_seed_formation_15_rot60.jpg,data/raw/seed_formation/20260328_1008_seed_formation_15_rot60.jpg
vegetative,20260328_1030_vegetative_23_sdown.jpg,data/raw/vegetative/20260328_1030_vegetative_23_sdown.jpg
full_bloom,20260328_1013_full_bloom_14_rot45.jpg,data/raw/full_bloom/20260328_1013_full_bloom_14_rot45.jpg
full_bloom,20260328_1110_full_bloom_118_bdown.jpg,data/raw/full_bloom/20260328_1110_full_bloom_118_bdown.jpg
wilting,20260824_1720_wilting_92_cup.jpg,data/raw/wilting/20260824_1720_wilting_92_cup.jpg
pre_bloom,20260726_1337_pre_bloom_35_rot45.jpg,data/raw/pre_bloom/20260726_1337_pre_bloom_35_rot45.jpg
full_bloom,20260328_1109_full_bloom_106.jpg,data/raw/full_bloom/20260328_1109_full_bloom_106.jpg
pre_bloom,20260328_1043_pre_bloom_41_sup.jpg,data/raw/pre_bloom/20260328_1043_pre_bloom_41_sup.jpg
pre_bloom,20260731_1709_pre_bloom_92_sup.jpg,data/raw/pre_bloom/20260731_1709_pre_bloom_92_sup.jpg
budding,20260328_1005_budding_31_bup.jpg,data/raw/budding/20260328_1005_budding_31_bup.jpg
wilting,20260814_1646_wilting_37_rot30.jpg,data/raw/wilting/20260814_1646_wilting_37_rot30.jpg
seed_formation,20260715_1602_seed_formation_139_cup.jpg,data/raw/seed_formation/20260715_1602_seed_formation_139_cup.jpg
seed_formation,20260328_1006_seed_formation_2_bdown.jpg,data/raw/seed_formation/20260328_1006_seed_formation_2_bdown.jpg
wilting,20260328_1056_wilting_4_sdown.jpg,data/raw/wilting/20260328_1056_wilting_4_sdown.jpg
pre_bloom,20260727_1737_pre_bloom_75_bup.jpg,data/raw/pre_bloom/20260727_1737_pre_bloom_75_bup.jpg
seed_formation,20260328_1039_seed_formation_86_rot30.jpg,data/raw/seed_formation/20260328_1039_seed_formation_86_rot30.jpg
full_bloom,20260328_1109_full_bloom_106_sup.jpg,data/raw/full_bloom/20260328_1109_full_bloom_106_sup.jpg
pre_bloom,20260328_1108_pre_bloom_64_bdown.jpg,data/raw/pre_bloom/20260328_1108_pre_bloom_64_bdown.jpg
pre_bloom,20260328_1108_pre_bloom_55_bup.jpg,data/raw/pre_bloom/20260328_1108_pre_bloom_55_bup.jpg
seed_formation,20260328_1020_seed_formation_51_cdown.jpg,data/raw/seed_formation/20260328_1020_seed_formation_51_cdown.jpg
budding,20260328_1005_budding_9_cup.jpg,data/raw/budding/20260328_1005_budding_9_cup.jpg
pre_bloom,20260328_1108_pre_bloom_52_rot45.jpg,data/raw/pre_bloom/20260328_1108_pre_bloom_52_rot45.jpg
vegetative,20260328_1047_vegetative_68_cup.jpg,data/raw/vegetative/20260328_1047_vegetative_68_cup.jpg
wilting,20260824_1705_wilting_40.jpg,data/raw/wilting/20260824_1705_wilting_40.jpg
seed_formation,20260328_1039_seed_formation_88_bdown.jpg,data/raw/seed_formation/20260328_1039_seed_formation_88_bdown.jpg
vegetative,20260328_1117_vegetative_89_sup.jpg,data/raw/vegetative/20260328_1117_vegetative_89_sup.jpg
full_bloom,20260328_1036_full_bloom_32_rot30.jpg,data/raw/full_bloom/20260328_1036_full_bloom_32_rot30.jpg
full_bloom,20260328_1109_full_bloom_109_sdown.jpg,data/raw/full_bloom/20260328_1109_full_bloom_109_sdown.jpg
seed_formation,20260328_1009_seed_formation_28_sdown.jpg,data/raw/seed_formation/20260328_1009_seed_formation_28_sdown.jpg
budding,20260328_1059_budding_155.jpg,data/raw/budding/20260328_1059_budding_155.jpg
pre_bloom,flowerin_0000_pre_bloom_83_rot30.jpg,data/raw/pre_bloom/flowerin_0000_pre_bloom_83_rot30.jpg
seed_formation,20260328_1020_seed_formation_55_sup.jpg,data/raw/seed_formation/20260328_1020_seed_formation_55_sup.jpg
budding,20260328_1005_budding_5_sdown.jpg,data/raw/budding/20260328_1005_budding_5_sdown.jpg
full_bloom,20260328_1054_full_bloom_90_rot30.jpg,data/raw/full_bloom/20260328_1054_full_bloom_90_rot30.jpg
full_bloom,20260727_1722_full_bloom_63_cdown.jpg,data/raw/full_bloom/20260727_1722_full_bloom_63_cdown.jpg
wilting,20260814_1637_wilting_10.jpg,data/raw/wilting/20260814_1637_wilting_10.jpg
seed_formation,20260328_1020_seed_formation_57_sdown.jpg,data/raw/seed_formation/20260328_1020_seed_formation_57_sdown.jpg
vegetative,20260328_1006_vegetative_5.jpg,data/raw/vegetative/20260328_1006_vegetative_5.jpg
full_bloom,20260727_1722_full_bloom_59_bdown.jpg,data/raw/full_bloom/20260727_1722_full_bloom_59_bdown.jpg
budding,20260328_1059_budding_156_rot30.jpg,data/raw/budding/20260328_1059_budding_156_rot30.jpg
pre_bloom,20260811_1640_pre_bloom_118_rot60.jpg,data/raw/pre_bloom/20260811_1640_pre_bloom_118_rot60.jpg
budding,20260328_1110_budding_171_bdown.jpg,data/raw/budding/20260328_1110_budding_171_bdown.jpg
vegetative,20260328_1011_vegetative_8_cup.jpg,data/raw/vegetative/20260328_1011_vegetative_8_cup.jpg
wilting,20260824_1709_wilting_82_rot45.jpg,data/raw/wilting/20260824_1709_wilting_82_rot45.jpg
seed_formation,20260727_1733_seed_formation_176.jpg,data/raw/seed_formation/20260727_1733_seed_formation_176.jpg
pre_bloom,20260328_1005_pre_bloom_7.jpg,data/raw/pre_bloom/20260328_1005_pre_bloom_7.jpg
pre_bloom,20260712_0914_pre_bloom_74_cdown.jpg,data/raw/pre_bloom/20260712_0914_pre_bloom_74_cdown.jpg
budding,20260328_1059_budding_155_bup.jpg,data/raw/budding/20260328_1059_budding_155_bup.jpg
vegetative,20260328_1047_vegetative_67_bdown.jpg,data/raw/vegetative/20260328_1047_vegetative_67_bdown.jpg
budding,20260328_1056_budding_150_rot60.jpg,data/raw/budding/20260328_1056_budding_150_rot60.jpg
budding,20260328_1123_budding_222_rot60.jpg,data/raw/budding/20260328_1123_budding_222_rot60.jpg
budding,20260328_1005_budding_15_rot45.jpg,data/raw/budding/20260328_1005_budding_15_rot45.jpg
seed_formation,20260328_1041_seed_formation_109_rot45.jpg,data/raw/seed_formation/20260328_1041_seed_formation_109_rot45.jpg
pre_bloom,20260727_1555_pre_bloom_45_cdown.jpg,data/raw/pre_bloom/20260727_1555_pre_bloom_45_cdown.jpg
budding,20260328_1005_budding_15_sup.jpg,data/raw/budding/20260328_1005_budding_15_sup.jpg
vegetative,20260328_1037_vegetative_41_rot45.jpg,data/raw/vegetative/20260328_1037_vegetative_41_rot45.jpg
seed_formation,20260328_1008_seed_formation_10_cdown.jpg,data/raw/seed_formation/20260328_1008_seed_formation_10_cdown.jpg
pre_bloom,20260328_1002_pre_bloom_1_bup.jpg,data/raw/pre_bloom/20260328_1002_pre_bloom_1_bup.jpg
full_bloom,20260328_1053_full_bloom_77_sdown.jpg,data/raw/full_bloom/20260328_1053_full_bloom_77_sdown.jpg
budding,inflores_0000_budding_227_rot45.jpg,data/raw/budding/inflores_0000_budding_227_rot45.jpg
pre_bloom,20260722_1743_pre_bloom_25_cdown.jpg,data/raw/pre_bloom/20260722_1743_pre_bloom_25_cdown.jpg
pre_bloom,20260712_0914_pre_bloom_74_sup.jpg,data/raw/pre_bloom/20260712_0914_pre_bloom_74_sup.jpg
pre_bloom,20260811_1640_pre_bloom_121_rot45.jpg,data/raw/pre_bloom/20260811_1640_pre_bloom_121_rot45.jpg
pre_bloom,20260328_1042_pre_bloom_29_bdown.jpg,data/raw/pre_bloom/20260328_1042_pre_bloom_29_bdown.jpg
full_bloom,20260328_1109_full_bloom_111_cdown.jpg,data/raw/full_bloom/20260328_1109_full_bloom_111_cdown.jpg
full_bloom,20260328_1036_full_bloom_27_rot30.jpg,data/raw/full_bloom/20260328_1036_full_bloom_27_rot30.jpg
budding,20260328_1110_budding_162_bup.jpg,data/raw/budding/20260328_1110_budding_162_bup.jpg
pre_bloom,20260328_1006_pre_bloom_10_bup.jpg,data/raw/pre_bloom/20260328_1006_pre_bloom_10_bup.jpg
pre_bloom,20260328_1042_pre_bloom_28_cup.jpg,data/raw/pre_bloom/20260328_1042_pre_bloom_28_cup.jpg
full_bloom,20260328_1059_full_bloom_92.jpg,data/raw/full_bloom/20260328_1059_full_bloom_92.jpg
full_bloom,20260727_1709_full_bloom_48_rot30.jpg,data/raw/full_bloom/20260727_1709_full_bloom_48_rot30.jpg
budding,20260328_1005_budding_31_cdown.jpg,data/raw/budding/20260328_1005_budding_31_cdown.jpg
seed_formation,20260722_1755_seed_formation_166_bdown.jpg,data/raw/seed_formation/20260722_1755_seed_formation_166_bdown.jpg
seed_formation,20260328_1039_seed_formation_91.jpg,data/raw/seed_formation/20260328_1039_seed_formation_91.jpg
wilting,20260824_1709_wilting_85_rot60.jpg,data/raw/wilting/20260824_1709_wilting_85_rot60.jpg
seed_formation,20260328_1020_seed_formation_43_bdown.jpg,data/raw/seed_formation/20260328_1020_seed_formation_43_bdown.jpg
seed_formation,20260722_1754_seed_formation_159_bup.jpg,data/raw/seed_formation/20260722_1754_seed_formation_159_bup.jpg
full_bloom,20260328_1114_full_bloom_131_bup.jpg,data/raw/full_bloom/20260328_1114_full_bloom_131_bup.jpg
wilting,20260814_1637_wilting_22_rot60.jpg,data/raw/wilting/20260814_1637_wilting_22_rot60.jpg
budding,20260328_1005_budding_13_cup.jpg,data/raw/budding/20260328_1005_budding_13_cup.jpg
seed_formation,20260328_1040_seed_formation_100_bup.jpg,data/raw/seed_formation/20260328_1040_seed_formation_100_bup.jpg
seed_formation,20260727_1732_seed_formation_169_rot30.jpg,data/raw/seed_formation/20260727_1732_seed_formation_169_rot30.jpg
wilting,20260824_1708_wilting_78_sdown.jpg,data/raw/wilting/20260824_1708_wilting_78_sdown.jpg
budding,20260328_1005_budding_53.jpg,data/raw/budding/20260328_1005_budding_53.jpg
seed_formation,20260328_1039_seed_formation_90_cup.jpg,data/raw/seed_formation/20260328_1039_seed_formation_90_cup.jpg
pre_bloom,20260722_1742_pre_bloom_15_cdown.jpg,data/raw/pre_bloom/20260722_1742_pre_bloom_15_cdown.jpg
full_bloom,20260328_1052_full_bloom_71_sdown.jpg,data/raw/full_bloom/20260328_1052_full_bloom_71_sdown.jpg
full_bloom,20260328_1109_full_bloom_107_cup.jpg,data/raw/full_bloom/20260328_1109_full_bloom_107_cup.jpg
seed_formation,20260328_1042_seed_formation_124_bup.jpg,data/raw/seed_formation/20260328_1042_seed_formation_124_bup.jpg
full_bloom,20260328_1109_full_bloom_112_cdown.jpg,data/raw/full_bloom/20260328_1109_full_bloom_112_cdown.jpg
pre_bloom,20260727_1736_pre_bloom_69_rot60.jpg,data/raw/pre_bloom/20260727_1736_pre_bloom_69_rot60.jpg
wilting,20260819_1716_wilting_22_sup.jpg,data/raw/wilting/20260819_1716_wilting_22_sup.jpg
budding,20260328_1054_budding_133_rot45.jpg,data/raw/budding/20260328_1054_budding_133_rot45.jpg
vegetative,20260328_1117_vegetative_77_cdown.jpg,data/raw/vegetative/20260328_1117_vegetative_77_cdown.jpg
full_bloom,20260328_1013_full_bloom_8_sup.jpg,data/raw/full_bloom/20260328_1013_full_bloom_8_sup.jpg
budding,20260328_1005_budding_16_cdown.jpg,data/raw/budding/20260328_1005_budding_16_cdown.jpg
wilting,20260328_1056_wilting_2.jpg,data/raw/wilting/20260328_1056_wilting_2.jpg
vegetative,20260712_0902_vegetative_136_cup.jpg,data/raw/vegetative/20260712_0902_vegetative_136_cup.jpg
pre_bloom,20260727_1556_pre_bloom_47_rot30.jpg,data/raw/pre_bloom/20260727_1556_pre_bloom_47_rot30.jpg
pre_bloom,20260731_1657_pre_bloom_83_sdown.jpg,data/raw/pre_bloom/20260731_1657_pre_bloom_83_sdown.jpg
full_bloom,20260328_1036_full_bloom_29_cup.jpg,data/raw/full_bloom/20260328_1036_full_bloom_29_cup.jpg
pre_bloom,20260712_0855_pre_bloom_7_sup.jpg,data/raw/pre_bloom/20260712_0855_pre_bloom_7_sup.jpg
budding,20260328_1110_budding_173_cup.jpg,data/raw/budding/20260328_1110_budding_173_cup.jpg
vegetative,20260712_0900_vegetative_115_cup.jpg,data/raw/vegetative/20260712_0900_vegetative_115_cup.jpg
full_bloom,20260328_1051_full_bloom_51_rot60.jpg,data/raw/full_bloom/20260328_1051_full_bloom_51_rot60.jpg
wilting,20260824_1705_wilting_41_cup.jpg,data/raw/wilting/20260824_1705_wilting_41_cup.jpg
wilting,20260819_1717_wilting_31_bdown.jpg,data/raw/wilting/20260819_1717_wilting_31_bdown.jpg
vegetative,20260712_0902_vegetative_140_cdown.jpg,data/raw/vegetative/20260712_0902_vegetative_140_cdown.jpg
vegetative,20260712_0901_vegetative_124_bup.jpg,data/raw/vegetative/20260712_0901_vegetative_124_bup.jpg
full_bloom,20260328_1114_full_bloom_131_rot60.jpg,data/raw/full_bloom/20260328_1114_full_bloom_131_rot60.jpg
full_bloom,20260328_1037_full_bloom_34_sup.jpg,data/raw/full_bloom/20260328_1037_full_bloom_34_sup.jpg
vegetative,20260328_1030_vegetative_28_cup.jpg,data/raw/vegetative/20260328_1030_vegetative_28_cup.jpg
full_bloom,flowerin_0000_full_bloom_155_bup.jpg,data/raw/full_bloom/flowerin_0000_full_bloom_155_bup.jpg
full_bloom,20260328_1052_full_bloom_65_sup.jpg,data/raw/full_bloom/20260328_1052_full_bloom_65_sup.jpg
pre_bloom,20260811_1640_pre_bloom_124_rot45.jpg,data/raw/pre_bloom/20260811_1640_pre_bloom_124_rot45.jpg
budding,20260328_1123_budding_222_cup.jpg,data/raw/budding/20260328_1123_budding_222_cup.jpg
seed_formation,20260715_1602_seed_formation_149_cdown.jpg,data/raw/seed_formation/20260715_1602_seed_formation_149_cdown.jpg
budding,20260328_1005_budding_16_rot45.jpg,data/raw/budding/20260328_1005_budding_16_rot45.jpg
full_bloom,20260722_1743_full_bloom_19_cdown.jpg,data/raw/full_bloom/20260722_1743_full_bloom_19_cdown.jpg
seed_formation,20260328_1040_seed_formation_103_cup.jpg,data/raw/seed_formation/20260328_1040_seed_formation_103_cup.jpg
full_bloom,20260727_1709_full_bloom_45_sup.jpg,data/raw/full_bloom/20260727_1709_full_bloom_45_sup.jpg
seed_formation,20260328_1008_seed_formation_10_rot30.jpg,data/raw/seed_formation/20260328_1008_seed_formation_10_rot30.jpg
seed_formation,20260328_1041_seed_formation_116.jpg,data/raw/seed_formation/20260328_1041_seed_formation_116.jpg
pre_bloom,20260726_1336_pre_bloom_27_cdown.jpg,data/raw/pre_bloom/20260726_1336_pre_bloom_27_cdown.jpg
pre_bloom,20260726_1336_pre_bloom_29_cdown.jpg,data/raw/pre_bloom/20260726_1336_pre_bloom_29_cdown.jpg
vegetative,20260328_1038_vegetative_53_rot60.jpg,data/raw/vegetative/20260328_1038_vegetative_53_rot60.jpg
wilting,20260814_1637_wilting_27.jpg,data/raw/wilting/20260814_1637_wilting_27.jpg
budding,20260328_1122_budding_216_rot45.jpg,data/raw/budding/20260328_1122_budding_216_rot45.jpg
seed_formation,20260715_1554_seed_formation_129_cup.jpg,data/raw/seed_formation/20260715_1554_seed_formation_129_cup.jpg
wilting,20260819_1717_wilting_31_rot60.jpg,data/raw/wilting/20260819_1717_wilting_31_rot60.jpg
wilting,20260814_1646_wilting_38_sdown.jpg,data/raw/wilting/20260814_1646_wilting_38_sdown.jpg
seed_formation,20260328_1042_seed_formation_123_cdown.jpg,data/raw/seed_formation/20260328_1042_seed_formation_123_cdown.jpg
full_bloom,20260328_1051_full_bloom_50.jpg,data/raw/full_bloom/20260328_1051_full_bloom_50.jpg
vegetative,20260712_0901_vegetative_128_bup.jpg,data/raw/vegetative/20260712_0901_vegetative_128_bup.jpg
pre_bloom,20260328_1109_pre_bloom_72_bup.jpg,data/raw/pre_bloom/20260328_1109_pre_bloom_72_bup.jpg
pre_bloom,20260727_1556_pre_bloom_48_rot30.jpg,data/raw/pre_bloom/20260727_1556_pre_bloom_48_rot30.jpg
full_bloom,20260727_1707_full_bloom_32_cdown.jpg,data/raw/full_bloom/20260727_1707_full_bloom_32_cdown.jpg
seed_formation,20260328_1041_seed_formation_112_cdown.jpg,data/raw/seed_formation/20260328_1041_seed_formation_112_cdown.jpg
vegetative,20260328_1006_vegetative_6_cup.jpg,data/raw/vegetative/20260328_1006_vegetative_6_cup.jpg
wilting,20260824_1706_wilting_55_cup.jpg,data/raw/wilting/20260824_1706_wilting_55_cup.jpg
pre_bloom,flowerin_0000_pre_bloom_85_rot60.jpg,data/raw/pre_bloom/flowerin_0000_pre_bloom_85_rot60.jpg
pre_bloom,20260727_1556_pre_bloom_47_cup.jpg,data/raw/pre_bloom/20260727_1556_pre_bloom_47_cup.jpg
wilting,20260824_1706_wilting_63_sup.jpg,data/raw/wilting/20260824_1706_wilting_63_sup.jpg
budding,20260328_1042_budding_130_rot60.jpg,data/raw/budding/20260328_1042_budding_130_rot60.jpg
budding,20260328_1005_budding_45_rot45.jpg,data/raw/budding/20260328_1005_budding_45_rot45.jpg
full_bloom,20260328_1110_full_bloom_116_rot30.jpg,data/raw/full_bloom/20260328_1110_full_bloom_116_rot30.jpg
full_bloom,20260328_1110_full_bloom_118_rot60.jpg,data/raw/full_bloom/20260328_1110_full_bloom_118_rot60.jpg
full_bloom,20260328_1013_full_bloom_3_bup.jpg,data/raw/full_bloom/20260328_1013_full_bloom_3_bup.jpg
pre_bloom,20260726_1336_pre_bloom_31_sdown.jpg,data/raw/pre_bloom/20260726_1336_pre_bloom_31_sdown.jpg
wilting,20260819_1716_wilting_18.jpg,data/raw/wilting/20260819_1716_wilting_18.jpg
full_bloom,20260328_1111_full_bloom_121_sdown.jpg,data/raw/full_bloom/20260328_1111_full_bloom_121_sdown.jpg
vegetative,20260712_0902_vegetative_140_rot45.jpg,data/raw/vegetative/20260712_0902_vegetative_140_rot45.jpg
wilting,20260814_1637_wilting_10_bdown.jpg,data/raw/wilting/20260814_1637_wilting_10_bdown.jpg
pre_bloom,20260722_1743_pre_bloom_26_rot45.jpg,data/raw/pre_bloom/20260722_1743_pre_bloom_26_rot45.jpg
budding,20260328_1110_budding_169_rot60.jpg,data/raw/budding/20260328_1110_budding_169_rot60.jpg
seed_formation,20260722_1755_seed_formation_166_sup.jpg,data/raw/seed_formation/20260722_1755_seed_formation_166_sup.jpg
full_bloom,20260715_1555_full_bloom_1_sdown.jpg,data/raw/full_bloom/20260715_1555_full_bloom_1_sdown.jpg
seed_formation,20260328_1009_seed_formation_27_sup.jpg,data/raw/seed_formation/20260328_1009_seed_formation_27_sup.jpg
pre_bloom,20260328_1109_pre_bloom_69.jpg,data/raw/pre_bloom/20260328_1109_pre_bloom_69.jpg
full_bloom,20260727_1722_full_bloom_61_rot45.jpg,data/raw/full_bloom/20260727_1722_full_bloom_61_rot45.jpg
vegetative,20260712_0851_vegetative_111_sdown.jpg,data/raw/vegetative/20260712_0851_vegetative_111_sdown.jpg
seed_formation,20260715_1554_seed_formation_127_sup.jpg,data/raw/seed_formation/20260715_1554_seed_formation_127_sup.jpg
pre_bloom,20260727_1711_pre_bloom_51_sdown.jpg,data/raw/pre_bloom/20260727_1711_pre_bloom_51_sdown.jpg
vegetative,20260328_1037_vegetative_48_rot30.jpg,data/raw/vegetative/20260328_1037_vegetative_48_rot30.jpg
seed_formation,20260727_1733_seed_formation_177_cup.jpg,data/raw/seed_formation/20260727_1733_seed_formation_177_cup.jpg
full_bloom,20260328_1052_full_bloom_63_rot45.jpg,data/raw/full_bloom/20260328_1052_full_bloom_63_rot45.jpg
seed_formation,20260328_1023_seed_formation_72_rot30.jpg,data/raw/seed_formation/20260328_1023_seed_formation_72_rot30.jpg
budding,20260328_1121_budding_191_sdown.jpg,data/raw/budding/20260328_1121_budding_191_sdown.jpg
pre_bloom,20260328_1018_pre_bloom_15.jpg,data/raw/pre_bloom/20260328_1018_pre_bloom_15.jpg
budding,20260328_1059_budding_155_rot30.jpg,data/raw/budding/20260328_1059_budding_155_rot30.jpg
pre_bloom,20260727_1555_pre_bloom_41_bup.jpg,data/raw/pre_bloom/20260727_1555_pre_bloom_41_bup.jpg
vegetative,20260712_0838_vegetative_106_bup.jpg,data/raw/vegetative/20260712_0838_vegetative_106_bup.jpg
vegetative,20260712_0902_vegetative_141_bdown.jpg,data/raw/vegetative/20260712_0902_vegetative_141_bdown.jpg
seed_formation,20260328_1020_seed_formation_53_sup.jpg,data/raw/seed_formation/20260328_1020_seed_formation_53_sup.jpg
budding,20260328_1121_budding_184_sdown.jpg,data/raw/budding/20260328_1121_budding_184_sdown.jpg
vegetative,20260712_0914_vegetative_145_sup.jpg,data/raw/vegetative/20260712_0914_vegetative_145_sup.jpg
pre_bloom,20260722_1742_pre_bloom_17_rot30.jpg,data/raw/pre_bloom/20260722_1742_pre_bloom_17_rot30.jpg
budding,20260328_1010_budding_82_rot30.jpg,data/raw/budding/20260328_1010_budding_82_rot30.jpg
wilting,20260824_1721_wilting_110_cup.jpg,data/raw/wilting/20260824_1721_wilting_110_cup.jpg
full_bloom,20260328_1051_full_bloom_51_cup.jpg,data/raw/full_bloom/20260328_1051_full_bloom_51_cup.jpg
full_bloom,20260727_1722_full_bloom_59_rot30.jpg,data/raw/full_bloom/20260727_1722_full_bloom_59_rot30.jpg
budding,20260328_1010_budding_78.jpg,data/raw/budding/20260328_1010_budding_78.jpg
full_bloom,20260722_1658_full_bloom_16_sdown.jpg,data/raw/full_bloom/20260722_1658_full_bloom_16_sdown.jpg
vegetative,20260328_1046_vegetative_55_bdown.jpg,data/raw/vegetative/20260328_1046_vegetative_55_bdown.jpg
pre_bloom,20260731_1658_pre_bloom_85_cup.jpg,data/raw/pre_bloom/20260731_1658_pre_bloom_85_cup.jpg
full_bloom,20260328_1036_full_bloom_29_rot30.jpg,data/raw/full_bloom/20260328_1036_full_bloom_29_rot30.jpg
vegetative,20260712_0838_vegetative_102_sdown.jpg,data/raw/vegetative/20260712_0838_vegetative_102_sdown.jpg
pre_bloom,20260727_1555_pre_bloom_45_rot30.jpg,data/raw/pre_bloom/20260727_1555_pre_bloom_45_rot30.jpg
full_bloom,20260722_1658_full_bloom_18_sup.jpg,data/raw/full_bloom/20260722_1658_full_bloom_18_sup.jpg
full_bloom,20260328_1112_full_bloom_123_rot45.jpg,data/raw/full_bloom/20260328_1112_full_bloom_123_rot45.jpg
vegetative,20260712_0910_vegetative_143_rot45.jpg,data/raw/vegetative/20260712_0910_vegetative_143_rot45.jpg
seed_formation,20260715_1602_seed_formation_134_sup.jpg,data/raw/seed_formation/20260715_1602_seed_formation_134_sup.jpg
seed_formation,20260328_1039_seed_formation_90.jpg,data/raw/seed_formation/20260328_1039_seed_formation_90.jpg
budding,20260328_1110_budding_173_sup.jpg,data/raw/budding/20260328_1110_budding_173_sup.jpg
pre_bloom,20260328_1015_pre_bloom_14_rot45.jpg,data/raw/pre_bloom/20260328_1015_pre_bloom_14_rot45.jpg
full_bloom,20260328_1100_full_bloom_99_sup.jpg,data/raw/full_bloom/20260328_1100_full_bloom_99_sup.jpg
full_bloom,20260715_1556_full_bloom_6_cup.jpg,data/raw/full_bloom/20260715_1556_full_bloom_6_cup.jpg
seed_formation,20260328_1022_seed_formation_61_rot45.jpg,data/raw/seed_formation/20260328_1022_seed_formation_61_rot45.jpg
seed_formation,20260328_1040_seed_formation_95_rot60.jpg,data/raw/seed_formation/20260328_1040_seed_formation_95_rot60.jpg
seed_formation,20260328_1022_seed_formation_61_sup.jpg,data/raw/seed_formation/20260328_1022_seed_formation_61_sup.jpg
full_bloom,20260722_1804_full_bloom_30_rot45.jpg,data/raw/full_bloom/20260722_1804_full_bloom_30_rot45.jpg
wilting,20260814_1646_wilting_41_sup.jpg,data/raw/wilting/20260814_1646_wilting_41_sup.jpg
pre_bloom,20260727_1736_pre_bloom_64_rot30.jpg,data/raw/pre_bloom/20260727_1736_pre_bloom_64_rot30.jpg
full_bloom,20260328_1109_full_bloom_107_rot60.jpg,data/raw/full_bloom/20260328_1109_full_bloom_107_rot60.jpg
full_bloom,20260727_1707_full_bloom_32_rot30.jpg,data/raw/full_bloom/20260727_1707_full_bloom_32_rot30.jpg
budding,20260328_1055_budding_140_rot45.jpg,data/raw/budding/20260328_1055_budding_140_rot45.jpg
full_bloom,20260328_1013_full_bloom_14_bup.jpg,data/raw/full_bloom/20260328_1013_full_bloom_14_bup.jpg
full_bloom,20260328_1109_full_bloom_103_bdown.jpg,data/raw/full_bloom/20260328_1109_full_bloom_103_bdown.jpg
wilting,20260824_1721_wilting_109_rot60.jpg,data/raw/wilting/20260824_1721_wilting_109_rot60.jpg
full_bloom,20260727_1707_full_bloom_32_cup.jpg,data/raw/full_bloom/20260727_1707_full_bloom_32_cup.jpg
seed_formation,20260328_1020_seed_formation_56_bdown.jpg,data/raw/seed_formation/20260328_1020_seed_formation_56_bdown.jpg
full_bloom,20260328_1114_full_bloom_127_cdown.jpg,data/raw/full_bloom/20260328_1114_full_bloom_127_cdown.jpg
seed_formation,20260715_1602_seed_formation_142_rot60.jpg,data/raw/seed_formation/20260715_1602_seed_formation_142_rot60.jpg
full_bloom,20260328_1115_full_bloom_137_rot45.jpg,data/raw/full_bloom/20260328_1115_full_bloom_137_rot45.jpg
pre_bloom,20260727_1736_pre_bloom_70_cdown.jpg,data/raw/pre_bloom/20260727_1736_pre_bloom_70_cdown.jpg
wilting,20260824_1719_wilting_88_cup.jpg,data/raw/wilting/20260824_1719_wilting_88_cup.jpg
seed_formation,20260328_1040_seed_formation_92.jpg,data/raw/seed_formation/20260328_1040_seed_formation_92.jpg
seed_formation,20260731_1719_seed_formation_186_cdown.jpg,data/raw/seed_formation/20260731_1719_seed_formation_186_cdown.jpg
wilting,20260824_1721_wilting_98_sdown.jpg,data/raw/wilting/20260824_1721_wilting_98_sdown.jpg
vegetative,20260328_1046_vegetative_60_rot30.jpg,data/raw/vegetative/20260328_1046_vegetative_60_rot30.jpg
seed_formation,20260328_1041_seed_formation_117_rot45.jpg,data/raw/seed_formation/20260328_1041_seed_formation_117_rot45.jpg
seed_formation,20260328_1040_seed_formation_92_bup.jpg,data/raw/seed_formation/20260328_1040_seed_formation_92_bup.jpg
vegetative,20260328_1117_vegetative_79_rot45.jpg,data/raw/vegetative/20260328_1117_vegetative_79_rot45.jpg
wilting,20260824_1708_wilting_75_bdown.jpg,data/raw/wilting/20260824_1708_wilting_75_bdown.jpg
seed_formation,20260328_1041_seed_formation_120_bup.jpg,data/raw/seed_formation/20260328_1041_seed_formation_120_bup.jpg
full_bloom,20260328_1115_full_bloom_137_cup.jpg,data/raw/full_bloom/20260328_1115_full_bloom_137_cup.jpg
full_bloom,20260328_1036_full_bloom_23_cup.jpg,data/raw/full_bloom/20260328_1036_full_bloom_23_cup.jpg
wilting,20260824_1709_wilting_84.jpg,data/raw/wilting/20260824_1709_wilting_84.jpg
pre_bloom,20260727_1711_pre_bloom_55.jpg,data/raw/pre_bloom/20260727_1711_pre_bloom_55.jpg
vegetative,20260328_1032_vegetative_34_bdown.jpg,data/raw/vegetative/20260328_1032_vegetative_34_bdown.jpg
budding,20260328_1005_budding_1_sdown.jpg,data/raw/budding/20260328_1005_budding_1_sdown.jpg
pre_bloom,20260727_1711_pre_bloom_53_rot30.jpg,data/raw/pre_bloom/20260727_1711_pre_bloom_53_rot30.jpg
pre_bloom,20260328_1015_pre_bloom_14_bdown.jpg,data/raw/pre_bloom/20260328_1015_pre_bloom_14_bdown.jpg
wilting,20260819_1716_wilting_22_cup.jpg,data/raw/wilting/20260819_1716_wilting_22_cup.jpg
full_bloom,20260328_1115_full_bloom_137_cdown.jpg,data/raw/full_bloom/20260328_1115_full_bloom_137_cdown.jpg
wilting,20260824_1720_wilting_91_sdown.jpg,data/raw/wilting/20260824_1720_wilting_91_sdown.jpg
full_bloom,20260328_1054_full_bloom_86_cup.jpg,data/raw/full_bloom/20260328_1054_full_bloom_86_cup.jpg
pre_bloom,Budding0_0000_pre_bloom_80_cup.jpg,data/raw/pre_bloom/Budding0_0000_pre_bloom_80_cup.jpg
budding,20260328_1011_budding_94.jpg,data/raw/budding/20260328_1011_budding_94.jpg
seed_formation,20260328_1039_seed_formation_81.jpg,data/raw/seed_formation/20260328_1039_seed_formation_81.jpg
pre_bloom,20260328_1043_pre_bloom_42_rot30.jpg,data/raw/pre_bloom/20260328_1043_pre_bloom_42_rot30.jpg
pre_bloom,20260328_1108_pre_bloom_64_cdown.jpg,data/raw/pre_bloom/20260328_1108_pre_bloom_64_cdown.jpg
vegetative,vegetati_0000_vegetative_177_rot30.jpg,data/raw/vegetative/vegetati_0000_vegetative_177_rot30.jpg
wilting,20260824_1721_wilting_102_rot60.jpg,data/raw/wilting/20260824_1721_wilting_102_rot60.jpg
budding,20260328_1005_budding_65_bdown.jpg,data/raw/budding/20260328_1005_budding_65_bdown.jpg
pre_bloom,20260727_1555_pre_bloom_44.jpg,data/raw/pre_bloom/20260727_1555_pre_bloom_44.jpg
pre_bloom,20260727_1711_pre_bloom_49_sup.jpg,data/raw/pre_bloom/20260727_1711_pre_bloom_49_sup.jpg
seed_formation,20260328_1008_seed_formation_18_rot60.jpg,data/raw/seed_formation/20260328_1008_seed_formation_18_rot60.jpg
pre_bloom,20260328_1043_pre_bloom_41_cup.jpg,data/raw/pre_bloom/20260328_1043_pre_bloom_41_cup.jpg
budding,20260328_1011_budding_100_sdown.jpg,data/raw/budding/20260328_1011_budding_100_sdown.jpg
full_bloom,20260727_1723_full_bloom_67_bup.jpg,data/raw/full_bloom/20260727_1723_full_bloom_67_bup.jpg
pre_bloom,20260804_1723_pre_bloom_99.jpg,data/raw/pre_bloom/20260804_1723_pre_bloom_99.jpg
pre_bloom,20260727_1555_pre_bloom_37_bdown.jpg,data/raw/pre_bloom/20260727_1555_pre_bloom_37_bdown.jpg
pre_bloom,20260727_1555_pre_bloom_37.jpg,data/raw/pre_bloom/20260727_1555_pre_bloom_37.jpg
pre_bloom,20260727_1722_pre_bloom_58_rot45.jpg,data/raw/pre_bloom/20260727_1722_pre_bloom_58_rot45.jpg
seed_formation,20260328_1020_seed_formation_58_rot45.jpg,data/raw/seed_formation/20260328_1020_seed_formation_58_rot45.jpg
full_bloom,20260715_1556_full_bloom_7_rot30.jpg,data/raw/full_bloom/20260715_1556_full_bloom_7_rot30.jpg
wilting,20260819_1716_wilting_18_sdown.jpg,data/raw/wilting/20260819_1716_wilting_18_sdown.jpg
pre_bloom,20260727_1556_pre_bloom_47_bup.jpg,data/raw/pre_bloom/20260727_1556_pre_bloom_47_bup.jpg
vegetative,20260328_1117_vegetative_89_cdown.jpg,data/raw/vegetative/20260328_1117_vegetative_89_cdown.jpg
pre_bloom,20260328_1109_pre_bloom_68_sup.jpg,data/raw/pre_bloom/20260328_1109_pre_bloom_68_sup.jpg
seed_formation,20260328_1020_seed_formation_51_sup.jpg,data/raw/seed_formation/20260328_1020_seed_formation_51_sup.jpg
vegetative,20260328_1023_vegetative_18_rot45.jpg,data/raw/vegetative/20260328_1023_vegetative_18_rot45.jpg
seed_formation,20260727_1732_seed_formation_170_cup.jpg,data/raw/seed_formation/20260727_1732_seed_formation_170_cup.jpg
pre_bloom,20260811_1639_pre_bloom_110_sup.jpg,data/raw/pre_bloom/20260811_1639_pre_bloom_110_sup.jpg
pre_bloom,20260328_1108_pre_bloom_49_sdown.jpg,data/raw/pre_bloom/20260328_1108_pre_bloom_49_sdown.jpg
full_bloom,20260727_1709_full_bloom_54_sup.jpg,data/raw/full_bloom/20260727_1709_full_bloom_54_sup.jpg
full_bloom,20260328_1051_full_bloom_54_cdown.jpg,data/raw/full_bloom/20260328_1051_full_bloom_54_cdown.jpg
pre_bloom,20260727_1722_pre_bloom_58_cup.jpg,data/raw/pre_bloom/20260727_1722_pre_bloom_58_cup.jpg
pre_bloom,20260328_1018_pre_bloom_19_cdown.jpg,data/raw/pre_bloom/20260328_1018_pre_bloom_19_cdown.jpg
vegetative,20260712_0901_vegetative_124_rot60.jpg,data/raw/vegetative/20260712_0901_vegetative_124_rot60.jpg
budding,20260328_1005_budding_62_rot30.jpg,data/raw/budding/20260328_1005_budding_62_rot30.jpg
vegetative,20260712_0914_vegetative_145_cup.jpg,data/raw/vegetative/20260712_0914_vegetative_145_cup.jpg
pre_bloom,20260722_1743_pre_bloom_25_cup.jpg,data/raw/pre_bloom/20260722_1743_pre_bloom_25_cup.jpg
seed_formation,20260731_1719_seed_formation_184_bdown.jpg,data/raw/seed_formation/20260731_1719_seed_formation_184_bdown.jpg
budding,20260328_1110_budding_172_cup.jpg,data/raw/budding/20260328_1110_budding_172_cup.jpg
seed_formation,20260328_1041_seed_formation_110_sdown.jpg,data/raw/seed_formation/20260328_1041_seed_formation_110_sdown.jpg
budding,20260328_1122_budding_210_sup.jpg,data/raw/budding/20260328_1122_budding_210_sup.jpg
vegetative,20260328_1046_vegetative_58_bup.jpg,data/raw/vegetative/20260328_1046_vegetative_58_bup.jpg
budding,20260328_1121_budding_196_rot30.jpg,data/raw/budding/20260328_1121_budding_196_rot30.jpg
vegetative,20260328_1046_vegetative_55_rot30.jpg,data/raw/vegetative/20260328_1046_vegetative_55_rot30.jpg
vegetative,20260712_0901_vegetative_123_cup.jpg,data/raw/vegetative/20260712_0901_vegetative_123_cup.jpg
wilting,20260824_1705_wilting_45.jpg,data/raw/wilting/20260824_1705_wilting_45.jpg
full_bloom,20260328_1109_full_bloom_107_sup.jpg,data/raw/full_bloom/20260328_1109_full_bloom_107_sup.jpg
pre_bloom,20260722_1742_pre_bloom_16_sdown.jpg,data/raw/pre_bloom/20260722_1742_pre_bloom_16_sdown.jpg
seed_formation,20260328_1007_seed_formation_4_sup.jpg,data/raw/seed_formation/20260328_1007_seed_formation_4_sup.jpg
seed_formation,20260722_1745_seed_formation_13_bdown.jpg,data/raw/seed_formation/20260722_1745_seed_formation_13_bdown.jpg
wilting,20260814_1646_wilting_39_rot30.jpg,data/raw/wilting/20260814_1646_wilting_39_rot30.jpg
pre_bloom,20260726_1336_pre_bloom_30_sdown.jpg,data/raw/pre_bloom/20260726_1336_pre_bloom_30_sdown.jpg
full_bloom,20260328_1013_full_bloom_12_sdown.jpg,data/raw/full_bloom/20260328_1013_full_bloom_12_sdown.jpg
seed_formation,20260328_1039_seed_formation_81_rot60.jpg,data/raw/seed_formation/20260328_1039_seed_formation_81_rot60.jpg
budding,20260328_1110_budding_165_bup.jpg,data/raw/budding/20260328_1110_budding_165_bup.jpg
budding,20260328_1011_budding_89.jpg,data/raw/budding/20260328_1011_budding_89.jpg
vegetative,20260712_0901_vegetative_120_cdown.jpg,data/raw/vegetative/20260712_0901_vegetative_120_cdown.jpg
seed_formation,20260731_1719_seed_formation_180_cup.jpg,data/raw/seed_formation/20260731_1719_seed_formation_180_cup.jpg
pre_bloom,20260328_1005_pre_bloom_8_rot60.jpg,data/raw/pre_bloom/20260328_1005_pre_bloom_8_rot60.jpg
vegetative,20260328_1015_vegetative_12_cup.jpg,data/raw/vegetative/20260328_1015_vegetative_12_cup.jpg
full_bloom,20260328_1036_full_bloom_27_rot60.jpg,data/raw/full_bloom/20260328_1036_full_bloom_27_rot60.jpg
pre_bloom,20260731_1708_pre_bloom_90_sup.jpg,data/raw/pre_bloom/20260731_1708_pre_bloom_90_sup.jpg
pre_bloom,20260328_1043_pre_bloom_44_cup.jpg,data/raw/pre_bloom/20260328_1043_pre_bloom_44_cup.jpg
budding,20260328_1122_budding_201_rot60.jpg,data/raw/budding/20260328_1122_budding_201_rot60.jpg
seed_formation,20260328_1020_seed_formation_44_rot45.jpg,data/raw/seed_formation/20260328_1020_seed_formation_44_rot45.jpg
seed_formation,20260328_1041_seed_formation_113_sup.jpg,data/raw/seed_formation/20260328_1041_seed_formation_113_sup.jpg
seed_formation,20260328_1022_seed_formation_68.jpg,data/raw/seed_formation/20260328_1022_seed_formation_68.jpg
pre_bloom,20260722_1743_pre_bloom_20_bdown.jpg,data/raw/pre_bloom/20260722_1743_pre_bloom_20_bdown.jpg
wilting,20260824_1705_wilting_42_bup.jpg,data/raw/wilting/20260824_1705_wilting_42_bup.jpg
wilting,20260824_1708_wilting_72_cdown.jpg,data/raw/wilting/20260824_1708_wilting_72_cdown.jpg
wilting,20260819_1659_wilting_16.jpg,data/raw/wilting/20260819_1659_wilting_16.jpg
seed_formation,20260328_1019_seed_formation_35_sdown.jpg,data/raw/seed_formation/20260328_1019_seed_formation_35_sdown.jpg
seed_formation,20260328_1039_seed_formation_79.jpg,data/raw/seed_formation/20260328_1039_seed_formation_79.jpg
wilting,20260819_1716_wilting_22_bup.jpg,data/raw/wilting/20260819_1716_wilting_22_bup.jpg
pre_bloom,20260328_1043_pre_bloom_40_rot45.jpg,data/raw/pre_bloom/20260328_1043_pre_bloom_40_rot45.jpg
seed_formation,20260328_1041_seed_formation_114_cdown.jpg,data/raw/seed_formation/20260328_1041_seed_formation_114_cdown.jpg
pre_bloom,20260328_1043_pre_bloom_46_rot30.jpg,data/raw/pre_bloom/20260328_1043_pre_bloom_46_rot30.jpg
budding,20260328_1011_budding_95_bdown.jpg,data/raw/budding/20260328_1011_budding_95_bdown.jpg
wilting,20260814_1636_wilting_14_rot60.jpg,data/raw/wilting/20260814_1636_wilting_14_rot60.jpg
full_bloom,20260328_1053_full_bloom_77_cup.jpg,data/raw/full_bloom/20260328_1053_full_bloom_77_cup.jpg
budding,20260328_1011_budding_94_cdown.jpg,data/raw/budding/20260328_1011_budding_94_cdown.jpg
pre_bloom,20260328_1003_pre_bloom_5_sdown.jpg,data/raw/pre_bloom/20260328_1003_pre_bloom_5_sdown.jpg
budding,20260328_1115_budding_181_sup.jpg,data/raw/budding/20260328_1115_budding_181_sup.jpg
full_bloom,20260727_1709_full_bloom_43_sup.jpg,data/raw/full_bloom/20260727_1709_full_bloom_43_sup.jpg
budding,20260328_1121_budding_195_bup.jpg,data/raw/budding/20260328_1121_budding_195_bup.jpg
vegetative,20260712_0902_vegetative_141.jpg,data/raw/vegetative/20260712_0902_vegetative_141.jpg
pre_bloom,20260328_1109_pre_bloom_70_bdown.jpg,data/raw/pre_bloom/20260328_1109_pre_bloom_70_bdown.jpg
vegetative,flowerin_0000_vegetative_166.jpg,data/raw/vegetative/flowerin_0000_vegetative_166.jpg
pre_bloom,20260328_1002_pre_bloom_1.jpg,data/raw/pre_bloom/20260328_1002_pre_bloom_1.jpg
budding,20260328_1111_budding_177.jpg,data/raw/budding/20260328_1111_budding_177.jpg
vegetative,20260328_1046_vegetative_64_sup.jpg,data/raw/vegetative/20260328_1046_vegetative_64_sup.jpg
vegetative,20260712_0902_vegetative_138_bup.jpg,data/raw/vegetative/20260712_0902_vegetative_138_bup.jpg
budding,20260328_1005_budding_10_sup.jpg,data/raw/budding/20260328_1005_budding_10_sup.jpg
vegetative,20260328_1116_vegetative_73_rot60.jpg,data/raw/vegetative/20260328_1116_vegetative_73_rot60.jpg
budding,20260328_1055_budding_146_bdown.jpg,data/raw/budding/20260328_1055_budding_146_bdown.jpg
seed_formation,20260328_1041_seed_formation_110_bup.jpg,data/raw/seed_formation/20260328_1041_seed_formation_110_bup.jpg
wilting,20260814_1636_wilting_20_bup.jpg,data/raw/wilting/20260814_1636_wilting_20_bup.jpg
wilting,20260727_1724_wilting_12_rot30.jpg,data/raw/wilting/20260727_1724_wilting_12_rot30.jpg
full_bloom,flowerin_0000_full_bloom_147.jpg,data/raw/full_bloom/flowerin_0000_full_bloom_147.jpg
seed_formation,20260328_1007_seed_formation_6.jpg,data/raw/seed_formation/20260328_1007_seed_formation_6.jpg
vegetative,vegetati_0000_vegetative_177_bup.jpg,data/raw/vegetative/vegetati_0000_vegetative_177_bup.jpg
wilting,20260824_1720_wilting_94_sdown.jpg,data/raw/wilting/20260824_1720_wilting_94_sdown.jpg
pre_bloom,20260328_1003_pre_bloom_3_sup.jpg,data/raw/pre_bloom/20260328_1003_pre_bloom_3_sup.jpg
wilting,20260814_1636_wilting_15_sdown.jpg,data/raw/wilting/20260814_1636_wilting_15_sdown.jpg
seed_formation,20260722_1745_seed_formation_157_rot30.jpg,data/raw/seed_formation/20260722_1745_seed_formation_157_rot30.jpg
budding,20260328_1055_budding_138_rot45.jpg,data/raw/budding/20260328_1055_budding_138_rot45.jpg
pre_bloom,20260712_0854_pre_bloom_3_cdown.jpg,data/raw/pre_bloom/20260712_0854_pre_bloom_3_cdown.jpg
pre_bloom,Budding0_0000_pre_bloom_80_bdown.jpg,data/raw/pre_bloom/Budding0_0000_pre_bloom_80_bdown.jpg
budding,20260328_1110_budding_168_rot60.jpg,data/raw/budding/20260328_1110_budding_168_rot60.jpg
pre_bloom,20260731_1657_pre_bloom_83.jpg,data/raw/pre_bloom/20260731_1657_pre_bloom_83.jpg
full_bloom,20260328_1110_full_bloom_120_sdown.jpg,data/raw/full_bloom/20260328_1110_full_bloom_120_sdown.jpg
budding,20260328_1055_budding_141_cdown.jpg,data/raw/budding/20260328_1055_budding_141_cdown.jpg
pre_bloom,flowerin_0000_pre_bloom_81_rot45.jpg,data/raw/pre_bloom/flowerin_0000_pre_bloom_81_rot45.jpg
seed_formation,20260727_1732_seed_formation_169_sup.jpg,data/raw/seed_formation/20260727_1732_seed_formation_169_sup.jpg
pre_bloom,20260328_1109_pre_bloom_68_rot60.jpg,data/raw/pre_bloom/20260328_1109_pre_bloom_68_rot60.jpg
budding,20260328_1005_budding_10_cdown.jpg,data/raw/budding/20260328_1005_budding_10_cdown.jpg
budding,20260328_1110_budding_172_sdown.jpg,data/raw/budding/20260328_1110_budding_172_sdown.jpg
pre_bloom,20260328_1015_pre_bloom_14_rot30.jpg,data/raw/pre_bloom/20260328_1015_pre_bloom_14_rot30.jpg
vegetative,20260722_1659_vegetative_146_bup.jpg,data/raw/vegetative/20260722_1659_vegetative_146_bup.jpg
budding,20260328_1110_budding_172_rot45.jpg,data/raw/budding/20260328_1110_budding_172_rot45.jpg
full_bloom,20260328_1054_full_bloom_89_bup.jpg,data/raw/full_bloom/20260328_1054_full_bloom_89_bup.jpg
full_bloom,20260715_1557_full_bloom_12_sdown.jpg,data/raw/full_bloom/20260715_1557_full_bloom_12_sdown.jpg
wilting,20260814_1646_wilting_42_sdown.jpg,data/raw/wilting/20260814_1646_wilting_42_sdown.jpg
wilting,20260824_1721_wilting_102_sup.jpg,data/raw/wilting/20260824_1721_wilting_102_sup.jpg
pre_bloom,20260731_1708_pre_bloom_91_rot30.jpg,data/raw/pre_bloom/20260731_1708_pre_bloom_91_rot30.jpg
pre_bloom,20260727_1736_pre_bloom_70.jpg,data/raw/pre_bloom/20260727_1736_pre_bloom_70.jpg
full_bloom,20260328_1100_full_bloom_100_cdown.jpg,data/raw/full_bloom/20260328_1100_full_bloom_100_cdown.jpg
budding,20260328_1005_budding_17_cdown.jpg,data/raw/budding/20260328_1005_budding_17_cdown.jpg
budding,20260328_1011_budding_94_sup.jpg,data/raw/budding/20260328_1011_budding_94_sup.jpg
budding,20260328_1121_budding_195_sup.jpg,data/raw/budding/20260328_1121_budding_195_sup.jpg
budding,20260328_1122_budding_212_rot30.jpg,data/raw/budding/20260328_1122_budding_212_rot30.jpg
budding,20260328_1110_budding_167_bup.jpg,data/raw/budding/20260328_1110_budding_167_bup.jpg
vegetative,20260804_1656_vegetative_156_rot30.jpg,data/raw/vegetative/20260804_1656_vegetative_156_rot30.jpg
wilting,20260814_1637_wilting_24_bup.jpg,data/raw/wilting/20260814_1637_wilting_24_bup.jpg
seed_formation,20260731_1719_seed_formation_182_rot30.jpg,data/raw/seed_formation/20260731_1719_seed_formation_182_rot30.jpg
full_bloom,20260328_1036_full_bloom_27_sup.jpg,data/raw/full_bloom/20260328_1036_full_bloom_27_sup.jpg
pre_bloom,20260328_1003_pre_bloom_3_cup.jpg,data/raw/pre_bloom/20260328_1003_pre_bloom_3_cup.jpg
vegetative,20260328_1011_vegetative_8_rot60.jpg,data/raw/vegetative/20260328_1011_vegetative_8_rot60.jpg
pre_bloom,20260328_1043_pre_bloom_45_bdown.jpg,data/raw/pre_bloom/20260328_1043_pre_bloom_45_bdown.jpg
wilting,20260824_1705_wilting_41_bup.jpg,data/raw/wilting/20260824_1705_wilting_41_bup.jpg
full_bloom,20260328_1109_full_bloom_109_bup.jpg,data/raw/full_bloom/20260328_1109_full_bloom_109_bup.jpg
budding,20260328_1005_budding_16_sup.jpg,data/raw/budding/20260328_1005_budding_16_sup.jpg
wilting,20260814_1646_wilting_38_bdown.jpg,data/raw/wilting/20260814_1646_wilting_38_bdown.jpg
seed_formation,20260727_1733_seed_formation_176_rot30.jpg,data/raw/seed_formation/20260727_1733_seed_formation_176_rot30.jpg
seed_formation,20260328_1020_seed_formation_55_cup.jpg,data/raw/seed_formation/20260328_1020_seed_formation_55_cup.jpg
vegetative,20260712_0902_vegetative_132_bup.jpg,data/raw/vegetative/20260712_0902_vegetative_132_bup.jpg
pre_bloom,20260804_1724_pre_bloom_108_cdown.jpg,data/raw/pre_bloom/20260804_1724_pre_bloom_108_cdown.jpg
full_bloom,20260727_1722_full_bloom_58_cup.jpg,data/raw/full_bloom/20260727_1722_full_bloom_58_cup.jpg
wilting,20260814_1646_wilting_38_rot30.jpg,data/raw/wilting/20260814_1646_wilting_38_rot30.jpg
seed_formation,20260722_1745_seed_formation_11_rot30.jpg,data/raw/seed_formation/20260722_1745_seed_formation_11_rot30.jpg
pre_bloom,20260328_1108_pre_bloom_53_sdown.jpg,data/raw/pre_bloom/20260328_1108_pre_bloom_53_sdown.jpg
pre_bloom,20260727_1555_pre_bloom_41_cup.jpg,data/raw/pre_bloom/20260727_1555_pre_bloom_41_cup.jpg
full_bloom,20260727_1709_full_bloom_51_bdown.jpg,data/raw/full_bloom/20260727_1709_full_bloom_51_bdown.jpg
budding,budding3_0000_budding_225_rot45.jpg,data/raw/budding/budding3_0000_budding_225_rot45.jpg
seed_formation,20260727_1732_seed_formation_169.jpg,data/raw/seed_formation/20260727_1732_seed_formation_169.jpg
pre_bloom,20260328_1003_pre_bloom_4_sdown.jpg,data/raw/pre_bloom/20260328_1003_pre_bloom_4_sdown.jpg
full_bloom,20260722_1803_full_bloom_27_bup.jpg,data/raw/full_bloom/20260722_1803_full_bloom_27_bup.jpg
pre_bloom,20260727_1722_pre_bloom_58_cdown.jpg,data/raw/pre_bloom/20260727_1722_pre_bloom_58_cdown.jpg
vegetative,20260328_1046_vegetative_59_rot30.jpg,data/raw/vegetative/20260328_1046_vegetative_59_rot30.jpg
budding,20260328_1042_budding_131_cup.jpg,data/raw/budding/20260328_1042_budding_131_cup.jpg
full_bloom,20260328_1051_full_bloom_52_bdown.jpg,data/raw/full_bloom/20260328_1051_full_bloom_52_bdown.jpg
seed_formation,20260328_1021_seed_formation_60_cdown.jpg,data/raw/seed_formation/20260328_1021_seed_formation_60_cdown.jpg
seed_formation,20260731_1719_seed_formation_181_rot60.jpg,data/raw/seed_formation/20260731_1719_seed_formation_181_rot60.jpg
pre_bloom,flowerin_0000_pre_bloom_81.jpg,data/raw/pre_bloom/flowerin_0000_pre_bloom_81.jpg
wilting,20260824_1709_wilting_84_rot30.jpg,data/raw/wilting/20260824_1709_wilting_84_rot30.jpg
budding,20260328_1005_budding_58_sup.jpg,data/raw/budding/20260328_1005_budding_58_sup.jpg
vegetative,flowerin_0000_vegetative_164_sdown.jpg,data/raw/vegetative/flowerin_0000_vegetative_164_sdown.jpg
pre_bloom,20260731_1656_pre_bloom_82.jpg,data/raw/pre_bloom/20260731_1656_pre_bloom_82.jpg
pre_bloom,20260727_1711_pre_bloom_51_cdown.jpg,data/raw/pre_bloom/20260727_1711_pre_bloom_51_cdown.jpg
seed_formation,20260727_1715_seed_formation_27_bup.jpg,data/raw/seed_formation/20260727_1715_seed_formation_27_bup.jpg
wilting,20260819_1716_wilting_24_cdown.jpg,data/raw/wilting/20260819_1716_wilting_24_cdown.jpg
pre_bloom,20260328_1108_pre_bloom_53_bdown.jpg,data/raw/pre_bloom/20260328_1108_pre_bloom_53_bdown.jpg
budding,20260328_1055_budding_141.jpg,data/raw/budding/20260328_1055_budding_141.jpg
seed_formation,20260731_1719_seed_formation_182.jpg,data/raw/seed_formation/20260731_1719_seed_formation_182.jpg
seed_formation,20260328_1020_seed_formation_51_bdown.jpg,data/raw/seed_formation/20260328_1020_seed_formation_51_bdown.jpg
budding,20260328_1122_budding_202_bup.jpg,data/raw/budding/20260328_1122_budding_202_bup.jpg
seed_formation,20260328_1040_seed_formation_96_cdown.jpg,data/raw/seed_formation/20260328_1040_seed_formation_96_cdown.jpg
budding,20260328_1005_budding_20_rot60.jpg,data/raw/budding/20260328_1005_budding_20_rot60.jpg
vegetative,20260328_1038_vegetative_53.jpg,data/raw/vegetative/20260328_1038_vegetative_53.jpg
budding,20260328_1005_budding_5_rot30.jpg,data/raw/budding/20260328_1005_budding_5_rot30.jpg
pre_bloom,20260731_1658_pre_bloom_86_rot45.jpg,data/raw/pre_bloom/20260731_1658_pre_bloom_86_rot45.jpg
seed_formation,20260328_1040_seed_formation_96.jpg,data/raw/seed_formation/20260328_1040_seed_formation_96.jpg
budding,20260328_1056_budding_152_rot45.jpg,data/raw/budding/20260328_1056_budding_152_rot45.jpg
budding,20260328_1111_budding_178_rot30.jpg,data/raw/budding/20260328_1111_budding_178_rot30.jpg
budding,20260328_1005_budding_67_sup.jpg,data/raw/budding/20260328_1005_budding_67_sup.jpg
wilting,20260819_1716_wilting_24_bup.jpg,data/raw/wilting/20260819_1716_wilting_24_bup.jpg
vegetative,20260328_1037_vegetative_45.jpg,data/raw/vegetative/20260328_1037_vegetative_45.jpg
seed_formation,20260328_1022_seed_formation_64_bdown.jpg,data/raw/seed_formation/20260328_1022_seed_formation_64_bdown.jpg
budding,20260328_1055_budding_146_rot30.jpg,data/raw/budding/20260328_1055_budding_146_rot30.jpg
full_bloom,20260328_1109_full_bloom_105_rot60.jpg,data/raw/full_bloom/20260328_1109_full_bloom_105_rot60.jpg
vegetative,20260712_0902_vegetative_135_bdown.jpg,data/raw/vegetative/20260712_0902_vegetative_135_bdown.jpg
pre_bloom,20260731_1708_pre_bloom_89_rot60.jpg,data/raw/pre_bloom/20260731_1708_pre_bloom_89_rot60.jpg
wilting,20260824_1708_wilting_78_rot45.jpg,data/raw/wilting/20260824_1708_wilting_78_rot45.jpg
budding,20260328_1055_budding_144_bup.jpg,data/raw/budding/20260328_1055_budding_144_bup.jpg
full_bloom,20260328_1036_full_bloom_28_rot45.jpg,data/raw/full_bloom/20260328_1036_full_bloom_28_rot45.jpg
budding,20260328_1054_budding_133_cdown.jpg,data/raw/budding/20260328_1054_budding_133_cdown.jpg
budding,20260328_1011_budding_109_cup.jpg,data/raw/budding/20260328_1011_budding_109_cup.jpg
budding,20260328_1005_budding_54_sdown.jpg,data/raw/budding/20260328_1005_budding_54_sdown.jpg
full_bloom,20260328_1051_full_bloom_50_rot60.jpg,data/raw/full_bloom/20260328_1051_full_bloom_50_rot60.jpg
full_bloom,20260328_1100_full_bloom_99_bdown.jpg,data/raw/full_bloom/20260328_1100_full_bloom_99_bdown.jpg
wilting,20260824_1706_wilting_55_rot60.jpg,data/raw/wilting/20260824_1706_wilting_55_rot60.jpg
seed_formation,20260328_1020_seed_formation_58_rot60.jpg,data/raw/seed_formation/20260328_1020_seed_formation_58_rot60.jpg
full_bloom,20260328_1053_full_bloom_84_rot45.jpg,data/raw/full_bloom/20260328_1053_full_bloom_84_rot45.jpg
wilting,20260824_1706_wilting_61_rot60.jpg,data/raw/wilting/20260824_1706_wilting_61_rot60.jpg
full_bloom,20260328_1036_full_bloom_23.jpg,data/raw/full_bloom/20260328_1036_full_bloom_23.jpg
full_bloom,20260328_1053_full_bloom_79_sup.jpg,data/raw/full_bloom/20260328_1053_full_bloom_79_sup.jpg
vegetative,20260328_1032_vegetative_37_cup.jpg,data/raw/vegetative/20260328_1032_vegetative_37_cup.jpg
vegetative,20260712_0838_vegetative_106_cdown.jpg,data/raw/vegetative/20260712_0838_vegetative_106_cdown.jpg
seed_formation,20260328_1039_seed_formation_83_cup.jpg,data/raw/seed_formation/20260328_1039_seed_formation_83_cup.jpg
vegetative,flowerin_0000_vegetative_170_bdown.jpg,data/raw/vegetative/flowerin_0000_vegetative_170_bdown.jpg
full_bloom,20260727_1723_full_bloom_67_rot30.jpg,data/raw/full_bloom/20260727_1723_full_bloom_67_rot30.jpg
wilting,20260824_1709_wilting_85_cdown.jpg,data/raw/wilting/20260824_1709_wilting_85_cdown.jpg
wilting,20260814_1636_wilting_15_rot60.jpg,data/raw/wilting/20260814_1636_wilting_15_rot60.jpg
seed_formation,20260328_1039_seed_formation_79_bup.jpg,data/raw/seed_formation/20260328_1039_seed_formation_79_bup.jpg
full_bloom,bloom1.jpg,data/raw/full_bloom/bloom1.jpg
seed_formation,20260715_1602_seed_formation_143_rot30.jpg,data/raw/seed_formation/20260715_1602_seed_formation_143_rot30.jpg
pre_bloom,20260328_1042_pre_bloom_28_rot30.jpg,data/raw/pre_bloom/20260328_1042_pre_bloom_28_rot30.jpg
vegetative,20260712_0902_vegetative_129_rot45.jpg,data/raw/vegetative/20260712_0902_vegetative_129_rot45.jpg
full_bloom,20260328_1037_full_bloom_36_bdown.jpg,data/raw/full_bloom/20260328_1037_full_bloom_36_bdown.jpg
full_bloom,bloom4.p_0000_full_bloom_146_cdown.jpg,data/raw/full_bloom/bloom4.p_0000_full_bloom_146_cdown.jpg
seed_formation,20260328_1008_seed_formation_11.jpg,data/raw/seed_formation/20260328_1008_seed_formation_11.jpg
full_bloom,20260328_1115_full_bloom_139_cup.jpg,data/raw/full_bloom/20260328_1115_full_bloom_139_cup.jpg
wilting,20260819_1718_wilting_37_bdown.jpg,data/raw/wilting/20260819_1718_wilting_37_bdown.jpg
budding,budding2_0000_budding_224_rot60.jpg,data/raw/budding/budding2_0000_budding_224_rot60.jpg
wilting,20260727_1724_wilting_10_sdown.jpg,data/raw/wilting/20260727_1724_wilting_10_sdown.jpg
pre_bloom,20260328_1108_pre_bloom_49_bdown.jpg,data/raw/pre_bloom/20260328_1108_pre_bloom_49_bdown.jpg
vegetative,20260328_1015_vegetative_15_rot60.jpg,data/raw/vegetative/20260328_1015_vegetative_15_rot60.jpg
vegetative,20260328_1117_vegetative_94_rot30.jpg,data/raw/vegetative/20260328_1117_vegetative_94_rot30.jpg
wilting,20260814_1646_wilting_41.jpg,data/raw/wilting/20260814_1646_wilting_41.jpg
vegetative,20260328_1002_vegetative_1_cdown.jpg,data/raw/vegetative/20260328_1002_vegetative_1_cdown.jpg
full_bloom,20260328_1013_full_bloom_8_bup.jpg,data/raw/full_bloom/20260328_1013_full_bloom_8_bup.jpg
wilting,20260814_1637_wilting_22_rot30.jpg,data/raw/wilting/20260814_1637_wilting_22_rot30.jpg
vegetative,20260328_1116_vegetative_72_rot60.jpg,data/raw/vegetative/20260328_1116_vegetative_72_rot60.jpg
vegetative,20260328_1002_vegetative_1_rot30.jpg,data/raw/vegetative/20260328_1002_vegetative_1_rot30.jpg
full_bloom,20260727_1707_full_bloom_37_sdown.jpg,data/raw/full_bloom/20260727_1707_full_bloom_37_sdown.jpg
vegetative,20260712_0902_vegetative_136_sup.jpg,data/raw/vegetative/20260712_0902_vegetative_136_sup.jpg
budding,inflores_0000_budding_229_sdown.jpg,data/raw/budding/inflores_0000_budding_229_sdown.jpg
full_bloom,20260328_1038_full_bloom_40_rot45.jpg,data/raw/full_bloom/20260328_1038_full_bloom_40_rot45.jpg
vegetative,20260804_1656_vegetative_156_cdown.jpg,data/raw/vegetative/20260804_1656_vegetative_156_cdown.jpg
budding,inflores_0000_budding_229_cdown.jpg,data/raw/budding/inflores_0000_budding_229_cdown.jpg
vegetative,20260328_1037_vegetative_42_bup.jpg,data/raw/vegetative/20260328_1037_vegetative_42_bup.jpg
seed_formation,20260328_1020_seed_formation_53.jpg,data/raw/seed_formation/20260328_1020_seed_formation_53.jpg
vegetative,vegetati_0000_vegetative_172.jpg,data/raw/vegetative/vegetati_0000_vegetative_172.jpg
pre_bloom,20260328_1043_pre_bloom_42_cdown.jpg,data/raw/pre_bloom/20260328_1043_pre_bloom_42_cdown.jpg
pre_bloom,20260731_1658_pre_bloom_88_sdown.jpg,data/raw/pre_bloom/20260731_1658_pre_bloom_88_sdown.jpg
seed_formation,20260328_1040_seed_formation_95_cup.jpg,data/raw/seed_formation/20260328_1040_seed_formation_95_cup.jpg
budding,20260328_1122_budding_205_cdown.jpg,data/raw/budding/20260328_1122_budding_205_cdown.jpg
pre_bloom,20260727_1711_pre_bloom_56.jpg,data/raw/pre_bloom/20260727_1711_pre_bloom_56.jpg
pre_bloom,20260727_1555_pre_bloom_44_cup.jpg,data/raw/pre_bloom/20260727_1555_pre_bloom_44_cup.jpg
budding,budding3_0000_budding_225_sup.jpg,data/raw/budding/budding3_0000_budding_225_sup.jpg
seed_formation,20260328_1008_seed_formation_18.jpg,data/raw/seed_formation/20260328_1008_seed_formation_18.jpg
full_bloom,flowerin_0000_full_bloom_155_rot30.jpg,data/raw/full_bloom/flowerin_0000_full_bloom_155_rot30.jpg
budding,20260328_1005_budding_59.jpg,data/raw/budding/20260328_1005_budding_59.jpg
seed_formation,20260722_1754_seed_formation_158_sdown.jpg,data/raw/seed_formation/20260722_1754_seed_formation_158_sdown.jpg
budding,20260328_1121_budding_191.jpg,data/raw/budding/20260328_1121_budding_191.jpg
pre_bloom,20260328_1015_pre_bloom_14_bup.jpg,data/raw/pre_bloom/20260328_1015_pre_bloom_14_bup.jpg
seed_formation,20260328_1021_seed_formation_59_rot30.jpg,data/raw/seed_formation/20260328_1021_seed_formation_59_rot30.jpg
budding,20260328_1005_budding_16_rot60.jpg,data/raw/budding/20260328_1005_budding_16_rot60.jpg
pre_bloom,20260727_1556_pre_bloom_47_bdown.jpg,data/raw/pre_bloom/20260727_1556_pre_bloom_47_bdown.jpg
pre_bloom,20260804_1724_pre_bloom_102_rot30.jpg,data/raw/pre_bloom/20260804_1724_pre_bloom_102_rot30.jpg
wilting,20260819_1717_wilting_29_sup.jpg,data/raw/wilting/20260819_1717_wilting_29_sup.jpg
seed_formation,20260328_1041_seed_formation_117_sdown.jpg,data/raw/seed_formation/20260328_1041_seed_formation_117_sdown.jpg
budding,20260328_1121_budding_198_sdown.jpg,data/raw/budding/20260328_1121_budding_198_sdown.jpg
budding,20260328_1055_budding_139_bdown.jpg,data/raw/budding/20260328_1055_budding_139_bdown.jpg
pre_bloom,20260727_1711_pre_bloom_55_rot60.jpg,data/raw/pre_bloom/20260727_1711_pre_bloom_55_rot60.jpg
budding,20260328_1010_budding_82_rot60.jpg,data/raw/budding/20260328_1010_budding_82_rot60.jpg
full_bloom,20260727_1709_full_bloom_48_rot60.jpg,data/raw/full_bloom/20260727_1709_full_bloom_48_rot60.jpg
pre_bloom,20260328_1019_pre_bloom_23_bup.jpg,data/raw/pre_bloom/20260328_1019_pre_bloom_23_bup.jpg
full_bloom,flowerin_0000_full_bloom_157.jpg,data/raw/full_bloom/flowerin_0000_full_bloom_157.jpg
seed_formation,20260328_1041_seed_formation_118_sdown.jpg,data/raw/seed_formation/20260328_1041_seed_formation_118_sdown.jpg
budding,20260328_1122_budding_214_sdown.jpg,data/raw/budding/20260328_1122_budding_214_sdown.jpg
seed_formation,20260328_1008_seed_formation_15_bdown.jpg,data/raw/seed_formation/20260328_1008_seed_formation_15_bdown.jpg
pre_bloom,Budding0_0000_pre_bloom_76.jpg,data/raw/pre_bloom/Budding0_0000_pre_bloom_76.jpg
full_bloom,20260328_1100_full_bloom_95.jpg,data/raw/full_bloom/20260328_1100_full_bloom_95.jpg
wilting,20260824_1705_wilting_49_bdown.jpg,data/raw/wilting/20260824_1705_wilting_49_bdown.jpg
budding,20260328_1005_budding_46_sdown.jpg,data/raw/budding/20260328_1005_budding_46_sdown.jpg
full_bloom,20260328_1014_full_bloom_18_sdown.jpg,data/raw/full_bloom/20260328_1014_full_bloom_18_sdown.jpg
wilting,20260824_1708_wilting_73_rot30.jpg,data/raw/wilting/20260824_1708_wilting_73_rot30.jpg
budding,20260328_1110_budding_169_cup.jpg,data/raw/budding/20260328_1110_budding_169_cup.jpg
vegetative,vegetati_0000_vegetative_172_sup.jpg,data/raw/vegetative/vegetati_0000_vegetative_172_sup.jpg
seed_formation,20260328_1039_seed_formation_89_cup.jpg,data/raw/seed_formation/20260328_1039_seed_formation_89_cup.jpg
vegetative,20260328_1037_vegetative_41_bup.jpg,data/raw/vegetative/20260328_1037_vegetative_41_bup.jpg
vegetative,20260328_1006_vegetative_7_rot45.jpg,data/raw/vegetative/20260328_1006_vegetative_7_rot45.jpg
budding,20260328_1005_budding_58_sdown.jpg,data/raw/budding/20260328_1005_budding_58_sdown.jpg
wilting,20260824_1705_wilting_45_bup.jpg,data/raw/wilting/20260824_1705_wilting_45_bup.jpg
pre_bloom,20260722_1743_pre_bloom_25_rot45.jpg,data/raw/pre_bloom/20260722_1743_pre_bloom_25_rot45.jpg
pre_bloom,20260727_1736_pre_bloom_69_sup.jpg,data/raw/pre_bloom/20260727_1736_pre_bloom_69_sup.jpg
wilting,20260824_1706_wilting_62_bup.jpg,data/raw/wilting/20260824_1706_wilting_62_bup.jpg
full_bloom,20260328_1053_full_bloom_80_cup.jpg,data/raw/full_bloom/20260328_1053_full_bloom_80_cup.jpg
vegetative,20260328_1023_vegetative_18_rot30.jpg,data/raw/vegetative/20260328_1023_vegetative_18_rot30.jpg
wilting,20260824_1706_wilting_55_cdown.jpg,data/raw/wilting/20260824_1706_wilting_55_cdown.jpg
full_bloom,20260727_1709_full_bloom_40_rot45.jpg,data/raw/full_bloom/20260727_1709_full_bloom_40_rot45.jpg
budding,20260328_1005_budding_15_bdown.jpg,data/raw/budding/20260328_1005_budding_15_bdown.jpg
budding,20260328_1055_budding_139_bup.jpg,data/raw/budding/20260328_1055_budding_139_bup.jpg
seed_formation,20260328_1039_seed_formation_89_rot30.jpg,data/raw/seed_formation/20260328_1039_seed_formation_89_rot30.jpg
seed_formation,20260727_1732_seed_formation_170.jpg,data/raw/seed_formation/20260727_1732_seed_formation_170.jpg
budding,20260328_1059_budding_155_bdown.jpg,data/raw/budding/20260328_1059_budding_155_bdown.jpg
full_bloom,20260328_1053_full_bloom_74_bup.jpg,data/raw/full_bloom/20260328_1053_full_bloom_74_bup.jpg
wilting,20260814_1636_wilting_14_cdown.jpg,data/raw/wilting/20260814_1636_wilting_14_cdown.jpg
seed_formation,20260715_1602_seed_formation_139.jpg,data/raw/seed_formation/20260715_1602_seed_formation_139.jpg
pre_bloom,20260328_1109_pre_bloom_72_sup.jpg,data/raw/pre_bloom/20260328_1109_pre_bloom_72_sup.jpg
seed_formation,20260328_1020_seed_formation_49_rot60.jpg,data/raw/seed_formation/20260328_1020_seed_formation_49_rot60.jpg
seed_formation,20260328_1019_seed_formation_38_rot30.jpg,data/raw/seed_formation/20260328_1019_seed_formation_38_rot30.jpg
pre_bloom,20260726_1337_pre_bloom_33_sdown.jpg,data/raw/pre_bloom/20260726_1337_pre_bloom_33_sdown.jpg
seed_formation,20260328_1039_seed_formation_80_cdown.jpg,data/raw/seed_formation/20260328_1039_seed_formation_80_cdown.jpg
wilting,20260814_1637_wilting_24_cup.jpg,data/raw/wilting/20260814_1637_wilting_24_cup.jpg
wilting,20260824_1720_wilting_91.jpg,data/raw/wilting/20260824_1720_wilting_91.jpg
pre_bloom,20260328_1042_pre_bloom_34.jpg,data/raw/pre_bloom/20260328_1042_pre_bloom_34.jpg
vegetative,20260712_0902_vegetative_136_sdown.jpg,data/raw/vegetative/20260712_0902_vegetative_136_sdown.jpg
budding,20260328_1005_budding_65_bup.jpg,data/raw/budding/20260328_1005_budding_65_bup.jpg
full_bloom,20260715_1556_full_bloom_8_sdown.jpg,data/raw/full_bloom/20260715_1556_full_bloom_8_sdown.jpg
full_bloom,20260715_1556_full_bloom_9_bup.jpg,data/raw/full_bloom/20260715_1556_full_bloom_9_bup.jpg
full_bloom,20260328_1114_full_bloom_129.jpg,data/raw/full_bloom/20260328_1114_full_bloom_129.jpg
full_bloom,20260727_1709_full_bloom_53_rot60.jpg,data/raw/full_bloom/20260727_1709_full_bloom_53_rot60.jpg
seed_formation,20260328_1009_seed_formation_32_rot30.jpg,data/raw/seed_formation/20260328_1009_seed_formation_32_rot30.jpg
full_bloom,20260328_1053_full_bloom_79_cdown.jpg,data/raw/full_bloom/20260328_1053_full_bloom_79_cdown.jpg
seed_formation,20260328_1009_seed_formation_27_bup.jpg,data/raw/seed_formation/20260328_1009_seed_formation_27_bup.jpg
vegetative,20260328_1046_vegetative_58_cup.jpg,data/raw/vegetative/20260328_1046_vegetative_58_cup.jpg
pre_bloom,20260722_1743_pre_bloom_26.jpg,data/raw/pre_bloom/20260722_1743_pre_bloom_26.jpg
budding,20260328_1110_budding_166_bdown.jpg,data/raw/budding/20260328_1110_budding_166_bdown.jpg
full_bloom,20260328_1013_full_bloom_14_rot30.jpg,data/raw/full_bloom/20260328_1013_full_bloom_14_rot30.jpg
full_bloom,20260328_1052_full_bloom_72_bdown.jpg,data/raw/full_bloom/20260328_1052_full_bloom_72_bdown.jpg
vegetative,20260328_1117_vegetative_78_rot30.jpg,data/raw/vegetative/20260328_1117_vegetative_78_rot30.jpg
full_bloom,20260328_1109_full_bloom_109_cdown.jpg,data/raw/full_bloom/20260328_1109_full_bloom_109_cdown.jpg
vegetative,20260328_1006_vegetative_6_rot30.jpg,data/raw/vegetative/20260328_1006_vegetative_6_rot30.jpg
vegetative,20260328_1117_vegetative_92_sdown.jpg,data/raw/vegetative/20260328_1117_vegetative_92_sdown.jpg
vegetative,20260328_1038_vegetative_50_bup.jpg,data/raw/vegetative/20260328_1038_vegetative_50_bup.jpg
pre_bloom,20260328_1042_pre_bloom_28_sup.jpg,data/raw/pre_bloom/20260328_1042_pre_bloom_28_sup.jpg
wilting,20260814_1637_wilting_12_rot30.jpg,data/raw/wilting/20260814_1637_wilting_12_rot30.jpg
budding,20260328_1005_budding_13_bdown.jpg,data/raw/budding/20260328_1005_budding_13_bdown.jpg
seed_formation,20260328_1042_seed_formation_123_bdown.jpg,data/raw/seed_formation/20260328_1042_seed_formation_123_bdown.jpg
full_bloom,20260328_1100_full_bloom_95_bup.jpg,data/raw/full_bloom/20260328_1100_full_bloom_95_bup.jpg
budding,20260328_1056_budding_152_bdown.jpg,data/raw/budding/20260328_1056_budding_152_bdown.jpg
full_bloom,20260727_1709_full_bloom_45_bup.jpg,data/raw/full_bloom/20260727_1709_full_bloom_45_bup.jpg
full_bloom,20260715_1557_full_bloom_13_bdown.jpg,data/raw/full_bloom/20260715_1557_full_bloom_13_bdown.jpg
full_bloom,20260328_1051_full_bloom_52_cup.jpg,data/raw/full_bloom/20260328_1051_full_bloom_52_cup.jpg
pre_bloom,20260727_1737_pre_bloom_77_rot60.jpg,data/raw/pre_bloom/20260727_1737_pre_bloom_77_rot60.jpg
full_bloom,20260328_1013_full_bloom_2_rot30.jpg,data/raw/full_bloom/20260328_1013_full_bloom_2_rot30.jpg
pre_bloom,20260328_1043_pre_bloom_43_bdown.jpg,data/raw/pre_bloom/20260328_1043_pre_bloom_43_bdown.jpg
full_bloom,20260328_1014_full_bloom_18_cup.jpg,data/raw/full_bloom/20260328_1014_full_bloom_18_cup.jpg
wilting,20260824_1719_wilting_88_rot60.jpg,data/raw/wilting/20260824_1719_wilting_88_rot60.jpg
full_bloom,20260722_1658_full_bloom_16_bdown.jpg,data/raw/full_bloom/20260722_1658_full_bloom_16_bdown.jpg
budding,20260328_1121_budding_187_bup.jpg,data/raw/budding/20260328_1121_budding_187_bup.jpg
budding,20260328_1121_budding_184_rot60.jpg,data/raw/budding/20260328_1121_budding_184_rot60.jpg
full_bloom,20260722_1744_full_bloom_24_rot45.jpg,data/raw/full_bloom/20260722_1744_full_bloom_24_rot45.jpg
seed_formation,20260328_1040_seed_formation_106_sdown.jpg,data/raw/seed_formation/20260328_1040_seed_formation_106_sdown.jpg
budding,20260328_1121_budding_188_bup.jpg,data/raw/budding/20260328_1121_budding_188_bup.jpg
seed_formation,20260328_1020_seed_formation_44.jpg,data/raw/seed_formation/20260328_1020_seed_formation_44.jpg
wilting,20260814_1646_wilting_36_rot45.jpg,data/raw/wilting/20260814_1646_wilting_36_rot45.jpg
budding,20260328_1010_budding_81_sup.jpg,data/raw/budding/20260328_1010_budding_81_sup.jpg
full_bloom,20260722_1658_full_bloom_18_cdown.jpg,data/raw/full_bloom/20260722_1658_full_bloom_18_cdown.jpg
budding,20260328_1055_budding_138_cup.jpg,data/raw/budding/20260328_1055_budding_138_cup.jpg
seed_formation,20260328_1020_seed_formation_50_rot45.jpg,data/raw/seed_formation/20260328_1020_seed_formation_50_rot45.jpg
pre_bloom,20260712_0854_pre_bloom_4.jpg,data/raw/pre_bloom/20260712_0854_pre_bloom_4.jpg
budding,20260328_1122_budding_204_sup.jpg,data/raw/budding/20260328_1122_budding_204_sup.jpg
vegetative,20260328_1117_vegetative_78_cdown.jpg,data/raw/vegetative/20260328_1117_vegetative_78_cdown.jpg
wilting,20260824_1708_wilting_74.jpg,data/raw/wilting/20260824_1708_wilting_74.jpg
seed_formation,20260328_1008_seed_formation_8_bdown.jpg,data/raw/seed_formation/20260328_1008_seed_formation_8_bdown.jpg
full_bloom,20260727_1723_full_bloom_67.jpg,data/raw/full_bloom/20260727_1723_full_bloom_67.jpg
seed_formation,20260328_1007_seed_formation_4.jpg,data/raw/seed_formation/20260328_1007_seed_formation_4.jpg
pre_bloom,20260811_1640_pre_bloom_115_cdown.jpg,data/raw/pre_bloom/20260811_1640_pre_bloom_115_cdown.jpg
seed_formation,20260328_1041_seed_formation_119_cup.jpg,data/raw/seed_formation/20260328_1041_seed_formation_119_cup.jpg
full_bloom,20260328_1059_full_bloom_93_bdown.jpg,data/raw/full_bloom/20260328_1059_full_bloom_93_bdown.jpg
full_bloom,flowerin_0000_full_bloom_148_sdown.jpg,data/raw/full_bloom/flowerin_0000_full_bloom_148_sdown.jpg
seed_formation,20260328_1022_seed_formation_63_rot60.jpg,data/raw/seed_formation/20260328_1022_seed_formation_63_rot60.jpg
pre_bloom,20260712_0854_pre_bloom_4_rot30.jpg,data/raw/pre_bloom/20260712_0854_pre_bloom_4_rot30.jpg
seed_formation,20260328_1008_seed_formation_21.jpg,data/raw/seed_formation/20260328_1008_seed_formation_21.jpg
full_bloom,20260328_1013_full_bloom_3_sdown.jpg,data/raw/full_bloom/20260328_1013_full_bloom_3_sdown.jpg
budding,20260328_1055_budding_138_rot30.jpg,data/raw/budding/20260328_1055_budding_138_rot30.jpg
vegetative,20260712_0837_vegetative_100_bdown.jpg,data/raw/vegetative/20260712_0837_vegetative_100_bdown.jpg
full_bloom,20260328_1014_full_bloom_17.jpg,data/raw/full_bloom/20260328_1014_full_bloom_17.jpg
vegetative,20260328_1123_vegetative_97_rot45.jpg,data/raw/vegetative/20260328_1123_vegetative_97_rot45.jpg
seed_formation,20260328_1020_seed_formation_47_rot30.jpg,data/raw/seed_formation/20260328_1020_seed_formation_47_rot30.jpg
budding,20260328_1018_budding_128_cdown.jpg,data/raw/budding/20260328_1018_budding_128_cdown.jpg
pre_bloom,20260722_1743_pre_bloom_23_sup.jpg,data/raw/pre_bloom/20260722_1743_pre_bloom_23_sup.jpg
vegetative,20260328_1037_vegetative_48.jpg,data/raw/vegetative/20260328_1037_vegetative_48.jpg
budding,20260328_1010_budding_74_rot30.jpg,data/raw/budding/20260328_1010_budding_74_rot30.jpg
pre_bloom,20260328_1108_pre_bloom_52.jpg,data/raw/pre_bloom/20260328_1108_pre_bloom_52.jpg
full_bloom,20260328_1051_full_bloom_54_rot60.jpg,data/raw/full_bloom/20260328_1051_full_bloom_54_rot60.jpg
vegetative,20260712_0902_vegetative_134_sup.jpg,data/raw/vegetative/20260712_0902_vegetative_134_sup.jpg
wilting,20260819_1716_wilting_22_rot30.jpg,data/raw/wilting/20260819_1716_wilting_22_rot30.jpg
seed_formation,20260722_1755_seed_formation_167_rot30.jpg,data/raw/seed_formation/20260722_1755_seed_formation_167_rot30.jpg
wilting,20260819_1717_wilting_30_cup.jpg,data/raw/wilting/20260819_1717_wilting_30_cup.jpg
seed_formation,20260328_1020_seed_formation_57_rot45.jpg,data/raw/seed_formation/20260328_1020_seed_formation_57_rot45.jpg
vegetative,20260712_0851_vegetative_111.jpg,data/raw/vegetative/20260712_0851_vegetative_111.jpg
wilting,20260824_1706_wilting_58_sdown.jpg,data/raw/wilting/20260824_1706_wilting_58_sdown.jpg
budding,20260328_1042_budding_131_bup.jpg,data/raw/budding/20260328_1042_budding_131_bup.jpg
pre_bloom,flowerin_0000_pre_bloom_82_rot30.jpg,data/raw/pre_bloom/flowerin_0000_pre_bloom_82_rot30.jpg
pre_bloom,20260804_1724_pre_bloom_103_rot45.jpg,data/raw/pre_bloom/20260804_1724_pre_bloom_103_rot45.jpg
full_bloom,20260328_1013_full_bloom_2.jpg,data/raw/full_bloom/20260328_1013_full_bloom_2.jpg
pre_bloom,20260804_1724_pre_bloom_103_bdown.jpg,data/raw/pre_bloom/20260804_1724_pre_bloom_103_bdown.jpg
wilting,20260824_1706_wilting_60_cdown.jpg,data/raw/wilting/20260824_1706_wilting_60_cdown.jpg
full_bloom,20260328_1037_full_bloom_37_bup.jpg,data/raw/full_bloom/20260328_1037_full_bloom_37_bup.jpg
full_bloom,flowerin_0000_full_bloom_147_bup.jpg,data/raw/full_bloom/flowerin_0000_full_bloom_147_bup.jpg
wilting,20260824_1705_wilting_51.jpg,data/raw/wilting/20260824_1705_wilting_51.jpg
budding,inflores_0000_budding_229_rot45.jpg,data/raw/budding/inflores_0000_budding_229_rot45.jpg
full_bloom,20260328_1013_full_bloom_7_rot45.jpg,data/raw/full_bloom/20260328_1013_full_bloom_7_rot45.jpg
pre_bloom,20260328_1108_pre_bloom_64_cup.jpg,data/raw/pre_bloom/20260328_1108_pre_bloom_64_cup.jpg
wilting,20260814_1646_wilting_41_rot30.jpg,data/raw/wilting/20260814_1646_wilting_41_rot30.jpg
pre_bloom,20260727_1736_pre_bloom_67_bup.jpg,data/raw/pre_bloom/20260727_1736_pre_bloom_67_bup.jpg
pre_bloom,20260328_1043_pre_bloom_37_rot30.jpg,data/raw/pre_bloom/20260328_1043_pre_bloom_37_rot30.jpg
full_bloom,20260727_1711_full_bloom_55_rot30.jpg,data/raw/full_bloom/20260727_1711_full_bloom_55_rot30.jpg
pre_bloom,20260727_1711_pre_bloom_49_rot30.jpg,data/raw/pre_bloom/20260727_1711_pre_bloom_49_rot30.jpg
wilting,20260824_1707_wilting_68_bdown.jpg,data/raw/wilting/20260824_1707_wilting_68_bdown.jpg
vegetative,20260328_1030_vegetative_22_rot60.jpg,data/raw/vegetative/20260328_1030_vegetative_22_rot60.jpg
full_bloom,20260328_1110_full_bloom_118_cup.jpg,data/raw/full_bloom/20260328_1110_full_bloom_118_cup.jpg
budding,20260328_1110_budding_171_rot45.jpg,data/raw/budding/20260328_1110_budding_171_rot45.jpg
budding,20260328_1110_budding_166_cup.jpg,data/raw/budding/20260328_1110_budding_166_cup.jpg
pre_bloom,20260712_0914_pre_bloom_74.jpg,data/raw/pre_bloom/20260712_0914_pre_bloom_74.jpg
full_bloom,20260328_1110_full_bloom_114_rot45.jpg,data/raw/full_bloom/20260328_1110_full_bloom_114_rot45.jpg
full_bloom,20260328_1053_full_bloom_80_sup.jpg,data/raw/full_bloom/20260328_1053_full_bloom_80_sup.jpg
full_bloom,20260715_1556_full_bloom_8_bdown.jpg,data/raw/full_bloom/20260715_1556_full_bloom_8_bdown.jpg
seed_formation,20260328_1020_seed_formation_54_bdown.jpg,data/raw/seed_formation/20260328_1020_seed_formation_54_bdown.jpg
full_bloom,20260328_1036_full_bloom_32_cdown.jpg,data/raw/full_bloom/20260328_1036_full_bloom_32_cdown.jpg
full_bloom,20260328_1038_full_bloom_42_rot45.jpg,data/raw/full_bloom/20260328_1038_full_bloom_42_rot45.jpg
budding,20260328_1005_budding_1_rot60.jpg,data/raw/budding/20260328_1005_budding_1_rot60.jpg
budding,20260328_1055_budding_143_cdown.jpg,data/raw/budding/20260328_1055_budding_143_cdown.jpg
full_bloom,20260328_1052_full_bloom_65_cup.jpg,data/raw/full_bloom/20260328_1052_full_bloom_65_cup.jpg
budding,20260328_1122_budding_215_sdown.jpg,data/raw/budding/20260328_1122_budding_215_sdown.jpg
seed_formation,20260328_1020_seed_formation_51_rot30.jpg,data/raw/seed_formation/20260328_1020_seed_formation_51_rot30.jpg
budding,20260328_1005_budding_25_cdown.jpg,data/raw/budding/20260328_1005_budding_25_cdown.jpg
seed_formation,20260328_1020_seed_formation_44_cup.jpg,data/raw/seed_formation/20260328_1020_seed_formation_44_cup.jpg
wilting,20260824_1706_wilting_56_rot30.jpg,data/raw/wilting/20260824_1706_wilting_56_rot30.jpg
budding,20260328_1005_budding_1_rot30.jpg,data/raw/budding/20260328_1005_budding_1_rot30.jpg
seed_formation,seedling_0000_seed_formation_189_cdown.jpg,data/raw/seed_formation/seedling_0000_seed_formation_189_cdown.jpg
seed_formation,20260328_1019_seed_formation_38_cup.jpg,data/raw/seed_formation/20260328_1019_seed_formation_38_cup.jpg
seed_formation,20260727_1733_seed_formation_174_rot45.jpg,data/raw/seed_formation/20260727_1733_seed_formation_174_rot45.jpg
budding,20260328_1110_budding_168_rot45.jpg,data/raw/budding/20260328_1110_budding_168_rot45.jpg
full_bloom,20260328_1052_full_bloom_64_bup.jpg,data/raw/full_bloom/20260328_1052_full_bloom_64_bup.jpg
budding,20260328_1110_budding_165_sdown.jpg,data/raw/budding/20260328_1110_budding_165_sdown.jpg
full_bloom,20260328_1054_full_bloom_89_rot30.jpg,data/raw/full_bloom/20260328_1054_full_bloom_89_rot30.jpg
pre_bloom,20260811_1640_pre_bloom_124_cup.jpg,data/raw/pre_bloom/20260811_1640_pre_bloom_124_cup.jpg
seed_formation,20260328_1020_seed_formation_50_sup.jpg,data/raw/seed_formation/20260328_1020_seed_formation_50_sup.jpg
budding,20260328_1005_budding_10_rot60.jpg,data/raw/budding/20260328_1005_budding_10_rot60.jpg
pre_bloom,20260722_1743_pre_bloom_25_bdown.jpg,data/raw/pre_bloom/20260722_1743_pre_bloom_25_bdown.jpg
pre_bloom,20260727_1555_pre_bloom_37_rot60.jpg,data/raw/pre_bloom/20260727_1555_pre_bloom_37_rot60.jpg
pre_bloom,20260328_1043_pre_bloom_35_rot60.jpg,data/raw/pre_bloom/20260328_1043_pre_bloom_35_rot60.jpg
full_bloom,20260328_1100_full_bloom_95_bdown.jpg,data/raw/full_bloom/20260328_1100_full_bloom_95_bdown.jpg
wilting,20260824_1720_wilting_96_sdown.jpg,data/raw/wilting/20260824_1720_wilting_96_sdown.jpg
budding,20260328_1011_budding_93_cup.jpg,data/raw/budding/20260328_1011_budding_93_cup.jpg
full_bloom,20260328_1110_full_bloom_115.jpg,data/raw/full_bloom/20260328_1110_full_bloom_115.jpg
pre_bloom,20260328_1108_pre_bloom_65.jpg,data/raw/pre_bloom/20260328_1108_pre_bloom_65.jpg
vegetative,20260328_1046_vegetative_60_sdown.jpg,data/raw/vegetative/20260328_1046_vegetative_60_sdown.jpg
vegetative,20260328_1037_vegetative_41_rot30.jpg,data/raw/vegetative/20260328_1037_vegetative_41_rot30.jpg
vegetative,20260804_1656_vegetative_159_rot60.jpg,data/raw/vegetative/20260804_1656_vegetative_159_rot60.jpg
budding,20260328_1055_budding_140.jpg,data/raw/budding/20260328_1055_budding_140.jpg
full_bloom,20260328_1038_full_bloom_44_rot30.jpg,data/raw/full_bloom/20260328_1038_full_bloom_44_rot30.jpg
pre_bloom,20260811_1640_pre_bloom_122_rot30.jpg,data/raw/pre_bloom/20260811_1640_pre_bloom_122_rot30.jpg
vegetative,20260712_0900_vegetative_115.jpg,data/raw/vegetative/20260712_0900_vegetative_115.jpg
budding,20260328_1110_budding_170_bdown.jpg,data/raw/budding/20260328_1110_budding_170_bdown.jpg
full_bloom,20260328_1052_full_bloom_64_rot30.jpg,data/raw/full_bloom/20260328_1052_full_bloom_64_rot30.jpg
vegetative,20260712_0837_vegetative_100_cdown.jpg,data/raw/vegetative/20260712_0837_vegetative_100_cdown.jpg
vegetative,20260328_1037_vegetative_42_sup.jpg,data/raw/vegetative/20260328_1037_vegetative_42_sup.jpg
wilting,20260824_1706_wilting_63_bdown.jpg,data/raw/wilting/20260824_1706_wilting_63_bdown.jpg
budding,20260328_1005_budding_54_sup.jpg,data/raw/budding/20260328_1005_budding_54_sup.jpg
wilting,20260824_1706_wilting_56_bup.jpg,data/raw/wilting/20260824_1706_wilting_56_bup.jpg
pre_bloom,20260727_1555_pre_bloom_44_bup.jpg,data/raw/pre_bloom/20260727_1555_pre_bloom_44_bup.jpg
budding,20260328_1059_budding_155_rot60.jpg,data/raw/budding/20260328_1059_budding_155_rot60.jpg
budding,20260328_1011_budding_105_sup.jpg,data/raw/budding/20260328_1011_budding_105_sup.jpg
seed_formation,20260328_1041_seed_formation_114.jpg,data/raw/seed_formation/20260328_1041_seed_formation_114.jpg
seed_formation,20260722_1745_seed_formation_11_cup.jpg,data/raw/seed_formation/20260722_1745_seed_formation_11_cup.jpg
full_bloom,20260328_1052_full_bloom_65_rot45.jpg,data/raw/full_bloom/20260328_1052_full_bloom_65_rot45.jpg
full_bloom,bloom4.p_0000_full_bloom_146_sdown.jpg,data/raw/full_bloom/bloom4.p_0000_full_bloom_146_sdown.jpg
vegetative,20260712_0838_vegetative_105_rot45.jpg,data/raw/vegetative/20260712_0838_vegetative_105_rot45.jpg
seed_formation,20260328_1039_seed_formation_79_cup.jpg,data/raw/seed_formation/20260328_1039_seed_formation_79_cup.jpg
seed_formation,20260328_1041_seed_formation_120_rot30.jpg,data/raw/seed_formation/20260328_1041_seed_formation_120_rot30.jpg
budding,20260328_1056_budding_150_cup.jpg,data/raw/budding/20260328_1056_budding_150_cup.jpg
wilting,20260819_1659_wilting_16_bdown.jpg,data/raw/wilting/20260819_1659_wilting_16_bdown.jpg
wilting,20260824_1721_wilting_109_cup.jpg,data/raw/wilting/20260824_1721_wilting_109_cup.jpg
full_bloom,20260722_1804_full_bloom_29.jpg,data/raw/full_bloom/20260722_1804_full_bloom_29.jpg
full_bloom,20260328_1013_full_bloom_9.jpg,data/raw/full_bloom/20260328_1013_full_bloom_9.jpg
full_bloom,20260328_1109_full_bloom_108_bdown.jpg,data/raw/full_bloom/20260328_1109_full_bloom_108_bdown.jpg
pre_bloom,20260328_1018_pre_bloom_15_rot60.jpg,data/raw/pre_bloom/20260328_1018_pre_bloom_15_rot60.jpg
seed_formation,20260328_1039_seed_formation_89_sup.jpg,data/raw/seed_formation/20260328_1039_seed_formation_89_sup.jpg
budding,20260328_1005_budding_43_rot30.jpg,data/raw/budding/20260328_1005_budding_43_rot30.jpg
seed_formation,20260328_1020_seed_formation_41_rot60.jpg,data/raw/seed_formation/20260328_1020_seed_formation_41_rot60.jpg
wilting,20260814_1647_wilting_43_cdown.jpg,data/raw/wilting/20260814_1647_wilting_43_cdown.jpg
budding,20260328_1005_budding_67_cup.jpg,data/raw/budding/20260328_1005_budding_67_cup.jpg
pre_bloom,20260328_1042_pre_bloom_26_sup.jpg,data/raw/pre_bloom/20260328_1042_pre_bloom_26_sup.jpg
budding,20260328_1055_budding_141_rot45.jpg,data/raw/budding/20260328_1055_budding_141_rot45.jpg
full_bloom,20260328_1052_full_bloom_72_cdown.jpg,data/raw/full_bloom/20260328_1052_full_bloom_72_cdown.jpg
full_bloom,20260328_1053_full_bloom_77_rot30.jpg,data/raw/full_bloom/20260328_1053_full_bloom_77_rot30.jpg
seed_formation,20260328_1041_seed_formation_117_cdown.jpg,data/raw/seed_formation/20260328_1041_seed_formation_117_cdown.jpg
vegetative,20260328_1046_vegetative_63_cup.jpg,data/raw/vegetative/20260328_1046_vegetative_63_cup.jpg
vegetative,20260328_1046_vegetative_60_cup.jpg,data/raw/vegetative/20260328_1046_vegetative_60_cup.jpg
seed_formation,20260328_1039_seed_formation_84_bdown.jpg,data/raw/seed_formation/20260328_1039_seed_formation_84_bdown.jpg
budding,20260328_1110_budding_168_sdown.jpg,data/raw/budding/20260328_1110_budding_168_sdown.jpg
budding,20260328_1005_budding_61_sup.jpg,data/raw/budding/20260328_1005_budding_61_sup.jpg
seed_formation,20260328_1040_seed_formation_96_rot60.jpg,data/raw/seed_formation/20260328_1040_seed_formation_96_rot60.jpg
full_bloom,flowerin_0000_full_bloom_148_cdown.jpg,data/raw/full_bloom/flowerin_0000_full_bloom_148_cdown.jpg
full_bloom,20260328_1109_full_bloom_105_rot45.jpg,data/raw/full_bloom/20260328_1109_full_bloom_105_rot45.jpg
seed_formation,20260328_1039_seed_formation_86_rot45.jpg,data/raw/seed_formation/20260328_1039_seed_formation_86_rot45.jpg
seed_formation,20260328_1020_seed_formation_47_cdown.jpg,data/raw/seed_formation/20260328_1020_seed_formation_47_cdown.jpg
pre_bloom,20260811_1640_pre_bloom_118_sdown.jpg,data/raw/pre_bloom/20260811_1640_pre_bloom_118_sdown.jpg
full_bloom,20260727_1707_full_bloom_37_bup.jpg,data/raw/full_bloom/20260727_1707_full_bloom_37_bup.jpg
full_bloom,20260328_1013_full_bloom_7.jpg,data/raw/full_bloom/20260328_1013_full_bloom_7.jpg
full_bloom,20260328_1112_full_bloom_124.jpg,data/raw/full_bloom/20260328_1112_full_bloom_124.jpg
wilting,20260814_1637_wilting_28_bup.jpg,data/raw/wilting/20260814_1637_wilting_28_bup.jpg
seed_formation,20260328_1040_seed_formation_100_bdown.jpg,data/raw/seed_formation/20260328_1040_seed_formation_100_bdown.jpg
full_bloom,20260727_1709_full_bloom_42_cup.jpg,data/raw/full_bloom/20260727_1709_full_bloom_42_cup.jpg
vegetative,20260328_1032_vegetative_37_cdown.jpg,data/raw/vegetative/20260328_1032_vegetative_37_cdown.jpg
budding,20260328_1110_budding_172_sup.jpg,data/raw/budding/20260328_1110_budding_172_sup.jpg
pre_bloom,20260712_0855_pre_bloom_10_sup.jpg,data/raw/pre_bloom/20260712_0855_pre_bloom_10_sup.jpg
full_bloom,20260328_1052_full_bloom_58_bdown.jpg,data/raw/full_bloom/20260328_1052_full_bloom_58_bdown.jpg
budding,20260328_1011_budding_109.jpg,data/raw/budding/20260328_1011_budding_109.jpg
seed_formation,20260328_1041_seed_formation_108_rot45.jpg,data/raw/seed_formation/20260328_1041_seed_formation_108_rot45.jpg
full_bloom,20260715_1556_full_bloom_9.jpg,data/raw/full_bloom/20260715_1556_full_bloom_9.jpg
full_bloom,20260328_1114_full_bloom_127_cup.jpg,data/raw/full_bloom/20260328_1114_full_bloom_127_cup.jpg
vegetative,20260712_0901_vegetative_120_rot60.jpg,data/raw/vegetative/20260712_0901_vegetative_120_rot60.jpg
pre_bloom,20260328_1043_pre_bloom_42_cup.jpg,data/raw/pre_bloom/20260328_1043_pre_bloom_42_cup.jpg
vegetative,20260328_1002_vegetative_1_sup.jpg,data/raw/vegetative/20260328_1002_vegetative_1_sup.jpg
wilting,20260824_1721_wilting_108_rot60.jpg,data/raw/wilting/20260824_1721_wilting_108_rot60.jpg
budding,20260328_1055_budding_136.jpg,data/raw/budding/20260328_1055_budding_136.jpg
budding,20260328_1011_budding_89_cup.jpg,data/raw/budding/20260328_1011_budding_89_cup.jpg
full_bloom,20260328_1109_full_bloom_107_rot45.jpg,data/raw/full_bloom/20260328_1109_full_bloom_107_rot45.jpg
vegetative,20260328_1037_vegetative_44_rot30.jpg,data/raw/vegetative/20260328_1037_vegetative_44_rot30.jpg
seed_formation,20260328_1020_seed_formation_54_sup.jpg,data/raw/seed_formation/20260328_1020_seed_formation_54_sup.jpg
wilting,20260722_1658_wilting_7_rot45.jpg,data/raw/wilting/20260722_1658_wilting_7_rot45.jpg
full_bloom,20260328_1052_full_bloom_59_rot60.jpg,data/raw/full_bloom/20260328_1052_full_bloom_59_rot60.jpg
seed_formation,20260328_1039_seed_formation_87_rot30.jpg,data/raw/seed_formation/20260328_1039_seed_formation_87_rot30.jpg
budding,20260328_1005_budding_55_rot45.jpg,data/raw/budding/20260328_1005_budding_55_rot45.jpg
pre_bloom,20260328_1108_pre_bloom_52_sup.jpg,data/raw/pre_bloom/20260328_1108_pre_bloom_52_sup.jpg
vegetative,20260712_0902_vegetative_138_cup.jpg,data/raw/vegetative/20260712_0902_vegetative_138_cup.jpg
seed_formation,20260722_1745_seed_formation_157_bdown.jpg,data/raw/seed_formation/20260722_1745_seed_formation_157_bdown.jpg
seed_formation,20260328_1022_seed_formation_66_rot60.jpg,data/raw/seed_formation/20260328_1022_seed_formation_66_rot60.jpg
budding,20260328_1123_budding_218_cup.jpg,data/raw/budding/20260328_1123_budding_218_cup.jpg
wilting,20260819_1718_wilting_38_rot45.jpg,data/raw/wilting/20260819_1718_wilting_38_rot45.jpg
full_bloom,20260328_1114_full_bloom_133_rot45.jpg,data/raw/full_bloom/20260328_1114_full_bloom_133_rot45.jpg
full_bloom,20260727_1707_full_bloom_34_rot45.jpg,data/raw/full_bloom/20260727_1707_full_bloom_34_rot45.jpg
seed_formation,20260328_1022_seed_formation_63_rot30.jpg,data/raw/seed_formation/20260328_1022_seed_formation_63_rot30.jpg
wilting,wilting1_0000_wilting_45_sup.jpg,data/raw/wilting/wilting1_0000_wilting_45_sup.jpg
wilting,20260819_1716_wilting_24_rot45.jpg,data/raw/wilting/20260819_1716_wilting_24_rot45.jpg
pre_bloom,20260731_1709_pre_bloom_92_sdown.jpg,data/raw/pre_bloom/20260731_1709_pre_bloom_92_sdown.jpg
full_bloom,20260328_1109_full_bloom_111_rot60.jpg,data/raw/full_bloom/20260328_1109_full_bloom_111_rot60.jpg
full_bloom,20260328_1013_full_bloom_15_sdown.jpg,data/raw/full_bloom/20260328_1013_full_bloom_15_sdown.jpg
full_bloom,20260328_1112_full_bloom_125_rot45.jpg,data/raw/full_bloom/20260328_1112_full_bloom_125_rot45.jpg
pre_bloom,20260328_1042_pre_bloom_30_bup.jpg,data/raw/pre_bloom/20260328_1042_pre_bloom_30_bup.jpg
vegetative,20260328_1117_vegetative_79_sup.jpg,data/raw/vegetative/20260328_1117_vegetative_79_sup.jpg
pre_bloom,20260328_1019_pre_bloom_23_sdown.jpg,data/raw/pre_bloom/20260328_1019_pre_bloom_23_sdown.jpg
seed_formation,20260328_1039_seed_formation_84_sdown.jpg,data/raw/seed_formation/20260328_1039_seed_formation_84_sdown.jpg
seed_formation,20260328_1040_seed_formation_92_rot45.jpg,data/raw/seed_formation/20260328_1040_seed_formation_92_rot45.jpg
seed_formation,20260328_1009_seed_formation_28_bup.jpg,data/raw/seed_formation/20260328_1009_seed_formation_28_bup.jpg
full_bloom,20260727_1722_full_bloom_58_cdown.jpg,data/raw/full_bloom/20260727_1722_full_bloom_58_cdown.jpg
vegetative,flowerin_0000_vegetative_170_rot30.jpg,data/raw/vegetative/flowerin_0000_vegetative_170_rot30.jpg
full_bloom,20260715_1556_full_bloom_9_cdown.jpg,data/raw/full_bloom/20260715_1556_full_bloom_9_cdown.jpg
full_bloom,20260328_1052_full_bloom_58.jpg,data/raw/full_bloom/20260328_1052_full_bloom_58.jpg
vegetative,20260328_1123_vegetative_97_rot60.jpg,data/raw/vegetative/20260328_1123_vegetative_97_rot60.jpg
pre_bloom,20260328_1108_pre_bloom_63_bup.jpg,data/raw/pre_bloom/20260328_1108_pre_bloom_63_bup.jpg
vegetative,20260328_1046_vegetative_56_rot60.jpg,data/raw/vegetative/20260328_1046_vegetative_56_rot60.jpg
full_bloom,20260328_1116_full_bloom_143_rot30.jpg,data/raw/full_bloom/20260328_1116_full_bloom_143_rot30.jpg
pre_bloom,20260328_1043_pre_bloom_37_cup.jpg,data/raw/pre_bloom/20260328_1043_pre_bloom_37_cup.jpg
pre_bloom,20260328_1042_pre_bloom_30_rot45.jpg,data/raw/pre_bloom/20260328_1042_pre_bloom_30_rot45.jpg
budding,20260328_1005_budding_22_sdown.jpg,data/raw/budding/20260328_1005_budding_22_sdown.jpg
full_bloom,20260715_1556_full_bloom_9_rot60.jpg,data/raw/full_bloom/20260715_1556_full_bloom_9_rot60.jpg
seed_formation,20260328_1022_seed_formation_64_rot60.jpg,data/raw/seed_formation/20260328_1022_seed_formation_64_rot60.jpg
vegetative,20260328_1116_vegetative_73.jpg,data/raw/vegetative/20260328_1116_vegetative_73.jpg
pre_bloom,20260328_1006_pre_bloom_9_rot45.jpg,data/raw/pre_bloom/20260328_1006_pre_bloom_9_rot45.jpg
pre_bloom,20260726_1336_pre_bloom_31_cdown.jpg,data/raw/pre_bloom/20260726_1336_pre_bloom_31_cdown.jpg
pre_bloom,20260727_1737_pre_bloom_77.jpg,data/raw/pre_bloom/20260727_1737_pre_bloom_77.jpg
budding,20260328_1005_budding_32_bup.jpg,data/raw/budding/20260328_1005_budding_32_bup.jpg
pre_bloom,20260727_1736_pre_bloom_67_rot60.jpg,data/raw/pre_bloom/20260727_1736_pre_bloom_67_rot60.jpg
seed_formation,20260328_1039_seed_formation_83_rot30.jpg,data/raw/seed_formation/20260328_1039_seed_formation_83_rot30.jpg
full_bloom,20260722_1803_full_bloom_27_sdown.jpg,data/raw/full_bloom/20260722_1803_full_bloom_27_sdown.jpg
full_bloom,flowerin_0000_full_bloom_157_sdown.jpg,data/raw/full_bloom/flowerin_0000_full_bloom_157_sdown.jpg
pre_bloom,20260727_1555_pre_bloom_37_sup.jpg,data/raw/pre_bloom/20260727_1555_pre_bloom_37_sup.jpg
budding,20260328_1005_budding_11_bdown.jpg,data/raw/budding/20260328_1005_budding_11_bdown.jpg
wilting,20260824_1705_wilting_50_cup.jpg,data/raw/wilting/20260824_1705_wilting_50_cup.jpg
pre_bloom,20260727_1711_pre_bloom_55_rot30.jpg,data/raw/pre_bloom/20260727_1711_pre_bloom_55_rot30.jpg
full_bloom,flowerin_0000_full_bloom_158_cup.jpg,data/raw/full_bloom/flowerin_0000_full_bloom_158_cup.jpg
wilting,20260814_1636_wilting_17_bup.jpg,data/raw/wilting/20260814_1636_wilting_17_bup.jpg
budding,20260328_1005_budding_10_rot30.jpg,data/raw/budding/20260328_1005_budding_10_rot30.jpg
wilting,20260814_1636_wilting_20_sup.jpg,data/raw/wilting/20260814_1636_wilting_20_sup.jpg
full_bloom,20260727_1709_full_bloom_40_cup.jpg,data/raw/full_bloom/20260727_1709_full_bloom_40_cup.jpg
seed_formation,20260722_1745_seed_formation_150_sup.jpg,data/raw/seed_formation/20260722_1745_seed_formation_150_sup.jpg
full_bloom,20260328_1037_full_bloom_37.jpg,data/raw/full_bloom/20260328_1037_full_bloom_37.jpg
pre_bloom,20260722_1743_pre_bloom_25_rot60.jpg,data/raw/pre_bloom/20260722_1743_pre_bloom_25_rot60.jpg
pre_bloom,20260328_1108_pre_bloom_49_rot45.jpg,data/raw/pre_bloom/20260328_1108_pre_bloom_49_rot45.jpg
full_bloom,20260328_1013_full_bloom_8_rot60.jpg,data/raw/full_bloom/20260328_1013_full_bloom_8_rot60.jpg
full_bloom,20260722_1804_full_bloom_29_cup.jpg,data/raw/full_bloom/20260722_1804_full_bloom_29_cup.jpg
full_bloom,20260328_1110_full_bloom_120_bup.jpg,data/raw/full_bloom/20260328_1110_full_bloom_120_bup.jpg
budding,20260328_1011_budding_93_sdown.jpg,data/raw/budding/20260328_1011_budding_93_sdown.jpg
wilting,20260824_1707_wilting_66.jpg,data/raw/wilting/20260824_1707_wilting_66.jpg
seed_formation,20260328_1009_seed_formation_27_sdown.jpg,data/raw/seed_formation/20260328_1009_seed_formation_27_sdown.jpg
seed_formation,20260328_1042_seed_formation_122_bup.jpg,data/raw/seed_formation/20260328_1042_seed_formation_122_bup.jpg
seed_formation,20260727_1715_seed_formation_27_sdown.jpg,data/raw/seed_formation/20260727_1715_seed_formation_27_sdown.jpg
budding,20260328_1110_budding_162_bdown.jpg,data/raw/budding/20260328_1110_budding_162_bdown.jpg
vegetative,20260328_1030_vegetative_22_cdown.jpg,data/raw/vegetative/20260328_1030_vegetative_22_cdown.jpg
full_bloom,20260722_1744_full_bloom_24_bup.jpg,data/raw/full_bloom/20260722_1744_full_bloom_24_bup.jpg
full_bloom,20260328_1115_full_bloom_137_bdown.jpg,data/raw/full_bloom/20260328_1115_full_bloom_137_bdown.jpg
vegetative,20260712_0902_vegetative_138_sdown.jpg,data/raw/vegetative/20260712_0902_vegetative_138_sdown.jpg
vegetative,20260712_0901_vegetative_124_cdown.jpg,data/raw/vegetative/20260712_0901_vegetative_124_cdown.jpg
seed_formation,20260328_1040_seed_formation_101_sup.jpg,data/raw/seed_formation/20260328_1040_seed_formation_101_sup.jpg
budding,20260328_1005_budding_4_rot60.jpg,data/raw/budding/20260328_1005_budding_4_rot60.jpg
vegetative,vegetati_0000_vegetative_178_cup.jpg,data/raw/vegetative/vegetati_0000_vegetative_178_cup.jpg
vegetative,20260328_1117_vegetative_76_cup.jpg,data/raw/vegetative/20260328_1117_vegetative_76_cup.jpg
full_bloom,20260328_1037_full_bloom_35_rot60.jpg,data/raw/full_bloom/20260328_1037_full_bloom_35_rot60.jpg
wilting,20260824_1719_wilting_88_rot30.jpg,data/raw/wilting/20260824_1719_wilting_88_rot30.jpg
budding,20260328_1055_budding_141_bup.jpg,data/raw/budding/20260328_1055_budding_141_bup.jpg
wilting,20260824_1720_wilting_94_cup.jpg,data/raw/wilting/20260824_1720_wilting_94_cup.jpg
pre_bloom,20260328_1109_pre_bloom_70_rot30.jpg,data/raw/pre_bloom/20260328_1109_pre_bloom_70_rot30.jpg
budding,20260328_1055_budding_137_cup.jpg,data/raw/budding/20260328_1055_budding_137_cup.jpg
budding,20260328_1005_budding_31.jpg,data/raw/budding/20260328_1005_budding_31.jpg
vegetative,20260712_0902_vegetative_134_cup.jpg,data/raw/vegetative/20260712_0902_vegetative_134_cup.jpg
full_bloom,20260328_1111_full_bloom_121_rot45.jpg,data/raw/full_bloom/20260328_1111_full_bloom_121_rot45.jpg
vegetative,20260328_1047_vegetative_68_rot30.jpg,data/raw/vegetative/20260328_1047_vegetative_68_rot30.jpg
wilting,20260824_1721_wilting_97_cdown.jpg,data/raw/wilting/20260824_1721_wilting_97_cdown.jpg
wilting,20260814_1636_wilting_17_cdown.jpg,data/raw/wilting/20260814_1636_wilting_17_cdown.jpg
seed_formation,20260328_1042_seed_formation_124_sup.jpg,data/raw/seed_formation/20260328_1042_seed_formation_124_sup.jpg
pre_bloom,20260731_1658_pre_bloom_86_bup.jpg,data/raw/pre_bloom/20260731_1658_pre_bloom_86_bup.jpg
seed_formation,20260328_1041_seed_formation_111_sup.jpg,data/raw/seed_formation/20260328_1041_seed_formation_111_sup.jpg
full_bloom,20260328_1110_full_bloom_114_bdown.jpg,data/raw/full_bloom/20260328_1110_full_bloom_114_bdown.jpg
full_bloom,20260328_1100_full_bloom_99.jpg,data/raw/full_bloom/20260328_1100_full_bloom_99.jpg
full_bloom,20260328_1037_full_bloom_34.jpg,data/raw/full_bloom/20260328_1037_full_bloom_34.jpg
pre_bloom,20260727_1711_pre_bloom_56_rot30.jpg,data/raw/pre_bloom/20260727_1711_pre_bloom_56_rot30.jpg
full_bloom,20260328_1013_full_bloom_15_rot45.jpg,data/raw/full_bloom/20260328_1013_full_bloom_15_rot45.jpg
pre_bloom,20260727_1736_pre_bloom_70_rot30.jpg,data/raw/pre_bloom/20260727_1736_pre_bloom_70_rot30.jpg
seed_formation,20260727_1715_seed_formation_31_cup.jpg,data/raw/seed_formation/20260727_1715_seed_formation_31_cup.jpg
vegetative,20260712_0838_vegetative_105_cdown.jpg,data/raw/vegetative/20260712_0838_vegetative_105_cdown.jpg
full_bloom,20260328_1013_full_bloom_9_sdown.jpg,data/raw/full_bloom/20260328_1013_full_bloom_9_sdown.jpg
budding,20260328_1111_budding_178.jpg,data/raw/budding/20260328_1111_budding_178.jpg
full_bloom,20260727_1707_full_bloom_32_rot60.jpg,data/raw/full_bloom/20260727_1707_full_bloom_32_rot60.jpg
pre_bloom,20260328_1108_pre_bloom_48_rot45.jpg,data/raw/pre_bloom/20260328_1108_pre_bloom_48_rot45.jpg
seed_formation,20260328_1039_seed_formation_91_sdown.jpg,data/raw/seed_formation/20260328_1039_seed_formation_91_sdown.jpg
budding,20260328_1011_budding_103_rot45.jpg,data/raw/budding/20260328_1011_budding_103_rot45.jpg
pre_bloom,20260727_1711_pre_bloom_50_sup.jpg,data/raw/pre_bloom/20260727_1711_pre_bloom_50_sup.jpg
pre_bloom,20260712_0855_pre_bloom_11_cup.jpg,data/raw/pre_bloom/20260712_0855_pre_bloom_11_cup.jpg
budding,20260328_1011_budding_109_cdown.jpg,data/raw/budding/20260328_1011_budding_109_cdown.jpg
vegetative,vegetati_0000_vegetative_171_rot30.jpg,data/raw/vegetative/vegetati_0000_vegetative_171_rot30.jpg
budding,20260328_1005_budding_17_sup.jpg,data/raw/budding/20260328_1005_budding_17_sup.jpg
full_bloom,20260328_1037_full_bloom_38_cup.jpg,data/raw/full_bloom/20260328_1037_full_bloom_38_cup.jpg
vegetative,20260328_1117_vegetative_77.jpg,data/raw/vegetative/20260328_1117_vegetative_77.jpg
budding,20260328_1005_budding_70_rot30.jpg,data/raw/budding/20260328_1005_budding_70_rot30.jpg
vegetative,20260328_1116_vegetative_75_sup.jpg,data/raw/vegetative/20260328_1116_vegetative_75_sup.jpg
seed_formation,20260328_1040_seed_formation_100_rot30.jpg,data/raw/seed_formation/20260328_1040_seed_formation_100_rot30.jpg
budding,20260328_1011_budding_94_bup.jpg,data/raw/budding/20260328_1011_budding_94_bup.jpg
budding,20260328_1005_budding_31_cup.jpg,data/raw/budding/20260328_1005_budding_31_cup.jpg
full_bloom,flowerin_0000_full_bloom_154_sdown.jpg,data/raw/full_bloom/flowerin_0000_full_bloom_154_sdown.jpg
pre_bloom,20260731_1658_pre_bloom_87_bup.jpg,data/raw/pre_bloom/20260731_1658_pre_bloom_87_bup.jpg
budding,20260328_1122_budding_204_bup.jpg,data/raw/budding/20260328_1122_budding_204_bup.jpg
full_bloom,20260727_1724_full_bloom_68_rot60.jpg,data/raw/full_bloom/20260727_1724_full_bloom_68_rot60.jpg
pre_bloom,20260722_1743_pre_bloom_20_sup.jpg,data/raw/pre_bloom/20260722_1743_pre_bloom_20_sup.jpg
wilting,20260824_1705_wilting_45_rot45.jpg,data/raw/wilting/20260824_1705_wilting_45_rot45.jpg
budding,20260328_1005_budding_51_rot30.jpg,data/raw/budding/20260328_1005_budding_51_rot30.jpg
vegetative,vegetati_0000_vegetative_178_rot60.jpg,data/raw/vegetative/vegetati_0000_vegetative_178_rot60.jpg
pre_bloom,20260328_1006_pre_bloom_10_cup.jpg,data/raw/pre_bloom/20260328_1006_pre_bloom_10_cup.jpg
seed_formation,20260727_1715_seed_formation_31_sdown.jpg,data/raw/seed_formation/20260727_1715_seed_formation_31_sdown.jpg
pre_bloom,20260328_1108_pre_bloom_58_rot45.jpg,data/raw/pre_bloom/20260328_1108_pre_bloom_58_rot45.jpg
full_bloom,20260727_1722_full_bloom_65_sdown.jpg,data/raw/full_bloom/20260727_1722_full_bloom_65_sdown.jpg
wilting,20260824_1707_wilting_65_rot60.jpg,data/raw/wilting/20260824_1707_wilting_65_rot60.jpg
vegetative,vegetati_0000_vegetative_175_bdown.jpg,data/raw/vegetative/vegetati_0000_vegetative_175_bdown.jpg
wilting,20260814_1636_wilting_16_rot45.jpg,data/raw/wilting/20260814_1636_wilting_16_rot45.jpg
full_bloom,20260727_1707_full_bloom_31_sup.jpg,data/raw/full_bloom/20260727_1707_full_bloom_31_sup.jpg
budding,20260328_1005_budding_51_rot60.jpg,data/raw/budding/20260328_1005_budding_51_rot60.jpg
pre_bloom,20260726_1336_pre_bloom_27_cup.jpg,data/raw/pre_bloom/20260726_1336_pre_bloom_27_cup.jpg
pre_bloom,20260726_1336_pre_bloom_30_rot60.jpg,data/raw/pre_bloom/20260726_1336_pre_bloom_30_rot60.jpg
seed_formation,20260328_1020_seed_formation_57_sup.jpg,data/raw/seed_formation/20260328_1020_seed_formation_57_sup.jpg
budding,20260328_1123_budding_222_rot30.jpg,data/raw/budding/20260328_1123_budding_222_rot30.jpg
vegetative,20260712_0902_vegetative_141_cdown.jpg,data/raw/vegetative/20260712_0902_vegetative_141_cdown.jpg
seed_formation,20260328_1039_seed_formation_86_cup.jpg,data/raw/seed_formation/20260328_1039_seed_formation_86_cup.jpg
seed_formation,20260328_1023_seed_formation_73_sup.jpg,data/raw/seed_formation/20260328_1023_seed_formation_73_sup.jpg
seed_formation,20260328_1008_seed_formation_12_cup.jpg,data/raw/seed_formation/20260328_1008_seed_formation_12_cup.jpg
full_bloom,20260328_1109_full_bloom_112_sdown.jpg,data/raw/full_bloom/20260328_1109_full_bloom_112_sdown.jpg
seed_formation,20260328_1009_seed_formation_25_cup.jpg,data/raw/seed_formation/20260328_1009_seed_formation_25_cup.jpg
full_bloom,20260328_1038_full_bloom_41_bup.jpg,data/raw/full_bloom/20260328_1038_full_bloom_41_bup.jpg
vegetative,20260712_0843_vegetative_107_bup.jpg,data/raw/vegetative/20260712_0843_vegetative_107_bup.jpg
seed_formation,seedling_0000_seed_formation_190_sdown.jpg,data/raw/seed_formation/seedling_0000_seed_formation_190_sdown.jpg
vegetative,vegetati_0000_vegetative_171_rot45.jpg,data/raw/vegetative/vegetati_0000_vegetative_171_rot45.jpg
seed_formation,20260328_1041_seed_formation_114_rot60.jpg,data/raw/seed_formation/20260328_1041_seed_formation_114_rot60.jpg
pre_bloom,20260722_1743_pre_bloom_26_rot60.jpg,data/raw/pre_bloom/20260722_1743_pre_bloom_26_rot60.jpg
wilting,20260824_1720_wilting_96_rot30.jpg,data/raw/wilting/20260824_1720_wilting_96_rot30.jpg
pre_bloom,20260328_1108_pre_bloom_56_rot30.jpg,data/raw/pre_bloom/20260328_1108_pre_bloom_56_rot30.jpg
full_bloom,20260727_1707_full_bloom_33_bdown.jpg,data/raw/full_bloom/20260727_1707_full_bloom_33_bdown.jpg
full_bloom,20260715_1557_full_bloom_14_rot60.jpg,data/raw/full_bloom/20260715_1557_full_bloom_14_rot60.jpg
budding,20260328_1110_budding_169_bup.jpg,data/raw/budding/20260328_1110_budding_169_bup.jpg
vegetative,20260804_1656_vegetative_156_bup.jpg,data/raw/vegetative/20260804_1656_vegetative_156_bup.jpg
pre_bloom,20260328_1003_pre_bloom_2_sup.jpg,data/raw/pre_bloom/20260328_1003_pre_bloom_2_sup.jpg
vegetative,vegetati_0000_vegetative_172_rot60.jpg,data/raw/vegetative/vegetati_0000_vegetative_172_rot60.jpg
pre_bloom,20260722_1742_pre_bloom_18_rot30.jpg,data/raw/pre_bloom/20260722_1742_pre_bloom_18_rot30.jpg
pre_bloom,20260727_1737_pre_bloom_75_sup.jpg,data/raw/pre_bloom/20260727_1737_pre_bloom_75_sup.jpg
full_bloom,flowerin_0000_full_bloom_149_bdown.jpg,data/raw/full_bloom/flowerin_0000_full_bloom_149_bdown.jpg
pre_bloom,20260328_1108_pre_bloom_50_bdown.jpg,data/raw/pre_bloom/20260328_1108_pre_bloom_50_bdown.jpg
seed_formation,20260328_1022_seed_formation_61_cup.jpg,data/raw/seed_formation/20260328_1022_seed_formation_61_cup.jpg
seed_formation,20260328_1039_seed_formation_80_rot30.jpg,data/raw/seed_formation/20260328_1039_seed_formation_80_rot30.jpg
full_bloom,20260328_1052_full_bloom_60_cdown.jpg,data/raw/full_bloom/20260328_1052_full_bloom_60_cdown.jpg
seed_formation,20260328_1039_seed_formation_88_sup.jpg,data/raw/seed_formation/20260328_1039_seed_formation_88_sup.jpg
pre_bloom,20260712_0855_pre_bloom_11_cdown.jpg,data/raw/pre_bloom/20260712_0855_pre_bloom_11_cdown.jpg
full_bloom,20260328_1114_full_bloom_129_bup.jpg,data/raw/full_bloom/20260328_1114_full_bloom_129_bup.jpg
vegetative,20260328_1030_vegetative_23_cdown.jpg,data/raw/vegetative/20260328_1030_vegetative_23_cdown.jpg
seed_formation,20260731_1719_seed_formation_181_cup.jpg,data/raw/seed_formation/20260731_1719_seed_formation_181_cup.jpg
pre_bloom,20260727_1736_pre_bloom_67.jpg,data/raw/pre_bloom/20260727_1736_pre_bloom_67.jpg
full_bloom,20260328_1112_full_bloom_123_sdown.jpg,data/raw/full_bloom/20260328_1112_full_bloom_123_sdown.jpg
pre_bloom,20260328_1042_pre_bloom_30_rot30.jpg,data/raw/pre_bloom/20260328_1042_pre_bloom_30_rot30.jpg
vegetative,20260712_0838_vegetative_105_rot60.jpg,data/raw/vegetative/20260712_0838_vegetative_105_rot60.jpg
budding,20260328_1011_budding_105_rot30.jpg,data/raw/budding/20260328_1011_budding_105_rot30.jpg
budding,20260328_1123_budding_217_sdown.jpg,data/raw/budding/20260328_1123_budding_217_sdown.jpg
full_bloom,20260328_1038_full_bloom_44_bup.jpg,data/raw/full_bloom/20260328_1038_full_bloom_44_bup.jpg
full_bloom,20260328_1013_full_bloom_8_cdown.jpg,data/raw/full_bloom/20260328_1013_full_bloom_8_cdown.jpg
wilting,20260824_1721_wilting_108_bup.jpg,data/raw/wilting/20260824_1721_wilting_108_bup.jpg
vegetative,20260328_1046_vegetative_62_rot30.jpg,data/raw/vegetative/20260328_1046_vegetative_62_rot30.jpg
wilting,20260727_1724_wilting_11_cup.jpg,data/raw/wilting/20260727_1724_wilting_11_cup.jpg
wilting,20260824_1707_wilting_66_cup.jpg,data/raw/wilting/20260824_1707_wilting_66_cup.jpg
seed_formation,20260328_1039_seed_formation_79_sup.jpg,data/raw/seed_formation/20260328_1039_seed_formation_79_sup.jpg
seed_formation,20260722_1754_seed_formation_161_rot30.jpg,data/raw/seed_formation/20260722_1754_seed_formation_161_rot30.jpg
full_bloom,20260328_1052_full_bloom_60_cup.jpg,data/raw/full_bloom/20260328_1052_full_bloom_60_cup.jpg
budding,20260328_1005_budding_29.jpg,data/raw/budding/20260328_1005_budding_29.jpg
seed_formation,20260328_1040_seed_formation_107.jpg,data/raw/seed_formation/20260328_1040_seed_formation_107.jpg
wilting,20260819_1659_wilting_16_cdown.jpg,data/raw/wilting/20260819_1659_wilting_16_cdown.jpg
vegetative,20260328_1117_vegetative_88_rot30.jpg,data/raw/vegetative/20260328_1117_vegetative_88_rot30.jpg
wilting,20260824_1705_wilting_51_sup.jpg,data/raw/wilting/20260824_1705_wilting_51_sup.jpg
pre_bloom,20260811_1640_pre_bloom_121_rot30.jpg,data/raw/pre_bloom/20260811_1640_pre_bloom_121_rot30.jpg
full_bloom,20260727_1709_full_bloom_47_sdown.jpg,data/raw/full_bloom/20260727_1709_full_bloom_47_sdown.jpg
wilting,20260814_1646_wilting_35_bdown.jpg,data/raw/wilting/20260814_1646_wilting_35_bdown.jpg
full_bloom,20260328_1114_full_bloom_127.jpg,data/raw/full_bloom/20260328_1114_full_bloom_127.jpg
pre_bloom,20260328_1043_pre_bloom_46_rot60.jpg,data/raw/pre_bloom/20260328_1043_pre_bloom_46_rot60.jpg
seed_formation,20260727_1733_seed_formation_174_rot60.jpg,data/raw/seed_formation/20260727_1733_seed_formation_174_rot60.jpg
budding,20260328_1121_budding_191_bup.jpg,data/raw/budding/20260328_1121_budding_191_bup.jpg
full_bloom,flowerin_0000_full_bloom_157_rot60.jpg,data/raw/full_bloom/flowerin_0000_full_bloom_157_rot60.jpg
pre_bloom,20260731_1708_pre_bloom_91_sup.jpg,data/raw/pre_bloom/20260731_1708_pre_bloom_91_sup.jpg
pre_bloom,20260727_1555_pre_bloom_46_cdown.jpg,data/raw/pre_bloom/20260727_1555_pre_bloom_46_cdown.jpg
pre_bloom,20260804_1724_pre_bloom_108_cup.jpg,data/raw/pre_bloom/20260804_1724_pre_bloom_108_cup.jpg
full_bloom,20260328_1013_full_bloom_15_cup.jpg,data/raw/full_bloom/20260328_1013_full_bloom_15_cup.jpg
seed_formation,20260328_1009_seed_formation_25_sup.jpg,data/raw/seed_formation/20260328_1009_seed_formation_25_sup.jpg
seed_formation,20260328_1040_seed_formation_98_cdown.jpg,data/raw/seed_formation/20260328_1040_seed_formation_98_cdown.jpg
budding,20260328_1110_budding_167_sup.jpg,data/raw/budding/20260328_1110_budding_167_sup.jpg
seed_formation,20260328_1041_seed_formation_111_rot45.jpg,data/raw/seed_formation/20260328_1041_seed_formation_111_rot45.jpg
full_bloom,20260328_1116_full_bloom_144_rot30.jpg,data/raw/full_bloom/20260328_1116_full_bloom_144_rot30.jpg
budding,20260328_1005_budding_54_rot45.jpg,data/raw/budding/20260328_1005_budding_54_rot45.jpg
full_bloom,20260328_1013_full_bloom_10_bdown.jpg,data/raw/full_bloom/20260328_1013_full_bloom_10_bdown.jpg
vegetative,flowerin_0000_vegetative_166_bup.jpg,data/raw/vegetative/flowerin_0000_vegetative_166_bup.jpg
pre_bloom,20260328_1042_pre_bloom_30_sup.jpg,data/raw/pre_bloom/20260328_1042_pre_bloom_30_sup.jpg
wilting,20260824_1707_wilting_68_sup.jpg,data/raw/wilting/20260824_1707_wilting_68_sup.jpg
pre_bloom,20260328_1108_pre_bloom_55.jpg,data/raw/pre_bloom/20260328_1108_pre_bloom_55.jpg
budding,20260328_1123_budding_218.jpg,data/raw/budding/20260328_1123_budding_218.jpg
wilting,20260814_1647_wilting_43_bup.jpg,data/raw/wilting/20260814_1647_wilting_43_bup.jpg
pre_bloom,20260727_1556_pre_bloom_48_sdown.jpg,data/raw/pre_bloom/20260727_1556_pre_bloom_48_sdown.jpg
vegetative,20260712_0837_vegetative_100_rot30.jpg,data/raw/vegetative/20260712_0837_vegetative_100_rot30.jpg
pre_bloom,20260328_1043_pre_bloom_35_bdown.jpg,data/raw/pre_bloom/20260328_1043_pre_bloom_35_bdown.jpg
seed_formation,20260328_1023_seed_formation_72_rot60.jpg,data/raw/seed_formation/20260328_1023_seed_formation_72_rot60.jpg
pre_bloom,20260726_1337_pre_bloom_34_bdown.jpg,data/raw/pre_bloom/20260726_1337_pre_bloom_34_bdown.jpg
vegetative,20260712_0838_vegetative_106_sdown.jpg,data/raw/vegetative/20260712_0838_vegetative_106_sdown.jpg
vegetative,20260328_1046_vegetative_64_bup.jpg,data/raw/vegetative/20260328_1046_vegetative_64_bup.jpg
pre_bloom,20260712_0855_pre_bloom_11_sup.jpg,data/raw/pre_bloom/20260712_0855_pre_bloom_11_sup.jpg
budding,20260328_1005_budding_49_bdown.jpg,data/raw/budding/20260328_1005_budding_49_bdown.jpg
wilting,20260727_1724_wilting_12_sdown.jpg,data/raw/wilting/20260727_1724_wilting_12_sdown.jpg
vegetative,20260712_0901_vegetative_124_rot30.jpg,data/raw/vegetative/20260712_0901_vegetative_124_rot30.jpg
pre_bloom,20260722_1743_pre_bloom_24.jpg,data/raw/pre_bloom/20260722_1743_pre_bloom_24.jpg
pre_bloom,20260811_1640_pre_bloom_123_rot60.jpg,data/raw/pre_bloom/20260811_1640_pre_bloom_123_rot60.jpg
vegetative,20260328_1117_vegetative_90_rot45.jpg,data/raw/vegetative/20260328_1117_vegetative_90_rot45.jpg
vegetative,20260328_1015_vegetative_15_cup.jpg,data/raw/vegetative/20260328_1015_vegetative_15_cup.jpg
vegetative,20260328_1046_vegetative_64_rot60.jpg,data/raw/vegetative/20260328_1046_vegetative_64_rot60.jpg
pre_bloom,20260328_1109_pre_bloom_70_bup.jpg,data/raw/pre_bloom/20260328_1109_pre_bloom_70_bup.jpg
budding,20260328_1005_budding_61_bdown.jpg,data/raw/budding/20260328_1005_budding_61_bdown.jpg
seed_formation,20260328_1022_seed_formation_64_rot45.jpg,data/raw/seed_formation/20260328_1022_seed_formation_64_rot45.jpg
seed_formation,20260328_1008_seed_formation_16_bdown.jpg,data/raw/seed_formation/20260328_1008_seed_formation_16_bdown.jpg
seed_formation,20260731_1719_seed_formation_180_sup.jpg,data/raw/seed_formation/20260731_1719_seed_formation_180_sup.jpg
full_bloom,20260328_1013_full_bloom_9_rot60.jpg,data/raw/full_bloom/20260328_1013_full_bloom_9_rot60.jpg
pre_bloom,20260328_1043_pre_bloom_44_sup.jpg,data/raw/pre_bloom/20260328_1043_pre_bloom_44_sup.jpg
seed_formation,20260727_1715_seed_formation_27_bdown.jpg,data/raw/seed_formation/20260727_1715_seed_formation_27_bdown.jpg
budding,20260328_1059_budding_155_sdown.jpg,data/raw/budding/20260328_1059_budding_155_sdown.jpg
vegetative,20260712_0848_vegetative_110_cdown.jpg,data/raw/vegetative/20260712_0848_vegetative_110_cdown.jpg
budding,budding2_0000_budding_224_bup.jpg,data/raw/budding/budding2_0000_budding_224_bup.jpg
pre_bloom,20260811_1640_pre_bloom_123_bup.jpg,data/raw/pre_bloom/20260811_1640_pre_bloom_123_bup.jpg
pre_bloom,20260727_1555_pre_bloom_37_rot45.jpg,data/raw/pre_bloom/20260727_1555_pre_bloom_37_rot45.jpg
wilting,20260727_1724_wilting_10_sup.jpg,data/raw/wilting/20260727_1724_wilting_10_sup.jpg
full_bloom,20260328_1013_full_bloom_12_sup.jpg,data/raw/full_bloom/20260328_1013_full_bloom_12_sup.jpg
budding,20260328_1122_budding_212.jpg,data/raw/budding/20260328_1122_budding_212.jpg
full_bloom,20260328_1038_full_bloom_47_bup.jpg,data/raw/full_bloom/20260328_1038_full_bloom_47_bup.jpg
vegetative,20260804_1656_vegetative_156_rot45.jpg,data/raw/vegetative/20260804_1656_vegetative_156_rot45.jpg
pre_bloom,20260811_1640_pre_bloom_116_rot45.jpg,data/raw/pre_bloom/20260811_1640_pre_bloom_116_rot45.jpg
full_bloom,20260727_1707_full_bloom_31_cdown.jpg,data/raw/full_bloom/20260727_1707_full_bloom_31_cdown.jpg
full_bloom,20260727_1724_full_bloom_68_bup.jpg,data/raw/full_bloom/20260727_1724_full_bloom_68_bup.jpg
full_bloom,20260727_1709_full_bloom_47_cdown.jpg,data/raw/full_bloom/20260727_1709_full_bloom_47_cdown.jpg
wilting,20260727_1724_wilting_11_rot30.jpg,data/raw/wilting/20260727_1724_wilting_11_rot30.jpg
pre_bloom,20260727_1711_pre_bloom_53_bdown.jpg,data/raw/pre_bloom/20260727_1711_pre_bloom_53_bdown.jpg
pre_bloom,20260328_1019_pre_bloom_23_bdown.jpg,data/raw/pre_bloom/20260328_1019_pre_bloom_23_bdown.jpg
full_bloom,20260328_1115_full_bloom_142_cup.jpg,data/raw/full_bloom/20260328_1115_full_bloom_142_cup.jpg
pre_bloom,Budding0_0000_pre_bloom_75_cdown.jpg,data/raw/pre_bloom/Budding0_0000_pre_bloom_75_cdown.jpg
budding,20260328_1005_budding_54_cdown.jpg,data/raw/budding/20260328_1005_budding_54_cdown.jpg
budding,20260328_1122_budding_209_cdown.jpg,data/raw/budding/20260328_1122_budding_209_cdown.jpg
pre_bloom,20260731_1708_pre_bloom_89_sup.jpg,data/raw/pre_bloom/20260731_1708_pre_bloom_89_sup.jpg
seed_formation,20260328_1009_seed_formation_29_rot45.jpg,data/raw/seed_formation/20260328_1009_seed_formation_29_rot45.jpg
seed_formation,20260328_1041_seed_formation_115_bdown.jpg,data/raw/seed_formation/20260328_1041_seed_formation_115_bdown.jpg
budding,20260328_1005_budding_7_cdown.jpg,data/raw/budding/20260328_1005_budding_7_cdown.jpg
vegetative,20260712_0902_vegetative_130_bdown.jpg,data/raw/vegetative/20260712_0902_vegetative_130_bdown.jpg
pre_bloom,20260727_1722_pre_bloom_59_sup.jpg,data/raw/pre_bloom/20260727_1722_pre_bloom_59_sup.jpg
wilting,20260824_1706_wilting_63_rot60.jpg,data/raw/wilting/20260824_1706_wilting_63_rot60.jpg
vegetative,20260712_0902_vegetative_134_rot30.jpg,data/raw/vegetative/20260712_0902_vegetative_134_rot30.jpg
full_bloom,20260328_1053_full_bloom_75_cup.jpg,data/raw/full_bloom/20260328_1053_full_bloom_75_cup.jpg
wilting,20260824_1708_wilting_78_rot30.jpg,data/raw/wilting/20260824_1708_wilting_78_rot30.jpg
wilting,20260814_1637_wilting_26_bup.jpg,data/raw/wilting/20260814_1637_wilting_26_bup.jpg
vegetative,20260328_1046_vegetative_54_rot30.jpg,data/raw/vegetative/20260328_1046_vegetative_54_rot30.jpg
pre_bloom,20260328_1043_pre_bloom_39_bup.jpg,data/raw/pre_bloom/20260328_1043_pre_bloom_39_bup.jpg
pre_bloom,20260712_0854_pre_bloom_1.jpg,data/raw/pre_bloom/20260712_0854_pre_bloom_1.jpg
full_bloom,20260328_1053_full_bloom_77_cdown.jpg,data/raw/full_bloom/20260328_1053_full_bloom_77_cdown.jpg
budding,20260328_1005_budding_22_cdown.jpg,data/raw/budding/20260328_1005_budding_22_cdown.jpg
vegetative,20260722_1821_vegetative_151_rot30.jpg,data/raw/vegetative/20260722_1821_vegetative_151_rot30.jpg
pre_bloom,20260328_1043_pre_bloom_35_sup.jpg,data/raw/pre_bloom/20260328_1043_pre_bloom_35_sup.jpg
budding,20260328_1005_budding_61_rot60.jpg,data/raw/budding/20260328_1005_budding_61_rot60.jpg
budding,20260328_1122_budding_216_rot30.jpg,data/raw/budding/20260328_1122_budding_216_rot30.jpg
pre_bloom,20260731_1658_pre_bloom_88_cdown.jpg,data/raw/pre_bloom/20260731_1658_pre_bloom_88_cdown.jpg
seed_formation,20260328_1020_seed_formation_40_sdown.jpg,data/raw/seed_formation/20260328_1020_seed_formation_40_sdown.jpg
seed_formation,20260328_1041_seed_formation_108_cdown.jpg,data/raw/seed_formation/20260328_1041_seed_formation_108_cdown.jpg
pre_bloom,20260722_1743_pre_bloom_22_cup.jpg,data/raw/pre_bloom/20260722_1743_pre_bloom_22_cup.jpg
seed_formation,20260328_1041_seed_formation_114_rot30.jpg,data/raw/seed_formation/20260328_1041_seed_formation_114_rot30.jpg
seed_formation,20260328_1039_seed_formation_89.jpg,data/raw/seed_formation/20260328_1039_seed_formation_89.jpg
wilting,20260814_1637_wilting_26_bdown.jpg,data/raw/wilting/20260814_1637_wilting_26_bdown.jpg
seed_formation,20260328_1006_seed_formation_2_sdown.jpg,data/raw/seed_formation/20260328_1006_seed_formation_2_sdown.jpg
wilting,20260814_1637_wilting_26_rot30.jpg,data/raw/wilting/20260814_1637_wilting_26_rot30.jpg
budding,20260328_1059_budding_154_rot45.jpg,data/raw/budding/20260328_1059_budding_154_rot45.jpg
full_bloom,20260328_1051_full_bloom_54_cup.jpg,data/raw/full_bloom/20260328_1051_full_bloom_54_cup.jpg
seed_formation,20260727_1715_seed_formation_30_bup.jpg,data/raw/seed_formation/20260727_1715_seed_formation_30_bup.jpg
full_bloom,20260727_1709_full_bloom_49_cup.jpg,data/raw/full_bloom/20260727_1709_full_bloom_49_cup.jpg
budding,20260328_1005_budding_62_bdown.jpg,data/raw/budding/20260328_1005_budding_62_bdown.jpg
full_bloom,20260328_1053_full_bloom_83_sdown.jpg,data/raw/full_bloom/20260328_1053_full_bloom_83_sdown.jpg
wilting,20260824_1719_wilting_86_sdown.jpg,data/raw/wilting/20260824_1719_wilting_86_sdown.jpg
budding,20260328_1122_budding_215_rot30.jpg,data/raw/budding/20260328_1122_budding_215_rot30.jpg
wilting,20260824_1721_wilting_97_bdown.jpg,data/raw/wilting/20260824_1721_wilting_97_bdown.jpg
budding,20260328_1121_budding_185_bdown.jpg,data/raw/budding/20260328_1121_budding_185_bdown.jpg
pre_bloom,20260328_1108_pre_bloom_53_bup.jpg,data/raw/pre_bloom/20260328_1108_pre_bloom_53_bup.jpg
full_bloom,20260727_1707_full_bloom_34_sup.jpg,data/raw/full_bloom/20260727_1707_full_bloom_34_sup.jpg
seed_formation,seedling_0000_seed_formation_191_sdown.jpg,data/raw/seed_formation/seedling_0000_seed_formation_191_sdown.jpg
pre_bloom,20260328_1109_pre_bloom_69_bup.jpg,data/raw/pre_bloom/20260328_1109_pre_bloom_69_bup.jpg
full_bloom,20260328_1115_full_bloom_142_rot30.jpg,data/raw/full_bloom/20260328_1115_full_bloom_142_rot30.jpg
wilting,20260814_1637_wilting_24_cdown.jpg,data/raw/wilting/20260814_1637_wilting_24_cdown.jpg
budding,20260328_1110_budding_167_rot60.jpg,data/raw/budding/20260328_1110_budding_167_rot60.jpg
full_bloom,20260715_1556_full_bloom_7.jpg,data/raw/full_bloom/20260715_1556_full_bloom_7.jpg
pre_bloom,20260712_0854_pre_bloom_4_bdown.jpg,data/raw/pre_bloom/20260712_0854_pre_bloom_4_bdown.jpg
full_bloom,20260722_1658_full_bloom_17_cup.jpg,data/raw/full_bloom/20260722_1658_full_bloom_17_cup.jpg
seed_formation,20260715_1602_seed_formation_134_rot45.jpg,data/raw/seed_formation/20260715_1602_seed_formation_134_rot45.jpg
pre_bloom,flowerin_0000_pre_bloom_82_sdown.jpg,data/raw/pre_bloom/flowerin_0000_pre_bloom_82_sdown.jpg
pre_bloom,20260726_1337_pre_bloom_34_sup.jpg,data/raw/pre_bloom/20260726_1337_pre_bloom_34_sup.jpg
pre_bloom,20260328_1019_pre_bloom_23_rot60.jpg,data/raw/pre_bloom/20260328_1019_pre_bloom_23_rot60.jpg
seed_formation,20260328_1039_seed_formation_87_rot45.jpg,data/raw/seed_formation/20260328_1039_seed_formation_87_rot45.jpg
full_bloom,20260715_1556_full_bloom_5_sdown.jpg,data/raw/full_bloom/20260715_1556_full_bloom_5_sdown.jpg
pre_bloom,20260727_1711_pre_bloom_53_sup.jpg,data/raw/pre_bloom/20260727_1711_pre_bloom_53_sup.jpg
budding,20260328_1005_budding_70_cup.jpg,data/raw/budding/20260328_1005_budding_70_cup.jpg
full_bloom,20260328_1036_full_bloom_30_bdown.jpg,data/raw/full_bloom/20260328_1036_full_bloom_30_bdown.jpg
pre_bloom,20260712_0855_pre_bloom_7.jpg,data/raw/pre_bloom/20260712_0855_pre_bloom_7.jpg
budding,20260328_1121_budding_188.jpg,data/raw/budding/20260328_1121_budding_188.jpg
seed_formation,20260328_1020_seed_formation_51_rot60.jpg,data/raw/seed_formation/20260328_1020_seed_formation_51_rot60.jpg
seed_formation,20260328_1020_seed_formation_43_rot45.jpg,data/raw/seed_formation/20260328_1020_seed_formation_43_rot45.jpg
vegetative,20260328_1117_vegetative_87.jpg,data/raw/vegetative/20260328_1117_vegetative_87.jpg
budding,20260328_1005_budding_44_rot30.jpg,data/raw/budding/20260328_1005_budding_44_rot30.jpg
full_bloom,20260328_1109_full_bloom_107_bdown.jpg,data/raw/full_bloom/20260328_1109_full_bloom_107_bdown.jpg
full_bloom,20260328_1012_full_bloom_1_bup.jpg,data/raw/full_bloom/20260328_1012_full_bloom_1_bup.jpg
full_bloom,20260727_1707_full_bloom_33_cup.jpg,data/raw/full_bloom/20260727_1707_full_bloom_33_cup.jpg
pre_bloom,20260726_1337_pre_bloom_33_rot45.jpg,data/raw/pre_bloom/20260726_1337_pre_bloom_33_rot45.jpg
full_bloom,20260328_1114_full_bloom_130_cup.jpg,data/raw/full_bloom/20260328_1114_full_bloom_130_cup.jpg
seed_formation,20260328_1041_seed_formation_109_rot60.jpg,data/raw/seed_formation/20260328_1041_seed_formation_109_rot60.jpg
full_bloom,20260328_1053_full_bloom_74_rot30.jpg,data/raw/full_bloom/20260328_1053_full_bloom_74_rot30.jpg
pre_bloom,20260731_1656_pre_bloom_81_rot30.jpg,data/raw/pre_bloom/20260731_1656_pre_bloom_81_rot30.jpg
vegetative,20260328_1117_vegetative_81_sup.jpg,data/raw/vegetative/20260328_1117_vegetative_81_sup.jpg
full_bloom,20260722_1744_full_bloom_24_cdown.jpg,data/raw/full_bloom/20260722_1744_full_bloom_24_cdown.jpg
full_bloom,20260722_1744_full_bloom_22_bdown.jpg,data/raw/full_bloom/20260722_1744_full_bloom_22_bdown.jpg
pre_bloom,20260328_1043_pre_bloom_40_bup.jpg,data/raw/pre_bloom/20260328_1043_pre_bloom_40_bup.jpg
vegetative,20260328_1117_vegetative_77_bup.jpg,data/raw/vegetative/20260328_1117_vegetative_77_bup.jpg
full_bloom,20260328_1100_full_bloom_96_bdown.jpg,data/raw/full_bloom/20260328_1100_full_bloom_96_bdown.jpg
vegetative,20260804_1656_vegetative_160_bdown.jpg,data/raw/vegetative/20260804_1656_vegetative_160_bdown.jpg
budding,20260328_1005_budding_67.jpg,data/raw/budding/20260328_1005_budding_67.jpg
vegetative,20260722_1821_vegetative_151_bup.jpg,data/raw/vegetative/20260722_1821_vegetative_151_bup.jpg
budding,20260328_1055_budding_134_rot60.jpg,data/raw/budding/20260328_1055_budding_134_rot60.jpg
vegetative,vegetati_0000_vegetative_171.jpg,data/raw/vegetative/vegetati_0000_vegetative_171.jpg
pre_bloom,20260328_1043_pre_bloom_39_bdown.jpg,data/raw/pre_bloom/20260328_1043_pre_bloom_39_bdown.jpg
wilting,20260814_1646_wilting_38_cdown.jpg,data/raw/wilting/20260814_1646_wilting_38_cdown.jpg
vegetative,20260328_1015_vegetative_15_rot45.jpg,data/raw/vegetative/20260328_1015_vegetative_15_rot45.jpg
vegetative,20260712_0846_vegetative_108.jpg,data/raw/vegetative/20260712_0846_vegetative_108.jpg
seed_formation,20260722_1745_seed_formation_150_rot30.jpg,data/raw/seed_formation/20260722_1745_seed_formation_150_rot30.jpg
wilting,20260819_1717_wilting_28_cup.jpg,data/raw/wilting/20260819_1717_wilting_28_cup.jpg
full_bloom,20260722_1658_full_bloom_16_cdown.jpg,data/raw/full_bloom/20260722_1658_full_bloom_16_cdown.jpg
pre_bloom,20260731_1656_pre_bloom_81_sdown.jpg,data/raw/pre_bloom/20260731_1656_pre_bloom_81_sdown.jpg
wilting,20260814_1637_wilting_7.jpg,data/raw/wilting/20260814_1637_wilting_7.jpg
vegetative,20260712_0901_vegetative_128.jpg,data/raw/vegetative/20260712_0901_vegetative_128.jpg
vegetative,20260328_1015_vegetative_15_sup.jpg,data/raw/vegetative/20260328_1015_vegetative_15_sup.jpg
full_bloom,20260328_1100_full_bloom_99_cup.jpg,data/raw/full_bloom/20260328_1100_full_bloom_99_cup.jpg
seed_formation,20260722_1745_seed_formation_10.jpg,data/raw/seed_formation/20260722_1745_seed_formation_10.jpg
seed_formation,20260715_1602_seed_formation_142_bup.jpg,data/raw/seed_formation/20260715_1602_seed_formation_142_bup.jpg
seed_formation,20260727_1733_seed_formation_177_rot45.jpg,data/raw/seed_formation/20260727_1733_seed_formation_177_rot45.jpg
vegetative,20260328_1117_vegetative_92_rot30.jpg,data/raw/vegetative/20260328_1117_vegetative_92_rot30.jpg
full_bloom,20260328_1052_full_bloom_57_rot60.jpg,data/raw/full_bloom/20260328_1052_full_bloom_57_rot60.jpg
full_bloom,20260328_1038_full_bloom_44_rot45.jpg,data/raw/full_bloom/20260328_1038_full_bloom_44_rot45.jpg
seed_formation,20260328_1009_seed_formation_25_bup.jpg,data/raw/seed_formation/20260328_1009_seed_formation_25_bup.jpg
seed_formation,20260328_1021_seed_formation_60_bup.jpg,data/raw/seed_formation/20260328_1021_seed_formation_60_bup.jpg
seed_formation,20260328_1020_seed_formation_46_sup.jpg,data/raw/seed_formation/20260328_1020_seed_formation_46_sup.jpg
seed_formation,20260328_1020_seed_formation_53_cdown.jpg,data/raw/seed_formation/20260328_1020_seed_formation_53_cdown.jpg
full_bloom,20260328_1013_full_bloom_2_cup.jpg,data/raw/full_bloom/20260328_1013_full_bloom_2_cup.jpg
seed_formation,20260328_1020_seed_formation_55.jpg,data/raw/seed_formation/20260328_1020_seed_formation_55.jpg
vegetative,20260722_1659_vegetative_146_bdown.jpg,data/raw/vegetative/20260722_1659_vegetative_146_bdown.jpg
vegetative,20260712_0902_vegetative_132_rot45.jpg,data/raw/vegetative/20260712_0902_vegetative_132_rot45.jpg
full_bloom,20260328_1110_full_bloom_116_bdown.jpg,data/raw/full_bloom/20260328_1110_full_bloom_116_bdown.jpg
full_bloom,20260727_1707_full_bloom_34_bdown.jpg,data/raw/full_bloom/20260727_1707_full_bloom_34_bdown.jpg
full_bloom,20260722_1744_full_bloom_22_sdown.jpg,data/raw/full_bloom/20260722_1744_full_bloom_22_sdown.jpg
vegetative,20260328_1002_vegetative_1_cup.jpg,data/raw/vegetative/20260328_1002_vegetative_1_cup.jpg
pre_bloom,20260328_1109_pre_bloom_68_cup.jpg,data/raw/pre_bloom/20260328_1109_pre_bloom_68_cup.jpg
wilting,20260328_1056_wilting_4_cup.jpg,data/raw/wilting/20260328_1056_wilting_4_cup.jpg
pre_bloom,20260712_0854_pre_bloom_4_rot60.jpg,data/raw/pre_bloom/20260712_0854_pre_bloom_4_rot60.jpg
wilting,20260824_1708_wilting_79_bdown.jpg,data/raw/wilting/20260824_1708_wilting_79_bdown.jpg
seed_formation,20260328_1022_seed_formation_66_sup.jpg,data/raw/seed_formation/20260328_1022_seed_formation_66_sup.jpg
pre_bloom,20260328_1005_pre_bloom_7_cdown.jpg,data/raw/pre_bloom/20260328_1005_pre_bloom_7_cdown.jpg
budding,20260328_1122_budding_216_rot60.jpg,data/raw/budding/20260328_1122_budding_216_rot60.jpg
seed_formation,20260328_1022_seed_formation_68_sup.jpg,data/raw/seed_formation/20260328_1022_seed_formation_68_sup.jpg
full_bloom,20260715_1557_full_bloom_15_sup.jpg,data/raw/full_bloom/20260715_1557_full_bloom_15_sup.jpg
pre_bloom,20260804_1724_pre_bloom_108_rot60.jpg,data/raw/pre_bloom/20260804_1724_pre_bloom_108_rot60.jpg
full_bloom,20260328_1111_full_bloom_122_rot30.jpg,data/raw/full_bloom/20260328_1111_full_bloom_122_rot30.jpg
full_bloom,20260328_1109_full_bloom_104_sup.jpg,data/raw/full_bloom/20260328_1109_full_bloom_104_sup.jpg
budding,20260328_1010_budding_74_bdown.jpg,data/raw/budding/20260328_1010_budding_74_bdown.jpg
wilting,20260824_1709_wilting_83_bup.jpg,data/raw/wilting/20260824_1709_wilting_83_bup.jpg
seed_formation,20260328_1008_seed_formation_10_rot45.jpg,data/raw/seed_formation/20260328_1008_seed_formation_10_rot45.jpg
wilting,20260824_1709_wilting_84_bdown.jpg,data/raw/wilting/20260824_1709_wilting_84_bdown.jpg
wilting,20260824_1706_wilting_62_rot60.jpg,data/raw/wilting/20260824_1706_wilting_62_rot60.jpg
vegetative,flowerin_0000_vegetative_170_sdown.jpg,data/raw/vegetative/flowerin_0000_vegetative_170_sdown.jpg
pre_bloom,20260722_1743_pre_bloom_23_cup.jpg,data/raw/pre_bloom/20260722_1743_pre_bloom_23_cup.jpg
vegetative,20260328_1117_vegetative_84_cup.jpg,data/raw/vegetative/20260328_1117_vegetative_84_cup.jpg
pre_bloom,20260731_1709_pre_bloom_92_bup.jpg,data/raw/pre_bloom/20260731_1709_pre_bloom_92_bup.jpg
pre_bloom,20260731_1658_pre_bloom_88_sup.jpg,data/raw/pre_bloom/20260731_1658_pre_bloom_88_sup.jpg
full_bloom,20260328_1013_full_bloom_2_sdown.jpg,data/raw/full_bloom/20260328_1013_full_bloom_2_sdown.jpg
vegetative,20260712_0902_vegetative_130_cdown.jpg,data/raw/vegetative/20260712_0902_vegetative_130_cdown.jpg
budding,20260328_1055_budding_139_sdown.jpg,data/raw/budding/20260328_1055_budding_139_sdown.jpg
pre_bloom,20260328_1042_pre_bloom_29_rot60.jpg,data/raw/pre_bloom/20260328_1042_pre_bloom_29_rot60.jpg
wilting,20260814_1646_wilting_35_cdown.jpg,data/raw/wilting/20260814_1646_wilting_35_cdown.jpg
full_bloom,20260328_1111_full_bloom_122_bdown.jpg,data/raw/full_bloom/20260328_1111_full_bloom_122_bdown.jpg
full_bloom,20260722_1743_full_bloom_19_rot60.jpg,data/raw/full_bloom/20260722_1743_full_bloom_19_rot60.jpg
vegetative,vegetati_0000_vegetative_172_rot45.jpg,data/raw/vegetative/vegetati_0000_vegetative_172_rot45.jpg
wilting,20260824_1721_wilting_110_sdown.jpg,data/raw/wilting/20260824_1721_wilting_110_sdown.jpg
wilting,20260819_1659_wilting_16_rot45.jpg,data/raw/wilting/20260819_1659_wilting_16_rot45.jpg
vegetative,20260712_0914_vegetative_144_bdown.jpg,data/raw/vegetative/20260712_0914_vegetative_144_bdown.jpg
pre_bloom,20260328_1006_pre_bloom_9_cup.jpg,data/raw/pre_bloom/20260328_1006_pre_bloom_9_cup.jpg
full_bloom,20260328_1052_full_bloom_60_rot60.jpg,data/raw/full_bloom/20260328_1052_full_bloom_60_rot60.jpg
seed_formation,20260328_1006_seed_formation_1_sdown.jpg,data/raw/seed_formation/20260328_1006_seed_formation_1_sdown.jpg
pre_bloom,20260804_1724_pre_bloom_108.jpg,data/raw/pre_bloom/20260804_1724_pre_bloom_108.jpg
budding,20260328_1122_budding_201_cup.jpg,data/raw/budding/20260328_1122_budding_201_cup.jpg
full_bloom,20260328_1013_full_bloom_13_rot60.jpg,data/raw/full_bloom/20260328_1013_full_bloom_13_rot60.jpg
full_bloom,20260328_1109_full_bloom_105_bup.jpg,data/raw/full_bloom/20260328_1109_full_bloom_105_bup.jpg
full_bloom,20260328_1013_full_bloom_15_cdown.jpg,data/raw/full_bloom/20260328_1013_full_bloom_15_cdown.jpg
pre_bloom,20260328_1108_pre_bloom_52_cdown.jpg,data/raw/pre_bloom/20260328_1108_pre_bloom_52_cdown.jpg
full_bloom,flowerin_0000_full_bloom_155_sdown.jpg,data/raw/full_bloom/flowerin_0000_full_bloom_155_sdown.jpg
seed_formation,20260328_1020_seed_formation_47_cup.jpg,data/raw/seed_formation/20260328_1020_seed_formation_47_cup.jpg
vegetative,20260328_1117_vegetative_78_cup.jpg,data/raw/vegetative/20260328_1117_vegetative_78_cup.jpg
budding,20260328_1122_budding_213_bdown.jpg,data/raw/budding/20260328_1122_budding_213_bdown.jpg
full_bloom,20260328_1114_full_bloom_132_sdown.jpg,data/raw/full_bloom/20260328_1114_full_bloom_132_sdown.jpg
budding,20260328_1011_budding_89_rot60.jpg,data/raw/budding/20260328_1011_budding_89_rot60.jpg
wilting,20260814_1647_wilting_43.jpg,data/raw/wilting/20260814_1647_wilting_43.jpg
vegetative,20260328_1117_vegetative_79_rot60.jpg,data/raw/vegetative/20260328_1117_vegetative_79_rot60.jpg
pre_bloom,20260328_1042_pre_bloom_34_sup.jpg,data/raw/pre_bloom/20260328_1042_pre_bloom_34_sup.jpg
wilting,20260814_1637_wilting_10_rot30.jpg,data/raw/wilting/20260814_1637_wilting_10_rot30.jpg
full_bloom,flowerin_0000_full_bloom_149_sup.jpg,data/raw/full_bloom/flowerin_0000_full_bloom_149_sup.jpg
seed_formation,20260328_1039_seed_formation_81_sup.jpg,data/raw/seed_formation/20260328_1039_seed_formation_81_sup.jpg
seed_formation,20260328_1040_seed_formation_107_rot45.jpg,data/raw/seed_formation/20260328_1040_seed_formation_107_rot45.jpg
full_bloom,20260328_1038_full_bloom_42_cdown.jpg,data/raw/full_bloom/20260328_1038_full_bloom_42_cdown.jpg
pre_bloom,20260712_0913_pre_bloom_73_sdown.jpg,data/raw/pre_bloom/20260712_0913_pre_bloom_73_sdown.jpg
vegetative,20260712_0901_vegetative_117_cup.jpg,data/raw/vegetative/20260712_0901_vegetative_117_cup.jpg
pre_bloom,flowerin_0000_pre_bloom_85.jpg,data/raw/pre_bloom/flowerin_0000_pre_bloom_85.jpg
budding,20260328_1005_budding_33_rot30.jpg,data/raw/budding/20260328_1005_budding_33_rot30.jpg
budding,20260328_1123_budding_222_cdown.jpg,data/raw/budding/20260328_1123_budding_222_cdown.jpg
vegetative,20260328_1030_vegetative_27_cup.jpg,data/raw/vegetative/20260328_1030_vegetative_27_cup.jpg
pre_bloom,20260328_1108_pre_bloom_60_bup.jpg,data/raw/pre_bloom/20260328_1108_pre_bloom_60_bup.jpg
budding,20260328_1005_budding_7_bup.jpg,data/raw/budding/20260328_1005_budding_7_bup.jpg
pre_bloom,20260328_1043_pre_bloom_45_cup.jpg,data/raw/pre_bloom/20260328_1043_pre_bloom_45_cup.jpg
seed_formation,20260731_1719_seed_formation_180_sdown.jpg,data/raw/seed_formation/20260731_1719_seed_formation_180_sdown.jpg
seed_formation,20260328_1041_seed_formation_114_sdown.jpg,data/raw/seed_formation/20260328_1041_seed_formation_114_sdown.jpg
full_bloom,20260328_1100_full_bloom_95_cdown.jpg,data/raw/full_bloom/20260328_1100_full_bloom_95_cdown.jpg
pre_bloom,20260811_1639_pre_bloom_109_rot45.jpg,data/raw/pre_bloom/20260811_1639_pre_bloom_109_rot45.jpg
pre_bloom,20260328_1018_pre_bloom_19_rot45.jpg,data/raw/pre_bloom/20260328_1018_pre_bloom_19_rot45.jpg
budding,20260328_1042_budding_130_bdown.jpg,data/raw/budding/20260328_1042_budding_130_bdown.jpg
full_bloom,20260727_1709_full_bloom_54_sdown.jpg,data/raw/full_bloom/20260727_1709_full_bloom_54_sdown.jpg
vegetative,20260328_1117_vegetative_82_sup.jpg,data/raw/vegetative/20260328_1117_vegetative_82_sup.jpg
seed_formation,20260328_1008_seed_formation_10_bup.jpg,data/raw/seed_formation/20260328_1008_seed_formation_10_bup.jpg
wilting,20260814_1637_wilting_22_sdown.jpg,data/raw/wilting/20260814_1637_wilting_22_sdown.jpg
budding,20260328_1011_budding_105_bup.jpg,data/raw/budding/20260328_1011_budding_105_bup.jpg
budding,20260328_1059_budding_154_bdown.jpg,data/raw/budding/20260328_1059_budding_154_bdown.jpg
vegetative,20260328_1023_vegetative_18_rot60.jpg,data/raw/vegetative/20260328_1023_vegetative_18_rot60.jpg
pre_bloom,20260727_1555_pre_bloom_41_rot60.jpg,data/raw/pre_bloom/20260727_1555_pre_bloom_41_rot60.jpg
pre_bloom,20260726_1336_pre_bloom_31.jpg,data/raw/pre_bloom/20260726_1336_pre_bloom_31.jpg
seed_formation,seedformation3.jpg,data/raw/seed_formation/seedformation3.jpg
wilting,20260819_1717_wilting_31_rot45.jpg,data/raw/wilting/20260819_1717_wilting_31_rot45.jpg
pre_bloom,20260328_1108_pre_bloom_55_sdown.jpg,data/raw/pre_bloom/20260328_1108_pre_bloom_55_sdown.jpg
vegetative,20260712_0914_vegetative_145.jpg,data/raw/vegetative/20260712_0914_vegetative_145.jpg
budding,20260328_1121_budding_188_rot45.jpg,data/raw/budding/20260328_1121_budding_188_rot45.jpg
vegetative,20260328_1032_vegetative_33.jpg,data/raw/vegetative/20260328_1032_vegetative_33.jpg
vegetative,flowerin_0000_vegetative_169_sup.jpg,data/raw/vegetative/flowerin_0000_vegetative_169_sup.jpg
full_bloom,20260715_1556_full_bloom_5_cup.jpg,data/raw/full_bloom/20260715_1556_full_bloom_5_cup.jpg
vegetative,20260712_0838_vegetative_103_sup.jpg,data/raw/vegetative/20260712_0838_vegetative_103_sup.jpg
seed_formation,20260722_1745_seed_formation_10_bdown.jpg,data/raw/seed_formation/20260722_1745_seed_formation_10_bdown.jpg
vegetative,20260328_1117_vegetative_89_rot45.jpg,data/raw/vegetative/20260328_1117_vegetative_89_rot45.jpg
full_bloom,20260328_1037_full_bloom_34_sdown.jpg,data/raw/full_bloom/20260328_1037_full_bloom_34_sdown.jpg
vegetative,20260328_1038_vegetative_50_bdown.jpg,data/raw/vegetative/20260328_1038_vegetative_50_bdown.jpg
wilting,wilting1_0000_wilting_45_cup.jpg,data/raw/wilting/wilting1_0000_wilting_45_cup.jpg
pre_bloom,20260727_1555_pre_bloom_44_cdown.jpg,data/raw/pre_bloom/20260727_1555_pre_bloom_44_cdown.jpg
seed_formation,20260722_1745_seed_formation_157_rot60.jpg,data/raw/seed_formation/20260722_1745_seed_formation_157_rot60.jpg
vegetative,20260804_1656_vegetative_156.jpg,data/raw/vegetative/20260804_1656_vegetative_156.jpg
seed_formation,20260727_1715_seed_formation_23_sup.jpg,data/raw/seed_formation/20260727_1715_seed_formation_23_sup.jpg
seed_formation,20260727_1732_seed_formation_169_cup.jpg,data/raw/seed_formation/20260727_1732_seed_formation_169_cup.jpg
budding,budding6.jpg,data/raw/budding/budding6.jpg
seed_formation,seedling_0000_seed_formation_190_cup.jpg,data/raw/seed_formation/seedling_0000_seed_formation_190_cup.jpg
vegetative,20260804_1656_vegetative_156_sup.jpg,data/raw/vegetative/20260804_1656_vegetative_156_sup.jpg
budding,20260328_1123_budding_220.jpg,data/raw/budding/20260328_1123_budding_220.jpg
budding,20260328_1111_budding_177_bdown.jpg,data/raw/budding/20260328_1111_budding_177_bdown.jpg
vegetative,vegetative7.jpg,data/raw/vegetative/vegetative7.jpg
seed_formation,20260328_1040_seed_formation_107_bup.jpg,data/raw/seed_formation/20260328_1040_seed_formation_107_bup.jpg
vegetative,20260328_1002_vegetative_2_rot45.jpg,data/raw/vegetative/20260328_1002_vegetative_2_rot45.jpg
pre_bloom,20260712_0854_pre_bloom_4_cdown.jpg,data/raw/pre_bloom/20260712_0854_pre_bloom_4_cdown.jpg
seed_formation,seedling_0000_seed_formation_189_bdown.jpg,data/raw/seed_formation/seedling_0000_seed_formation_189_bdown.jpg
full_bloom,20260328_1053_full_bloom_83_cup.jpg,data/raw/full_bloom/20260328_1053_full_bloom_83_cup.jpg
full_bloom,20260328_1100_full_bloom_99_rot45.jpg,data/raw/full_bloom/20260328_1100_full_bloom_99_rot45.jpg
vegetative,20260712_0901_vegetative_123_rot30.jpg,data/raw/vegetative/20260712_0901_vegetative_123_rot30.jpg
pre_bloom,20260328_1109_pre_bloom_70.jpg,data/raw/pre_bloom/20260328_1109_pre_bloom_70.jpg
seed_formation,20260722_1745_seed_formation_10_sdown.jpg,data/raw/seed_formation/20260722_1745_seed_formation_10_sdown.jpg
full_bloom,flowerin_0000_full_bloom_152_cdown.jpg,data/raw/full_bloom/flowerin_0000_full_bloom_152_cdown.jpg
vegetative,20260712_0902_vegetative_141_sup.jpg,data/raw/vegetative/20260712_0902_vegetative_141_sup.jpg
seed_formation,20260328_1020_seed_formation_54_rot30.jpg,data/raw/seed_formation/20260328_1020_seed_formation_54_rot30.jpg
wilting,20260824_1709_wilting_81_bdown.jpg,data/raw/wilting/20260824_1709_wilting_81_bdown.jpg
full_bloom,20260328_1110_full_bloom_118_rot30.jpg,data/raw/full_bloom/20260328_1110_full_bloom_118_rot30.jpg
seed_formation,20260328_1041_seed_formation_113_rot60.jpg,data/raw/seed_formation/20260328_1041_seed_formation_113_rot60.jpg
vegetative,20260328_1032_vegetative_37_rot30.jpg,data/raw/vegetative/20260328_1032_vegetative_37_rot30.jpg
wilting,20260824_1705_wilting_45_cup.jpg,data/raw/wilting/20260824_1705_wilting_45_cup.jpg
pre_bloom,20260726_1337_pre_bloom_34_rot60.jpg,data/raw/pre_bloom/20260726_1337_pre_bloom_34_rot60.jpg
wilting,20260814_1637_wilting_27_sup.jpg,data/raw/wilting/20260814_1637_wilting_27_sup.jpg
budding,20260328_1122_budding_216_bdown.jpg,data/raw/budding/20260328_1122_budding_216_bdown.jpg
vegetative,20260328_1117_vegetative_82_bup.jpg,data/raw/vegetative/20260328_1117_vegetative_82_bup.jpg
pre_bloom,20260727_1555_pre_bloom_45_sup.jpg,data/raw/pre_bloom/20260727_1555_pre_bloom_45_sup.jpg
wilting,20260824_1708_wilting_73_rot60.jpg,data/raw/wilting/20260824_1708_wilting_73_rot60.jpg
wilting,20260824_1705_wilting_49_rot30.jpg,data/raw/wilting/20260824_1705_wilting_49_rot30.jpg
budding,20260328_1005_budding_7_sup.jpg,data/raw/budding/20260328_1005_budding_7_sup.jpg
seed_formation,20260328_1019_seed_formation_39_rot45.jpg,data/raw/seed_formation/20260328_1019_seed_formation_39_rot45.jpg
vegetative,20260804_1655_vegetative_154_rot30.jpg,data/raw/vegetative/20260804_1655_vegetative_154_rot30.jpg
pre_bloom,20260727_1555_pre_bloom_46_sup.jpg,data/raw/pre_bloom/20260727_1555_pre_bloom_46_sup.jpg
full_bloom,20260328_1052_full_bloom_71_rot60.jpg,data/raw/full_bloom/20260328_1052_full_bloom_71_rot60.jpg
vegetative,20260712_0902_vegetative_141_cup.jpg,data/raw/vegetative/20260712_0902_vegetative_141_cup.jpg
seed_formation,seedformation1.jpg,data/raw/seed_formation/seedformation1.jpg
pre_bloom,20260328_1018_pre_bloom_19_sdown.jpg,data/raw/pre_bloom/20260328_1018_pre_bloom_19_sdown.jpg
seed_formation,20260727_1732_seed_formation_170_bdown.jpg,data/raw/seed_formation/20260727_1732_seed_formation_170_bdown.jpg
full_bloom,20260328_1100_full_bloom_96_rot60.jpg,data/raw/full_bloom/20260328_1100_full_bloom_96_rot60.jpg
seed_formation,20260722_1754_seed_formation_158.jpg,data/raw/seed_formation/20260722_1754_seed_formation_158.jpg
vegetative,vegetati_0000_vegetative_178_sdown.jpg,data/raw/vegetative/vegetati_0000_vegetative_178_sdown.jpg
full_bloom,20260722_1803_full_bloom_27.jpg,data/raw/full_bloom/20260722_1803_full_bloom_27.jpg
full_bloom,20260727_1722_full_bloom_65_rot60.jpg,data/raw/full_bloom/20260727_1722_full_bloom_65_rot60.jpg
seed_formation,20260715_1602_seed_formation_145_cup.jpg,data/raw/seed_formation/20260715_1602_seed_formation_145_cup.jpg
budding,20260328_1005_budding_4_cdown.jpg,data/raw/budding/20260328_1005_budding_4_cdown.jpg
pre_bloom,20260811_1640_pre_bloom_125.jpg,data/raw/pre_bloom/20260811_1640_pre_bloom_125.jpg
seed_formation,20260727_1733_seed_formation_176_cup.jpg,data/raw/seed_formation/20260727_1733_seed_formation_176_cup.jpg
budding,20260328_1005_budding_15_rot30.jpg,data/raw/budding/20260328_1005_budding_15_rot30.jpg
seed_formation,20260727_1715_seed_formation_33.jpg,data/raw/seed_formation/20260727_1715_seed_formation_33.jpg
seed_formation,20260328_1020_seed_formation_44_rot60.jpg,data/raw/seed_formation/20260328_1020_seed_formation_44_rot60.jpg
wilting,20260722_1658_wilting_6_bup.jpg,data/raw/wilting/20260722_1658_wilting_6_bup.jpg
vegetative,20260328_1030_vegetative_28.jpg,data/raw/vegetative/20260328_1030_vegetative_28.jpg
pre_bloom,prebloom2.jpg,data/raw/pre_bloom/prebloom2.jpg
wilting,20260814_1637_wilting_10_cup.jpg,data/raw/wilting/20260814_1637_wilting_10_cup.jpg
vegetative,20260712_0902_vegetative_141_rot45.jpg,data/raw/vegetative/20260712_0902_vegetative_141_rot45.jpg
pre_bloom,20260804_1723_pre_bloom_98_cup.jpg,data/raw/pre_bloom/20260804_1723_pre_bloom_98_cup.jpg
pre_bloom,20260722_1743_pre_bloom_20_rot60.jpg,data/raw/pre_bloom/20260722_1743_pre_bloom_20_rot60.jpg
pre_bloom,20260328_1043_pre_bloom_42_bup.jpg,data/raw/pre_bloom/20260328_1043_pre_bloom_42_bup.jpg
pre_bloom,20260804_1723_pre_bloom_96.jpg,data/raw/pre_bloom/20260804_1723_pre_bloom_96.jpg
full_bloom,20260328_1051_full_bloom_52_rot30.jpg,data/raw/full_bloom/20260328_1051_full_bloom_52_rot30.jpg
full_bloom,20260328_1114_full_bloom_127_rot30.jpg,data/raw/full_bloom/20260328_1114_full_bloom_127_rot30.jpg
wilting,20260819_1705_wilting_17_sup.jpg,data/raw/wilting/20260819_1705_wilting_17_sup.jpg
pre_bloom,20260328_1108_pre_bloom_53_cup.jpg,data/raw/pre_bloom/20260328_1108_pre_bloom_53_cup.jpg
wilting,20260814_1646_wilting_42_cup.jpg,data/raw/wilting/20260814_1646_wilting_42_cup.jpg
budding,20260328_1110_budding_173_rot45.jpg,data/raw/budding/20260328_1110_budding_173_rot45.jpg
vegetative,20260328_1015_vegetative_12_sdown.jpg,data/raw/vegetative/20260328_1015_vegetative_12_sdown.jpg
seed_formation,20260727_1715_seed_formation_27.jpg,data/raw/seed_formation/20260727_1715_seed_formation_27.jpg
budding,budding3_0000_budding_225_cdown.jpg,data/raw/budding/budding3_0000_budding_225_cdown.jpg
pre_bloom,20260712_0914_pre_bloom_74_rot45.jpg,data/raw/pre_bloom/20260712_0914_pre_bloom_74_rot45.jpg
seed_formation,20260328_1041_seed_formation_108_rot60.jpg,data/raw/seed_formation/20260328_1041_seed_formation_108_rot60.jpg
vegetative,20260328_1037_vegetative_44_cdown.jpg,data/raw/vegetative/20260328_1037_vegetative_44_cdown.jpg
pre_bloom,20260811_1640_pre_bloom_118_rot45.jpg,data/raw/pre_bloom/20260811_1640_pre_bloom_118_rot45.jpg
full_bloom,20260328_1014_full_bloom_18_bdown.jpg,data/raw/full_bloom/20260328_1014_full_bloom_18_bdown.jpg
budding,20260328_1005_budding_39_bdown.jpg,data/raw/budding/20260328_1005_budding_39_bdown.jpg
full_bloom,20260727_1724_full_bloom_68_rot30.jpg,data/raw/full_bloom/20260727_1724_full_bloom_68_rot30.jpg
budding,20260328_1005_budding_65_cup.jpg,data/raw/budding/20260328_1005_budding_65_cup.jpg
full_bloom,20260328_1054_full_bloom_90_cup.jpg,data/raw/full_bloom/20260328_1054_full_bloom_90_cup.jpg
full_bloom,20260328_1100_full_bloom_95_rot30.jpg,data/raw/full_bloom/20260328_1100_full_bloom_95_rot30.jpg
pre_bloom,20260811_1640_pre_bloom_125_cup.jpg,data/raw/pre_bloom/20260811_1640_pre_bloom_125_cup.jpg
budding,20260328_1005_budding_8_bup.jpg,data/raw/budding/20260328_1005_budding_8_bup.jpg
pre_bloom,20260722_1742_pre_bloom_15_cup.jpg,data/raw/pre_bloom/20260722_1742_pre_bloom_15_cup.jpg
wilting,20260824_1705_wilting_51_bdown.jpg,data/raw/wilting/20260824_1705_wilting_51_bdown.jpg
wilting,20260824_1706_wilting_62_sup.jpg,data/raw/wilting/20260824_1706_wilting_62_sup.jpg
full_bloom,20260328_1052_full_bloom_61_bdown.jpg,data/raw/full_bloom/20260328_1052_full_bloom_61_bdown.jpg
vegetative,vegetati_0000_vegetative_171_cup.jpg,data/raw/vegetative/vegetati_0000_vegetative_171_cup.jpg
budding,20260328_1121_budding_184_bdown.jpg,data/raw/budding/20260328_1121_budding_184_bdown.jpg
seed_formation,20260328_1020_seed_formation_46_bup.jpg,data/raw/seed_formation/20260328_1020_seed_formation_46_bup.jpg
budding,20260328_1005_budding_70_rot60.jpg,data/raw/budding/20260328_1005_budding_70_rot60.jpg
pre_bloom,20260712_0913_pre_bloom_73_cdown.jpg,data/raw/pre_bloom/20260712_0913_pre_bloom_73_cdown.jpg
seed_formation,20260328_1041_seed_formation_109_cdown.jpg,data/raw/seed_formation/20260328_1041_seed_formation_109_cdown.jpg
budding,20260328_1056_budding_152_bup.jpg,data/raw/budding/20260328_1056_budding_152_bup.jpg
seed_formation,20260328_1023_seed_formation_72_bdown.jpg,data/raw/seed_formation/20260328_1023_seed_formation_72_bdown.jpg
full_bloom,20260328_1013_full_bloom_11_bup.jpg,data/raw/full_bloom/20260328_1013_full_bloom_11_bup.jpg
seed_formation,20260727_1715_seed_formation_29_bup.jpg,data/raw/seed_formation/20260727_1715_seed_formation_29_bup.jpg
pre_bloom,20260712_0854_pre_bloom_3_bdown.jpg,data/raw/pre_bloom/20260712_0854_pre_bloom_3_bdown.jpg
full_bloom,20260328_1052_full_bloom_69.jpg,data/raw/full_bloom/20260328_1052_full_bloom_69.jpg
pre_bloom,20260731_1658_pre_bloom_87_rot45.jpg,data/raw/pre_bloom/20260731_1658_pre_bloom_87_rot45.jpg
wilting,20260824_1708_wilting_78_bdown.jpg,data/raw/wilting/20260824_1708_wilting_78_bdown.jpg
full_bloom,20260727_1709_full_bloom_51_sup.jpg,data/raw/full_bloom/20260727_1709_full_bloom_51_sup.jpg
seed_formation,20260328_1020_seed_formation_56_cdown.jpg,data/raw/seed_formation/20260328_1020_seed_formation_56_cdown.jpg
budding,20260328_1056_budding_150_rot30.jpg,data/raw/budding/20260328_1056_budding_150_rot30.jpg
full_bloom,20260328_1114_full_bloom_127_sdown.jpg,data/raw/full_bloom/20260328_1114_full_bloom_127_sdown.jpg
pre_bloom,20260727_1737_pre_bloom_77_rot45.jpg,data/raw/pre_bloom/20260727_1737_pre_bloom_77_rot45.jpg
seed_formation,20260727_1733_seed_formation_175_sdown.jpg,data/raw/seed_formation/20260727_1733_seed_formation_175_sdown.jpg
vegetative,20260328_1117_vegetative_91_cdown.jpg,data/raw/vegetative/20260328_1117_vegetative_91_cdown.jpg
wilting,20260824_1719_wilting_88_cdown.jpg,data/raw/wilting/20260824_1719_wilting_88_cdown.jpg
seed_formation,20260722_1745_seed_formation_157.jpg,data/raw/seed_formation/20260722_1745_seed_formation_157.jpg
wilting,20260814_1637_wilting_26_rot60.jpg,data/raw/wilting/20260814_1637_wilting_26_rot60.jpg
vegetative,20260328_1037_vegetative_45_bup.jpg,data/raw/vegetative/20260328_1037_vegetative_45_bup.jpg
wilting,20260727_1724_wilting_11_cdown.jpg,data/raw/wilting/20260727_1724_wilting_11_cdown.jpg
pre_bloom,20260727_1555_pre_bloom_37_bup.jpg,data/raw/pre_bloom/20260727_1555_pre_bloom_37_bup.jpg
pre_bloom,flowerin_0000_pre_bloom_85_cup.jpg,data/raw/pre_bloom/flowerin_0000_pre_bloom_85_cup.jpg
full_bloom,20260727_1724_full_bloom_68.jpg,data/raw/full_bloom/20260727_1724_full_bloom_68.jpg
wilting,20260824_1706_wilting_62_sdown.jpg,data/raw/wilting/20260824_1706_wilting_62_sdown.jpg
wilting,20260819_1717_wilting_27_sup.jpg,data/raw/wilting/20260819_1717_wilting_27_sup.jpg
wilting,20260824_1721_wilting_97.jpg,data/raw/wilting/20260824_1721_wilting_97.jpg
budding,20260328_1011_budding_101_sdown.jpg,data/raw/budding/20260328_1011_budding_101_sdown.jpg
full_bloom,20260328_1100_full_bloom_96_sdown.jpg,data/raw/full_bloom/20260328_1100_full_bloom_96_sdown.jpg
seed_formation,seedling_0000_seed_formation_190_bup.jpg,data/raw/seed_formation/seedling_0000_seed_formation_190_bup.jpg
budding,20260328_1122_budding_204_bdown.jpg,data/raw/budding/20260328_1122_budding_204_bdown.jpg
seed_formation,20260328_1007_seed_formation_5_rot60.jpg,data/raw/seed_formation/20260328_1007_seed_formation_5_rot60.jpg
wilting,20260814_1636_wilting_15_bup.jpg,data/raw/wilting/20260814_1636_wilting_15_bup.jpg
budding,20260328_1055_budding_137_rot30.jpg,data/raw/budding/20260328_1055_budding_137_rot30.jpg
pre_bloom,20260328_1108_pre_bloom_55_sup.jpg,data/raw/pre_bloom/20260328_1108_pre_bloom_55_sup.jpg
vegetative,20260328_1116_vegetative_74_sdown.jpg,data/raw/vegetative/20260328_1116_vegetative_74_sdown.jpg
budding,20260328_1011_budding_89_sup.jpg,data/raw/budding/20260328_1011_budding_89_sup.jpg
budding,20260328_1010_budding_80.jpg,data/raw/budding/20260328_1010_budding_80.jpg
pre_bloom,20260328_1043_pre_bloom_46_cup.jpg,data/raw/pre_bloom/20260328_1043_pre_bloom_46_cup.jpg
pre_bloom,20260722_1742_pre_bloom_18_bup.jpg,data/raw/pre_bloom/20260722_1742_pre_bloom_18_bup.jpg
vegetative,20260328_1030_vegetative_23_rot45.jpg,data/raw/vegetative/20260328_1030_vegetative_23_rot45.jpg
full_bloom,flowerin_0000_full_bloom_156_cdown.jpg,data/raw/full_bloom/flowerin_0000_full_bloom_156_cdown.jpg
budding,20260328_1055_budding_140_bup.jpg,data/raw/budding/20260328_1055_budding_140_bup.jpg
budding,20260328_1005_budding_29_cup.jpg,data/raw/budding/20260328_1005_budding_29_cup.jpg
wilting,20260824_1721_wilting_100.jpg,data/raw/wilting/20260824_1721_wilting_100.jpg
wilting,20260819_1716_wilting_25_rot30.jpg,data/raw/wilting/20260819_1716_wilting_25_rot30.jpg
seed_formation,20260328_1022_seed_formation_63_bdown.jpg,data/raw/seed_formation/20260328_1022_seed_formation_63_bdown.jpg
pre_bloom,20260328_1043_pre_bloom_35_cup.jpg,data/raw/pre_bloom/20260328_1043_pre_bloom_35_cup.jpg
vegetative,20260328_1123_vegetative_96_sup.jpg,data/raw/vegetative/20260328_1123_vegetative_96_sup.jpg
budding,20260328_1011_budding_101.jpg,data/raw/budding/20260328_1011_budding_101.jpg
seed_formation,20260328_1041_seed_formation_120_sup.jpg,data/raw/seed_formation/20260328_1041_seed_formation_120_sup.jpg
budding,20260328_1123_budding_218_rot60.jpg,data/raw/budding/20260328_1123_budding_218_rot60.jpg
pre_bloom,20260727_1555_pre_bloom_42.jpg,data/raw/pre_bloom/20260727_1555_pre_bloom_42.jpg
full_bloom,20260328_1037_full_bloom_35_cup.jpg,data/raw/full_bloom/20260328_1037_full_bloom_35_cup.jpg
vegetative,flowerin_0000_vegetative_170_rot60.jpg,data/raw/vegetative/flowerin_0000_vegetative_170_rot60.jpg
pre_bloom,20260722_1743_pre_bloom_24_rot30.jpg,data/raw/pre_bloom/20260722_1743_pre_bloom_24_rot30.jpg
vegetative,20260328_1117_vegetative_89_sdown.jpg,data/raw/vegetative/20260328_1117_vegetative_89_sdown.jpg
wilting,20260824_1706_wilting_62_bdown.jpg,data/raw/wilting/20260824_1706_wilting_62_bdown.jpg
seed_formation,20260328_1019_seed_formation_39_sdown.jpg,data/raw/seed_formation/20260328_1019_seed_formation_39_sdown.jpg
pre_bloom,20260727_1736_pre_bloom_67_rot30.jpg,data/raw/pre_bloom/20260727_1736_pre_bloom_67_rot30.jpg
budding,20260328_1055_budding_134_rot45.jpg,data/raw/budding/20260328_1055_budding_134_rot45.jpg
seed_formation,20260328_1022_seed_formation_65_sdown.jpg,data/raw/seed_formation/20260328_1022_seed_formation_65_sdown.jpg
vegetative,20260328_1032_vegetative_33_rot60.jpg,data/raw/vegetative/20260328_1032_vegetative_33_rot60.jpg
pre_bloom,20260328_1108_pre_bloom_49_cup.jpg,data/raw/pre_bloom/20260328_1108_pre_bloom_49_cup.jpg
budding,20260328_1121_budding_191_cdown.jpg,data/raw/budding/20260328_1121_budding_191_cdown.jpg
full_bloom,20260328_1051_full_bloom_48_bdown.jpg,data/raw/full_bloom/20260328_1051_full_bloom_48_bdown.jpg
vegetative,20260712_0851_vegetative_111_rot45.jpg,data/raw/vegetative/20260712_0851_vegetative_111_rot45.jpg
full_bloom,20260328_1052_full_bloom_60_sdown.jpg,data/raw/full_bloom/20260328_1052_full_bloom_60_sdown.jpg
full_bloom,20260328_1036_full_bloom_27.jpg,data/raw/full_bloom/20260328_1036_full_bloom_27.jpg
pre_bloom,20260722_1743_pre_bloom_22_sdown.jpg,data/raw/pre_bloom/20260722_1743_pre_bloom_22_sdown.jpg
vegetative,20260328_1032_vegetative_34_bup.jpg,data/raw/vegetative/20260328_1032_vegetative_34_bup.jpg
pre_bloom,20260727_1711_pre_bloom_55_cdown.jpg,data/raw/pre_bloom/20260727_1711_pre_bloom_55_cdown.jpg
full_bloom,20260328_1111_full_bloom_122_cdown.jpg,data/raw/full_bloom/20260328_1111_full_bloom_122_cdown.jpg
wilting,20260824_1708_wilting_75_cup.jpg,data/raw/wilting/20260824_1708_wilting_75_cup.jpg
full_bloom,20260727_1724_full_bloom_68_bdown.jpg,data/raw/full_bloom/20260727_1724_full_bloom_68_bdown.jpg
budding,20260328_1010_budding_78_sup.jpg,data/raw/budding/20260328_1010_budding_78_sup.jpg
wilting,20260814_1636_wilting_20_rot30.jpg,data/raw/wilting/20260814_1636_wilting_20_rot30.jpg
pre_bloom,20260328_1042_pre_bloom_30.jpg,data/raw/pre_bloom/20260328_1042_pre_bloom_30.jpg
budding,20260328_1005_budding_9_cdown.jpg,data/raw/budding/20260328_1005_budding_9_cdown.jpg
full_bloom,20260715_1557_full_bloom_15_sdown.jpg,data/raw/full_bloom/20260715_1557_full_bloom_15_sdown.jpg
full_bloom,20260722_1803_full_bloom_25_rot30.jpg,data/raw/full_bloom/20260722_1803_full_bloom_25_rot30.jpg
wilting,20260814_1636_wilting_15.jpg,data/raw/wilting/20260814_1636_wilting_15.jpg
pre_bloom,20260727_1711_pre_bloom_49_rot60.jpg,data/raw/pre_bloom/20260727_1711_pre_bloom_49_rot60.jpg
wilting,20260824_1720_wilting_94_bup.jpg,data/raw/wilting/20260824_1720_wilting_94_bup.jpg
seed_formation,20260727_1715_seed_formation_23.jpg,data/raw/seed_formation/20260727_1715_seed_formation_23.jpg
wilting,20260814_1637_wilting_22_sup.jpg,data/raw/wilting/20260814_1637_wilting_22_sup.jpg
vegetative,20260712_0902_vegetative_130_cup.jpg,data/raw/vegetative/20260712_0902_vegetative_130_cup.jpg
wilting,20260328_1056_wilting_3_sdown.jpg,data/raw/wilting/20260328_1056_wilting_3_sdown.jpg
wilting,20260824_1708_wilting_72_rot60.jpg,data/raw/wilting/20260824_1708_wilting_72_rot60.jpg
full_bloom,20260328_1100_full_bloom_96_sup.jpg,data/raw/full_bloom/20260328_1100_full_bloom_96_sup.jpg
full_bloom,20260328_1013_full_bloom_11_sup.jpg,data/raw/full_bloom/20260328_1013_full_bloom_11_sup.jpg
budding,20260328_1110_budding_169_rot45.jpg,data/raw/budding/20260328_1110_budding_169_rot45.jpg
vegetative,20260712_0838_vegetative_103_sdown.jpg,data/raw/vegetative/20260712_0838_vegetative_103_sdown.jpg
seed_formation,20260731_1719_seed_formation_180_rot30.jpg,data/raw/seed_formation/20260731_1719_seed_formation_180_rot30.jpg
pre_bloom,20260328_1108_pre_bloom_59_bup.jpg,data/raw/pre_bloom/20260328_1108_pre_bloom_59_bup.jpg
pre_bloom,20260731_1657_pre_bloom_83_sup.jpg,data/raw/pre_bloom/20260731_1657_pre_bloom_83_sup.jpg
budding,20260328_1005_budding_62_bup.jpg,data/raw/budding/20260328_1005_budding_62_bup.jpg
seed_formation,20260328_1039_seed_formation_90_cdown.jpg,data/raw/seed_formation/20260328_1039_seed_formation_90_cdown.jpg
seed_formation,20260328_1042_seed_formation_124_rot60.jpg,data/raw/seed_formation/20260328_1042_seed_formation_124_rot60.jpg
pre_bloom,20260727_1556_pre_bloom_48.jpg,data/raw/pre_bloom/20260727_1556_pre_bloom_48.jpg
pre_bloom,20260727_1736_pre_bloom_67_cup.jpg,data/raw/pre_bloom/20260727_1736_pre_bloom_67_cup.jpg
budding,20260328_1005_budding_14_rot45.jpg,data/raw/budding/20260328_1005_budding_14_rot45.jpg
full_bloom,20260328_1054_full_bloom_86_bdown.jpg,data/raw/full_bloom/20260328_1054_full_bloom_86_bdown.jpg
wilting,20260824_1721_wilting_107_sup.jpg,data/raw/wilting/20260824_1721_wilting_107_sup.jpg
full_bloom,flowerin_0000_full_bloom_154_sup.jpg,data/raw/full_bloom/flowerin_0000_full_bloom_154_sup.jpg
budding,20260328_1011_budding_93_sup.jpg,data/raw/budding/20260328_1011_budding_93_sup.jpg
full_bloom,20260722_1744_full_bloom_23_sdown.jpg,data/raw/full_bloom/20260722_1744_full_bloom_23_sdown.jpg
pre_bloom,20260731_1708_pre_bloom_91_rot45.jpg,data/raw/pre_bloom/20260731_1708_pre_bloom_91_rot45.jpg
pre_bloom,20260726_1336_pre_bloom_27_rot60.jpg,data/raw/pre_bloom/20260726_1336_pre_bloom_27_rot60.jpg
seed_formation,20260727_1733_seed_formation_172_bup.jpg,data/raw/seed_formation/20260727_1733_seed_formation_172_bup.jpg
wilting,20260727_1724_wilting_11.jpg,data/raw/wilting/20260727_1724_wilting_11.jpg
pre_bloom,20260731_1708_pre_bloom_89_rot45.jpg,data/raw/pre_bloom/20260731_1708_pre_bloom_89_rot45.jpg
pre_bloom,20260727_1555_pre_bloom_46_sdown.jpg,data/raw/pre_bloom/20260727_1555_pre_bloom_46_sdown.jpg
budding,20260328_1055_budding_141_cup.jpg,data/raw/budding/20260328_1055_budding_141_cup.jpg
vegetative,20260328_1123_vegetative_97_cdown.jpg,data/raw/vegetative/20260328_1123_vegetative_97_cdown.jpg
full_bloom,20260328_1109_full_bloom_105_bdown.jpg,data/raw/full_bloom/20260328_1109_full_bloom_105_bdown.jpg
full_bloom,20260727_1709_full_bloom_40_sup.jpg,data/raw/full_bloom/20260727_1709_full_bloom_40_sup.jpg
seed_formation,20260727_1715_seed_formation_26_rot60.jpg,data/raw/seed_formation/20260727_1715_seed_formation_26_rot60.jpg
pre_bloom,20260731_1708_pre_bloom_90_bdown.jpg,data/raw/pre_bloom/20260731_1708_pre_bloom_90_bdown.jpg
full_bloom,20260328_1051_full_bloom_50_rot30.jpg,data/raw/full_bloom/20260328_1051_full_bloom_50_rot30.jpg
full_bloom,20260328_1100_full_bloom_98_rot45.jpg,data/raw/full_bloom/20260328_1100_full_bloom_98_rot45.jpg
full_bloom,20260727_1723_full_bloom_67_rot45.jpg,data/raw/full_bloom/20260727_1723_full_bloom_67_rot45.jpg
full_bloom,flowerin_0000_full_bloom_147_sdown.jpg,data/raw/full_bloom/flowerin_0000_full_bloom_147_sdown.jpg
vegetative,20260712_0838_vegetative_104_sup.jpg,data/raw/vegetative/20260712_0838_vegetative_104_sup.jpg
seed_formation,20260328_1042_seed_formation_121_sup.jpg,data/raw/seed_formation/20260328_1042_seed_formation_121_sup.jpg
budding,20260328_1005_budding_13_rot60.jpg,data/raw/budding/20260328_1005_budding_13_rot60.jpg
wilting,20260814_1637_wilting_23_sdown.jpg,data/raw/wilting/20260814_1637_wilting_23_sdown.jpg
full_bloom,20260328_1116_full_bloom_144.jpg,data/raw/full_bloom/20260328_1116_full_bloom_144.jpg
pre_bloom,20260328_1005_pre_bloom_8_sdown.jpg,data/raw/pre_bloom/20260328_1005_pre_bloom_8_sdown.jpg
seed_formation,20260328_1008_seed_formation_18_sup.jpg,data/raw/seed_formation/20260328_1008_seed_formation_18_sup.jpg
pre_bloom,flowerin_0000_pre_bloom_81_bup.jpg,data/raw/pre_bloom/flowerin_0000_pre_bloom_81_bup.jpg
budding,20260328_1005_budding_16_bdown.jpg,data/raw/budding/20260328_1005_budding_16_bdown.jpg
full_bloom,20260727_1722_full_bloom_63_bup.jpg,data/raw/full_bloom/20260727_1722_full_bloom_63_bup.jpg
full_bloom,20260727_1722_full_bloom_65.jpg,data/raw/full_bloom/20260727_1722_full_bloom_65.jpg
seed_formation,20260328_1041_seed_formation_108_rot30.jpg,data/raw/seed_formation/20260328_1041_seed_formation_108_rot30.jpg
budding,20260328_1115_budding_181_cdown.jpg,data/raw/budding/20260328_1115_budding_181_cdown.jpg
pre_bloom,20260726_1336_pre_bloom_27_rot30.jpg,data/raw/pre_bloom/20260726_1336_pre_bloom_27_rot30.jpg
full_bloom,flowerin_0000_full_bloom_149_rot30.jpg,data/raw/full_bloom/flowerin_0000_full_bloom_149_rot30.jpg
seed_formation,20260328_1041_seed_formation_120_sdown.jpg,data/raw/seed_formation/20260328_1041_seed_formation_120_sdown.jpg
budding,20260328_1055_budding_146_cup.jpg,data/raw/budding/20260328_1055_budding_146_cup.jpg
budding,20260328_1005_budding_4_rot30.jpg,data/raw/budding/20260328_1005_budding_4_rot30.jpg
budding,20260328_1005_budding_66_sup.jpg,data/raw/budding/20260328_1005_budding_66_sup.jpg
full_bloom,20260727_1711_full_bloom_55_rot45.jpg,data/raw/full_bloom/20260727_1711_full_bloom_55_rot45.jpg
seed_formation,20260727_1733_seed_formation_176_rot60.jpg,data/raw/seed_formation/20260727_1733_seed_formation_176_rot60.jpg
seed_formation,20260731_1719_seed_formation_181_rot45.jpg,data/raw/seed_formation/20260731_1719_seed_formation_181_rot45.jpg
pre_bloom,20260727_1737_pre_bloom_75.jpg,data/raw/pre_bloom/20260727_1737_pre_bloom_75.jpg
wilting,20260727_1724_wilting_12_bup.jpg,data/raw/wilting/20260727_1724_wilting_12_bup.jpg
full_bloom,20260715_1557_full_bloom_13_cdown.jpg,data/raw/full_bloom/20260715_1557_full_bloom_13_cdown.jpg
full_bloom,20260328_1110_full_bloom_118_cdown.jpg,data/raw/full_bloom/20260328_1110_full_bloom_118_cdown.jpg
pre_bloom,20260328_1006_pre_bloom_13_rot45.jpg,data/raw/pre_bloom/20260328_1006_pre_bloom_13_rot45.jpg
pre_bloom,20260328_1109_pre_bloom_69_cdown.jpg,data/raw/pre_bloom/20260328_1109_pre_bloom_69_cdown.jpg
budding,20260328_1005_budding_58_bup.jpg,data/raw/budding/20260328_1005_budding_58_bup.jpg
seed_formation,20260328_1007_seed_formation_6_cdown.jpg,data/raw/seed_formation/20260328_1007_seed_formation_6_cdown.jpg
pre_bloom,20260328_1018_pre_bloom_19_bup.jpg,data/raw/pre_bloom/20260328_1018_pre_bloom_19_bup.jpg
pre_bloom,20260328_1003_pre_bloom_3_sdown.jpg,data/raw/pre_bloom/20260328_1003_pre_bloom_3_sdown.jpg
wilting,20260814_1637_wilting_7_sup.jpg,data/raw/wilting/20260814_1637_wilting_7_sup.jpg
pre_bloom,20260712_0855_pre_bloom_9.jpg,data/raw/pre_bloom/20260712_0855_pre_bloom_9.jpg
pre_bloom,20260726_1336_pre_bloom_29_rot60.jpg,data/raw/pre_bloom/20260726_1336_pre_bloom_29_rot60.jpg
budding,20260328_1010_budding_74_sdown.jpg,data/raw/budding/20260328_1010_budding_74_sdown.jpg
full_bloom,20260722_1804_full_bloom_30_rot30.jpg,data/raw/full_bloom/20260722_1804_full_bloom_30_rot30.jpg
seed_formation,20260328_1006_seed_formation_3_bdown.jpg,data/raw/seed_formation/20260328_1006_seed_formation_3_bdown.jpg
vegetative,20260804_1656_vegetative_155_sup.jpg,data/raw/vegetative/20260804_1656_vegetative_155_sup.jpg
full_bloom,20260328_1053_full_bloom_80_sdown.jpg,data/raw/full_bloom/20260328_1053_full_bloom_80_sdown.jpg
pre_bloom,20260722_1743_pre_bloom_21_rot30.jpg,data/raw/pre_bloom/20260722_1743_pre_bloom_21_rot30.jpg
budding,20260328_1005_budding_70_cdown.jpg,data/raw/budding/20260328_1005_budding_70_cdown.jpg
seed_formation,20260328_1019_seed_formation_39_rot30.jpg,data/raw/seed_formation/20260328_1019_seed_formation_39_rot30.jpg
wilting,20260824_1708_wilting_73_sdown.jpg,data/raw/wilting/20260824_1708_wilting_73_sdown.jpg
seed_formation,20260715_1554_seed_formation_129_rot60.jpg,data/raw/seed_formation/20260715_1554_seed_formation_129_rot60.jpg
wilting,20260824_1721_wilting_98_bup.jpg,data/raw/wilting/20260824_1721_wilting_98_bup.jpg
budding,20260328_1010_budding_82_cdown.jpg,data/raw/budding/20260328_1010_budding_82_cdown.jpg
wilting,20260819_1716_wilting_18_cdown.jpg,data/raw/wilting/20260819_1716_wilting_18_cdown.jpg
full_bloom,20260328_1014_full_bloom_17_cdown.jpg,data/raw/full_bloom/20260328_1014_full_bloom_17_cdown.jpg
full_bloom,20260715_1556_full_bloom_8_bup.jpg,data/raw/full_bloom/20260715_1556_full_bloom_8_bup.jpg
vegetative,20260328_1117_vegetative_82_cdown.jpg,data/raw/vegetative/20260328_1117_vegetative_82_cdown.jpg
seed_formation,20260328_1041_seed_formation_110_bdown.jpg,data/raw/seed_formation/20260328_1041_seed_formation_110_bdown.jpg
pre_bloom,20260328_1042_pre_bloom_33_cdown.jpg,data/raw/pre_bloom/20260328_1042_pre_bloom_33_cdown.jpg
vegetative,20260712_0902_vegetative_131_cdown.jpg,data/raw/vegetative/20260712_0902_vegetative_131_cdown.jpg
seed_formation,20260722_1745_seed_formation_157_rot45.jpg,data/raw/seed_formation/20260722_1745_seed_formation_157_rot45.jpg
budding,20260328_1005_budding_45_sup.jpg,data/raw/budding/20260328_1005_budding_45_sup.jpg
seed_formation,20260328_1020_seed_formation_55_sdown.jpg,data/raw/seed_formation/20260328_1020_seed_formation_55_sdown.jpg
seed_formation,20260722_1745_seed_formation_150_cup.jpg,data/raw/seed_formation/20260722_1745_seed_formation_150_cup.jpg
wilting,20260814_1646_wilting_42_bdown.jpg,data/raw/wilting/20260814_1646_wilting_42_bdown.jpg
full_bloom,20260715_1557_full_bloom_12.jpg,data/raw/full_bloom/20260715_1557_full_bloom_12.jpg
vegetative,20260328_1032_vegetative_34_rot45.jpg,data/raw/vegetative/20260328_1032_vegetative_34_rot45.jpg
full_bloom,20260328_1052_full_bloom_60.jpg,data/raw/full_bloom/20260328_1052_full_bloom_60.jpg
seed_formation,20260328_1020_seed_formation_44_bdown.jpg,data/raw/seed_formation/20260328_1020_seed_formation_44_bdown.jpg
vegetative,20260712_0902_vegetative_132.jpg,data/raw/vegetative/20260712_0902_vegetative_132.jpg
full_bloom,20260328_1052_full_bloom_60_rot30.jpg,data/raw/full_bloom/20260328_1052_full_bloom_60_rot30.jpg
seed_formation,20260328_1020_seed_formation_41_cdown.jpg,data/raw/seed_formation/20260328_1020_seed_formation_41_cdown.jpg
vegetative,20260328_1117_vegetative_76_bup.jpg,data/raw/vegetative/20260328_1117_vegetative_76_bup.jpg
seed_formation,20260328_1040_seed_formation_98_sdown.jpg,data/raw/seed_formation/20260328_1040_seed_formation_98_sdown.jpg
vegetative,20260722_1821_vegetative_152_sdown.jpg,data/raw/vegetative/20260722_1821_vegetative_152_sdown.jpg
pre_bloom,20260804_1724_pre_bloom_106_cdown.jpg,data/raw/pre_bloom/20260804_1724_pre_bloom_106_cdown.jpg
pre_bloom,20260328_1006_pre_bloom_13_cdown.jpg,data/raw/pre_bloom/20260328_1006_pre_bloom_13_cdown.jpg
full_bloom,flowerin_0000_full_bloom_148_cup.jpg,data/raw/full_bloom/flowerin_0000_full_bloom_148_cup.jpg
seed_formation,20260328_1008_seed_formation_16_sup.jpg,data/raw/seed_formation/20260328_1008_seed_formation_16_sup.jpg
full_bloom,20260328_1115_full_bloom_142_sdown.jpg,data/raw/full_bloom/20260328_1115_full_bloom_142_sdown.jpg
budding,20260328_1005_budding_54_rot30.jpg,data/raw/budding/20260328_1005_budding_54_rot30.jpg
pre_bloom,20260328_1042_pre_bloom_29_rot45.jpg,data/raw/pre_bloom/20260328_1042_pre_bloom_29_rot45.jpg
wilting,20260814_1647_wilting_43_rot30.jpg,data/raw/wilting/20260814_1647_wilting_43_rot30.jpg
pre_bloom,20260328_1018_pre_bloom_19_cup.jpg,data/raw/pre_bloom/20260328_1018_pre_bloom_19_cup.jpg
wilting,20260824_1706_wilting_56_rot45.jpg,data/raw/wilting/20260824_1706_wilting_56_rot45.jpg
vegetative,20260712_0901_vegetative_121_cup.jpg,data/raw/vegetative/20260712_0901_vegetative_121_cup.jpg
wilting,20260814_1637_wilting_22_bdown.jpg,data/raw/wilting/20260814_1637_wilting_22_bdown.jpg
pre_bloom,20260727_1737_pre_bloom_77_sdown.jpg,data/raw/pre_bloom/20260727_1737_pre_bloom_77_sdown.jpg
budding,20260328_1122_budding_213.jpg,data/raw/budding/20260328_1122_budding_213.jpg
full_bloom,20260328_1053_full_bloom_76.jpg,data/raw/full_bloom/20260328_1053_full_bloom_76.jpg
seed_formation,20260328_1039_seed_formation_82_sdown.jpg,data/raw/seed_formation/20260328_1039_seed_formation_82_sdown.jpg
pre_bloom,20260712_0854_pre_bloom_2_rot60.jpg,data/raw/pre_bloom/20260712_0854_pre_bloom_2_rot60.jpg
seed_formation,20260328_1021_seed_formation_59_rot45.jpg,data/raw/seed_formation/20260328_1021_seed_formation_59_rot45.jpg
full_bloom,20260328_1110_full_bloom_116_rot60.jpg,data/raw/full_bloom/20260328_1110_full_bloom_116_rot60.jpg
wilting,20260814_1646_wilting_39_cdown.jpg,data/raw/wilting/20260814_1646_wilting_39_cdown.jpg
vegetative,20260328_1032_vegetative_34.jpg,data/raw/vegetative/20260328_1032_vegetative_34.jpg
wilting,20260824_1706_wilting_61_bup.jpg,data/raw/wilting/20260824_1706_wilting_61_bup.jpg
pre_bloom,20260712_0854_pre_bloom_2_bup.jpg,data/raw/pre_bloom/20260712_0854_pre_bloom_2_bup.jpg
wilting,20260824_1705_wilting_49_sdown.jpg,data/raw/wilting/20260824_1705_wilting_49_sdown.jpg
seed_formation,20260328_1023_seed_formation_72_cup.jpg,data/raw/seed_formation/20260328_1023_seed_formation_72_cup.jpg
budding,20260328_1121_budding_186_cup.jpg,data/raw/budding/20260328_1121_budding_186_cup.jpg
pre_bloom,20260727_1722_pre_bloom_61_cup.jpg,data/raw/pre_bloom/20260727_1722_pre_bloom_61_cup.jpg
wilting,20260814_1637_wilting_27_rot45.jpg,data/raw/wilting/20260814_1637_wilting_27_rot45.jpg
full_bloom,20260328_1052_full_bloom_58_rot45.jpg,data/raw/full_bloom/20260328_1052_full_bloom_58_rot45.jpg
wilting,20260824_1709_wilting_81_rot45.jpg,data/raw/wilting/20260824_1709_wilting_81_rot45.jpg
full_bloom,20260328_1052_full_bloom_62_rot45.jpg,data/raw/full_bloom/20260328_1052_full_bloom_62_rot45.jpg
wilting,20260814_1636_wilting_20_sdown.jpg,data/raw/wilting/20260814_1636_wilting_20_sdown.jpg
vegetative,20260328_1046_vegetative_62_bdown.jpg,data/raw/vegetative/20260328_1046_vegetative_62_bdown.jpg
seed_formation,20260328_1008_seed_formation_12_sup.jpg,data/raw/seed_formation/20260328_1008_seed_formation_12_sup.jpg
full_bloom,flowerin_0000_full_bloom_155_bdown.jpg,data/raw/full_bloom/flowerin_0000_full_bloom_155_bdown.jpg
full_bloom,20260722_1803_full_bloom_27_cup.jpg,data/raw/full_bloom/20260722_1803_full_bloom_27_cup.jpg
seed_formation,20260328_1039_seed_formation_84_cdown.jpg,data/raw/seed_formation/20260328_1039_seed_formation_84_cdown.jpg
budding,20260328_1005_budding_47.jpg,data/raw/budding/20260328_1005_budding_47.jpg
pre_bloom,20260328_1006_pre_bloom_13_sdown.jpg,data/raw/pre_bloom/20260328_1006_pre_bloom_13_sdown.jpg
budding,20260328_1055_budding_144_cdown.jpg,data/raw/budding/20260328_1055_budding_144_cdown.jpg
full_bloom,20260722_1803_full_bloom_25_cup.jpg,data/raw/full_bloom/20260722_1803_full_bloom_25_cup.jpg
full_bloom,20260727_1711_full_bloom_56_sup.jpg,data/raw/full_bloom/20260727_1711_full_bloom_56_sup.jpg
budding,inflores_0000_budding_227_bdown.jpg,data/raw/budding/inflores_0000_budding_227_bdown.jpg
vegetative,20260328_1006_vegetative_7_cup.jpg,data/raw/vegetative/20260328_1006_vegetative_7_cup.jpg
pre_bloom,20260811_1639_pre_bloom_112_rot60.jpg,data/raw/pre_bloom/20260811_1639_pre_bloom_112_rot60.jpg
budding,20260328_1056_budding_152_sdown.jpg,data/raw/budding/20260328_1056_budding_152_sdown.jpg
full_bloom,20260722_1804_full_bloom_30_bup.jpg,data/raw/full_bloom/20260722_1804_full_bloom_30_bup.jpg
seed_formation,20260328_1039_seed_formation_82_bdown.jpg,data/raw/seed_formation/20260328_1039_seed_formation_82_bdown.jpg
vegetative,20260328_1116_vegetative_75_bup.jpg,data/raw/vegetative/20260328_1116_vegetative_75_bup.jpg
vegetative,20260328_1046_vegetative_59_sup.jpg,data/raw/vegetative/20260328_1046_vegetative_59_sup.jpg
wilting,20260824_1707_wilting_68_rot30.jpg,data/raw/wilting/20260824_1707_wilting_68_rot30.jpg
full_bloom,20260328_1110_full_bloom_115_bdown.jpg,data/raw/full_bloom/20260328_1110_full_bloom_115_bdown.jpg
wilting,20260824_1708_wilting_72_cup.jpg,data/raw/wilting/20260824_1708_wilting_72_cup.jpg
pre_bloom,20260811_1640_pre_bloom_125_rot45.jpg,data/raw/pre_bloom/20260811_1640_pre_bloom_125_rot45.jpg
full_bloom,20260328_1110_full_bloom_117_sup.jpg,data/raw/full_bloom/20260328_1110_full_bloom_117_sup.jpg
vegetative,20260804_1656_vegetative_159_rot45.jpg,data/raw/vegetative/20260804_1656_vegetative_159_rot45.jpg
vegetative,20260712_0902_vegetative_132_sdown.jpg,data/raw/vegetative/20260712_0902_vegetative_132_sdown.jpg
vegetative,20260328_1046_vegetative_54_rot60.jpg,data/raw/vegetative/20260328_1046_vegetative_54_rot60.jpg
seed_formation,20260727_1733_seed_formation_174.jpg,data/raw/seed_formation/20260727_1733_seed_formation_174.jpg
seed_formation,20260328_1019_seed_formation_34_rot45.jpg,data/raw/seed_formation/20260328_1019_seed_formation_34_rot45.jpg
seed_formation,20260727_1732_seed_formation_170_rot45.jpg,data/raw/seed_formation/20260727_1732_seed_formation_170_rot45.jpg
wilting,20260824_1709_wilting_82_cdown.jpg,data/raw/wilting/20260824_1709_wilting_82_cdown.jpg
seed_formation,20260727_1715_seed_formation_33_cdown.jpg,data/raw/seed_formation/20260727_1715_seed_formation_33_cdown.jpg
vegetative,20260722_1821_vegetative_151_rot45.jpg,data/raw/vegetative/20260722_1821_vegetative_151_rot45.jpg
budding,20260328_1005_budding_13.jpg,data/raw/budding/20260328_1005_budding_13.jpg
pre_bloom,20260804_1723_pre_bloom_99_bdown.jpg,data/raw/pre_bloom/20260804_1723_pre_bloom_99_bdown.jpg
seed_formation,20260715_1602_seed_formation_143_bup.jpg,data/raw/seed_formation/20260715_1602_seed_formation_143_bup.jpg
full_bloom,20260328_1052_full_bloom_69_cdown.jpg,data/raw/full_bloom/20260328_1052_full_bloom_69_cdown.jpg
pre_bloom,20260726_1337_pre_bloom_33_rot30.jpg,data/raw/pre_bloom/20260726_1337_pre_bloom_33_rot30.jpg
full_bloom,20260328_1110_full_bloom_120_cdown.jpg,data/raw/full_bloom/20260328_1110_full_bloom_120_cdown.jpg
wilting,20260824_1708_wilting_79_rot60.jpg,data/raw/wilting/20260824_1708_wilting_79_rot60.jpg
vegetative,20260722_1659_vegetative_146_rot30.jpg,data/raw/vegetative/20260722_1659_vegetative_146_rot30.jpg
budding,20260328_1055_budding_139_rot60.jpg,data/raw/budding/20260328_1055_budding_139_rot60.jpg
full_bloom,20260328_1037_full_bloom_36_sup.jpg,data/raw/full_bloom/20260328_1037_full_bloom_36_sup.jpg
vegetative,20260328_1030_vegetative_28_bdown.jpg,data/raw/vegetative/20260328_1030_vegetative_28_bdown.jpg
wilting,20260328_1056_wilting_2_sdown.jpg,data/raw/wilting/20260328_1056_wilting_2_sdown.jpg
seed_formation,20260328_1019_seed_formation_35_rot45.jpg,data/raw/seed_formation/20260328_1019_seed_formation_35_rot45.jpg
wilting,20260824_1720_wilting_96_sup.jpg,data/raw/wilting/20260824_1720_wilting_96_sup.jpg
full_bloom,20260328_1109_full_bloom_107.jpg,data/raw/full_bloom/20260328_1109_full_bloom_107.jpg
budding,20260328_1005_budding_47_rot30.jpg,data/raw/budding/20260328_1005_budding_47_rot30.jpg
pre_bloom,20260804_1724_pre_bloom_106_rot45.jpg,data/raw/pre_bloom/20260804_1724_pre_bloom_106_rot45.jpg
full_bloom,20260722_1744_full_bloom_23_bdown.jpg,data/raw/full_bloom/20260722_1744_full_bloom_23_bdown.jpg
pre_bloom,20260328_1003_pre_bloom_2_rot45.jpg,data/raw/pre_bloom/20260328_1003_pre_bloom_2_rot45.jpg
pre_bloom,20260727_1556_pre_bloom_48_cup.jpg,data/raw/pre_bloom/20260727_1556_pre_bloom_48_cup.jpg
vegetative,20260722_1821_vegetative_152_bdown.jpg,data/raw/vegetative/20260722_1821_vegetative_152_bdown.jpg
pre_bloom,20260328_1109_pre_bloom_70_rot45.jpg,data/raw/pre_bloom/20260328_1109_pre_bloom_70_rot45.jpg
seed_formation,20260328_1042_seed_formation_124_sdown.jpg,data/raw/seed_formation/20260328_1042_seed_formation_124_sdown.jpg
pre_bloom,20260811_1640_pre_bloom_120_rot45.jpg,data/raw/pre_bloom/20260811_1640_pre_bloom_120_rot45.jpg
budding,20260328_1005_budding_57.jpg,data/raw/budding/20260328_1005_budding_57.jpg
budding,20260328_1055_budding_137_bdown.jpg,data/raw/budding/20260328_1055_budding_137_bdown.jpg
pre_bloom,20260712_0855_pre_bloom_7_rot30.jpg,data/raw/pre_bloom/20260712_0855_pre_bloom_7_rot30.jpg
wilting,20260824_1708_wilting_71_cdown.jpg,data/raw/wilting/20260824_1708_wilting_71_cdown.jpg
vegetative,20260328_1005_vegetative_4_cup.jpg,data/raw/vegetative/20260328_1005_vegetative_4_cup.jpg
pre_bloom,Budding0_0000_pre_bloom_76_rot60.jpg,data/raw/pre_bloom/Budding0_0000_pre_bloom_76_rot60.jpg
vegetative,20260712_0900_vegetative_115_rot30.jpg,data/raw/vegetative/20260712_0900_vegetative_115_rot30.jpg
budding,budding3_0000_budding_225_bup.jpg,data/raw/budding/budding3_0000_budding_225_bup.jpg
seed_formation,20260715_1602_seed_formation_134_rot60.jpg,data/raw/seed_formation/20260715_1602_seed_formation_134_rot60.jpg
budding,20260328_1005_budding_45_cdown.jpg,data/raw/budding/20260328_1005_budding_45_cdown.jpg
seed_formation,20260328_1022_seed_formation_63_bup.jpg,data/raw/seed_formation/20260328_1022_seed_formation_63_bup.jpg
full_bloom,20260727_1722_full_bloom_61_bup.jpg,data/raw/full_bloom/20260727_1722_full_bloom_61_bup.jpg
wilting,20260824_1706_wilting_55_sup.jpg,data/raw/wilting/20260824_1706_wilting_55_sup.jpg
budding,20260328_1005_budding_25_sdown.jpg,data/raw/budding/20260328_1005_budding_25_sdown.jpg
seed_formation,20260328_1020_seed_formation_56_cup.jpg,data/raw/seed_formation/20260328_1020_seed_formation_56_cup.jpg
pre_bloom,20260328_1003_pre_bloom_2_rot30.jpg,data/raw/pre_bloom/20260328_1003_pre_bloom_2_rot30.jpg
seed_formation,20260328_1041_seed_formation_120_rot45.jpg,data/raw/seed_formation/20260328_1041_seed_formation_120_rot45.jpg
pre_bloom,20260328_1043_pre_bloom_36_rot60.jpg,data/raw/pre_bloom/20260328_1043_pre_bloom_36_rot60.jpg
budding,20260328_1055_budding_146_rot60.jpg,data/raw/budding/20260328_1055_budding_146_rot60.jpg
vegetative,20260328_1037_vegetative_42_bdown.jpg,data/raw/vegetative/20260328_1037_vegetative_42_bdown.jpg
budding,20260328_1056_budding_152_rot60.jpg,data/raw/budding/20260328_1056_budding_152_rot60.jpg
budding,20260328_1121_budding_198_sup.jpg,data/raw/budding/20260328_1121_budding_198_sup.jpg
vegetative,20260328_1117_vegetative_89.jpg,data/raw/vegetative/20260328_1117_vegetative_89.jpg
budding,20260328_1122_budding_210_bdown.jpg,data/raw/budding/20260328_1122_budding_210_bdown.jpg
full_bloom,20260727_1709_full_bloom_47_sup.jpg,data/raw/full_bloom/20260727_1709_full_bloom_47_sup.jpg
wilting,20260824_1707_wilting_65_cup.jpg,data/raw/wilting/20260824_1707_wilting_65_cup.jpg
pre_bloom,20260328_1043_pre_bloom_44_bdown.jpg,data/raw/pre_bloom/20260328_1043_pre_bloom_44_bdown.jpg
wilting,20260824_1705_wilting_42_sdown.jpg,data/raw/wilting/20260824_1705_wilting_42_sdown.jpg
vegetative,20260328_1117_vegetative_94_rot45.jpg,data/raw/vegetative/20260328_1117_vegetative_94_rot45.jpg
pre_bloom,20260811_1640_pre_bloom_113_cdown.jpg,data/raw/pre_bloom/20260811_1640_pre_bloom_113_cdown.jpg
pre_bloom,20260727_1722_pre_bloom_60_sup.jpg,data/raw/pre_bloom/20260727_1722_pre_bloom_60_sup.jpg
pre_bloom,20260722_1742_pre_bloom_16_rot30.jpg,data/raw/pre_bloom/20260722_1742_pre_bloom_16_rot30.jpg
budding,20260328_1005_budding_4_cup.jpg,data/raw/budding/20260328_1005_budding_4_cup.jpg
seed_formation,20260328_1020_seed_formation_47_sdown.jpg,data/raw/seed_formation/20260328_1020_seed_formation_47_sdown.jpg
budding,20260328_1005_budding_12_bup.jpg,data/raw/budding/20260328_1005_budding_12_bup.jpg
seed_formation,20260722_1745_seed_formation_156_sdown.jpg,data/raw/seed_formation/20260722_1745_seed_formation_156_sdown.jpg
budding,20260328_1042_budding_130_rot30.jpg,data/raw/budding/20260328_1042_budding_130_rot30.jpg
full_bloom,20260328_1054_full_bloom_86.jpg,data/raw/full_bloom/20260328_1054_full_bloom_86.jpg
pre_bloom,20260328_1108_pre_bloom_59_sdown.jpg,data/raw/pre_bloom/20260328_1108_pre_bloom_59_sdown.jpg
pre_bloom,20260328_1018_pre_bloom_19_rot60.jpg,data/raw/pre_bloom/20260328_1018_pre_bloom_19_rot60.jpg
seed_formation,20260328_1022_seed_formation_63_cup.jpg,data/raw/seed_formation/20260328_1022_seed_formation_63_cup.jpg
vegetative,20260328_1031_vegetative_30_sup.jpg,data/raw/vegetative/20260328_1031_vegetative_30_sup.jpg
budding,20260328_1011_budding_103_bup.jpg,data/raw/budding/20260328_1011_budding_103_bup.jpg
vegetative,20260712_0914_vegetative_144_rot30.jpg,data/raw/vegetative/20260712_0914_vegetative_144_rot30.jpg
pre_bloom,20260328_1042_pre_bloom_26.jpg,data/raw/pre_bloom/20260328_1042_pre_bloom_26.jpg
seed_formation,20260715_1602_seed_formation_144_rot45.jpg,data/raw/seed_formation/20260715_1602_seed_formation_144_rot45.jpg
budding,20260328_1056_budding_150_cdown.jpg,data/raw/budding/20260328_1056_budding_150_cdown.jpg
seed_formation,20260727_1715_seed_formation_30_cdown.jpg,data/raw/seed_formation/20260727_1715_seed_formation_30_cdown.jpg
budding,budding3_0000_budding_225_cup.jpg,data/raw/budding/budding3_0000_budding_225_cup.jpg
vegetative,20260804_1656_vegetative_160_bup.jpg,data/raw/vegetative/20260804_1656_vegetative_160_bup.jpg
vegetative,20260328_1116_vegetative_73_cup.jpg,data/raw/vegetative/20260328_1116_vegetative_73_cup.jpg
seed_formation,20260722_1745_seed_formation_156_bup.jpg,data/raw/seed_formation/20260722_1745_seed_formation_156_bup.jpg
pre_bloom,20260328_1043_pre_bloom_45_rot60.jpg,data/raw/pre_bloom/20260328_1043_pre_bloom_45_rot60.jpg
full_bloom,20260328_1109_full_bloom_112_rot30.jpg,data/raw/full_bloom/20260328_1109_full_bloom_112_rot30.jpg
wilting,20260824_1708_wilting_78.jpg,data/raw/wilting/20260824_1708_wilting_78.jpg
full_bloom,20260328_1013_full_bloom_13_sup.jpg,data/raw/full_bloom/20260328_1013_full_bloom_13_sup.jpg
pre_bloom,20260727_1555_pre_bloom_38_sdown.jpg,data/raw/pre_bloom/20260727_1555_pre_bloom_38_sdown.jpg
full_bloom,20260328_1052_full_bloom_69_rot60.jpg,data/raw/full_bloom/20260328_1052_full_bloom_69_rot60.jpg
vegetative,vegetati_0000_vegetative_174_cup.jpg,data/raw/vegetative/vegetati_0000_vegetative_174_cup.jpg
wilting,20260824_1709_wilting_80_cup.jpg,data/raw/wilting/20260824_1709_wilting_80_cup.jpg
full_bloom,20260328_1115_full_bloom_142_cdown.jpg,data/raw/full_bloom/20260328_1115_full_bloom_142_cdown.jpg
full_bloom,20260727_1707_full_bloom_33_rot60.jpg,data/raw/full_bloom/20260727_1707_full_bloom_33_rot60.jpg
budding,20260328_1122_budding_209_sup.jpg,data/raw/budding/20260328_1122_budding_209_sup.jpg
seed_formation,20260328_1020_seed_formation_45_bup.jpg,data/raw/seed_formation/20260328_1020_seed_formation_45_bup.jpg
seed_formation,20260715_1554_seed_formation_131_cup.jpg,data/raw/seed_formation/20260715_1554_seed_formation_131_cup.jpg
full_bloom,flowerin_0000_full_bloom_154_cup.jpg,data/raw/full_bloom/flowerin_0000_full_bloom_154_cup.jpg
budding,20260328_1122_budding_204_rot60.jpg,data/raw/budding/20260328_1122_budding_204_rot60.jpg
vegetative,20260712_0851_vegetative_111_sup.jpg,data/raw/vegetative/20260712_0851_vegetative_111_sup.jpg
seed_formation,20260328_1041_seed_formation_116_sup.jpg,data/raw/seed_formation/20260328_1041_seed_formation_116_sup.jpg
budding,20260328_1005_budding_7_bdown.jpg,data/raw/budding/20260328_1005_budding_7_bdown.jpg
vegetative,20260328_1030_vegetative_22.jpg,data/raw/vegetative/20260328_1030_vegetative_22.jpg
seed_formation,20260727_1715_seed_formation_28_rot30.jpg,data/raw/seed_formation/20260727_1715_seed_formation_28_rot30.jpg
pre_bloom,20260328_1108_pre_bloom_48_bup.jpg,data/raw/pre_bloom/20260328_1108_pre_bloom_48_bup.jpg
pre_bloom,20260712_0913_pre_bloom_73_cup.jpg,data/raw/pre_bloom/20260712_0913_pre_bloom_73_cup.jpg
pre_bloom,20260727_1555_pre_bloom_46_rot60.jpg,data/raw/pre_bloom/20260727_1555_pre_bloom_46_rot60.jpg
wilting,20260824_1706_wilting_55_rot30.jpg,data/raw/wilting/20260824_1706_wilting_55_rot30.jpg
full_bloom,flowerin_0000_full_bloom_148_bdown.jpg,data/raw/full_bloom/flowerin_0000_full_bloom_148_bdown.jpg
full_bloom,20260328_1051_full_bloom_51_sdown.jpg,data/raw/full_bloom/20260328_1051_full_bloom_51_sdown.jpg
full_bloom,20260727_1707_full_bloom_37.jpg,data/raw/full_bloom/20260727_1707_full_bloom_37.jpg
vegetative,20260328_1116_vegetative_72_rot45.jpg,data/raw/vegetative/20260328_1116_vegetative_72_rot45.jpg
wilting,20260824_1706_wilting_59_sup.jpg,data/raw/wilting/20260824_1706_wilting_59_sup.jpg
wilting,20260727_1724_wilting_11_rot60.jpg,data/raw/wilting/20260727_1724_wilting_11_rot60.jpg
pre_bloom,20260712_0854_pre_bloom_1_rot30.jpg,data/raw/pre_bloom/20260712_0854_pre_bloom_1_rot30.jpg
pre_bloom,20260731_1709_pre_bloom_92_rot30.jpg,data/raw/pre_bloom/20260731_1709_pre_bloom_92_rot30.jpg
full_bloom,20260722_1658_full_bloom_17_rot60.jpg,data/raw/full_bloom/20260722_1658_full_bloom_17_rot60.jpg
full_bloom,20260722_1744_full_bloom_23_bup.jpg,data/raw/full_bloom/20260722_1744_full_bloom_23_bup.jpg
full_bloom,20260727_1709_full_bloom_47_rot45.jpg,data/raw/full_bloom/20260727_1709_full_bloom_47_rot45.jpg
vegetative,20260712_0902_vegetative_131.jpg,data/raw/vegetative/20260712_0902_vegetative_131.jpg
seed_formation,20260715_1602_seed_formation_139_rot30.jpg,data/raw/seed_formation/20260715_1602_seed_formation_139_rot30.jpg
seed_formation,20260328_1039_seed_formation_89_cdown.jpg,data/raw/seed_formation/20260328_1039_seed_formation_89_cdown.jpg
