hue_mean,hue_std,sat_mean,sat_std,val_mean,val_std,lab_a_mean,lab_b_mean,frac_green,frac_yellow,frac_dark,frac_pale,hue_iqr,val_iqr,sat_iqr,frac_below_med_val,frac_off_hue,exg_mean,exg_std,plant_coverage,solidity,perimeter_ratio,aspect_ratio,extent,leaf_count_est,leaf_count_mean,leaf_elongation,leaf_elongation_max,notch_count,notch_depth_mean,lap_var,lap_abs_mean,detail_mean,detail_std,edge_density,seg_isolation,seg_coverage,sample_id,image_name,leaf_condition,plant_strength,disease_visible
30.894521713256836,5.059863090515137,122.41822814941406,40.54117965698242,100.10447692871094,29.564125061035156,120.75684356689453,153.60084533691406,0.20430971512052593,0.7905283662040419,0.11726320915510105,0.016216216216216217,7.0,39.0,69.0,0.14752860969077186,0.023338203067932797,0.19303250312805176,0.07931038737297058,0.41778564453125,0.6250151773263621,12.023452943115164,1.037837837837838,0.5978005349099099,6.0,3.25,1.4044658258351128,2.4347826086956523,9.0,58.50347222222222,7583.0439453125,54.3947639465332,7.486924648284912,8.560068130493164,0.17791575359142928,0.9125754091257541,0.41778564453125,id1,20260328_100120_HDR.jpg,healthy,strong,no
30.528236389160156,5.3668975830078125,126.82754516601562,40.533905029296875,100.42581176757812,31.512462615966797,120.81700134277344,154.44102478027344,0.16563382749031028,0.8289902993408808,0.12417062649177743,0.015963387128561105,6.0,40.0,66.75,0.14432741366851337,0.02499616791118313,0.19841304421424866,0.08238686621189117,0.4645487467447917,0.6918371690248342,9.658933483164557,0.9411764705882353,0.6017188776552288,2.0,1.5,1.137400372571213,1.368421052631579,6.0,69.8359375,8068.17626953125,57.537193298339844,7.8658552169799805,8.653099060058594,0.1901263494427048,0.8532937208628792,0.4645487467447917,id1,20260328_100122_HDR.jpg,healthy,strong,no
29.64577865600586,4.858273506164551,135.9585723876953,39.483238220214844,102.52732849121094,32.22349166870117,120.98475646972656,156.47642517089844,0.10640250975961588,0.8896331191429695,0.11326198137855205,0.011751888876559773,4.0,38.0,61.0,0.13617059909414625,0.014778126355502205,0.20752573013305664,0.08029012382030487,0.5042165120442709,0.7173958008322612,10.516202003617332,0.9014084507042254,0.62547376271518,5.0,3.5,1.8931090295899082,3.5454545454545454,7.0,66.10993303571429,8874.1611328125,62.10458755493164,8.499258995056152,8.934036254882812,0.2073880544319248,0.8515995464229262,0.5042165120442709,id1,20260328_100123_HDR.jpg,healthy,strong,no
30.11181640625,6.217207908630371,136.23614501953125,40.740745544433594,105.76126861572266,34.43064498901367,120.6802749633789,156.7889404296875,0.12185702380226436,0.8741996463198975,0.09553428054556172,0.015590381527328901,5.0,39.0,62.0,0.12389983129052584,0.02414781389109092,0.2108621895313263,0.08287876844406128,0.500457763671875,0.7413413522872243,9.074420745206432,0.7532467532467533,0.6325166691546001,3.0,2.25,1.539301667506698,2.272727272727273,8.0,52.38671875,11447.23828125,70.2693862915039,9.458056449890137,9.976120948791504,0.2241091936500193,0.8129048248512888,0.500457763671875,id1,20260328_100126_HDR.jpg,healthy,strong,no
30.57932472229004,7.3093342781066895,132.16860961914062,40.006072998046875,100.36660766601562,34.538082122802734,120.8342056274414,154.84222412109375,0.138032807257363,0.8570171078248623,0.1348328569653287,0.012872291951451887,5.0,45.0,60.0,0.1348328569653287,0.035582618781326375,0.20562158524990082,0.08271851390600204,0.49114990234375,0.8212520459591295,6.806694577905793,0.8687782805429864,0.5971554487179487,1.0,1.0,1.1341145833333333,1.1458333333333333,8.0,40.37744140625,13670.8134765625,78.271240234375,10.315635681152344,10.556467056274414,0.2418810322687544,0.7598199672667758,0.49114990234375,id1,20260328_100128_HDR.jpg,healthy,strong,no
31.538400650024414,8.018569946289062,129.5286865234375,40.527225494384766,102.54582977294922,36.463722229003906,120.19698333740234,154.7561798095703,0.1863638875075971,0.8095935318710058,0.13076228889257233,0.013462990588798645,6.0,48.0,63.0,0.1445475808976555,0.04704679816564451,0.2087133526802063,0.08670177310705185,0.552337646484375,0.8061738139086205,6.923950173444543,0.8421052631578947,0.6562385782163743,3.0,2.0,1.2139453125,1.46,7.0,46.7265625,15599.65234375,84.05521392822266,10.97739315032959,11.13994026184082,0.25320920124500435,0.8020117871227899,0.552337646484375,id1,20260328_100130_HDR.jpg,healthy,strong,no
32.33498001098633,8.635398864746094,123.75211334228516,38.82767868041992,106.13185119628906,36.820213317871094,119.64736938476562,154.45071411132812,0.22698463001109173,0.7696086198700681,0.10061796862620821,0.016936917903484217,6.0,47.0,58.0,0.137132695998169,0.05787073716086551,0.2032286524772644,0.08391512185335159,0.577789306640625,0.8239545884578997,6.441330147141163,0.847682119205298,0.6884169196100074,2.0,1.75,1.5258491508491507,2.34375,10.0,37.1234375,14013.73046875,80.28854370117188,10.624429702758789,10.629683494567871,0.25202908501910243,0.8329215089635957,0.577789306640625,id1,20260328_100132_HDR.jpg,healthy,strong,no
32.853492736816406,8.657771110534668,119.4523696899414,37.63856887817383,109.98822021484375,35.4822998046875,119.15947723388672,154.37107849121094,0.2684939872650363,0.7269975841288944,0.0623815639397559,0.019704168051227246,7.0,48.0,57.0,0.12496968934951098,0.06118709978715187,0.19949698448181152,0.08424610644578934,0.5663401285807291,0.8374324790253994,6.492147460019066,0.8648648648648649,0.6837931681681682,3.0,1.75,1.3900526556776556,2.0384615384615383,11.0,36.81995738636363,13153.9423828125,79.11418914794922,10.682820320129395,10.287529945373535,0.2580042569624687,0.8157289377289377,0.5663401285807291,id1,20260328_100134_HDR.jpg,healthy,strong,no
32.0595703125,5.5246100425720215,121.43274688720703,36.390464782714844,109.79277801513672,25.297204971313477,119.32683563232422,155.69976806640625,0.27411611968237676,0.7220192627034208,0.03935569578213218,0.0222215512816642,7.0,27.0,58.0,0.09869871078771776,0.02167808942966698,0.19895248115062714,0.07071530073881149,0.3369242350260417,0.6149604884270318,13.57636640708797,1.0105263157894737,0.48077713815789475,5.0,2.5,1.401625317627147,2.142857142857143,9.0,79.09244791666667,6741.1240234375,50.634098052978516,7.043491840362549,7.989378452301025,0.15992874611273813,0.9076733351603179,0.3369242350260417,id1,20260328_100139_HDR.jpg,healthy,strong,no
31.87534523010254,6.015371322631836,113.44253540039062,33.37672424316406,117.0230712890625,26.322729110717773,119.49913024902344,155.36227416992188,0.24395039802099522,0.7507373695728013,0.026450160159842695,0.028337191969807492,6.0,28.0,51.0,0.10586407028004187,0.02911420506802829,0.18070228397846222,0.06294816732406616,0.3207499186197917,0.5726509121869189,13.839841015093848,0.9388753056234719,0.4303942542787286,4.0,2.75,1.3991431040011724,2.1666666666666665,9.0,81.47395833333333,8486.3896484375,56.926422119140625,7.7400336265563965,8.617156982421875,0.17062573340522025,0.9463937329291353,0.3207499186197917,id1,20260328_100141_HDR.jpg,healthy,strong,no
31.565364837646484,5.898180961608887,116.52942657470703,33.566566467285156,115.21388244628906,26.684242248535156,119.63814544677734,155.7623291015625,0.21011657291921415,0.7865411265998207,0.023178717969620392,0.025094426781880928,6.0,32.0,51.0,0.10136952800195646,0.033572457270182876,0.18482421338558197,0.06358950585126877,0.374359130859375,0.6586778181881084,12.174401802256249,1.0607734806629834,0.5478533609576427,3.0,2.25,1.2366698499772033,1.9545454545454546,11.0,68.25994318181819,7771.22265625,54.556724548339844,7.456428050994873,8.185880661010742,0.1727534577864732,0.9273744424564675,0.374359130859375,id1,20260328_100144_HDR.jpg,healthy,strong,no
31.00790023803711,6.213469505310059,116.98224639892578,35.975341796875,113.63871765136719,29.274188995361328,120.1921615600586,155.36732482910156,0.16777006297432584,0.829427233512491,0.02785402874212821,0.02197181149223778,5.0,39.0,59.0,0.12198103849968858,0.032075384650873104,0.1810750812292099,0.0671120136976242,0.4409891764322917,0.7549997712726804,9.587337377751227,1.0940170940170941,0.6734775641025641,2.0,1.75,1.1507771509779927,1.45,9.0,53.006510416666664,7105.4765625,53.225624084472656,7.351572036743164,8.00643539428711,0.17584369449378331,0.9008467972362201,0.4409891764322917,id1,20260328_100147_HDR.jpg,healthy,strong,no
30.86272430419922,5.648589611053467,113.65216827392578,34.59929656982422,115.33795166015625,27.88754653930664,120.33094787597656,155.00791931152344,0.17901628145280657,0.8157804850278948,0.021154503017192305,0.02988728224980075,5.0,39.0,56.0,0.10645565296595697,0.03376978253444154,0.17385172843933105,0.06346692144870758,0.4467264811197917,0.7597421203438396,8.161682103248493,1.0463215258855585,0.6585100193006358,5.0,2.75,1.482940900615435,3.0526315789473686,7.0,54.945870535714285,7482.181640625,54.57185363769531,7.622065544128418,8.240740776062012,0.18111123761812592,0.9372532280439654,0.4467264811197917,id1,20260328_100149_HDR.jpg,healthy,strong,no
31.06191635131836,6.453125953674316,107.03790283203125,32.814517974853516,143.4254913330078,34.23548126220703,119.32282257080078,158.14886474609375,0.1828251168720782,0.8156741393965151,0.0008765405864853378,0.039298236294092646,6.0,50.0,46.0,0.16067254568635783,0.035526455588610284,0.1622934639453888,0.06043672934174538,0.3829752604166667,0.6715420168067227,11.239389179602277,0.8129496402877698,0.5653070463982796,3.0,1.5,1.3322904203231711,1.5,9.0,58.41883680555556,10312.13671875,66.26970672607422,9.376566886901855,9.740880012512207,0.20095356991075222,0.7558018148237372,0.3829752604166667,id1,20260328_100154_HDR.jpg,healthy,strong,no
29.939319610595703,4.553253650665283,110.2880630493164,34.98373794555664,136.0848846435547,38.484100341796875,120.11094665527344,157.67294311523438,0.1401176915186525,0.8575500728823625,0.009771635264266047,0.03075095826809912,5.0,62.0,51.0,0.1991793985855423,0.018938616854721157,0.16346915066242218,0.06728345155715942,0.4710642496744792,0.7781716672848302,8.854025495417705,0.9504950495049505,0.6423944152227723,3.0,1.75,1.1109670780562328,1.315217391304348,7.0,60.79408482142857,13038.47265625,75.80089569091797,10.40661907196045,10.567449569702148,0.22618366355342007,0.7014215496936511,0.4710642496744792,id1,20260328_100157_HDR.jpg,healthy,strong,no
29.737112045288086,4.479515552520752,112.75992584228516,35.213836669921875,130.55296325683594,39.384124755859375,120.39712524414062,157.01864624023438,0.13467496660129047,0.8624920648456079,0.02190576352766171,0.029049771183309172,5.0,64.0,47.0,0.17865704025847284,0.02391442350511166,0.16674605011940002,0.07122015953063965,0.5368194580078125,0.8277115026814053,7.483220165265953,0.9253012048192771,0.7118599397590362,2.0,1.25,1.1341666666666668,1.4,10.0,52.37109375,11613.4482421875,71.47125244140625,10.156126022338867,10.326170921325684,0.22768918829292326,0.7474240310461798,0.5368194580078125,id1,20260328_100158_HDR.jpg,healthy,strong,no
30.875282287597656,4.967690944671631,112.3323974609375,33.7857780456543,136.10350036621094,41.01359939575195,119.2212905883789,158.2690887451172,0.19031315240083507,0.8080271398747391,0.03419624217118998,0.029467640918580375,5.0,66.0,45.0,0.19359081419624216,0.025187891440501042,0.17489992082118988,0.07046672701835632,0.4872639973958333,0.8486667150436887,5.595697771861391,0.8405797101449275,0.6899952801377089,2.0,1.5,1.1482941253572772,1.2269938650306749,8.0,28.01220703125,10137.2236328125,66.5247802734375,10.041659355163574,9.988715171813965,0.22692066805845512,0.6481863637286278,0.4872639973958333,id1,20260328_100200_HDR.jpg,healthy,strong,no
31.850339889526367,5.238949298858643,114.0519790649414,32.16422653198242,135.28492736816406,40.263427734375,118.26631927490234,158.4785919189453,0.2697885011523322,0.7285900756664151,0.03311170483979523,0.024402928759356325,7.0,63.0,42.0,0.1881666700658767,0.022628541127042077,0.1855040192604065,0.07008639723062515,0.4987691243489583,0.8418876966350661,5.376897962577065,0.7874396135265701,0.7484662576687117,2.0,1.25,1.2491919951947743,1.2732919254658386,9.0,28.91623263888889,8245.3876953125,57.8643913269043,9.065835952758789,9.480877876281738,0.1982725214660113,0.66145482017106,0.4987691243489583,id1,20260328_100202_HDR.jpg,healthy,strong,no
32.57734680175781,5.381837368011475,115.24346923828125,33.840370178222656,136.4006805419922,38.97096633911133,117.63314056396484,158.7794189453125,0.3389382071366406,0.6597737162750218,0.030557006092254133,0.022428198433420365,8.0,59.0,45.0,0.1998868581375109,0.022715404699738904,0.19260725378990173,0.07118824124336243,0.58441162109375,0.8372017553032297,5.52918424832212,0.8008752735229759,0.6940667934139254,1.0,1.0,1.2520872343453673,1.2541899441340782,7.0,39.14955357142857,7050.787109375,52.18475341796875,8.294368743896484,9.091153144836426,0.1916100957354221,0.7917967377147465,0.58441162109375,id1,20260328_100204_HDR.jpg,healthy,strong,no
31.83020782470703,4.832171440124512,93.38922119140625,25.948984146118164,131.50865173339844,29.668659210205078,119.75662994384766,152.8111572265625,0.2283163633216995,0.7705298681819492,0.0018316074879575414,0.03513225071389426,5.0,41.0,34.0,0.08386454757852836,0.02141682771351928,0.14590971171855927,0.04716296121478081,0.3526713053385417,0.6189375375653058,11.113076006015739,0.9576059850374065,0.4781568214879468,6.0,2.75,1.7160133785914342,5.2727272727272725,11.0,53.03125,3834.114013671875,38.38939666748047,5.891199588775635,6.639861583709717,0.14396146413222188,0.8565005249830152,0.3526713053385417,id2,20260328_100220_HDR.jpg,healthy,strong,no
31.809749603271484,5.056804656982422,91.82412719726562,25.787673950195312,132.1319122314453,29.850496292114258,119.84175109863281,152.5484619140625,0.22731106962594205,0.7706838138698748,0.0008158749913572564,0.035290050473622346,5.0,42.0,33.0,0.08681463043628569,0.02059047223950771,0.14263324439525604,0.04692055657505989,0.3678131103515625,0.6082842109427543,13.040478614122888,0.9504950495049505,0.4955522896039604,6.0,4.25,2.0512746126169317,6.0,12.0,69.21354166666667,3829.6845703125,38.52404022216797,5.959939002990723,6.65435791015625,0.14691281200304224,0.8919959048241665,0.3678131103515625,id2,20260328_100222_HDR.jpg,healthy,strong,no
32.26596450805664,6.121963977813721,91.58082580566406,24.785066604614258,135.86026000976562,29.708425521850586,119.4522933959961,152.8905029296875,0.2530906126884934,0.7441319868979155,0.0006490664010022792,0.03160802427206449,6.0,42.0,33.0,0.0885598273181482,0.02877024558861266,0.1438777595758438,0.04698670655488968,0.3369598388671875,0.5814572783606252,15.60293545074569,0.9820971867007673,0.45809356351236147,6.0,3.5,1.437285949621987,2.111111111111111,12.0,62.612630208333336,4518.9736328125,42.84855651855469,6.401817321777344,6.927228927612305,0.16284019381424625,0.9100137362637363,0.3369598388671875,id2,20260328_100224_HDR.jpg,healthy,strong,no
33.17859649658203,6.660277843475342,90.04534149169922,23.50318145751953,138.75433349609375,27.73733901977539,118.7446060180664,152.7721710205078,0.3423435149832234,0.6569044313317135,2.892514173319449e-05,0.028925141733194493,7.0,39.0,31.0,0.06654228855721393,0.028375564040263798,0.14660154283046722,0.04929497092962265,0.3516845703125,0.6482379045266065,13.567731975895843,1.0105263157894737,0.5646004660087719,7.0,4.75,1.312571557738422,3.6153846153846154,11.0,53.51313920454545,4484.06103515625,41.34498977661133,5.932560920715332,6.7693915367126465,0.14586948976049982,0.9453262786596119,0.3516845703125,id2,20260328_100226_HDR.jpg,healthy,strong,no
33.092079162597656,6.278084754943848,100.18702697753906,28.576932907104492,136.263671875,30.024269104003906,118.21533203125,154.94369506835938,0.3296932928884395,0.6687563195146613,0.0007819346140883047,0.030414560161779576,6.0,43.0,41.0,0.07352881698685541,0.02871587462082912,0.16649861633777618,0.05942746624350548,0.3772735595703125,0.5879701382601623,13.10010348972344,1.0267379679144386,0.5335930536987522,3.0,2.0,1.44149774705966,3.111111111111111,8.0,86.17431640625,5177.30029296875,44.41337203979492,6.473272800445557,7.438504219055176,0.15386585776879003,0.8383724215880192,0.3772735595703125,id2,20260328_100229_HDR.jpg,healthy,strong,no
32.67890548706055,5.675825119018555,105.70497131347656,31.794254302978516,127.85285949707031,31.6021671295166,118.55016326904297,155.0935821533203,0.30107276119402987,0.6981609808102346,0.004064498933901919,0.02548640724946695,6.0,45.0,45.0,0.08964108031272211,0.019878287135749823,0.17610791325569153,0.06702504307031631,0.4580078125,0.7000485045641701,10.189992426435012,0.964824120603015,0.6279902114740369,5.0,2.75,1.125311844206414,1.4285714285714286,10.0,60.614453125,5364.25537109375,45.00324249267578,6.487606525421143,7.562887668609619,0.1579824093816631,0.88586325627152,0.4580078125,id2,20260328_100231_HDR.jpg,healthy,strong,no
31.965381622314453,4.874072074890137,108.57471466064453,34.73420333862305,125.5000991821289,33.528831481933594,118.85394287109375,155.4674835205078,0.24485496678010046,0.7531498136444661,0.005033625020256036,0.02682912007778318,5.0,45.0,50.0,0.08922783989628909,0.009003808134824178,0.17958740890026093,0.07436013221740723,0.502197265625,0.7481449367791588,8.60938812728345,0.9795918367346939,0.6935852465986394,2.0,1.75,1.061805611244194,1.2,10.0,48.768359375,6443.970703125,49.053070068359375,7.1135454177856445,8.374159812927246,0.16913790309512233,0.8587755386047159,0.502197265625,id2,20260328_100233_HDR.jpg,healthy,strong,no
30.53129005432129,4.0822367668151855,121.30067443847656,41.8558464050293,116.87974548339844,36.714881896972656,119.7568130493164,156.47251892089844,0.13553930105654244,0.8621463678934943,0.03790394365107009,0.028894307055226595,5.0,49.0,62.0,0.11851851851851852,0.00440419520879291,0.19516293704509735,0.09005104005336761,0.6571197509765625,0.9353555840910428,5.333160344231152,0.9846153846153847,0.9022502670940171,1.0,1.0,1.0058747539370079,1.0104166666666667,6.0,31.264973958333332,9082.328125,59.77328872680664,8.656744003295898,9.841404914855957,0.19190371144394133,0.8977049271455074,0.6571197509765625,id2,20260328_100236_HDR.jpg,healthy,strong,no
29.71585464477539,3.3221824169158936,126.83064270019531,43.750247955322266,116.86002349853516,35.40614700317383,120.13802337646484,157.5650634765625,0.0782101844333604,0.9203471175037699,0.035501971929010556,0.02010352627305417,5.0,44.0,62.0,0.11921470827050226,0.0021966709198468857,0.19885410368442535,0.09365818649530411,0.7015787760416666,0.9128585529659836,5.295316120959809,0.9014084507042254,0.8508411580594679,1.0,1.0,1.095703125,1.1041666666666667,6.0,31.046223958333332,8519.3759765625,59.09954071044922,8.599828720092773,9.427179336547852,0.19958531492866258,0.8987990903581877,0.7015787760416666,id2,20260328_100239_HDR.jpg,healthy,strong,no
31.3797550201416,3.785961627960205,89.6660385131836,27.701011657714844,129.51393127441406,30.458349227905273,120.36296844482422,151.69186401367188,0.1719488011537768,0.826500811249324,0.00023436091581034794,0.02929511447629349,5.0,40.0,32.0,0.054227510365963585,0.008364881918153957,0.13732649385929108,0.04567396640777588,0.282135009765625,0.5165353062019147,12.230128176159052,0.9142156862745098,0.3791791515533827,5.0,3.0,2.319147586409577,5.125,7.0,82.91964285714286,3905.02099609375,36.511051177978516,5.442184925079346,6.899053573608398,0.12808725437173246,0.8156393365486413,0.282135009765625,id2,20260328_100243_HDR.jpg,healthy,strong,no
31.503385543823242,5.879367828369141,94.23592376708984,29.598907470703125,132.64109802246094,30.215009689331055,120.03477478027344,153.19735717773438,0.19564096165044506,0.8025122701938274,0.00079860244571999,0.025821479078279676,5.0,39.0,35.0,0.06986107644954663,0.02084685134348224,0.14474210143089294,0.050567690283060074,0.3057098388671875,0.5344874654033372,11.851125263129262,0.9253012048192771,0.3992909136546185,4.0,2.5,1.171483603659079,1.3372093023255813,8.0,72.3203125,4858.71533203125,40.689361572265625,5.782696723937988,7.391902446746826,0.14281673737625822,0.7531011151484777,0.3057098388671875,id2,20260328_100245_HDR.jpg,healthy,strong,no
33.426918029785156,5.016207695007324,129.69613647460938,38.26247787475586,101.49452209472656,27.31838607788086,118.19193267822266,155.27220153808594,0.42781285766562593,0.5706143868199973,0.037060971526896455,0.010464274313476647,8.0,34.0,52.0,0.029345126404385028,0.014637526569446498,0.2338080257177353,0.08723332732915878,0.6532643636067709,0.8568485381606056,5.954145755110512,0.9253012048192771,0.8129549447791165,2.0,1.5,1.23125,1.6666666666666667,5.0,41.44921875,7391.01611328125,54.27798843383789,7.475610733032227,8.16666316986084,0.18837250947935563,0.9084459722310636,0.6532643636067709,id3,20260328_100258_HDR.jpg,healthy,strong,no
32.70173645019531,4.539879322052002,138.35569763183594,39.61052703857422,103.94451141357422,29.009607315063477,118.07671356201172,157.4454803466797,0.37180439242097835,0.627019197541303,0.039806774651304715,0.008926011161190232,7.0,35.0,56.0,0.039806774651304715,0.007051107663576139,0.2472018301486969,0.09152917563915253,0.6917673746744791,0.8826568815904207,5.623223520372476,0.9253012048192771,0.8543455070281124,1.0,1.0,1.0651041666666665,1.0755208333333333,5.0,33.753125,7403.81982421875,53.899330139160156,7.575845241546631,8.408844947814941,0.18737270875763748,0.9459711354547036,0.6917673746744791,id3,20260328_100300_HDR.jpg,healthy,strong,no
32.273033142089844,4.733837127685547,144.22381591796875,43.01671600341797,109.31880187988281,31.117250442504883,117.95634460449219,159.6047821044922,0.335186010727793,0.663296855002229,0.03225528120910568,0.009411984641711845,8.0,39.0,62.0,0.05141719035361452,0.008534779044852529,0.2556407153606415,0.09841731935739517,0.7073872884114584,0.8277386964441745,6.621155747979516,0.8067226890756303,0.764446012780112,1.0,1.0,1.2252604166666667,1.234375,4.0,76.10546875,7710.43017578125,55.30963897705078,7.899631977081299,8.775014877319336,0.1876860466788421,0.9364449860958678,0.7073872884114584,id3,20260328_100302_HDR.jpg,healthy,strong,no
32.05815887451172,4.314098834991455,142.00311279296875,39.80150604248047,128.11761474609375,35.91545104980469,116.91072082519531,163.65817260742188,0.3002521166509878,0.6987695202257761,0.014442144873000941,0.009836312323612418,7.0,49.0,54.0,0.08199435559736594,0.004139228598306679,0.24859607219696045,0.08991901576519012,0.6758371988932291,0.8545988885609371,5.654002161939123,0.9186602870813397,0.8387939842503987,2.0,1.25,1.0942708333333333,1.1875,5.0,35.1296875,7749.48876953125,56.970672607421875,8.382682800292969,8.837315559387207,0.197689557855127,0.9109512970986673,0.6758371988932291,id3,20260328_100304_HDR.jpg,healthy,strong,no
32.60334014892578,4.548335075378418,154.65994262695312,42.85462951660156,118.27763366699219,35.841896057128906,116.50202941894531,163.79385375976562,0.36139696762408763,0.6380167028737662,0.02540009471476573,0.007133675609444415,7.0,45.0,58.0,0.06319579646849231,0.006968300621659613,0.28506866097450256,0.10398586839437485,0.6766306559244791,0.8564621550249797,6.1884094125260525,0.9142857142857143,0.8275018601190476,1.0,1.0,1.07421875,1.0885416666666667,5.0,55.57734375,7193.755859375,53.50434112548828,7.7427592277526855,8.595806121826172,0.18391953755139778,0.9273554917324262,0.6766306559244791,id3,20260328_100308_HDR.jpg,healthy,strong,no
32.068912506103516,4.4066667556762695,134.3535614013672,40.52180099487305,131.97608947753906,37.904788970947266,117.06332397460938,162.4417266845703,0.29967797190818773,0.699568345323741,0.016656389174374786,0.01553271668379582,7.0,53.0,57.0,0.11815690304898938,0.0060568687906817405,0.23303420841693878,0.09335654973983765,0.742340087890625,0.8511647136715441,7.312796792832563,0.75,0.7486979166666666,3.0,1.75,1.5245057087162353,2.5,6.0,58.654296875,10549.5390625,67.6673812866211,9.683439254760742,9.877801895141602,0.21737581363480643,0.9554327760248236,0.742340087890625,id3,20260328_100351_HDR.jpg,healthy,strong,no
32.68129348754883,5.123416900634766,140.66827392578125,41.26740646362305,129.2665557861328,35.376976013183594,116.4068374633789,163.25279235839844,0.3356558999264905,0.6638226220918179,0.015625490849003852,0.012195045330887203,7.0,49.0,57.0,0.10622443658387942,0.019432908402078373,0.2515334486961365,0.09666761755943298,0.8095448811848959,0.8708517494004763,6.922162191905,0.75,0.8062337239583334,2.0,1.25,1.2933333333333334,1.3333333333333333,7.0,50.857142857142854,7432.1474609375,55.20530700683594,8.237580299377441,9.020017623901367,0.1890703241331214,0.9469028128123363,0.8095448811848959,id3,20260328_100354_HDR.jpg,healthy,strong,no
31.045074462890625,6.291667938232422,137.74258422851562,60.00395965576172,135.34451293945312,44.959407806396484,119.65584564208984,161.99253845214844,0.25239443109633675,0.7455320409439489,0.03421321133528618,0.024586117236612578,8.0,59.0,100.0,0.18220715531711812,0.048250666491129905,0.22267453372478485,0.1069062203168869,0.3090718587239583,0.7045786566898272,8.777073869675501,0.6049107142857143,0.5700530442804428,2.0,2.0,1.5294895595610316,1.7054263565891472,10.0,36.509765625,5719.3134765625,43.86745834350586,8.03455924987793,9.475395202636719,0.16040219859790014,0.5898351808351614,0.3090718587239583,id4,20260328_100551_HDR.jpg,healthy,strong,no
33.032928466796875,8.564327239990234,139.1673583984375,56.18366622924805,126.18987274169922,46.175758361816406,118.73240661621094,161.4114227294922,0.357862153796245,0.6345683351130695,0.07593841662048363,0.04038874846244306,10.0,65.0,87.0,0.19064354361254918,0.0638001649072059,0.23863855004310608,0.10277924686670303,0.3762868245442708,0.6561437993203156,8.60029024495846,0.8152866242038217,0.5038620178697806,7.0,3.75,2.1209112061857165,5.333333333333333,10.0,49.891015625,13749.615234375,72.21862030029297,11.360876083374023,12.72512149810791,0.200132466444087,0.6054735773854829,0.3762868245442708,id4,20260328_100554_HDR.jpg,healthy,strong,no
33.30000305175781,8.568939208984375,142.11666870117188,57.64847183227539,124.11347198486328,46.0867805480957,118.5229263305664,161.36988830566406,0.36218305542699175,0.630824462429481,0.07629185794878851,0.04109177789174787,9.0,63.0,92.0,0.1782520045532442,0.07755525812141151,0.24897383153438568,0.10773591697216034,0.4066111246744792,0.6519291954507901,10.417961937272878,0.897196261682243,0.5641488999221184,6.0,2.5,1.5214576777389277,2.909090909090909,9.0,65.39583333333333,15046.8681640625,74.32218170166016,11.513678550720215,13.084369659423828,0.19662759716297862,0.6188017648424801,0.4066111246744792,id4,20260328_100557_HDR.jpg,healthy,strong,no
33.66364288330078,8.571000099182129,150.9746856689453,56.839351654052734,125.2259521484375,45.9096565246582,117.66065216064453,163.40960693359375,0.3817488428938405,0.6124005567689296,0.06655199339119808,0.036744486063802095,10.0,66.0,92.0,0.1835526836941392,0.054081274683988365,0.273286372423172,0.11349908262491226,0.4494578043619792,0.7016659810777458,9.54138978331681,0.8552338530066815,0.5935934020044543,5.0,2.75,2.249072869502568,9.0,7.0,68.67075892857143,16199.56640625,76.71436309814453,11.637885093688965,13.332245826721191,0.20074235857277037,0.6180763931146875,0.4494578043619792,id4,20260328_100559_HDR.jpg,healthy,strong,no
32.510520935058594,5.976794719696045,155.91799926757812,56.813961029052734,136.1060333251953,51.820159912109375,116.92255401611328,166.5172882080078,0.3524878059522368,0.6449577750129373,0.07929709434834789,0.02311088600905057,8.0,86.0,89.0,0.2728383779439129,0.03084020567477401,0.2843765318393707,0.12359583377838135,0.4619496663411458,0.7540350970668717,9.06349747160994,0.9721518987341772,0.6531118143459915,5.0,3.25,1.2567307004812807,1.90625,9.0,59.743489583333336,16630.033203125,81.18690490722656,12.509981155395508,13.445256233215332,0.21388855245917884,0.63986895871495,0.4619496663411458,id4,20260328_100601_HDR.jpg,healthy,strong,no
31.758596420288086,5.327094078063965,155.0962371826172,58.09808349609375,134.58645629882812,51.93035125732422,117.5290298461914,165.7230987548828,0.3051483803970124,0.6920956983664177,0.09038622838199464,0.023778141683641545,7.0,80.0,93.0,0.258563991958568,0.021181983997017748,0.27724629640579224,0.1281043440103531,0.3820343017578125,0.7132404011626107,7.606406972714789,1.1130434782608696,0.6084805253623189,2.0,1.25,1.7610081508723048,4.153846153846154,7.0,60.767299107142854,17214.07421875,83.31674194335938,12.584454536437988,13.49949836730957,0.2173449960724794,0.5510954260642434,0.3820343017578125,id4,20260328_100603_HDR.jpg,healthy,strong,no
31.81365966796875,6.048884868621826,156.87570190429688,59.97832107543945,137.90628051757812,52.300872802734375,117.1602554321289,166.4398651123047,0.2840756084930088,0.7131020196789228,0.08459347488348007,0.021491455204557225,7.0,78.0,101.0,0.2589331952356292,0.01976954945624029,0.2830481231212616,0.13779515027999878,0.3928629557291667,0.7147471403408246,8.003889153406396,1.1002865329512894,0.6282757282712512,3.0,2.75,1.9525856406778657,3.409090909090909,9.0,52.96831597222222,15570.537109375,79.07257843017578,12.122501373291016,13.081276893615723,0.2107457276022786,0.6045190223133575,0.3928629557291667,id4,20260328_100607_HDR.jpg,healthy,strong,no
34.821617126464844,8.4938383102417,154.20864868164062,58.11759567260742,126.14286041259766,43.84495162963867,115.50994110107422,163.32469177246094,0.45146984663759604,0.5457269140636587,0.07045178131767078,0.03537421019845154,11.0,57.0,94.0,0.17501705674705587,0.06672896087330545,0.30217286944389343,0.13489151000976562,0.342926025390625,0.7375807265139003,6.907343520078786,1.119533527696793,0.5662278304178814,4.0,2.0,1.2863645303732698,1.794392523364486,7.0,34.898995535714285,16611.396484375,81.52713012695312,12.243021965026855,13.07127857208252,0.20884874373349946,0.429256304634328,0.342926025390625,id4,20260328_100615_HDR.jpg,healthy,strong,no
33.84295654296875,8.042925834655762,152.43296813964844,56.29413986206055,135.40887451171875,43.3253288269043,116.30325317382812,166.1488494873047,0.3725360185205997,0.6248904272774269,0.04384032725719809,0.03904160391989391,10.0,60.0,87.0,0.1880717448472725,0.0947832145827246,0.282330721616745,0.11626432836055756,0.4525858561197917,0.7599001125275539,9.011951530176635,1.024,0.6846805555555555,3.0,1.5,1.3798256601117684,2.8333333333333335,5.0,101.4984375,14635.4599609375,71.02818298339844,10.784394264221191,12.92073917388916,0.18068822908003865,0.5456775435863787,0.4525858561197917,id4,20260328_100618_HDR.jpg,healthy,strong,no
39.840843200683594,12.498297691345215,97.53816223144531,30.722156524658203,124.09588623046875,34.656158447265625,116.05125427246094,151.1551513671875,0.619168774633802,0.35785928584034354,0.030369433496088005,0.05125301488322843,11.0,50.0,39.0,0.14614094946761574,0.13914053767868698,0.19396205246448517,0.08438844233751297,0.3458455403645833,0.5684830168430937,13.248830864976359,0.9552238805970149,0.4666964655887231,6.0,4.75,2.1667748385720635,7.25,6.0,93.06380208333333,10426.7998046875,68.77119445800781,10.032914161682129,9.887590408325195,0.22335137361021237,0.6653424268814153,0.3458455403645833,id5,20260328_100623_HDR.jpg,healthy,moderate,no
39.764137268066406,11.873682022094727,98.49888610839844,31.238628387451172,124.1764144897461,34.62752914428711,115.95567321777344,151.4286651611328,0.6447718775436999,0.3351544500089676,0.03182815280824469,0.04722486652042548,10.0,49.0,40.0,0.1440061807596264,0.12093870286825877,0.19694119691848755,0.08502224087715149,0.3686676025390625,0.5645143544660508,12.858070746624207,0.8648648648648649,0.46645375844594594,6.0,5.25,1.6568878148668678,3.2142857142857144,9.0,71.40104166666667,12342.9326171875,73.80133056640625,10.410303115844727,10.490669250488281,0.22580467144019978,0.7334257497875096,0.3686676025390625,id5,20260328_100625_HDR.jpg,healthy,moderate,no
39.148746490478516,10.88901138305664,107.33621215820312,33.14192581176758,119.78934478759766,34.45702362060547,115.55988311767578,153.11459350585938,0.6458447042601476,0.33839878199419726,0.04047571170032461,0.03322225733245238,9.0,49.0,45.0,0.14051592887305736,0.11925828042860015,0.21578413248062134,0.08498186618089676,0.3541158040364583,0.6946981515514838,9.475325833062069,0.8609865470852018,0.43811892750373693,4.0,2.75,1.236394508197012,1.6296296296296295,8.0,49.19677734375,6726.3974609375,52.5684700012207,8.144365310668945,8.729683876037598,0.18577461147338484,0.6584325556322643,0.3541158040364583,id5,20260328_100629_HDR.jpg,healthy,moderate,no
36.52751159667969,8.7744140625,110.5572280883789,34.86110305786133,119.70079803466797,36.20622634887695,116.46739959716797,154.37075805664062,0.5634453159686251,0.4273494154210448,0.04518277342015688,0.029288145626757436,7.0,53.0,47.0,0.15881308272902175,0.06952789699570816,0.2112860083580017,0.08583154529333115,0.3436787923177083,0.598345611450221,12.883291983242641,0.9411764705882353,0.45361328125,7.0,4.5,1.4932472956726974,3.6923076923076925,6.0,70.88736979166667,5715.91748046875,46.16575241088867,7.672605991363525,8.60328483581543,0.16738197424892703,0.6752205933787011,0.3436787923177083,id5,20260328_100632_HDR.jpg,healthy,moderate,no
37.125030517578125,8.72438907623291,110.82495880126953,37.226104736328125,119.96881866455078,37.404136657714844,116.12633514404297,154.07838439941406,0.5986461636862724,0.3931455374037257,0.06226847533512779,0.031127575087279803,8.0,55.0,51.0,0.17169469392106174,0.07929803054126802,0.21631254255771637,0.09042546898126602,0.3817036946614583,0.727307771381579,7.897809942634126,0.8187633262260128,0.47143190298507465,5.0,3.5,1.1839696540234896,1.763157894736842,6.0,47.690104166666664,4572.880859375,42.77685546875,7.423020362854004,8.05046558380127,0.16981584628094767,0.7022307893850357,0.3817036946614583,id5,20260328_100637_HDR.jpg,healthy,moderate,no
31.11269187927246,5.664596080780029,132.51815795898438,52.2535514831543,140.45013427734375,44.45492935180664,117.992919921875,162.26168823242188,0.2274490462416188,0.7611538410269398,0.03220517468907877,0.0391100921099988,7.0,71.0,82.0,0.21438568895879712,0.032151854863434595,0.22583983838558197,0.13058210909366608,0.3815663655598958,0.5674619947820256,13.60868896839023,0.8222698072805139,0.43420993932905066,9.0,5.5,1.9921817236285797,5.5,9.0,98.49479166666667,16680.421875,83.75608825683594,12.125555038452148,12.785721778869629,0.2360068782575081,0.6764135717312704,0.3815663655598958,id6,20260328_100646_HDR.jpg,moderate,moderate,no
31.348617553710938,6.003882884979248,128.00491333007812,47.96332931518555,152.0565643310547,46.19363784790039,117.29896545410156,163.88766479492188,0.24085186492528532,0.7504059301094247,0.032474408753971055,0.037592657959759974,6.0,74.0,71.0,0.23779268149194022,0.028097423226261912,0.21736404299736023,0.12128782272338867,0.432281494140625,0.6319111513141364,9.43073066925283,0.75,0.47967529296875,7.0,3.75,1.4544846278234436,2.1538461538461537,7.0,83.05970982142857,15679.361328125,82.07410430908203,12.138886451721191,12.7511625289917,0.22889751735498293,0.6985001027326896,0.432281494140625,id6,20260328_100649_HDR.jpg,moderate,moderate,no
30.095251083374023,5.985677242279053,133.2486572265625,50.578556060791016,142.22581481933594,43.77853012084961,119.04598236083984,162.99229431152344,0.15546702774078758,0.833924554905274,0.025368441077403398,0.03519353647482739,5.0,70.0,74.0,0.19918758322795788,0.0377001667356736,0.21354195475578308,0.12004338204860687,0.4545237223307292,0.6900577683186379,9.33900016915874,0.75,0.51947021484375,4.0,3.25,1.5663069323252388,2.1578947368421053,7.0,76.58314732142857,7912.197265625,58.95795822143555,10.041202545166016,10.189835548400879,0.220046327898571,0.7408822968569936,0.4545237223307292,id6,20260328_100654_HDR.jpg,moderate,moderate,no
30.50988006591797,6.129349231719971,129.75965881347656,48.13888931274414,142.67247009277344,45.023529052734375,118.62995910644531,162.2212677001953,0.18717599312735136,0.8076991438812691,0.034422490150191075,0.037266344758124244,6.0,70.0,68.0,0.21317060165299048,0.027298041887608496,0.21081429719924927,0.11768873035907745,0.3433939615885417,0.506875588663413,11.434377483009062,0.568359375,0.39732334621993126,7.0,5.25,1.5975379961053753,2.3278688524590163,5.0,94.27421875,11860.8564453125,75.26506805419922,12.724145889282227,11.778523445129395,0.254510175667269,0.5098051060552288,0.3433939615885417,id6,20260328_100658_HDR.jpg,moderate,moderate,no
33.94205856323242,8.674856185913086,124.67385864257812,46.45915603637695,105.7890853881836,35.48891067504883,119.15389251708984,154.28985595703125,0.3558877791208092,0.6398244163114702,0.05980024174565812,0.04242000127234557,9.0,47.0,74.0,0.0535275780902093,0.09159615751638145,0.21863068640232086,0.09752381592988968,0.3997548421223958,0.6058090211443189,10.715752318308672,0.75,0.475799560546875,6.0,4.25,1.4839351031377468,2.888888888888889,7.0,77.01674107142857,14824.2939453125,75.25796508789062,10.979972839355469,12.38471508026123,0.19572491888796997,0.7347249747597502,0.3997548421223958,id6,20260328_100745_HDR.jpg,moderate,moderate,no
34.32545852661133,8.664505004882812,126.2251968383789,45.28302001953125,106.50545501708984,33.97114944458008,118.63815307617188,154.67440795898438,0.38428216913114344,0.6104315648815729,0.04565278042906859,0.03942673382182347,9.0,44.0,69.0,0.05032231538450243,0.08684160291331992,0.2253575325012207,0.09699558466672897,0.3463795979817708,0.600185896691119,13.75228364286217,0.9948186528497409,0.5053398909758203,8.0,6.0,1.7500840398866842,4.7,7.0,83.83482142857143,15012.51171875,75.71004486083984,11.02149772644043,12.542268753051758,0.19609109998384752,0.6432633090263347,0.3463795979817708,id6,20260328_100747_HDR.jpg,moderate,moderate,no
31.780033111572266,7.04754114151001,83.29548645019531,21.660165786743164,122.7138671875,25.86441993713379,120.8735122680664,149.1544952392578,0.23251975592677804,0.7605781734520356,0.0,0.048914674402320696,6.0,43.0,23.0,0.024407322196658997,0.014554366309892968,0.12696784734725952,0.04217059165239334,0.10169474283854167,0.40333807192123416,14.103905405802386,1.0217391304347827,0.246062031041217,3.0,2.0,1.667211985710499,3.3,6.0,76.861328125,6325.99658203125,48.59247589111328,6.737171173095703,7.923056602478027,0.16159847954386317,0.5191224198364274,0.10169474283854167,id6,20260328_100750_HDR.jpg,moderate,moderate,no
31.79060173034668,6.773159980773926,133.79891967773438,50.161766052246094,112.92445373535156,39.96527862548828,119.38837432861328,157.68484497070312,0.26582826127570036,0.7284490811299791,0.06659718193528087,0.03546671124177737,8.0,56.0,78.0,0.1109133636837396,0.04914405954710376,0.22561797499656677,0.10941486060619354,0.5172780354817709,0.7312342074765527,10.040720314778842,0.75,0.5872955322265625,7.0,3.25,2.0915326608067986,8.833333333333334,8.0,97.142578125,15732.263671875,80.95745086669922,11.57126235961914,12.341320991516113,0.21633022290832932,0.8651796272192873,0.5172780354817709,id6,20260328_100759_HDR.jpg,moderate,moderate,no
32.29092025756836,8.599987983703613,136.45179748535156,49.320350646972656,113.47674560546875,41.00629806518555,118.96768188476562,157.9249725341797,0.266001159595654,0.726726158965439,0.07750384431167914,0.0327585772265497,8.0,59.0,74.0,0.11370339559857824,0.0508079356676498,0.2323456108570099,0.11244427412748337,0.403533935546875,0.6905497264310511,9.477389718572315,0.666015625,0.5577116935483871,9.0,4.0,2.1156576654228467,7.333333333333333,8.0,84.0625,17077.79296875,86.0698013305664,12.193148612976074,12.651622772216797,0.23285184905089618,0.7041625987396822,0.403533935546875,id6,20260328_100802_HDR.jpg,moderate,moderate,no
31.873008728027344,6.247620105743408,141.37464904785156,51.10658645629883,119.4974365234375,42.44849395751953,118.28253936767578,160.51963806152344,0.2822989759150389,0.712213161388204,0.07039398824198749,0.029122416081926797,7.0,63.0,76.0,0.13819220557557368,0.0322278589038498,0.24693933129310608,0.1217886358499527,0.4291178385416667,0.6623412507900763,9.714683375505414,0.69921875,0.5231074327863129,6.0,3.25,2.6220830285301013,6.888888888888889,8.0,85.86669921875,17933.552734375,89.2179946899414,12.708585739135742,12.89915657043457,0.23754267020671344,0.6999751099311374,0.4291178385416667,id6,20260328_100806_HDR.jpg,moderate,moderate,no
31.645689010620117,6.478446006774902,88.84756469726562,22.367206573486328,117.13600158691406,26.405725479125977,120.9356918334961,149.65338134765625,0.22607456661125624,0.7676086440275469,0.002588458798385182,0.03889812396105438,6.0,41.0,26.0,0.03652339111849917,0.02949418190453574,0.134969562292099,0.041021090000867844,0.21418253580729166,0.4150582782899753,14.91751353057873,0.9696969696969697,0.27562736742424243,4.0,3.25,2.7791320477067236,8.8,8.0,81.95556640625,5638.9365234375,46.9821891784668,6.692899703979492,7.671219348907471,0.15884587983851817,0.83657819453274,0.21418253580729166,id6,20260328_100810_HDR.jpg,moderate,moderate,no
33.233863830566406,8.31744384765625,85.41180419921875,21.922365188598633,129.76718139648438,30.17367935180664,119.92061614990234,150.36114501953125,0.30954288289190407,0.6800180243328493,0.0027537175186501776,0.05079357132128373,6.0,46.0,25.0,0.07607770490161718,0.04716367095579032,0.1351037174463272,0.04143574461340904,0.20317586263020834,0.42551251398247353,14.691455712505219,0.9896907216494846,0.2693567439862543,4.0,3.25,3.3332878334652163,16.6,10.0,72.53359375,7392.59423828125,53.960548400878906,7.671932220458984,8.62857437133789,0.17223251389375657,0.8115806582689964,0.20317586263020834,id6,20260328_100813_HDR.jpg,moderate,moderate,no
34.01884841918945,9.222476959228516,123.41642761230469,39.94589614868164,123.90338897705078,36.720943450927734,117.50589752197266,157.81912231445312,0.36223093959440095,0.626015083305589,0.024752833548050895,0.02789398260063981,7.0,57.0,58.0,0.1091295977302665,0.048955604128367324,0.21903307735919952,0.09761771559715271,0.3513743082682292,0.5057784158753624,12.866691832314475,0.7836734693877551,0.37819409013605443,2.0,1.5,1.4324776785714286,2.0,10.0,89.08359375,8689.4580078125,56.607181549072266,8.26625919342041,9.958693504333496,0.16779815584152397,0.7504046230216921,0.3513743082682292,id6,20260328_100817_HDR.jpg,moderate,moderate,no
32.83598709106445,9.285221099853516,115.59769439697266,40.49410629272461,134.62478637695312,37.962589263916016,118.4337158203125,158.08168029785156,0.2617594501718213,0.7290171821305842,0.013883161512027491,0.036426116838487975,7.0,61.0,57.0,0.09847422680412371,0.06718900343642611,0.1917186975479126,0.0881957858800888,0.370025634765625,0.4908744570483202,14.84438586917634,0.8807339449541285,0.4448227255351682,6.0,4.0,1.4607852345352281,2.3548387096774195,7.0,98.609375,8525.115234375,54.945621490478516,8.241594314575195,9.951379776000977,0.1558213058419244,0.8614156819096787,0.370025634765625,id6,20260328_100820_HDR.jpg,moderate,moderate,no
32.55851364135742,9.082840919494629,125.44974517822266,44.7890510559082,135.9404296875,42.50684356689453,118.1544418334961,160.09779357910156,0.22805365579674233,0.759440975319655,0.025324610962434334,0.028347705421746458,6.0,70.0,66.0,0.13863283444014934,0.04721313641920243,0.21043705940246582,0.09986522048711777,0.307891845703125,0.4492517459261723,14.03384764655782,0.8629213483146068,0.3557496488764045,3.0,2.5,1.813476741132122,6.0,5.0,152.21796875,10076.7998046875,60.11616516113281,8.976739883422852,10.624314308166504,0.16489906498827106,0.6460750306846683,0.307891845703125,id6,20260328_100824_HDR.jpg,moderate,moderate,no
33.61690139770508,12.208161354064941,123.8768539428711,44.45439910888672,121.74382781982422,40.264381408691406,118.93427276611328,156.89068603515625,0.24006599020790464,0.735311856950259,0.045057830128432556,0.03633009295394877,7.0,65.0,64.0,0.1305612715532534,0.06347122685020933,0.20681695640087128,0.09943662583827972,0.2867228190104167,0.44377485744171796,12.713754839487512,0.8930232558139535,0.34429505813953487,3.0,2.0,2.570206253708684,8.2,7.0,101.61216517857143,10509.1494140625,62.60203552246094,9.147608757019043,10.319128036499023,0.1817214219825445,0.6050510362888943,0.2867228190104167,id6,20260328_100827_HDR.jpg,moderate,moderate,no
35.25302505493164,10.289505958557129,112.09434509277344,46.29963684082031,146.0279083251953,41.62548065185547,116.10133361816406,158.07911682128906,0.4586506995155551,0.5199136859253755,0.01583377395429927,0.05949097560627063,9.0,65.0,63.0,0.20443860125469798,0.10506309215885219,0.20705053210258484,0.11905302107334137,0.3559214274088542,0.6350999273107425,13.734754315520972,0.7820773930753564,0.4124289290563476,10.0,5.5,1.6782540929853773,5.333333333333333,8.0,79.06005859375,15445.599609375,81.51612854003906,11.952984809875488,12.387006759643555,0.2407362419080555,0.8940119836980823,0.3559214274088542,id6,20260328_100833.jpg,moderate,moderate,no
34.90598678588867,10.781675338745117,111.65801239013672,45.52845764160156,144.7537841796875,42.442535400390625,116.6626968383789,157.60870361328125,0.40056421468368714,0.5763594047535087,0.02039636081529022,0.05707031525495451,9.0,67.0,62.0,0.20121306156992735,0.09392763946681712,0.20156855881214142,0.11619167774915695,0.3605906168619792,0.6456418610075504,11.453340241179022,0.7789046653144016,0.45327290398918185,7.0,4.75,1.4246531652941001,4.909090909090909,9.0,60.470920138888886,13083.587890625,76.42807006835938,11.510176658630371,11.780177116394043,0.23860638973129275,0.8727042198040278,0.3605906168619792,id6,20260328_100835.jpg,moderate,moderate,no
32.62099075317383,8.09257984161377,113.26854705810547,44.79178237915039,141.40414428710938,41.85798645019531,117.94780731201172,158.05763244628906,0.30789061656408595,0.6778560630601447,0.0195578231292517,0.05465122556959292,8.0,65.0,61.0,0.19362109923334414,0.06079257099665263,0.19271314144134521,0.1084718182682991,0.3768310546875,0.6741362593889081,12.484416116892858,0.708984375,0.4657665074035813,9.0,7.25,1.6200093339751576,2.82,8.0,65.451171875,10076.5244140625,66.79402923583984,10.707887649536133,10.768945693969727,0.23600313141129467,0.9171463586734504,0.3768310546875,id6,20260328_100838_HDR.jpg,moderate,moderate,no
33.14133071899414,6.409168720245361,131.40756225585938,41.63723373413086,130.50765991210938,47.7105598449707,116.32271575927734,160.0332489013672,0.38808705612829325,0.5964838886398725,0.0885900692265551,0.01971213705861846,7.0,76.0,54.0,0.2482892574331391,0.035459933263608745,0.23788908123970032,0.11214500665664673,0.5106353759765625,0.7509128643390183,7.54812470659602,0.6015625,0.7009404170048701,3.0,1.75,1.846697572886768,2.3125,5.0,69.0375,14411.4833984375,80.02189636230469,12.149031639099121,12.1987943649292,0.2398824642661487,0.9320515439032995,0.5106353759765625,id6,20260328_100843.jpg,moderate,moderate,no
33.57069396972656,6.134987831115723,134.13330078125,41.65288543701172,131.4246368408203,46.60465621948242,115.70808410644531,160.9322509765625,0.41310463121783875,0.5756628277382995,0.08395001225189905,0.02045577064444989,6.0,73.0,55.0,0.24098995344278362,0.028198970840480276,0.24761264026165009,0.11011826246976852,0.5189259847005209,0.7536916115509851,8.069899527290625,0.59765625,0.6862585529003268,2.0,1.5,1.6134307409864725,1.8028169014084507,5.0,70.01953125,12794.0234375,73.05656433105469,11.205351829528809,11.863626480102539,0.22317079147267826,0.884451341089169,0.5189259847005209,id6,20260328_100845.jpg,moderate,moderate,no
33.59916687011719,5.725210189819336,135.97836303710938,43.949710845947266,117.64508056640625,42.736446380615234,116.54000091552734,158.46925354003906,0.41484734464579553,0.5782352139690392,0.10234668958505833,0.024053830271142742,7.0,62.0,63.0,0.19629812076175704,0.02199955979918458,0.2551388144493103,0.11678721010684967,0.4852854410807292,0.6687969079455501,8.324630946194487,0.65234375,0.6000333317739521,3.0,2.0,2.3372835619548407,7.166666666666667,8.0,56.12158203125,14746.5107421875,81.49345397949219,12.290197372436523,11.831415176391602,0.2465124566349792,0.7418860706343405,0.4852854410807292,id6,20260328_100847.jpg,moderate,moderate,no
33.5482292175293,5.353331565856934,137.79466247558594,44.30039596557617,106.47618865966797,38.29911422729492,117.1817398071289,156.38473510742188,0.40850691531436517,0.586039933843093,0.12284570579352333,0.023778134662863444,7.0,58.0,64.0,0.1679091061626597,0.0224358206093147,0.2619466781616211,0.12164081633090973,0.4243876139322917,0.6114508946753917,10.945269076893545,0.734375,0.467900702293883,3.0,2.25,1.9091104285314857,4.25,5.0,100.1859375,14954.212890625,82.56952667236328,12.095735549926758,11.584733009338379,0.24147271027589348,0.6404857491575384,0.4243876139322917,id6,20260328_100849.jpg,moderate,moderate,no
33.01056671142578,5.052637577056885,134.96327209472656,44.51250457763672,108.97821044921875,39.612548828125,117.6539077758789,156.2371063232422,0.3561314453646807,0.637675175479076,0.11361814781531586,0.031027615184708427,6.0,61.0,63.0,0.16986860321084205,0.018798727321302795,0.2501622438430786,0.11855605244636536,0.4188334147135417,0.5618716112189571,12.745810197629721,0.75,0.4269307454427083,5.0,3.25,1.6683062390833057,2.652173913043478,7.0,91.86662946428571,13593.2177734375,78.02030181884766,11.807653427124023,11.393022537231445,0.23288320015544167,0.647735764459722,0.4188334147135417,id6,20260328_100851.jpg,moderate,moderate,no
33.305030822753906,5.448327541351318,130.48440551757812,42.47645568847656,127.95360565185547,48.02960968017578,116.29710388183594,159.5244903564453,0.40909040653642464,0.5849281899897177,0.09595674815085077,0.023693433723617145,6.0,77.0,57.0,0.2502570566187933,0.02319590478401716,0.24033403396606445,0.1151113212108612,0.4600372314453125,0.7111489381147681,9.45907699705375,0.564453125,0.6310384677768166,3.0,1.75,1.8629063399515062,2.8,12.0,46.5478515625,17256.05859375,88.7414321899414,13.370824813842773,12.91761302947998,0.2528442071047133,0.7209057650462686,0.4600372314453125,id6,20260328_100855.jpg,moderate,moderate,no
33.16619110107422,6.368334770202637,129.75848388671875,46.68047332763672,133.8885498046875,46.535308837890625,116.39034271240234,160.54791259765625,0.37236089845341275,0.615881667111492,0.06147017095337763,0.03586228209414376,7.0,76.0,69.0,0.22716992793830507,0.03133911137956707,0.2383992224931717,0.12594453990459442,0.3620859781901042,0.5421922099520783,15.762156527719092,0.75,0.3846995035807292,10.0,6.75,1.6311105153258478,3.2542372881355934,8.0,89.373046875,16786.662109375,87.85472106933594,13.052437782287598,12.55557632446289,0.2619646293668966,0.7046253130227356,0.3620859781901042,id6,20260328_100902.jpg,moderate,moderate,no
33.073455810546875,6.361263275146484,123.70114135742188,45.43775939941406,134.79087829589844,46.290985107421875,116.85064697265625,159.37994384765625,0.3470132089110863,0.6423736610369981,0.06059012946047184,0.038295984753893675,7.0,77.0,65.0,0.23731681671814417,0.03098508247354932,0.22234922647476196,0.11645342409610748,0.3095906575520833,0.5222781464819681,12.68091386549425,0.69140625,0.3881642831920904,6.0,4.0,1.6330849196838506,3.689655172413793,8.0,71.263671875,15339.2236328125,83.83882904052734,12.858841896057129,12.483120918273926,0.2538608135637774,0.6373479089443153,0.3095906575520833,id6,20260328_100905.jpg,moderate,moderate,no
32.732154846191406,6.903946399688721,123.49991607666016,46.92298889160156,133.09832763671875,47.42460250854492,117.51713562011719,159.29359436035156,0.3108505686558644,0.6789765658162444,0.06017359738872056,0.03769083271125163,6.0,80.0,68.0,0.2180359782783706,0.028293739662465785,0.21701204776763916,0.11609135568141937,0.3474884033203125,0.6269695530381513,11.189080385714126,0.697265625,0.4585767900910364,13.0,7.5,1.923194184927318,8.0,7.0,101.60602678571429,13698.7666015625,77.58483123779297,11.902267456054688,11.909927368164062,0.23953804944451762,0.603018668078909,0.3474884033203125,id6,20260328_100908.jpg,moderate,moderate,no
33.21949005126953,8.03864860534668,127.54698944091797,46.442264556884766,132.74197387695312,46.69844055175781,117.17900848388672,160.1438751220703,0.329984615031344,0.6594640519874164,0.05908287216698432,0.03260694849479896,7.0,76.0,66.0,0.20063606512204643,0.03625800822062504,0.2263970822095871,0.11394122987985611,0.4430033365885417,0.6568594372089884,10.900068472939164,0.75,0.5198516845703125,8.0,5.5,1.7319755368554965,5.444444444444445,9.0,90.80772569444444,13715.6220703125,77.0799560546875,11.539116859436035,11.75748062133789,0.2352178006383614,0.731031357013362,0.4430033365885417,id6,20260328_100910.jpg,moderate,moderate,no
31.36278533935547,6.030093193054199,131.5784912109375,51.741634368896484,125.27618408203125,43.199562072753906,118.75238800048828,159.44976806640625,0.24967173360146686,0.7413142485361093,0.05454545454545454,0.04285798781569764,7.0,68.0,76.0,0.16201573312829007,0.03352457561956586,0.2244589477777481,0.12530101835727692,0.4299672444661458,0.6033643659285941,12.230615805779491,0.75,0.46347300211588544,8.0,4.75,1.9931885005263434,5.166666666666667,9.0,80.53776041666667,12753.0458984375,74.10591888427734,11.27271556854248,11.642497062683105,0.22970367303483763,0.7080754185966647,0.4299672444661458,id6,20260328_100912.jpg,moderate,moderate,no
33.02846908569336,6.2296576499938965,123.52860260009766,45.962852478027344,137.66358947753906,45.659332275390625,116.32618713378906,159.69097900390625,0.3775691400936981,0.6138166842980203,0.05353634577603143,0.0442987758803083,8.0,71.0,59.0,0.23058032340940002,0.027977179990932445,0.22520582377910614,0.12454035878181458,0.2692464192708333,0.6187743600818602,11.93168752519657,0.8465227817745803,0.40875401661673494,4.0,3.5,1.33449623958642,1.7826086956521738,10.0,51.348828125,18889.08984375,94.57405090332031,13.976405143737793,13.34475326538086,0.27705153392776183,0.8192778543017659,0.2692464192708333,id6,20260328_100915.jpg,moderate,moderate,no
31.816484451293945,5.273534297943115,130.70545959472656,43.67949295043945,135.93589782714844,45.80762481689453,116.90058898925781,161.0488739013672,0.2969677975397634,0.696560369819008,0.05913970069732821,0.028425918671158817,7.0,67.0,58.0,0.22262790879887173,0.01994828802005798,0.23083975911140442,0.12240921705961227,0.3245798746744792,0.6411362819129809,11.175631839328009,0.7468354430379747,0.42503992943812724,5.0,3.5,1.4800161228699569,2.6,5.0,86.88984375,17354.712890625,90.46826171875,13.689242362976074,12.947264671325684,0.2717072788529343,0.8688459862760048,0.3245798746744792,id6,20260328_100918.jpg,moderate,moderate,no
30.462080001831055,4.710387229919434,141.5262451171875,42.58528518676758,131.34352111816406,45.673828125,117.93074798583984,162.6849365234375,0.21334554746637097,0.77731706925092,0.0751008469536988,0.01349983125210935,7.0,66.0,59.0,0.2185526252350417,0.014158751587033733,0.2383280247449875,0.11998336017131805,0.3164825439453125,0.6033466768302425,10.731254330593664,0.685546875,0.367763421474359,4.0,2.75,1.3291127779732357,2.2857142857142856,4.0,88.673828125,14512.1962890625,82.97382354736328,12.95254135131836,12.06363582611084,0.26748951352393807,0.7959551769130402,0.3164825439453125,id6,20260328_100920.jpg,moderate,moderate,no
32.00714874267578,5.353886604309082,135.3193359375,41.76984405517578,130.36146545410156,46.00817108154297,116.9080810546875,161.16529846191406,0.3006205596000351,0.6908494868871151,0.06742829576352952,0.020316200333304096,7.0,72.0,56.0,0.22453074291728795,0.027541443733005877,0.2389056384563446,0.11401616036891937,0.4639078776041667,0.7404750410711813,9.763277565049817,0.8050314465408805,0.5401298261705101,4.0,2.0,1.624913149578557,2.4133333333333336,8.0,60.9052734375,18023.63671875,90.13336181640625,13.288022994995117,13.102706909179688,0.24482501534953074,0.8939944914382051,0.4639078776041667,id6,20260328_100926.jpg,moderate,moderate,no
32.08074188232422,5.474222183227539,132.2880859375,40.930877685546875,135.33224487304688,45.468021392822266,116.53663635253906,161.8881378173828,0.3192128842009754,0.6742542815016446,0.05820573891346263,0.021469887716910514,8.0,69.0,54.0,0.23128048088919134,0.024951797663604402,0.23223429918289185,0.1101328656077385,0.448455810546875,0.6537272743365965,10.587156649874384,0.8187633262260128,0.5126210465529495,3.0,1.5,1.4044172874431105,1.662162162162162,5.0,95.9640625,8363.7197265625,61.395076751708984,10.52013111114502,10.48044490814209,0.22870590903935578,0.8342242953515436,0.448455810546875,id6,20260328_100929.jpg,moderate,moderate,no
32.81672668457031,8.434821128845215,118.95033264160156,45.04544448852539,115.08814239501953,39.625545501708984,119.36109161376953,155.1185302734375,0.2947887341258621,0.6933970962467576,0.06194755541349594,0.04753943178884477,8.0,48.0,66.0,0.11141708567424363,0.0673321613414799,0.20108728110790253,0.09587705135345459,0.4137318929036458,0.5878528968241472,12.428309824765257,0.75,0.4272867838541667,5.0,3.5,1.7027832846872362,3.2777777777777777,7.0,79.86049107142857,15503.65234375,78.18826293945312,11.446455001831055,12.813019752502441,0.21912149785476318,0.7869034835688926,0.4137318929036458,id7,20260328_101004_HDR.jpg,healthy,strong,no
33.621639251708984,7.741620063781738,131.5770721435547,49.50846862792969,113.44618225097656,43.025367736816406,118.0677719116211,156.78060913085938,0.36749060563174074,0.6245180811087795,0.09282123859255283,0.04621541164413645,8.0,56.0,76.0,0.15329900932116539,0.0516446244692792,0.24136315286159515,0.1186031773686409,0.4168904622395833,0.6155408391746326,10.884820515499642,0.8609865470852018,0.491977298206278,4.0,3.25,1.4988238714973634,3.7142857142857144,8.0,50.12158203125,18090.640625,87.10087585449219,12.668208122253418,13.44568920135498,0.237860524132546,0.6599940413402153,0.4168904622395833,id7,20260328_101028_HDR.jpg,healthy,strong,no
33.261444091796875,7.367040157318115,129.63743591308594,47.20170211791992,111.89057922363281,42.0817985534668,118.38256072998047,156.27352905273438,0.3534448476412984,0.6370109857334593,0.09392553561664264,0.04009047074613511,9.0,54.0,72.0,0.15069344335636525,0.049970174479296116,0.23385341465473175,0.11388949304819107,0.4092814127604167,0.606289697344714,11.34083672124621,0.8514412416851441,0.48090181541019955,4.0,2.25,2.100534110107403,4.333333333333333,10.0,46.439453125,18092.7265625,88.34764099121094,12.763346672058105,13.203612327575684,0.24622210071084158,0.7018394634244197,0.4092814127604167,id7,20260328_101031_HDR.jpg,healthy,strong,no
33.05265808105469,8.12138557434082,137.25599670410156,48.75225830078125,111.35057830810547,42.60962677001953,118.51375579833984,157.33250427246094,0.3266634872581749,0.6632591701743836,0.09825409003255438,0.035156654985796336,8.0,53.0,73.0,0.13638625666120638,0.05148568229415058,0.2454313486814499,0.11601798236370087,0.4905904134114583,0.6723013308690109,10.449584139880502,0.75,0.5069376627604166,2.0,2.0,1.7155858464452214,2.515151515151515,10.0,62.786328125,17187.58984375,85.71410369873047,12.53063678741455,13.154505729675293,0.24263379434756463,0.793559639971698,0.4905904134114583,id7,20260328_101033_HDR.jpg,healthy,strong,no
33.854164123535156,8.77532958984375,130.7344207763672,48.10649871826172,124.31487274169922,43.02954864501953,117.46862030029297,159.14743041992188,0.3776501349350527,0.6112925412943264,0.05961294116411673,0.03952494460837332,10.0,54.0,73.0,0.1480820321113923,0.07072276884627905,0.23416399955749512,0.10857050120830536,0.4843699137369792,0.7348842884159229,8.157327224952702,0.7966804979253111,0.553217928769018,2.0,1.25,1.2560106981981982,1.3243243243243243,7.0,64.24665178571429,13351.7529296875,74.42375183105469,11.390702247619629,12.096941947937012,0.22405519211181232,0.7390039111000745,0.4843699137369792,id7,20260328_101038_HDR.jpg,healthy,strong,no
33.22524642944336,8.571834564208984,131.805908203125,49.6456298828125,118.01081085205078,47.48295211791992,118.54078674316406,157.56491088867188,0.33306053002810593,0.6598860687248959,0.09215726392642926,0.03461012459214111,8.0,62.0,79.0,0.14262946491067485,0.057482528025155334,0.23293288052082062,0.1143651232123375,0.4723256429036458,0.6994830648574539,7.949534033623519,0.7710843373493976,0.5055717662315931,2.0,1.25,1.8072916666666665,4.0,6.0,69.240234375,11341.3115234375,69.15324401855469,11.232827186584473,11.637323379516602,0.23092081884065774,0.7011915189223474,0.4723256429036458,id7,20260328_101042_HDR.jpg,healthy,strong,no
32.346954345703125,8.71577262878418,133.26390075683594,50.27569580078125,117.07874298095703,47.69034957885742,119.1759033203125,157.68701171875,0.2697551938049044,0.7217098963320705,0.09361338940005828,0.02929972105416545,8.0,63.0,79.0,0.1450622423914401,0.05128231816478621,0.22895199060440063,0.11763975024223328,0.4886678059895833,0.749726458448095,7.191329021689719,0.7603960396039604,0.5123478754125412,2.0,1.25,1.4205528846153845,1.9230769230769231,8.0,53.9677734375,7123.89208984375,53.5481071472168,9.426360130310059,9.783053398132324,0.21440318081518797,0.6756494465463649,0.4886678059895833,id7,20260328_101045_HDR.jpg,healthy,strong,no
30.484283447265625,4.714953899383545,136.62063598632812,44.1239013671875,137.4999542236328,48.562400817871094,118.59258270263672,163.0761260986328,0.18047971664944917,0.8179663694842568,0.04528921028187477,0.017518425598777705,6.0,74.0,67.0,0.21021242610228053,0.01928068545831778,0.22317378222942352,0.1018843948841095,0.5859018961588541,0.7675781817712051,6.248261335109363,0.75,0.6044158935546875,1.0,1.0,1.3333333333333333,1.3333333333333333,6.0,47.473958333333336,2416.37060546875,30.199907302856445,6.490281581878662,6.7151947021484375,0.1388018369171738,0.7450215694263891,0.5859018961588541,id7,20260328_101049_HDR.jpg,healthy,strong,no
30.927003860473633,5.765000820159912,142.38768005371094,50.93520736694336,141.29978942871094,52.193817138671875,117.98851776123047,164.90231323242188,0.2345694071724811,0.7591050081901509,0.06356951172759906,0.021712612832398146,7.0,76.0,83.0,0.23793259680061338,0.030774056390060294,0.24383458495140076,0.12670917809009552,0.2918802897135417,0.6892134950729184,8.918978368220609,0.9547872340425532,0.43291056717833226,2.0,1.25,1.0726140947408236,1.2142857142857142,12.0,42.027669270833336,10543.4931640625,67.07939147949219,11.825358390808105,11.999812126159668,0.22085526086501933,0.4433199944378351,0.2918802897135417,id7,20260328_101056_HDR.jpg,healthy,strong,no
31.22298812866211,7.474056720733643,134.53836059570312,52.20194625854492,143.65478515625,51.443153381347656,118.0241928100586,163.5150604248047,0.24284955495823207,0.7427288383846513,0.050282476782179016,0.031434595760433934,7.0,77.0,86.0,0.2335463310209403,0.04661269294532344,0.22939717769622803,0.1251869797706604,0.3160044352213542,0.6677647107648094,9.296806362497378,0.8862433862433863,0.5082642343836373,6.0,3.0,1.3161384516714787,1.8529411764705883,10.0,53.150390625,9480.2333984375,62.92372512817383,11.328316688537598,11.54440975189209,0.21345909317709927,0.4902779312195199,0.3160044352213542,id7,20260328_101059_HDR.jpg,healthy,strong,no
30.908546447753906,4.993223667144775,129.37039184570312,46.182411193847656,133.31536865234375,47.387935638427734,118.45988464355469,160.18588256835938,0.22257831076191462,0.7686731107205624,0.054055101829835625,0.03741083428098832,6.0,68.0,70.0,0.19761190943864365,0.022058823529411766,0.21830503642559052,0.11636289954185486,0.3935953776041667,0.642719026411714,11.30441530684983,0.75,0.44886016845703125,10.0,7.75,1.5503307331823228,3.2,6.0,74.43424479166667,24496.728515625,106.03923034667969,15.240514755249023,14.514823913574219,0.2662565905096661,0.6771023825981958,0.3935953776041667,id7,20260328_101105_HDR.jpg,healthy,strong,no
30.233016967773438,4.1141037940979,133.1654052734375,49.27073287963867,136.81419372558594,47.88804244995117,118.68681335449219,161.47987365722656,0.1721523819912192,0.8225573341332388,0.04691718251479371,0.03917264323307246,6.0,73.0,77.0,0.20540754274494832,0.008794415205475716,0.2210819125175476,0.12123194336891174,0.3730367024739583,0.6917754515317001,11.720250690636854,0.8205128205128205,0.4197549412393162,5.0,3.5,1.4480869179340468,2.3333333333333335,7.0,47.525111607142854,19575.833984375,94.54877471923828,14.50503158569336,14.11280632019043,0.25802405170298054,0.5837054015551257,0.3730367024739583,id7,20260328_101108_HDR.jpg,healthy,strong,no
30.611051559448242,5.424988269805908,135.05931091308594,52.35442352294922,124.35803985595703,44.72461700439453,119.55081176757812,159.63075256347656,0.19524594349915272,0.7975115485503378,0.06240859815687458,0.05040739107221616,6.0,61.0,80.0,0.1672276515239444,0.03957844889621393,0.22310075163841248,0.11488283425569534,0.4382222493489583,0.6882477403596964,10.291804214539454,0.847682119205298,0.5572428026122148,6.0,3.75,1.6059696262861958,3.625,8.0,49.876953125,21848.01171875,96.93799591064453,14.018977165222168,14.47049617767334,0.24843891455233408,0.7625411548129005,0.4382222493489583,id7,20260328_101112_HDR.jpg,healthy,strong,no
31.412551879882812,6.243274688720703,129.7249755859375,49.26608657836914,127.20260620117188,42.846336364746094,118.9520263671875,159.54981994628906,0.23847745974052198,0.7521328688979757,0.0492831541218638,0.05666616184562573,7.0,59.0,75.0,0.16505123933565552,0.053271240345297594,0.21733839809894562,0.1077476367354393,0.40301513671875,0.6489048507732592,11.292879416981322,0.8868360277136259,0.5395286037336413,10.0,5.75,1.7806875018408177,3.357142857142857,7.0,58.78125,17054.7421875,84.47322082519531,12.695025444030762,13.387335777282715,0.23308849512847696,0.7224420576596947,0.40301513671875,id7,20260328_101115_HDR.jpg,healthy,strong,no
33.171363830566406,7.943938732147217,119.97162628173828,42.51686096191406,128.6212158203125,40.89296340942383,118.00435638427734,158.07235717773438,0.3218317273732891,0.6672664027827756,0.034011701517998746,0.05549558194394467,8.0,57.0,61.0,0.1611291031945944,0.0821505204376741,0.20764751732349396,0.09399967640638351,0.3816375732421875,0.6646940498562363,12.367370892689747,0.8552338530066815,0.49542675853749074,8.0,5.75,1.625600665764171,3.5217391304347827,10.0,54.4171875,16469.3203125,83.18313598632812,12.368304252624512,12.978951454162598,0.23236442631908627,0.8274664196387216,0.3816375732421875,id7,20260328_101118_HDR.jpg,healthy,strong,no
35.32662582397461,9.199869155883789,113.86701202392578,39.66423416137695,127.84368896484375,39.194000244140625,116.8916015625,156.4069366455078,0.42923600487058605,0.5587592494302038,0.032595460364045085,0.06234974554310156,9.0,54.0,57.0,0.1662868025851572,0.09396172218926598,0.20946159958839417,0.09325229376554489,0.3258158365885417,0.6157826013075403,13.295943718831515,1.0578512396694215,0.4939487201561065,8.0,4.5,1.411488752818313,2.1818181818181817,10.0,54.78828125,15351.4833984375,79.85419464111328,11.93270206451416,12.61328411102295,0.23050985044803146,0.7902931306750888,0.3258158365885417,id7,20260328_101121_HDR.jpg,healthy,strong,no
32.127464294433594,5.995332717895508,114.99408721923828,46.61866760253906,144.1880340576172,41.47421646118164,117.86727142333984,158.76669311523438,0.26897934280484614,0.7244138411923646,0.01992504140155147,0.07248322147651007,7.0,59.0,65.0,0.16321799006362764,0.04593393183997211,0.19629113376140594,0.10741768032312393,0.2917734781901042,0.6127710831855531,11.191974248679099,0.9142857142857143,0.39743303571428573,8.0,4.5,1.3616138584800341,2.85,10.0,52.71796875,20724.390625,96.6352310180664,14.233609199523926,13.920527458190918,0.2581887910746971,0.6200079980113054,0.2917734781901042,id7,20260328_101125_HDR.jpg,healthy,strong,no
32.802974700927734,7.75828742980957,106.72708129882812,43.28169250488281,144.96725463867188,43.894073486328125,118.15470123291016,156.9300537109375,0.2909691399014434,0.6994023695523014,0.03680145388459791,0.07180302659630237,7.0,64.0,61.0,0.19256981092510397,0.056023485828120084,0.18052710592746735,0.09910531342029572,0.2910664876302083,0.5111880511871062,16.846753522905757,0.8200934579439252,0.3960679766754533,8.0,7.0,1.4626793231060624,2.5806451612903225,6.0,76.51432291666667,21042.912109375,99.21780395507812,14.529252052307129,13.729385375976562,0.2678677524202286,0.6981590152134396,0.2910664876302083,id7,20260328_101128_HDR.jpg,healthy,strong,no
32.60542297363281,6.288860321044922,112.31928253173828,44.12119674682617,136.9895477294922,45.45262145996094,118.22225952148438,156.7960205078125,0.30262942467009396,0.6915910802580307,0.04857722911686696,0.06110219719047775,7.0,70.0,62.0,0.19907331608762566,0.045466452732571466,0.1928565353155136,0.10224708169698715,0.3106587727864583,0.6240276038142405,12.217871457485181,0.5856832971800434,0.5223467502209368,6.0,5.25,1.5070745885773518,2.9166666666666665,8.0,46.90185546875,22233.65234375,100.19905853271484,14.58132266998291,14.037015914916992,0.2663479485248371,0.7074699130112472,0.3106587727864583,id7,20260328_101131_HDR.jpg,healthy,strong,no
31.622879028320312,5.437925338745117,119.41466522216797,44.46308517456055,126.92386627197266,47.540061950683594,118.90336608886719,156.39837646484375,0.26007350219449,0.7327216963671936,0.07121516577653218,0.04691713817354978,7.0,71.0,62.0,0.18150811696895985,0.026069483369467506,0.20312528312206268,0.11049563437700272,0.3847452799479167,0.5790793039509342,14.474686293107583,0.6484375,0.4776831937123494,6.0,4.75,1.4250776915229166,1.9,7.0,77.65122767857143,24500.9140625,105.84984588623047,14.960288047790527,14.19803524017334,0.26706678652636034,0.8269905651094906,0.3847452799479167,id7,20260328_101138_HDR.jpg,healthy,strong,no
30.86023712158203,5.044992923736572,127.42567443847656,45.09589385986328,118.7291259765625,46.197303771972656,119.60713195800781,156.66188049316406,0.19762860359257992,0.7947848857128873,0.09850227595320836,0.03664774117762224,6.0,70.0,64.0,0.18370368557584063,0.018623660124320884,0.21158860623836517,0.11069687455892563,0.4156697591145833,0.6498500388788092,12.788283951380885,0.58203125,0.5751396025587249,6.0,4.0,1.5463805159794037,2.076923076923077,8.0,69.7158203125,21997.025390625,100.27771759033203,14.339887619018555,13.54060173034668,0.26941902011648966,0.8822913405378562,0.4156697591145833,id7,20260328_101141_HDR.jpg,healthy,strong,no
31.274873733520508,5.208944320678711,128.00192260742188,44.960384368896484,121.24735260009766,45.93994140625,119.11318969726562,157.1987762451172,0.22113277623026928,0.7736056948313216,0.0960198081089446,0.02722376973073352,6.0,74.0,67.0,0.21478180129990715,0.020142370783039307,0.21599644422531128,0.11087258905172348,0.4108428955078125,0.5028540833685956,13.900861558271732,0.75,0.4442596435546875,6.0,3.75,1.7068006613127484,3.08,6.0,104.23697916666667,18068.3046875,92.21563720703125,13.065799713134766,12.245041847229004,0.27254719900959457,0.9476184889723135,0.4108428955078125,id7,20260328_101143_HDR.jpg,healthy,strong,no
33.50564956665039,5.646798610687256,144.76251220703125,40.873416900634766,121.41651153564453,38.58110427856445,115.6482162475586,161.9533233642578,0.43713709897053216,0.555335257911651,0.07013453891824173,0.01888991775151152,7.0,56.0,52.0,0.17711204313960455,0.025502478348493927,0.27512750029563904,0.1171056479215622,0.4668935139973958,0.7752409017478061,7.563623669607197,0.9795918367346939,0.6344102093962585,2.0,1.25,1.0173624709892661,1.0555555555555556,6.0,60.524088541666664,4926.22705078125,45.89912414550781,7.707990646362305,7.983601093292236,0.17972656462770303,0.5874203291780787,0.4668935139973958,id8,20260328_101154.jpg,moderate,strong,yes
33.68604278564453,5.268030166625977,147.83168029785156,42.341190338134766,122.71245574951172,39.4439582824707,115.2213363647461,162.7872314453125,0.4477937190960277,0.5475935000719019,0.06634882357496046,0.01922545104589551,7.0,58.0,56.0,0.17863740445349055,0.020807291954735015,0.28564244508743286,0.12045563012361526,0.4598032633463542,0.7432096695524936,6.878157263192644,0.9481481481481482,0.6270640432098765,3.0,1.5,1.5696180555555557,4.066666666666666,7.0,49.931919642857146,5105.5478515625,46.95751190185547,7.919105052947998,8.220417976379395,0.18829437727458767,0.5939462826206933,0.4598032633463542,id8,20260328_101157.jpg,moderate,strong,yes
34.49874496459961,11.762157440185547,100.76803588867188,34.535133361816406,96.97460174560547,30.94553565979004,120.91001892089844,147.5915069580078,0.29990394206967896,0.68123545276536,0.07169246684154136,0.07379835223704141,7.0,33.0,49.0,0.03585546976022463,0.08974027413455499,0.1661001592874527,0.07035728543996811,0.2753397623697917,0.7265818310357016,9.855354097982934,0.5555555555555556,0.5338527716906095,11.0,7.5,1.925800810837992,3.3043478260869565,11.0,25.468039772727273,13867.7998046875,76.36383819580078,10.947795867919922,11.573527336120605,0.22396275907932167,0.7348274036568977,0.2753397623697917,id9,20260328_101259_HDR.jpg,healthy,strong,no
34.25044250488281,11.629018783569336,101.88672637939453,34.28807067871094,99.74077606201172,31.430831909179688,120.85920715332031,148.36683654785156,0.28519405367654393,0.6985932355582161,0.07053776314476704,0.07022182314011108,8.0,34.0,49.0,0.042735042735042736,0.0920050550400745,0.16593962907791138,0.0679394081234932,0.305877685546875,0.6708710081748165,9.612169001434397,0.5173267326732673,0.503943815434175,6.0,4.25,1.8615097231554754,2.8160919540229883,8.0,39.5341796875,12954.9091796875,73.64258575439453,10.638664245605469,11.123088836669922,0.22243839169909208,0.7899797703806847,0.305877685546875,id9,20260328_101302_HDR.jpg,healthy,strong,no
33.228179931640625,10.428061485290527,107.6882553100586,34.97940444946289,96.34539794921875,30.466569900512695,120.97128295898438,149.1663055419922,0.2662552054817248,0.7224462031091865,0.08901166359729895,0.052577439317770806,7.0,33.0,50.0,0.04718530685381514,0.06903588671544472,0.17533354461193085,0.07170332223176956,0.3065643310546875,0.6399211045364892,10.174480062348152,0.6032482598607889,0.43428520435480994,5.0,4.5,2.06133133830551,3.352112676056338,6.0,47.987630208333336,13820.80859375,75.64564514160156,10.455709457397461,11.228127479553223,0.2240970252019976,0.7825832922174037,0.3065643310546875,id9,20260328_101306_HDR.jpg,healthy,strong,no
35.787960052490234,11.462218284606934,116.9803466796875,33.62603759765625,82.0183334350586,23.8689022064209,119.97352600097656,147.98594665527344,0.43505231428139146,0.5516683542241309,0.12986045645519825,0.035555090022461974,7.0,26.0,45.0,0.02087915924723299,0.0674208302782724,0.20988963544368744,0.07723554968833923,0.4370269775390625,0.8549697448721769,7.7553916672185865,0.2605633802816901,0.6977117963033456,6.0,4.75,2.379255363977705,3.3883495145631066,7.0,22.012276785714285,7176.7333984375,49.797096252441406,7.312710285186768,9.175536155700684,0.15719888737590634,0.8947236887319984,0.4370269775390625,id9,20260328_101310_HDR.jpg,healthy,strong,no
39.14577865600586,17.633182525634766,119.57394409179688,39.647125244140625,100.79646301269531,35.71192169189453,118.57869720458984,149.5233612060547,0.4110762086861513,0.5718382955476645,0.057484293908768094,0.030934170991532367,9.0,38.0,67.0,0.030893198579623055,0.1507921332969134,0.2098764330148697,0.08508563786745071,0.3724161783854167,0.5092044728850891,15.69253975713348,0.75,0.39744822184244794,10.0,7.5,1.5933161733469432,2.7857142857142856,5.0,94.55859375,3802.45751953125,34.68281936645508,5.859000205993652,7.522858142852783,0.13587817536192298,0.81429747102916,0.3724161783854167,id9,20260328_101326_HDR.jpg,healthy,strong,no
41.96929931640625,20.258533477783203,120.17384338378906,43.613101959228516,110.08729553222656,40.59585189819336,117.70387268066406,149.56553649902344,0.39657692021895824,0.5666286874891635,0.04743269016421866,0.04434894607782429,11.0,49.0,75.0,0.04480717311074233,0.21140366086245757,0.21169644594192505,0.0895310714840889,0.4106953938802083,0.5161811614507963,12.359599809216366,0.662109375,0.3873841952433628,8.0,5.25,1.703593136951741,3.8095238095238093,4.0,120.3984375,4141.5517578125,36.51893615722656,6.469509124755859,8.120192527770996,0.1322542293116687,0.8182776302721985,0.4106953938802083,id9,20260328_101330_HDR.jpg,healthy,strong,no
33.68126678466797,10.245562553405762,105.81156158447266,34.28908920288086,93.757080078125,30.031888961791992,121.0313491821289,148.25767517089844,0.2762259558299691,0.7143641652814059,0.09393552600332462,0.05705295654238898,7.0,32.0,50.0,0.03418131085252909,0.08062218000474947,0.17276738584041595,0.06837776303291321,0.3426920572916667,0.6866241173275394,11.225060657387067,0.5740740740740741,0.47195153823178015,6.0,4.75,1.868650478733926,3.3524590163934427,11.0,30.060369318181817,11721.775390625,69.98343658447266,9.989862442016602,10.471850395202637,0.21844573735454761,0.8639942550845067,0.3426920572916667,id9,20260328_101335_HDR.jpg,healthy,strong,no
35.692359924316406,10.91091251373291,100.8887939453125,31.374528884887695,91.01665496826172,27.700332641601562,120.3572006225586,146.91619873046875,0.40735038815552427,0.578581021323987,0.09779226309410724,0.058518130302335485,7.0,30.0,44.0,0.024321137279308198,0.08062825510170657,0.17552518844604492,0.06673885136842728,0.3105570475260417,0.7955402152686316,7.841023427182329,0.5140664961636828,0.5572202923998931,8.0,4.0,1.6057921235533772,2.2628205128205128,9.0,20.631510416666668,11018.5029296875,64.1737060546875,9.21929931640625,10.560820579528809,0.20105473484228112,0.873480014877972,0.3105570475260417,id9,20260328_101340_HDR.jpg,healthy,strong,no
35.0709228515625,9.833542823791504,99.23323822021484,31.034469604492188,91.92545318603516,27.79084014892578,120.53094482421875,146.79800415039062,0.40535835523910657,0.582647145866337,0.08594606827637832,0.06032066570339293,7.0,29.0,43.0,0.021429939244120257,0.06825896976132863,0.17151254415512085,0.0658920556306839,0.2921702067057292,0.775146684612311,7.905708346176072,0.6201117318435754,0.4637752277417082,10.0,8.75,1.5778189731716514,2.9,5.0,31.603125,12234.3359375,67.3589096069336,9.487735748291016,11.065016746520996,0.19563741448044147,0.8151411948346814,0.2921702067057292,id9,20260328_101344_HDR.jpg,healthy,strong,no
35.56049728393555,11.79318904876709,96.98040008544922,31.53037452697754,92.39720916748047,27.276124954223633,120.74483489990234,146.1934814453125,0.38635295697120225,0.5929717392763644,0.0761562730751158,0.06924212928777607,8.0,28.0,44.0,0.022118547358528563,0.08293616164328388,0.16471277177333832,0.06591050326824188,0.3030802408854167,0.7403651737025918,8.780664270595839,0.9635258358662614,0.347583251033147,11.0,8.75,1.5181625117303028,3.6470588235294117,8.0,30.05078125,11896.9189453125,68.2686767578125,9.593727111816406,10.714158058166504,0.20296032758273477,0.9091574868023558,0.3030802408854167,id9,20260328_101348_HDR.jpg,healthy,strong,no
35.567195892333984,11.185159683227539,100.41873168945312,34.35784912109375,93.09954833984375,28.930028915405273,120.45045471191406,146.82884216308594,0.39185124936160554,0.5925057219059149,0.08423023814477841,0.07254052622619026,9.0,29.0,49.0,0.02479807819622827,0.09389600317778576,0.17398713529109955,0.07150464504957199,0.2688954671223958,0.7271947063359785,9.191000686010094,1.111969111969112,0.39189859502359503,6.0,5.0,1.2927021725939913,2.064516129032258,9.0,23.96875,14510.0908203125,74.64925384521484,10.268731117248535,11.86047649383545,0.1939962547524921,0.6531547670525445,0.2688954671223958,id9,20260328_101354_HDR.jpg,healthy,strong,no
34.24126052856445,10.222028732299805,102.4474868774414,32.1313362121582,99.32579040527344,30.130224227905273,120.45272827148438,148.64312744140625,0.3394377183165463,0.645606538474582,0.0672330179401092,0.05902601146267847,7.0,33.0,46.0,0.04184895038491539,0.07618611591548818,0.17103956639766693,0.06758055090904236,0.299957275390625,0.7555584337089324,8.07012368386766,0.6076294277929155,0.5346036827506996,10.0,6.5,2.1801046790438594,6.0227272727272725,7.0,31.387276785714285,11622.1484375,68.30494689941406,9.891324996948242,10.778223037719727,0.2128395564146912,0.80374519584594,0.299957275390625,id9,20260328_101359_HDR.jpg,healthy,strong,no
34.23174285888672,10.73928451538086,105.35897064208984,33.63631820678711,100.08890533447266,31.57493019104004,120.40442657470703,149.24014282226562,0.3222434074457084,0.6626486556359876,0.07539426059979318,0.05909061530506722,8.0,34.0,48.0,0.05246574457083764,0.09168174767321613,0.1751428097486496,0.06986145675182343,0.3147786458333333,0.7320239975860416,8.268986963951725,0.5207756232686981,0.6076722461248305,9.0,6.5,1.9937144227595975,3.84375,8.0,29.76220703125,13452.6923828125,74.31053161621094,10.473467826843262,11.216073989868164,0.22046277145811788,0.7623364785297233,0.3147786458333333,id9,20260328_101402_HDR.jpg,healthy,strong,no
32.9951286315918,10.326533317565918,103.63085174560547,34.09808349609375,101.29798889160156,30.833938598632812,121.13804626464844,149.19569396972656,0.2424336650082919,0.7437366737739872,0.06920753375977257,0.06476545842217483,7.0,35.0,50.0,0.058768656716417914,0.07709962094290453,0.16321700811386108,0.06448624283075333,0.343505859375,0.6612887886527906,8.745740587648374,0.4732142857142857,0.5124821007412399,5.0,4.25,1.7473800064797504,2.229591836734694,7.0,32.525111607142854,13856.4306640625,75.220947265625,10.45716381072998,11.245826721191406,0.22162994551054252,0.804958283671037,0.343505859375,id9,20260328_101405_HDR.jpg,healthy,strong,no
33.455230712890625,12.036826133728027,105.31352233886719,35.23986053466797,99.42448425292969,31.334571838378906,121.25386810302734,148.8726043701172,0.24166446149775073,0.7370336067742789,0.07262172532415984,0.06999206139190262,7.0,33.0,51.0,0.042951177560201115,0.09243516803387139,0.1651909351348877,0.06702997535467148,0.3075358072916667,0.774305354498755,7.515494929816105,0.8708708708708709,0.48464844154499326,4.0,3.75,1.7620557641988932,3.7142857142857144,8.0,27.12646484375,12813.498046875,70.51795959472656,10.115291595458984,11.234304428100586,0.20995964540883832,0.7270890703351411,0.3075358072916667,id9,20260328_101408_HDR.jpg,healthy,strong,no
34.37197494506836,9.783846855163574,114.33338928222656,36.33359909057617,98.9026107788086,30.791248321533203,119.62088775634766,151.18748474121094,0.34715986030931506,0.6418288076402252,0.10554011355807379,0.04708621385978666,7.0,40.0,53.0,0.09536027367970921,0.07268429430071509,0.19918914139270782,0.08226455003023148,0.428192138671875,0.6472513323080225,10.056341216071534,0.421875,0.4908989800347222,6.0,4.75,2.0692780102031056,2.9746835443037973,6.0,58.137369791666664,12391.05078125,73.21818542480469,10.449563980102539,10.636541366577148,0.23003824863991637,0.860014914852537,0.428192138671875,id9,20260328_101411_HDR.jpg,healthy,strong,no
35.548667907714844,9.594820022583008,104.90547180175781,33.72956085205078,110.20874786376953,35.012596130371094,118.57514190673828,151.0450897216797,0.4339545280198923,0.556562223074583,0.08366950150118375,0.05035248059042152,8.0,48.0,48.0,0.13392939807160711,0.08000581956697131,0.1913728266954422,0.08404961228370667,0.3845570882161458,0.8052872654900928,8.347284875213795,0.5098039215686274,0.6484316082202112,11.0,9.5,1.8534474135068926,2.979591836734694,6.0,42.604817708333336,16129.611328125,84.4970703125,11.886055946350098,11.705114364624023,0.24964619678072136,0.805375061249707,0.3845570882161458,id9,20260328_101413_HDR.jpg,healthy,strong,no
39.15492248535156,12.219808578491211,81.77963256835938,22.811458587646484,129.60694885253906,29.887134552001953,117.5614013671875,148.74990844726562,0.6339789087859351,0.34621895724292173,0.01573298957864165,0.0855918120117415,8.0,39.0,26.0,0.11022411356329694,0.11042601767437527,0.15161751210689545,0.05292316898703575,0.3274892171223958,0.7416619293734777,11.430502586880024,0.8870523415977961,0.6083149393426073,5.0,3.75,1.535738758842126,4.222222222222222,12.0,58.9853515625,11281.138671875,70.61105346679688,9.969884872436523,10.12947940826416,0.22440865392082252,0.8445525853249036,0.3274892171223958,id10,20260328_101426_HDR.jpg,healthy,strong,no
38.63419723510742,12.085254669189453,86.84324645996094,24.752363204956055,116.31282806396484,30.098033905029297,118.19512939453125,148.2330322265625,0.6024083985179086,0.38002117273422337,0.03608186790566371,0.08116214785626066,9.0,38.0,29.0,0.10781920837499265,0.10574604481562078,0.16000650823116302,0.05652705207467079,0.3459269205729167,0.7572813050063449,10.621672313617555,0.9671232876712329,0.5743218595987427,4.0,2.5,1.2208710456664058,1.6666666666666667,13.0,41.89393028846154,11287.193359375,70.41401672363281,9.911750793457031,10.021981239318848,0.22748926660001176,0.8420244639231417,0.3459269205729167,id10,20260328_101428_HDR.jpg,healthy,strong,no
38.45689010620117,13.467949867248535,100.06297302246094,37.272132873535156,121.35230255126953,38.892086029052734,117.95614624023438,152.25634765625,0.541365214037794,0.4290474354030081,0.038534516004627845,0.07736212880833011,12.0,57.0,48.0,0.12785190898573082,0.12740455071345932,0.18082256615161896,0.0733569785952568,0.3297170003255208,0.5656765979076482,13.717628615887476,0.9320388349514563,0.42909334546925565,6.0,4.25,1.8136324525509089,5.2,11.0,60.64595170454545,17714.09765625,91.342041015625,12.715109825134277,11.82302474975586,0.2622753567296568,0.8802482211721253,0.3297170003255208,id10,20260328_101516_HDR.jpg,healthy,strong,no
38.13616180419922,12.843549728393555,82.364501953125,23.320545196533203,124.47056579589844,29.617904663085938,118.46505737304688,148.3956298828125,0.5513980142011137,0.4269320291093368,0.02080080139064848,0.08620842049438732,8.0,39.0,26.0,0.1045048761085413,0.10320850888306178,0.14685048162937164,0.05186702683568001,0.3452657063802083,0.7440872432059742,11.34745584534085,0.9971264367816092,0.6345316174765643,5.0,3.25,1.332600532530636,1.7,13.0,59.734375,10366.13671875,67.64453125,9.647624015808105,9.827935218811035,0.21695000147314458,0.8940547375075731,0.3452657063802083,id10,20260328_101521_HDR.jpg,healthy,strong,no
38.535926818847656,11.824053764343262,86.70361328125,24.887327194213867,118.1313705444336,28.837881088256836,118.08831787109375,148.47093200683594,0.6022473744354356,0.38088371333732385,0.028813190401044783,0.08268487783642597,9.0,36.0,29.0,0.09075202699025957,0.10424715677205203,0.1600683629512787,0.05612621456384659,0.3738810221354167,0.6715897317356074,11.391556299514328,0.8714953271028038,0.509571296133898,5.0,3.0,1.3787846947133275,1.6666666666666667,10.0,71.485546875,10992.0283203125,68.51264953613281,9.620762825012207,10.104353904724121,0.21045328399629973,0.8292870036101083,0.3738810221354167,id10,20260328_101523_HDR.jpg,healthy,strong,no
38.0312614440918,11.580240249633789,83.22425842285156,23.810955047607422,139.27572631835938,29.81929588317871,117.30350494384766,150.56105041503906,0.5436914259158857,0.44241344589884596,0.013260010843466811,0.07598172101308961,8.0,36.0,26.0,0.10559987607466502,0.11205948416079312,0.15107287466526031,0.05276262387633324,0.3283437093098958,0.7327028648340735,10.636545425262057,1.0578512396694215,0.521360623278237,8.0,4.25,1.954848617865394,5.416666666666667,8.0,52.8662109375,9264.47265625,61.843421936035156,8.851227760314941,9.90274715423584,0.18181395709085277,0.6258604308455975,0.3283437093098958,id10,20260328_101535_HDR.jpg,healthy,strong,no
36.072181701660156,9.887837409973145,84.54613494873047,24.52416229248047,143.71542358398438,29.97380828857422,117.78559875488281,151.76307678222656,0.43946268924929244,0.5492160474414843,0.01181544543780044,0.07511568354373512,7.0,36.0,28.0,0.10162181589469428,0.08121059646285397,0.14674970507621765,0.05085165053606033,0.3396453857421875,0.6859902479122686,10.933867531538198,1.0726256983240223,0.5342033286778398,5.0,2.5,1.2882033079898245,1.9642857142857142,9.0,68.34982638888889,8812.1689453125,58.82204818725586,8.32458782196045,9.595196723937988,0.1647124009763841,0.6012749979740498,0.3396453857421875,id10,20260328_101537_HDR.jpg,healthy,strong,no
36.36944580078125,10.983769416809082,112.10648345947266,42.04327392578125,126.651611328125,40.12993621826172,117.53138732910156,155.85719299316406,0.47483277704052224,0.5153952359887937,0.038994115360383906,0.05548183000227879,11.0,60.0,62.0,0.17405932896341872,0.10818889827214112,0.20233111083507538,0.0816415399312973,0.3794403076171875,0.5710669933010394,16.046534888039744,0.8807339449541285,0.4615616637996942,8.0,5.0,1.8271022242479826,5.384615384615385,11.0,78.2823153409091,13321.2421875,73.55054473876953,10.644186973571777,11.496075630187988,0.20452808943579845,0.679135524866405,0.3794403076171875,id10,20260328_101822_HDR.jpg,healthy,strong,no
36.63623046875,11.672341346740723,106.34117889404297,35.544593811035156,145.9086456298828,35.3453483581543,115.35335540771484,157.02024841308594,0.4719513372598243,0.5026690023310666,0.015931254224196195,0.051669678202457964,8.0,45.0,47.0,0.13425012758796673,0.09651167602311755,0.197099968791008,0.09407307207584381,0.3687489827473958,0.5167554166707229,14.788028238090519,0.75,0.4049886067708333,7.0,4.25,1.5376439728473852,3.25,11.0,76.14382102272727,11699.0634765625,75.34473419189453,11.208292961120605,10.620087623596191,0.25753458668395424,0.7710936918348028,0.3687489827473958,id11,20260328_101831_HDR.jpg,moderate,moderate,yes
37.25953674316406,12.498194694519043,108.21131134033203,37.25703048706055,145.49989318847656,37.587127685546875,114.79248046875,156.93087768554688,0.4861375124966558,0.4839972401751644,0.023796448837634997,0.051760796406595415,10.0,47.0,49.0,0.15663414015967558,0.11741928216392797,0.20576143264770508,0.10446541756391525,0.3612213134765625,0.6325623689189387,11.591165030046396,0.920863309352518,0.5386940447641887,8.0,4.25,2.588367311666619,8.0,9.0,71.21310763888889,12806.0244140625,78.52470397949219,11.664695739746094,11.109822273254395,0.2564102564102564,0.799034664326459,0.3612213134765625,id11,20260328_101834_HDR.jpg,moderate,moderate,yes
36.527095794677734,10.71928596496582,124.95673370361328,40.630035400390625,128.1241455078125,36.89973831176758,114.90313720703125,158.0714569091797,0.48627655910402734,0.4939963657525624,0.043409066615993065,0.035059798809962114,10.0,50.0,56.0,0.1600019002600981,0.12557156260763191,0.2476053237915039,0.12645070254802704,0.4282582600911458,0.6037386424722372,10.61147443316721,0.803347280334728,0.5017406511506276,3.0,2.5,1.8903902867965368,5.2727272727272725,7.0,91.45368303571429,6924.44140625,56.98884963989258,9.845460891723633,9.477341651916504,0.22915949120535872,0.8765068393329308,0.4282582600911458,id11,20260328_101837_HDR.jpg,moderate,moderate,yes
36.402103424072266,10.999723434448242,123.50163269042969,39.7840690612793,126.22968292236328,38.35011672973633,115.47290802001953,157.171142578125,0.4696472323318823,0.508063940626561,0.05282000047574871,0.03017436190204334,11.0,52.0,55.0,0.17172149670544018,0.12214848117224482,0.24287009239196777,0.12703055143356323,0.427642822265625,0.6324679254843727,11.300521363068317,0.7836734693877551,0.47761479591836736,7.0,2.75,1.904295444375761,6.7,9.0,61.064670138888886,7201.72119140625,57.179141998291016,9.637372016906738,9.374267578125,0.22056899545659983,0.893914263842817,0.427642822265625,id11,20260328_101840_HDR.jpg,moderate,moderate,yes
34.27552795410156,8.042695045471191,141.50820922851562,41.003543853759766,116.7542495727539,36.55817794799805,115.9378890991211,159.88853454589844,0.41289069058984385,0.5738324258197606,0.0747439372496342,0.014848041449782917,10.0,51.0,58.0,0.16547530523639328,0.06985056009978652,0.27274397015571594,0.1290355622768402,0.4240824381510417,0.6082232289142621,10.589385657566723,0.8084210526315789,0.4589501096491228,1.0,1.0,1.2076822916666665,1.2317708333333333,7.0,55.79017857142857,3222.077392578125,38.087623596191406,7.231356143951416,7.0207343101501465,0.18348964954784236,0.8324314610331264,0.4240824381510417,id11,20260328_101842_HDR.jpg,moderate,moderate,yes
34.331783294677734,11.287105560302734,122.88603210449219,38.94823455810547,121.22098541259766,30.373620986938477,117.75546264648438,157.3619384765625,0.32489265219310565,0.6564468879168506,0.03068608959696082,0.051888117500702276,7.0,32.0,48.0,0.08775097984135265,0.07664834062362053,0.21165961027145386,0.08620252460241318,0.3802337646484375,0.5292967762592474,15.460998492527105,0.75,0.39938608805338544,6.0,3.75,1.6641369332313656,2.772727272727273,5.0,105.44296875,13433.78515625,73.79493713378906,10.076688766479492,11.084853172302246,0.21112404189574221,0.7823861852433281,0.3802337646484375,id11,20260328_101854_HDR.jpg,moderate,moderate,yes
34.216983795166016,10.731622695922852,119.03764343261719,36.02537536621094,126.67416381835938,28.76128387451172,117.6003189086914,157.677734375,0.31263187084795213,0.6701751847698967,0.024378775273989944,0.0459724382392303,7.0,30.0,46.0,0.08483138616606986,0.07177391157569839,0.20234957337379456,0.0780915692448616,0.4218597412109375,0.5907351090604027,14.546515746156516,0.75,0.45843505859375,4.0,3.0,1.3700395476711267,2.111111111111111,9.0,70.79513888888889,11252.8466796875,66.22360229492188,9.308279037475586,10.559943199157715,0.18944792081117903,0.8836577492249177,0.4218597412109375,id11,20260328_101857_HDR.jpg,moderate,moderate,yes
32.297847747802734,6.871318817138672,138.56155395507812,42.62815856933594,112.81974792480469,33.55556869506836,118.52728271484375,158.65049743652344,0.2924065251912805,0.7013425725422261,0.04104229825321207,0.047322073047495306,7.0,34.0,53.0,0.07570376786487656,0.045329868629998556,0.23919925093650818,0.10050737112760544,0.352325439453125,0.4910847668446935,14.924819464001384,0.75,0.3895772298177083,12.0,6.0,1.4528540069594242,2.185185185185185,8.0,107.85693359375,8923.998046875,62.090370178222656,9.62393569946289,10.014802932739258,0.21037967374043598,0.7171104393556669,0.352325439453125,id11,20260328_101902_HDR.jpg,moderate,moderate,yes
32.37247085571289,8.511581420898438,134.99473571777344,41.71324157714844,118.1993408203125,34.1347770690918,118.38562774658203,159.25372314453125,0.2671061702861082,0.7206710329771343,0.04708146616109388,0.035361369642651956,7.0,43.0,56.0,0.11826381707457198,0.062277375617603124,0.2298145592212677,0.10494306683540344,0.3541259765625,0.4415502709401655,15.90512712324175,0.8421052631578947,0.39880585252192985,5.0,3.25,1.6129119820011548,3.2857142857142856,7.0,117.70535714285714,9603.796875,66.4588623046875,10.34838581085205,10.234787940979004,0.23655635987590487,0.6364691793657613,0.3541259765625,id11,20260328_101907_HDR.jpg,moderate,moderate,yes
32.052024841308594,8.842829704284668,150.40391540527344,60.77960968017578,127.0286865234375,50.014503479003906,119.89727783203125,164.69810485839844,0.2764015998915328,0.7184462070368111,0.086421259575622,0.03794996949359365,8.0,85.0,99.0,0.2807131719883398,0.09471900210155244,0.24728848040103912,0.10022749751806259,0.3751373291015625,0.6886313250146525,11.540910373095702,0.8878048780487805,0.5432223264540338,3.0,2.5,1.7550834131988537,3.0,13.0,61.43719951923077,19862.580078125,88.80146789550781,12.901565551757812,13.698352813720703,0.21951054165819267,0.7974720498237571,0.3751373291015625,id12,20260328_101924_HDR.jpg,weak,moderate,yes
32.214725494384766,8.441873550415039,149.6374053955078,60.53817367553711,119.4161376953125,48.16022872924805,120.14060974121094,163.02215576171875,0.297492761502573,0.6974497730462379,0.118711357803037,0.04293788168059577,9.0,78.0,100.0,0.25215258373266236,0.10691481963813834,0.24726198613643646,0.097237728536129,0.4022776285807292,0.6267786117892207,12.774008470162736,0.9056603773584906,0.5061971796383647,4.0,1.75,1.2094920696740572,1.5185185185185186,11.0,87.94992897727273,18390.572265625,83.15107727050781,12.245084762573242,13.380398750305176,0.20462505215511245,0.8271992302301988,0.4022776285807292,id12,20260328_101927_HDR.jpg,weak,moderate,yes
30.18650245666504,6.219109058380127,158.77297973632812,56.453125,129.47216796875,52.09490203857422,120.05982208251953,166.79647827148438,0.17854815940927354,0.8153844065588012,0.0938619828428711,0.021324248018243022,5.0,89.0,88.0,0.2842871104354436,0.049326745574981,0.2558669447898865,0.1048734188079834,0.3747151692708333,0.6521504617912355,10.290787616124513,0.6573275862068966,0.555327868852459,3.0,2.25,1.390966830246165,1.8846153846153846,7.0,90.31696428571429,20293.91796875,93.53496551513672,13.479368209838867,13.70765209197998,0.23672494299055272,0.7748259397151932,0.3747151692708333,id12,20260328_101939_HDR.jpg,weak,moderate,yes
44.85734939575195,19.099159240722656,146.35629272460938,50.791893005371094,106.85652160644531,36.870704650878906,113.75138854980469,152.982177734375,0.6073664896560428,0.3460638597376877,0.07636374226994282,0.027570941780655684,15.0,55.0,77.0,0.08340209888648344,0.23456658285359247,0.31499508023262024,0.1464347392320633,0.5239206949869791,0.7027347081525841,9.884196169628048,0.7649402390438247,0.5941390687250996,2.0,1.25,1.2990785256410255,1.4615384615384615,7.0,72.08035714285714,7223.955078125,52.85124206542969,8.699573516845703,9.68453598022461,0.17383284631141574,0.769904030136331,0.5239206949869791,id13,20260328_102209.jpg,weak,weak,yes
40.69891357421875,15.607011795043945,135.64633178710938,46.06968307495117,128.58314514160156,44.07420349121094,113.249755859375,157.09402465820312,0.5811833297744934,0.40451941734052527,0.04931623852274099,0.026802707194117703,10.0,68.0,72.0,0.1861613732789914,0.16200458626163972,0.2816195785999298,0.1352882981300354,0.5478566487630209,0.6401637903571311,12.468032773418393,0.75,0.5928014119466146,7.0,4.5,1.6921245091287296,2.793103448275862,8.0,92.27001953125,17779.32421875,83.76383209228516,12.15225601196289,12.832382202148438,0.21357681988246544,0.7779695783437098,0.5478566487630209,id13,20260328_102214.jpg,weak,weak,yes
37.50041198730469,12.92668628692627,137.52235412597656,45.810447692871094,129.7026824951172,41.99827575683594,114.58179473876953,159.63706970214844,0.4876636889886497,0.4996955680155578,0.039103606837451496,0.023600294435710326,10.0,65.0,71.0,0.1757072363937078,0.12411737443316583,0.27300047874450684,0.13132727146148682,0.5596974690755209,0.6425652549308569,11.925084283828419,0.75,0.5810419718424479,6.0,2.75,1.2919546982918333,1.6421052631578947,7.0,87.57477678571429,13715.05859375,73.9069595336914,11.071791648864746,11.722379684448242,0.21094864641360947,0.800327284628532,0.5596974690755209,id13,20260328_102218.jpg,weak,weak,yes
35.40718078613281,10.447352409362793,147.7230682373047,52.378150939941406,130.6303253173828,41.58602523803711,114.75267028808594,162.29490661621094,0.4306960668062669,0.5615838736534047,0.029795393193228548,0.029934152433332493,9.0,64.0,83.0,0.13513888538486768,0.08605595781719101,0.2952165901660919,0.154447540640831,0.4032084147135417,0.57454571469452,10.766344630693247,0.7109375,0.43092161744505497,5.0,3.0,1.461711555010132,2.888888888888889,8.0,64.03955078125,15014.4677734375,78.7807388305664,11.655549049377441,12.103972434997559,0.21280621641395667,0.5421964448152986,0.4032084147135417,id13,20260328_102222.jpg,weak,weak,yes
34.54430389404297,8.770247459411621,138.28839111328125,51.03202438354492,125.86750793457031,40.78994369506836,116.05658721923828,159.2051544189453,0.40052111028395193,0.597447623099011,0.03170264809103478,0.03060725300436031,8.0,62.0,80.0,0.10747633733914708,0.06629799000319048,0.2706097662448883,0.15213073790073395,0.4782613118489583,0.613933704337171,12.594337751722856,0.7852760736196319,0.5123045543626449,4.0,2.75,1.5712899619029734,2.5,9.0,85.82508680555556,27071.9140625,105.84998321533203,14.328458786010742,15.242314338684082,0.23173455280229713,0.7556555631454173,0.4782613118489583,id13,20260328_102223.jpg,weak,weak,yes
34.989933013916016,13.593367576599121,160.19296264648438,56.6988639831543,129.69285583496094,54.448490142822266,116.24845123291016,161.9359130859375,0.28204813359528486,0.670079199410609,0.07619106090373282,0.04081225442043222,8.0,75.0,80.0,0.18578094302554027,0.08805562377210216,0.29946184158325195,0.14431405067443848,0.3313802083333333,0.6358184951177485,11.537575567260943,1.032258064516129,0.4843259968637993,4.0,3.25,1.2277763741002636,1.9655172413793103,9.0,55.072048611111114,30722.755859375,114.39096069335938,17.167930603027344,17.30605125427246,0.24653118860510806,0.5605148146873602,0.3313802083333333,id13,20260328_102233.jpg,weak,weak,yes
39.40336990356445,19.58538055419922,146.8238983154297,53.527652740478516,115.05855560302734,61.45355987548828,117.33008575439453,152.16436767578125,0.3141531653700664,0.5712654343016201,0.1989436871029905,0.04973235315109557,9.0,99.0,76.0,0.17384911854971094,0.14544286631932055,0.2711796760559082,0.1377648562192917,0.3563181559244792,0.60189201188484,13.768267884707944,0.8951048951048951,0.48142482517482516,7.0,5.75,1.9440921647468208,3.893617021276596,10.0,68.376171875,31236.2421875,113.53082275390625,16.52667236328125,17.058000564575195,0.2384412247519806,0.6747151566518025,0.3563181559244792,id13,20260328_102243.jpg,weak,weak,yes
41.354286193847656,18.34158706665039,132.2143096923828,43.181148529052734,100.11819458007812,36.84596633911133,116.56612396240234,150.39080810546875,0.47778312831064224,0.4922149746822513,0.1180230267478002,0.026076551532927667,11.0,42.0,61.0,0.09865896189934188,0.21458068846765602,0.2541181147098541,0.11079631000757217,0.3485565185546875,0.6365689498216622,8.671585953325051,0.9244791666666666,0.4693551936619718,3.0,2.25,1.2156982556648364,1.5698924731182795,8.0,46.748046875,5238.83837890625,42.72007369995117,7.424389839172363,8.980835914611816,0.14624465554728655,0.7203948405815384,0.3485565185546875,id14,20260328_102251.jpg,weak,weak,yes
41.1038703918457,18.93670082092285,138.27499389648438,44.248069763183594,92.16877746582031,35.483463287353516,117.4494857788086,149.75489807128906,0.41740958788898236,0.551017661900757,0.18314550042052144,0.023851976450798992,11.0,42.0,61.0,0.09507148864592094,0.22731707317073171,0.25850197672843933,0.10590361803770065,0.3023783365885417,0.6863017154389506,8.479800259400974,1.0419354838709678,0.5433935883351643,4.0,2.5,1.1967531633776798,1.7450980392156863,5.0,58.715625,5811.94482421875,42.15290069580078,6.967687129974365,9.01931381225586,0.1350546677880572,0.6976389410439354,0.3023783365885417,id14,20260328_102254.jpg,weak,weak,yes
39.68231201171875,19.12906265258789,119.68509674072266,39.56066131591797,155.00686645507812,42.96349334716797,113.96735382080078,156.71206665039062,0.3345617423658921,0.6015451884679646,0.02493156853218945,0.023841404889146947,9.0,66.0,49.0,0.22901731227263572,0.16014740908390704,0.21233591437339783,0.11092394590377808,0.4292348225911458,0.5952283297068454,11.172777304988546,0.75,0.4355010986328125,2.0,1.75,1.350989027905592,1.7692307692307692,5.0,70.1984375,4550.69970703125,41.52687072753906,7.095661640167236,8.20556640625,0.15032408669170882,0.7139920132661004,0.4292348225911458,id14,20260328_102257.jpg,weak,weak,yes
41.918033599853516,16.3388729095459,136.71170043945312,47.67201232910156,88.92283630371094,36.48507308959961,116.76233673095703,149.60614013671875,0.6140759119138247,0.37561449199426733,0.24957235980336256,0.03336364056648842,12.0,51.0,65.0,0.10143163150513938,0.21375845648857314,0.2800382375717163,0.11869364976882935,0.3300526936848958,0.5791607991165076,11.225740217967937,1.6134453781512605,0.5422629989495799,12.0,7.25,2.2256800115258564,3.9565217391304346,5.0,80.2984375,6317.54248046875,46.72706604003906,7.895362854003906,9.57906436920166,0.17301320676210877,0.7459764565227388,0.3300526936848958,id14,20260328_102307.jpg,weak,weak,yes
40.71119689941406,13.459129333496094,134.9983673095703,42.28065490722656,89.35243225097656,38.339820861816406,116.31898498535156,149.80296325683594,0.7458940632776395,0.24751155350159973,0.18354070387486668,0.038695343050124426,5.0,37.0,55.0,0.0029505865623889087,0.1326697476004266,0.2823777496814728,0.10483544319868088,0.2861531575520833,0.5245914313325459,11.618991830379722,1.029490616621984,0.4263642202859696,2.0,1.5,1.4361961249815423,2.1818181818181817,5.0,95.68203125,10038.494140625,51.92986297607422,8.517970085144043,12.142263412475586,0.11098471382865269,0.4739719795448993,0.2861531575520833,id14,20260328_102311.jpg,weak,weak,yes
40.8138542175293,14.731612205505371,138.76426696777344,47.32017135620117,94.83763122558594,41.592830657958984,116.28022003173828,151.55284118652344,0.6138886086166885,0.3795782463928968,0.1904449601452931,0.03879527797396832,9.0,49.0,70.0,0.05715871254162042,0.18570275451518514,0.2892642915248871,0.12015781551599503,0.4032796223958333,0.6777036179406267,10.535124265717892,0.964824120603015,0.585980030360134,7.0,3.75,1.3934441911466593,2.8125,9.0,69.13715277777777,11614.2880859375,62.21377944946289,9.877888679504395,12.090032577514648,0.17692462919987892,0.6997934723129335,0.4032796223958333,id14,20260328_102316.jpg,weak,weak,yes
47.74847412109375,18.7191162109375,130.13192749023438,54.64347457885742,121.30414581298828,46.8907585144043,112.5786361694336,150.9970703125,0.7434631287741321,0.24431091412083172,0.0847487878156885,0.041824077103846266,35.0,81.0,95.0,0.20361721747925157,0.33854894844870154,0.28601738810539246,0.14299778640270233,0.3419698079427083,0.6671079004313765,12.626202217286092,1.13946587537092,0.5491159742828883,6.0,3.5,1.4354155484299667,2.14,14.0,45.691685267857146,26382.08203125,102.20555114746094,13.807790756225586,14.473623275756836,0.2195020376595175,0.5153175801519112,0.3419698079427083,id14,20260328_102322.jpg,weak,weak,yes
38.80984878540039,13.132685661315918,131.24514770507812,45.40885543823242,99.54875946044922,36.38917922973633,116.3956298828125,152.08944702148438,0.5887422075540888,0.40121928859552625,0.10069062461801735,0.050849529397384186,7.0,41.0,64.0,0.06666361080552499,0.12811697836450311,0.26562100648880005,0.12003735452890396,0.3328857421875,0.5198085981865237,16.584501066129764,0.9230769230769231,0.436924078525641,7.0,4.5,1.738609011912476,3.2,8.0,101.9794921875,17087.123046875,76.951904296875,11.585334777832031,13.652334213256836,0.18099865542109767,0.6621677677839719,0.3328857421875,id14,20260328_102329.jpg,weak,weak,yes
44.671241760253906,20.505712509155273,131.4741973876953,45.05052947998047,102.7366943359375,38.290164947509766,115.94442749023438,149.01214599609375,0.4950662966389146,0.4824408126905814,0.11205331140576284,0.028899852674135744,33.0,53.0,71.0,0.08221125843697537,0.2871997807242951,0.2574118673801422,0.12030160427093506,0.296905517578125,0.5040886267633697,12.441516767948418,1.0578512396694215,0.3403064738292011,4.0,3.75,1.532614094958871,1.8041237113402062,8.0,71.5048828125,11077.376953125,56.93435287475586,8.636635780334473,11.393532752990723,0.15251653133244253,0.5436866076168655,0.296905517578125,id14,20260328_102354.jpg,weak,weak,yes
42.82050704956055,18.996784210205078,138.08993530273438,45.3033332824707,97.14727020263672,37.755523681640625,116.37796783447266,150.28884887695312,0.5059702929776836,0.47351886179253233,0.16882929295360985,0.028082043380919137,15.0,53.0,65.0,0.10405883627434459,0.2414357591660849,0.273116797208786,0.11983777582645416,0.4225565592447917,0.620309134917761,13.034342908476559,0.8514412416851441,0.5637991962305987,5.0,3.0,1.1913072148307051,1.6938775510204083,7.0,95.04017857142857,11514.779296875,58.71299362182617,8.70644474029541,11.144804954528809,0.15899516117383664,0.7872826344468136,0.4225565592447917,id14,20260328_102357.jpg,weak,weak,yes
43.01364517211914,15.642029762268066,116.1181640625,47.03052520751953,95.41509246826172,37.125770568847656,117.55297088623047,148.7249755859375,0.6316929307157321,0.3470023769698037,0.14885113126155472,0.05870235055902808,18.0,43.0,58.0,0.06273439563341844,0.268527159080905,0.23611898720264435,0.0927964597940445,0.2888743082682292,0.5405513878629771,13.370312866300958,1.0350404312668464,0.44432979559748426,10.0,5.75,1.641080204509119,2.9152542372881354,5.0,115.3734375,18455.005859375,83.91815948486328,11.897825241088867,13.29727554321289,0.2216744431728145,0.5678364327134573,0.2888743082682292,id15,20260328_102959_HDR.jpg,healthy,strong,no
43.74968338012695,18.876527786254883,104.76119232177734,43.90946960449219,101.3491439819336,40.9295539855957,118.43824005126953,145.83143615722656,0.5704509124816838,0.409334621020381,0.10133875049953377,0.047272545624084186,21.0,43.0,50.0,0.027640868522712136,0.25939123484747567,0.19066275656223297,0.07230976969003677,0.3054606119791667,0.5606237391636225,12.851335510640292,0.6825775656324582,0.429026820434935,11.0,7.75,2.5861932694374183,9.0,8.0,55.40087890625,12291.244140625,64.54035949707031,9.079209327697754,11.308381080627441,0.1556880245104569,0.8617344888939907,0.3054606119791667,id15,20260328_103001_HDR.jpg,healthy,strong,no
47.86369705200195,18.6088924407959,90.56037139892578,33.730037689208984,104.08821105957031,45.078189849853516,117.33605194091797,142.5487060546875,0.7371528963935386,0.2535259382167781,0.03452735347225611,0.04602020399199649,23.0,42.0,37.0,0.0036357425211068274,0.3632814406324728,0.1781267672777176,0.06304249167442322,0.20844523111979166,0.5547007242556261,12.96925911703501,0.6564102564102564,0.4004356971153846,6.0,4.25,1.8531341060805577,3.15,8.0,61.9052734375,10655.076171875,55.9322624206543,7.799472808837891,10.743719100952148,0.12332243423942219,0.7905173411519617,0.20844523111979166,id15,20260328_103003_HDR.jpg,healthy,strong,no
48.41544723510742,18.618295669555664,89.71563720703125,31.081459045410156,101.94918823242188,45.9561882019043,117.21826171875,141.7519073486328,0.7675898847410976,0.22524944090830895,0.04229743677963186,0.03550232238087046,23.0,46.0,30.0,0.0002795458455186651,0.3813650438671942,0.17853841185569763,0.05910239368677139,0.23653157552083334,0.6298263643279459,11.807622686255913,0.7243243243243244,0.4759076240419524,6.0,4.5,1.7596733336938588,3.588235294117647,13.0,42.04116586538461,8782.2919921875,50.78096389770508,7.159512996673584,10.156933784484863,0.11160330294168244,0.8434416715031922,0.23653157552083334,id15,20260328_103005_HDR.jpg,healthy,strong,no
36.887969970703125,11.44251537322998,100.81929016113281,46.79505920410156,98.88800048828125,33.55254364013672,120.65010070800781,148.5510711669922,0.5322281122328393,0.4629435797008475,0.01549785596110342,0.04902589728871932,11.0,31.0,43.0,0.0006752878414424149,0.09822061653779923,0.171258345246315,0.06353025138378143,0.15063985188802084,0.40051460038314485,19.77802076335462,0.6090425531914894,0.2901549289231627,8.0,6.5,1.7800601196257058,3.4680851063829787,8.0,70.166015625,11718.5673828125,57.861026763916016,8.260492324829102,11.354326248168945,0.1407975149407435,0.7552659764369868,0.15063985188802084,id15,20260328_103007_HDR.jpg,healthy,strong,no
34.9294548034668,9.904387474060059,104.4120101928711,36.2304801940918,100.22887420654297,29.82486915588379,120.11406707763672,149.59414672851562,0.39883263344161846,0.5946174365475531,0.023637852256820642,0.043129176240657104,8.0,33.0,42.0,0.010089005097324565,0.0870506827245596,0.17581291496753693,0.06156045198440552,0.1925811767578125,0.5185740950847272,14.813940884055656,0.7467362924281984,0.38805711260019354,8.0,4.75,2.3812558613542874,5.348837209302325,7.0,60.166294642857146,13834.7197265625,66.26215362548828,9.188204765319824,12.01259708404541,0.15873015873015872,0.7579573207350763,0.1925811767578125,id15,20260328_103014_HDR.jpg,healthy,strong,no
38.76382064819336,12.54858112335205,101.6094741821289,37.556854248046875,93.32650756835938,27.633827209472656,119.24073028564453,147.31674194335938,0.6162313394735229,0.36816631609042827,0.03183776829293197,0.04266138419752078,10.0,26.0,45.0,0.0024506300161333144,0.1120550574876958,0.187535360455513,0.07066814601421356,0.24905904134114584,0.6443080057911953,10.325614923162695,0.7588832487309645,0.5099782693580972,6.0,4.75,2.246725717442335,4.375,7.0,57.469308035714285,10000.767578125,54.998592376708984,7.729185104370117,10.52257251739502,0.14799763105765107,0.7757885898065559,0.24905904134114584,id15,20260328_103016_HDR.jpg,healthy,strong,no
39.0230598449707,11.598161697387695,99.97266387939453,35.352935791015625,96.21692657470703,27.470638275146484,118.82093048095703,147.50393676757812,0.6243975747525522,0.37065346945121,0.019640358604964502,0.036560087060164795,9.0,26.0,45.0,0.0028760947297507386,0.14839094159713945,0.18735410273075104,0.06170735880732536,0.19629923502604166,0.5438017853620043,12.951513588028634,0.6497584541062802,0.3960320025860676,4.0,3.0,2.277892974576548,3.6666666666666665,8.0,68.23779296875,9302.4755859375,52.96543502807617,7.630797386169434,10.461756706237793,0.13491734466497382,0.6953623292854312,0.19629923502604166,id15,20260328_103022_HDR.jpg,healthy,strong,no
42.8424186706543,14.5581693649292,102.40229034423828,35.921119689941406,91.60057067871094,26.21593475341797,117.93396759033203,146.2066192626953,0.7446207115853443,0.2299049570716885,0.03955411087163905,0.03540260749743843,10.0,25.0,44.0,0.0028972193760378757,0.17938027770907677,0.2042989432811737,0.07024893164634705,0.2879130045572917,0.5354516191361045,12.010324711482797,0.7268993839835729,0.3777509019826216,3.0,2.5,2.4378081495371298,8.833333333333334,7.0,76.22823660714286,8528.126953125,49.84072494506836,7.272109031677246,10.116378784179688,0.1365932939971028,0.7385671228944587,0.2879130045572917,id15,20260328_103024_HDR.jpg,healthy,strong,no
41.25826644897461,13.37690544128418,144.45384216308594,49.03620529174805,83.158447265625,34.082115173339844,116.3243408203125,150.89646911621094,0.6579101102421558,0.3302930368416093,0.22542165269009706,0.03806652218976727,12.0,36.0,64.0,0.04848770375954019,0.15388674267407895,0.32227152585983276,0.13136228919029236,0.2699025472005208,0.6047051353629567,14.242619456134024,0.8579088471849866,0.46278485254691687,6.0,3.75,1.7376709178152177,3.090909090909091,13.0,44.3671875,20467.62109375,91.42738342285156,12.836502075195312,14.008788108825684,0.23689814378592292,0.511598087231499,0.2699025472005208,id15,20260328_103035_HDR.jpg,healthy,strong,no
28.0632381439209,3.8884758949279785,117.52739715576172,35.746864318847656,123.06836700439453,45.7210807800293,121.7540512084961,155.15464782714844,0.06391527224026723,0.9308662120349133,0.09391788919505549,0.020227521128061452,3.0,71.0,48.0,0.21352811687012208,0.011653145733594003,0.16171078383922577,0.07525122910737991,0.3304087320963542,0.7552639162497579,8.345807174036723,0.7603686635944701,0.5581343387795,7.0,4.5,1.612929654764795,2.118811881188119,10.0,44.816015625,33264.87109375,132.7223663330078,16.897369384765625,14.615235328674316,0.3051985037176152,0.5918081026173623,0.3304087320963542,id16,20260328_103202_HDR.jpg,weak,weak,yes
28.58243751525879,5.068868637084961,128.33175659179688,38.50722122192383,108.7227554321289,39.85190963745117,121.79457092285156,154.89991760253906,0.07665709117991276,0.9103805369365535,0.10220945490655034,0.02822995354115686,3.0,58.0,50.0,0.1331701954108593,0.015303046423378373,0.18427768349647522,0.07992237061262131,0.286834716796875,0.5435494540495072,12.727630867692381,1.1590909090909092,0.4119380075262428,9.0,6.0,1.5579605260490546,2.75,8.0,64.0615234375,19154.775390625,91.88509368896484,13.00418472290039,12.985599517822266,0.2514451892045253,0.6985247668239754,0.286834716796875,id16,20260328_103204_HDR.jpg,weak,weak,yes
29.078372955322266,4.183608531951904,139.04832458496094,38.63401412963867,94.74549865722656,35.008731842041016,121.3896713256836,154.0723114013672,0.08902833298826228,0.8971316631894122,0.13890968163213302,0.016547484431986493,4.0,45.0,51.0,0.05817898039465511,0.010001751899218016,0.21283790469169617,0.09248322993516922,0.3193613688151042,0.6220572440988091,9.716310516775833,1.6271186440677967,0.437792417019774,7.0,5.5,1.9656983770666585,3.8333333333333335,9.0,39.1015625,15800.7314453125,80.12250518798828,11.652629852294922,12.38366985321045,0.22013409992196084,0.710355126653166,0.3193613688151042,id16,20260328_103206_HDR.jpg,weak,weak,yes
31.418813705444336,6.228227138519287,107.95801544189453,33.36790084838867,100.29004669189453,36.51583480834961,120.57848358154297,149.81390380859375,0.26110431214455404,0.7204664890936577,0.12355122021452739,0.05436973580015837,7.0,52.0,40.0,0.08370527679792672,0.03181916348714995,0.17352187633514404,0.07910650968551636,0.2826131184895833,0.4532507312130075,18.006596524716418,0.8720379146919431,0.31682400061817434,7.0,6.25,1.6641537812237024,4.875,7.0,85.77790178571429,13411.4697265625,74.81578063964844,10.912515640258789,11.202942848205566,0.214797350802678,0.8443222051695057,0.2826131184895833,id16,20260328_103208_HDR.jpg,weak,weak,yes
32.37961196899414,6.376741409301758,112.47948455810547,37.658321380615234,108.06261444091797,39.67607879638672,119.69501495361328,151.61459350585938,0.32819296164491896,0.6613887599497997,0.09273299293413792,0.047569927966028845,8.0,55.0,56.0,0.10555813433733904,0.04918596455034641,0.18996118009090424,0.08827479928731918,0.2958526611328125,0.5353816725446829,16.631691036935035,0.9121140142517815,0.41550994655581946,10.0,7.5,1.3698274239621797,2.098360655737705,6.0,90.75911458333333,19541.5703125,90.42752838134766,12.831777572631836,12.968720436096191,0.23277803565595612,0.8431466341972517,0.2958526611328125,id16,20260328_103237_HDR.jpg,weak,weak,yes
31.170703887939453,5.298093795776367,128.5572509765625,41.580177307128906,108.01065063476562,39.68545150756836,119.71145629882812,154.76397705078125,0.25710407506860633,0.7351648027383517,0.07990793472808286,0.025332703827200567,8.0,56.0,63.0,0.09448493611496356,0.030555637522499925,0.21417558193206787,0.09962020814418793,0.3447367350260417,0.6299656605819628,10.466556446426655,1.5204918032786885,0.4813088241792232,7.0,5.0,1.5889097986662404,4.153846153846154,6.0,53.135416666666664,21036.681640625,93.4668197631836,13.094647407531738,13.633091926574707,0.23631561863731596,0.7830175600739372,0.3447367350260417,id16,20260328_103239_HDR.jpg,weak,weak,yes
30.97515296936035,5.304957866668701,130.82508850097656,41.04317092895508,108.47865295410156,40.44249725341797,119.76933288574219,155.2311553955078,0.2516657773399554,0.7402345086127872,0.08887794332936556,0.022643626263870075,8.0,58.0,62.0,0.11149420569442735,0.03127693633788942,0.21571362018585205,0.0982624888420105,0.3717498779296875,0.5886485413772574,10.284824342967301,1.648068669527897,0.49728406652360513,7.0,5.25,1.7508446061027436,5.0,8.0,42.83203125,19382.595703125,88.71524047851562,12.558907508850098,13.285584449768066,0.2301987987248423,0.7956737573210826,0.3717498779296875,id16,20260328_103241_HDR.jpg,weak,weak,yes
27.320838928222656,2.9357407093048096,151.48580932617188,46.00249481201172,103.76640319824219,41.197418212890625,122.783935546875,157.44027709960938,0.009530750686774682,0.9866345237427818,0.13076189942254862,0.016022873801648258,2.0,64.0,68.0,0.10248360150249482,0.0010315636037450243,0.21585911512374878,0.09776778519153595,0.4536183675130208,0.5805366992613705,10.68446275893018,0.8,0.49506564670138886,4.0,3.0,1.4900927838157738,2.4285714285714284,7.0,88.75055803571429,36984.60546875,139.40858459472656,17.616371154785156,15.074263572692871,0.31332623198968435,0.819752745990165,0.4536183675130208,id17,20260328_103614_HDR.jpg,healthy,strong,no
27.667936325073242,2.666104793548584,170.73191833496094,44.22914123535156,90.81218719482422,35.5567741394043,122.67974090576172,157.86289978027344,0.014438027543314082,0.9818525099955575,0.20830741892492224,0.006208351843625055,2.0,56.0,63.0,0.026543758329631274,0.0005664149266992448,0.2563735842704773,0.1000954657793045,0.4579671223958333,0.7790062060745551,8.317986605829647,1.0637119113573408,0.6836478531855956,3.0,2.0,1.2756295904101917,1.5384615384615385,7.0,62.31138392857143,16351.4794921875,78.99342346191406,10.874533653259277,12.143486022949219,0.21573745002221234,0.8924305947885384,0.4579671223958333,id17,20260328_103623_HDR.jpg,healthy,strong,no
28.14373207092285,2.5481181144714355,179.525146484375,46.56393051147461,96.4738540649414,37.535377502441406,121.8088607788086,160.82752990722656,0.019139413450590868,0.980124455262848,0.15087746849358094,0.006438694986455184,3.0,55.0,67.0,0.049526912959836675,0.0005987201130697656,0.2841261327266693,0.11153636127710342,0.5182088216145834,0.8078251990399361,6.6584585407849515,1.0105263157894737,0.7346354166666667,2.0,1.5,1.2581312774515967,1.75,8.0,42.44384765625,12169.6669921875,69.41586303710938,10.097031593322754,11.12352466583252,0.2028188920733383,0.9089238400256929,0.5182088216145834,id17,20260328_103626_HDR.jpg,healthy,strong,no
28.19063377380371,2.96634578704834,175.79498291015625,46.19426727294922,101.14098358154297,38.921607971191406,121.53105163574219,161.391845703125,0.02867242374014414,0.9692213298656581,0.11355415342631343,0.005934120275826702,4.0,55.0,67.0,0.05645656095751793,0.0023901317777635326,0.27788352966308594,0.11561316251754761,0.5554148356119791,0.8138828153701835,7.916638579716955,1.0158730158730158,0.7860070822310405,4.0,2.0,1.2512799828285575,1.8103448275862069,7.0,62.728236607142854,17101.58203125,86.3794937133789,12.115294456481934,12.356670379638672,0.23465416349966575,0.9011528590409071,0.5554148356119791,id17,20260328_103629_HDR.jpg,healthy,strong,no
28.00076675415039,2.694241762161255,178.13278198242188,46.06158447265625,101.58988952636719,39.14391326904297,121.65311431884766,161.8865509033203,0.020300431218310194,0.9777093304269535,0.10494242524759513,0.0036108610150215607,3.0,55.0,67.0,0.04905463678150026,0.001525849405297825,0.27913549542427063,0.11394274234771729,0.5366770426432291,0.8071884774587478,7.918766799795939,1.024,0.7482048611111111,2.0,1.75,1.0738685548250406,1.1818181818181819,8.0,55.099609375,16913.74609375,85.62215423583984,12.055063247680664,12.347895622253418,0.236317111311188,0.8758393996995177,0.5366770426432291,id17,20260328_103631_HDR.jpg,healthy,strong,no
28.253862380981445,2.763918399810791,175.6219024658203,46.76475524902344,100.18067932128906,39.467594146728516,121.51504516601562,161.1195068359375,0.024114286861628968,0.9745605316788644,0.1288237006696182,0.0058127277655633525,4.0,57.0,70.0,0.05745464767239908,0.0018371833870433395,0.2788097560405731,0.11648352444171906,0.5066375732421875,0.7371456681685964,8.936965595365784,0.9297820823244553,0.6519559624697336,5.0,2.75,1.3708664632805811,3.0,8.0,56.44775390625,17333.841796875,86.17405700683594,12.187533378601074,12.476346015930176,0.2385326627112008,0.7882828698501132,0.5066375732421875,id17,20260328_103635_HDR.jpg,healthy,strong,no
27.774011611938477,2.558689832687378,167.2119598388672,46.00728988647461,103.10243225097656,40.2137565612793,122.06824493408203,160.28323364257812,0.02154501864677677,0.9756632924880128,0.12372935535428876,0.00989877464038359,3.0,65.0,67.0,0.07012253596164092,9.589770911028237e-05,0.25328007340431213,0.10617228597402573,0.4773457845052083,0.6895022728746281,8.818430069734609,0.8747152619589977,0.5677587556947609,2.0,1.5,1.1653645833333333,1.7083333333333333,5.0,96.72890625,17546.984375,85.95032501220703,12.358039855957031,12.874205589294434,0.23517314864144911,0.7984583840257277,0.4773457845052083,id17,20260328_103638_HDR.jpg,healthy,strong,no
26.422555923461914,1.4050071239471436,150.50428771972656,49.78559112548828,126.34595489501953,43.73408889770508,123.12074279785156,162.19320678710938,0.0011926287846727966,0.9978648097564728,0.04387719770707498,0.023102373716000463,1.0,71.0,75.0,0.20118878159504483,0.00046166275535721157,0.20079196989536285,0.08899351954460144,0.2644144694010417,0.9094688181873065,6.261774738001404,0.2982832618025751,0.8139994442214469,1.0,1.0,3.3300312306058757,3.386861313868613,7.0,18.160714285714285,26613.501953125,119.99688720703125,17.172527313232422,14.435087203979492,0.30562074404647405,0.39585157659887155,0.2644144694010417,id17,20260328_103641_HDR.jpg,healthy,strong,no
27.173070907592773,2.220186471939087,158.86703491210938,47.15806198120117,118.73270416259766,45.27061462402344,122.29314422607422,162.4618377685547,0.013258755329851962,0.9855195707373161,0.06749149619125186,0.011905332247400948,2.0,75.0,72.0,0.14690030182532457,0.00015570354045896614,0.2278873771429062,0.10087398439645767,0.4246622721354167,0.6628044971892567,8.873994001501504,0.736328125,0.43980023209549074,2.0,1.25,1.229402656626624,1.3466666666666667,6.0,54.854817708333336,15670.197265625,85.01276397705078,13.125964164733887,13.002155303955078,0.24102908063047956,0.6536395947829082,0.4246622721354167,id17,20260328_103645_HDR.jpg,healthy,strong,no
28.230255126953125,2.8131608963012695,177.97897338867188,46.76553726196289,96.340576171875,37.326229095458984,121.73128509521484,160.49534606933594,0.022173534561175285,0.9763006289185144,0.1408073240152975,0.004254736450865129,4.0,53.0,69.0,0.04459159420573362,0.0018975146470524946,0.28223806619644165,0.11381030827760696,0.5200144449869791,0.8311355927023806,6.181579598538081,1.0816901408450703,0.7980413732394366,4.0,3.0,1.802647317560963,3.0,7.0,40.416294642857146,15655.5986328125,80.02165222167969,11.229872703552246,12.0335111618042,0.22296775203200345,0.9194154676258993,0.5200144449869791,id17,20260328_103650_HDR.jpg,healthy,strong,no
27.971752166748047,2.448498010635376,178.02182006835938,44.84394836425781,98.83433532714844,38.56109619140625,121.81193542480469,161.34715270996094,0.01728841844723001,0.9813615098302098,0.12642859151892444,0.0036095667582340314,3.0,51.0,66.0,0.04548054115374879,0.0002250119537600435,0.27746301889419556,0.10863231867551804,0.5425059000651041,0.8472816054778095,7.092807749517802,1.0696378830083566,0.7791209668059424,2.0,1.25,1.1548691287550212,1.375,5.0,69.49765625,16499.720703125,82.73089599609375,11.600716590881348,12.173120498657227,0.2233056131106965,0.9078845449979998,0.5425059000651041,id17,20260328_103653_HDR.jpg,healthy,strong,no
28.027929306030273,2.7509806156158447,172.9193878173828,45.97402572631836,104.66558837890625,40.293704986572266,121.63668823242188,161.876220703125,0.025348353278954808,0.9736946080970735,0.10062075807995223,0.008420183856777853,3.0,57.0,66.0,0.06469229891213683,0.0009658187948337474,0.2682539224624634,0.11009842157363892,0.5792897542317709,0.8842084086152132,6.247665450082354,1.0406504065040652,0.8064588979223125,2.0,1.25,1.3712606215593008,2.6363636363636362,6.0,40.300130208333336,18998.53515625,88.22370147705078,12.14445972442627,12.923803329467773,0.22866198976232077,0.930817764265516,0.5792897542317709,id17,20260328_103658_HDR.jpg,healthy,strong,no
27.842025756835938,2.7921547889709473,166.30613708496094,46.23295593261719,108.81119537353516,41.450775146484375,121.76021575927734,161.66941833496094,0.024770533708120695,0.9735374650911043,0.0888937405052352,0.006385940015828398,3.0,59.0,68.0,0.08239863912161487,0.0015646462716844508,0.2518033981323242,0.10680492222309113,0.5591278076171875,0.9081532998533035,5.622990926317508,1.0909090909090908,0.8221102627840909,1.0,1.0,1.1131650703028892,1.1294117647058823,8.0,32.4013671875,17383.1796875,84.63737487792969,11.833101272583008,12.69684886932373,0.22731035486541312,0.9145431402400979,0.5591278076171875,id17,20260328_103704_HDR.jpg,healthy,strong,no
27.708995819091797,2.750330924987793,162.57818603515625,45.81278610229492,113.67061614990234,42.22662353515625,121.76502227783203,162.18751525878906,0.024805721365018584,0.9730168562525809,0.07135751023013102,0.006701205090663363,2.0,62.0,67.0,0.09459586289747345,0.0017550775237451664,0.24209749698638916,0.10348248481750488,0.54193115234375,0.8867073813744742,6.253454082754065,1.1228070175438596,0.8131358126218323,1.0,1.0,1.153031334401283,1.2037617554858935,7.0,38.17075892857143,19246.548828125,89.24514770507812,12.389392852783203,13.14309024810791,0.2323272140256035,0.9007202515808339,0.54193115234375,id17,20260328_103707_HDR.jpg,healthy,strong,no
27.399356842041016,2.3198366165161133,161.7491455078125,44.35732650756836,108.50731658935547,41.74663162231445,122.30840301513672,160.69195556640625,0.007699304788512767,0.9892686201892881,0.10976111580360817,0.008468152383427545,2.0,71.0,65.0,0.12983778398631235,2.165767872999372e-05,0.23631682991981506,0.09959334135055542,0.469696044921875,0.7028722165840845,9.39108346214677,0.8533333333333334,0.545083912037037,3.0,1.75,1.3873886409279534,1.9322033898305084,7.0,68.03794642857143,23841.310546875,104.14692687988281,14.437041282653809,14.096783638000488,0.26086674030277435,0.7533344754166564,0.469696044921875,id17,20260328_103712_HDR.jpg,healthy,strong,no
27.427005767822266,2.9557621479034424,150.88723754882812,46.00472640991211,118.95340728759766,46.44734573364258,122.0134048461914,160.51959228515625,0.010962405830230186,0.9871572711966474,0.08927232729909425,0.013936511447848689,2.0,70.0,70.0,0.16718897860364512,0.0040433088768449905,0.21780717372894287,0.10163182020187378,0.4138641357421875,0.5748342482851173,12.353896020459338,0.9014084507042254,0.5053642165492958,6.0,3.25,1.3088187370006135,2.2,13.0,51.70492788461539,41050.08984375,147.12020874023438,19.16718864440918,16.496692657470703,0.3156853347097789,0.6369094210839412,0.4138641357421875,id18,20260328_103724.jpg,moderate,moderate,yes
26.77247428894043,2.359156370162964,152.42076110839844,49.28770065307617,116.63916015625,43.899757385253906,122.82819366455078,159.83746337890625,0.004133401279655739,0.9922711058263971,0.0658890587546949,0.02263933714587698,2.0,62.0,74.0,0.11840590378045789,0.0024724911764150764,0.21153657138347626,0.0987079069018364,0.538970947265625,0.592666608504095,13.30543494052665,0.75,0.5528335571289062,7.0,4.25,1.4915074874599628,1.95,9.0,81.76128472222223,23358.267578125,106.3296890258789,15.316658020019531,14.527225494384766,0.2781363833682502,0.843725366859618,0.538970947265625,id18,20260328_103728_HDR.jpg,moderate,moderate,yes
26.293123245239258,2.0156493186950684,147.68138122558594,46.55691146850586,120.54949188232422,42.77098846435547,123.25228881835938,160.134765625,0.002654194344413997,0.991693089051807,0.05411687063313295,0.01658512790347341,2.0,62.0,71.0,0.13342706704351445,0.0015207816243669387,0.19526781141757965,0.08928666263818741,0.3545176188151042,0.6091236125334324,12.446492675356021,0.9078014184397163,0.49984608944050435,9.0,6.25,1.724225837202155,2.9166666666666665,6.0,82.51236979166667,20570.576171875,99.12178802490234,14.621468544006348,13.80450439453125,0.2644725326752844,0.72883837169178,0.3545176188151042,id18,20260328_103730_HDR.jpg,moderate,moderate,yes
26.34477424621582,2.792851448059082,127.87934112548828,39.07399368286133,133.61685180664062,47.879180908203125,123.09209442138672,158.49891662597656,0.005377504107815638,0.9891122139051634,0.05726046040729615,0.023020364807223116,2.0,78.0,57.0,0.2117807173324924,0.0025559741747024946,0.16171346604824066,0.07502024620771408,0.3064524332682292,0.6459082074454071,11.01223285906301,0.7732696897374701,0.4785718494946816,9.0,5.5,1.3735177518470747,1.7777777777777777,10.0,57.69453125,22418.087890625,110.72416687011719,17.575227737426758,14.457342147827148,0.29871703374217856,0.5524928245898784,0.3064524332682292,id18,20260328_103733_HDR.jpg,moderate,moderate,yes
26.57655906677246,2.8718485832214355,131.20306396484375,39.4284553527832,126.08767700195312,48.51127624511719,123.072021484375,157.9638214111328,0.010884327344689767,0.9798222808583291,0.08400915758022584,0.024581894377400954,2.0,80.0,53.0,0.2217608940281712,0.0029490512591672812,0.16903138160705566,0.07692865282297134,0.2621561686197917,0.6436278182685103,9.846829744847037,0.5081967213114754,0.5098857099688103,10.0,7.0,2.0099928287889672,4.571428571428571,7.0,45.59486607142857,35460.62109375,137.95053100585938,19.522991180419922,16.359159469604492,0.3059834697916263,0.5336494657500207,0.2621561686197917,id18,20260328_103734.jpg,moderate,moderate,yes
27.391399383544922,2.4284870624542236,147.1925811767578,45.541297912597656,125.77961730957031,48.99525833129883,121.79183197021484,161.37225341796875,0.011329947372049733,0.987302645186496,0.07732171994576334,0.010835842162112473,2.0,81.0,66.0,0.20017006411876911,0.000195343920207754,0.2118704617023468,0.10456284135580063,0.4426371256510417,0.5487912930175519,11.621684913656228,0.75,0.4552256266276042,9.0,4.5,1.6609721112552736,6.25,8.0,61.52734375,26733.5703125,119.13540649414062,16.960403442382812,14.32253360748291,0.3095741502539471,0.624106252823775,0.4426371256510417,id18,20260328_103738_HDR.jpg,moderate,moderate,yes
27.53098487854004,2.562591075897217,148.6417999267578,45.44035720825195,121.61457061767578,48.06379699707031,121.78348541259766,160.75723266601562,0.01618580273874059,0.9819386994835958,0.08916321969015749,0.011856742799886957,3.0,79.0,65.0,0.196760270277214,0.00020553400303162655,0.21660052239894867,0.1074570044875145,0.3959452311197917,0.7222364933183942,9.062200649954784,0.5299145299145299,0.5692721257237386,5.0,3.5,1.8684172986334258,2.5,8.0,47.1494140625,30946.65234375,128.58438110351562,17.695167541503906,14.801797866821289,0.3128998278652725,0.5928187945017706,0.3959452311197917,id18,20260328_103741_HDR.jpg,moderate,moderate,yes
27.7315731048584,2.6747868061065674,162.2576446533203,43.6155891418457,125.67443084716797,46.02399444580078,121.03128814697266,165.06410217285156,0.012350740531953057,0.9855173474094193,0.05826884641008558,0.0077486803669348635,3.0,75.0,64.0,0.17391482601342695,0.0007994670219853431,0.24395719170570374,0.10963233560323715,0.4962412516276042,0.6929272772924898,9.491352963913869,0.8084210526315789,0.5749396929824562,5.0,2.5,1.5628332696715048,3.3333333333333335,7.0,75.34877232142857,21804.232421875,101.23613739013672,14.287920951843262,13.52314567565918,0.26907190078409265,0.7158632328123854,0.4962412516276042,id18,20260328_103745_HDR.jpg,moderate,moderate,yes
27.963623046875,2.8392066955566406,159.7904052734375,43.36598587036133,130.97109985351562,44.42961120605469,120.48258972167969,166.48779296875,0.015675373233745127,0.9823529934190076,0.05167100366794852,0.005355382470225672,3.0,72.0,64.0,0.18439212412408856,0.0015364530138458395,0.24258646368980408,0.11006958782672882,0.5726979573567709,0.708691331873572,9.18493322158257,0.8016701461377871,0.6475377305149618,2.0,1.5,1.345424107142857,2.0,7.0,92.49441964285714,12266.85546875,74.06737518310547,11.230956077575684,11.372052192687988,0.23442898123395828,0.7896667321233203,0.5726979573567709,id18,20260328_103749_HDR.jpg,moderate,moderate,yes
27.29690933227539,2.564765691757202,149.27716064453125,42.52289962768555,127.59880065917969,47.64912414550781,121.57754516601562,163.01461791992188,0.011253853470702162,0.987405310626984,0.06013133315761125,0.010692306810758775,2.0,77.0,61.0,0.16392578415980014,4.584054366884791e-05,0.2130153626203537,0.10111645609140396,0.4438222249348958,0.6392042817807753,10.572592929139018,0.8533333333333334,0.4782638888888889,7.0,4.25,1.4254090514412594,2.5,5.0,82.1390625,22778.83203125,106.77727508544922,15.291075706481934,13.839673042297363,0.2889558670165828,0.7158538086057673,0.4438222249348958,id18,20260328_103752.jpg,moderate,moderate,yes
27.908306121826172,2.4789681434631348,156.2338409423828,33.26121520996094,119.99475860595703,42.14103317260742,121.3239974975586,163.57574462890625,0.017715203227219044,0.9803474037606656,0.09811701323000571,0.002494725248477289,3.0,72.0,43.0,0.2837617271991401,0.00022558685757507397,0.23020564019680023,0.08115025609731674,0.3832956949869792,0.6702469172842099,8.555404115376831,0.7625570776255708,0.5344789872310174,2.0,1.75,1.212432919783897,1.3072289156626506,6.0,52.372395833333336,5420.05029296875,47.3892707824707,8.491288185119629,8.940765380859375,0.17794822118127895,0.7775221311982832,0.3832956949869792,id19,20260328_103809.jpg,healthy,strong,no
27.09956169128418,2.5145881175994873,156.25860595703125,46.94179916381836,111.04820251464844,42.50651931762695,122.64480590820312,159.73951721191406,0.010361408773525833,0.9798324688980518,0.0899091456858969,0.013043324157323283,2.0,67.0,70.0,0.12983069670726952,0.0005198426294585367,0.2232753336429596,0.1048419252038002,0.4305063883463542,0.7421149711983325,9.937892149717108,0.6855203619909502,0.6353769992383854,4.0,3.5,2.095582556395361,3.642857142857143,7.0,54.794642857142854,33055.81640625,131.8525848388672,17.275775909423828,14.982832908630371,0.3107477463640552,0.6895565675739529,0.4305063883463542,id19,20260328_103824_HDR.jpg,healthy,strong,no
27.02071189880371,2.5578792095184326,149.34556579589844,44.870819091796875,110.17982482910156,42.42151641845703,122.79058074951172,158.37269592285156,0.010122670786771268,0.9844963305318398,0.10201254678405412,0.009243596744762184,2.0,65.0,66.0,0.13242051705536834,0.0017181901730177547,0.20811019837856293,0.09680145233869553,0.3818715413411458,0.6338965820760448,9.991112048110844,0.7142857142857143,0.47391250617894215,5.0,3.5,1.9531739852181815,4.666666666666667,7.0,70.8671875,42803.76171875,154.6600799560547,19.32829475402832,15.718143463134766,0.3358196033511368,0.6781346532507181,0.3818715413411458,id19,20260328_103827_HDR.jpg,healthy,strong,no
27.145261764526367,2.490628719329834,148.39590454101562,40.587100982666016,99.34024810791016,39.39086151123047,123.00191497802734,156.0683135986328,0.009528791898658495,0.9859621588630221,0.1541422218900639,0.004558872986809162,2.0,58.0,58.0,0.08259531905882939,0.0018933024426092697,0.2068428099155426,0.09005643427371979,0.4083404541015625,0.6998263750215454,8.793188816509053,0.8560794044665012,0.5986514187075197,3.0,2.0,1.4101876029977956,2.2,9.0,54.838107638888886,41900.23828125,154.07333374023438,18.748414993286133,15.165958404541016,0.345390680467845,0.7759510554395732,0.4083404541015625,id19,20260328_103831_HDR.jpg,healthy,strong,no
27.31273078918457,2.500535726547241,159.033935546875,46.97749328613281,109.7918930053711,42.78231430053711,122.38485717773438,160.02845764160156,0.008448248888094227,0.9871376528172005,0.0945958026953937,0.011666629416892027,2.0,66.0,72.0,0.10988311020718325,0.0006704959434995419,0.2316305935382843,0.10717785358428955,0.4551493326822917,0.7417925494399529,7.369309767441831,0.8992974238875878,0.5676747902029664,2.0,1.25,1.0909054487179488,1.1067708333333333,11.0,40.55184659090909,37898.21484375,140.32395935058594,17.835973739624023,15.485757827758789,0.3098026506939633,0.7010097686697532,0.4551493326822917,id19,20260328_103834_HDR.jpg,healthy,strong,no
27.882478713989258,2.6967105865478516,172.46250915527344,47.010498046875,103.1639404296875,40.251338958740234,121.83712005615234,161.0987091064453,0.024508573068369323,0.9736351244709089,0.1184356840519406,0.007595595092904799,3.0,59.0,70.0,0.07500538058684267,0.000529091039529378,0.26671287417411804,0.11566006392240524,0.5671793619791666,0.8101767451264511,7.667739451549321,0.9624060150375939,0.7845916875522139,5.0,3.25,1.2888602333839247,1.868421052631579,6.0,62.07421875,21885.37890625,99.46477508544922,13.261783599853516,13.237642288208008,0.2598644092115647,0.8988409021295803,0.5671793619791666,id19,20260328_103839_HDR.jpg,healthy,strong,no
27.149770736694336,2.582195520401001,156.4270782470703,47.787960052490234,112.96013641357422,43.43361282348633,122.39656066894531,160.24574279785156,0.00950115954375503,0.9882744095792513,0.08956883903639548,0.01250650764352312,2.0,67.0,72.0,0.13057882531118367,0.0008992380141038383,0.22526295483112335,0.11017126590013504,0.42987060546875,0.5755108988719645,12.0321722429423,0.75,0.48149363199869794,6.0,3.75,1.7367220043219787,4.5,7.0,80.39397321428571,27157.765625,116.66311645507812,15.958256721496582,14.451067924499512,0.295813810402764,0.772922649205275,0.42987060546875,id19,20260328_103844_HDR.jpg,healthy,strong,no
27.41866111755371,3.8992254734039307,165.43858337402344,46.9559326171875,115.87916564941406,43.663475036621094,121.96322631835938,162.57403564453125,0.013752601843592031,0.9817994845871741,0.07505699276439687,0.007111705818217861,2.0,69.0,71.0,0.14696699375557537,0.004138170284468233,0.24461163580417633,0.11624042689800262,0.4105224609375,0.6011997136034916,10.805192705007594,0.79957805907173,0.48843837324515993,5.0,2.5,1.4706236847597502,1.8709677419354838,11.0,58.6953125,24142.30078125,108.86643981933594,14.853008270263672,13.56739616394043,0.28632669243730796,0.768283280186569,0.4105224609375,id19,20260328_103847_HDR.jpg,healthy,strong,no
26.773780822753906,2.0990495681762695,150.7958221435547,49.455055236816406,134.00729370117188,45.19308090209961,122.35771179199219,163.87791442871094,0.0014835264067700406,0.9966975412162337,0.024458835367269536,0.021582084161098067,1.0,72.0,74.0,0.1816352331071493,0.0006579117108284527,0.20714391767978668,0.09473071247339249,0.3942769368489583,0.7168832927159491,8.652462004120993,0.529296875,0.5724133706180812,2.0,1.25,2.216961569520385,2.78,10.0,45.096875,25842.982421875,115.42508697509766,16.212646484375,14.442028999328613,0.2930674166000155,0.4934434995162194,0.3942769368489583,id19,20260328_103851_HDR.jpg,healthy,strong,no
26.79106903076172,1.7206289768218994,137.39524841308594,41.24538803100586,146.76136779785156,47.51422119140625,121.98475646972656,164.2274169921875,0.0026077566400147046,0.9961745244003308,0.020827589375976473,0.019805164966455287,1.0,80.0,59.0,0.2169377814539105,0.0005629078209723371,0.1818937212228775,0.07467833906412125,0.4427490234375,0.7748755069993198,7.343605622285766,0.5925155925155925,0.67311886785571,3.0,1.75,1.8165384431801503,2.208955223880597,8.0,54.77099609375,12028.58984375,79.13372039794922,12.80463695526123,11.163426399230957,0.272206139141623,0.5167954974530687,0.4427490234375,id19,20260328_103857_HDR.jpg,healthy,strong,no
27.108243942260742,2.181936264038086,153.03399658203125,42.93475341796875,116.2951889038086,48.19011306762695,122.48622131347656,160.59535217285156,0.003913524940856697,0.9934439019479538,0.09661750641767755,0.01147631751145115,2.0,69.0,58.0,0.14750591433029647,0.0011199476518850356,0.2150963395833969,0.09116960316896439,0.4041951497395833,0.7963179311505599,6.310096586515239,0.423828125,0.7239208309331797,1.0,1.0,2.4153630668230597,2.449760765550239,8.0,32.99072265625,41917.76171875,150.42697143554688,18.6441707611084,16.068784713745117,0.32426888810590426,0.5219127430826924,0.4041951497395833,id20,20260328_103909.jpg,moderate,moderate,no
27.45608901977539,2.513895273208618,150.76373291015625,46.450958251953125,128.6474609375,48.516746520996094,121.74536895751953,163.45169067382812,0.010626422408944194,0.9864141016432879,0.059899100907745695,0.01189847786017774,2.0,74.0,70.0,0.18632583657116156,0.0020854786649475167,0.21621841192245483,0.09618400037288666,0.5877736409505209,0.7283203305683185,9.50796824126975,0.662109375,0.6803875138274337,5.0,2.5,1.764517192262574,2.5384615384615383,6.0,94.02213541666667,22631.08984375,105.1575698852539,14.967489242553711,14.010737419128418,0.28152231289102725,0.7323721401863236,0.5877736409505209,id20,20260328_103913.jpg,moderate,moderate,no
27.542997360229492,2.3514416217803955,155.30264282226562,49.134193420410156,128.73194885253906,48.620208740234375,121.61357116699219,164.38072204589844,0.01118580215503004,0.9873769160038208,0.06372247069641215,0.009052197434318005,2.0,73.0,79.0,0.19231902300543668,0.0012676647294607068,0.22627131640911102,0.1004546508193016,0.5697479248046875,0.6996273950969143,9.032244963201302,0.669921875,0.6457896774781341,2.0,1.25,1.7546005661228317,2.7,7.0,80.23604910714286,14997.2763671875,82.30471801757812,12.466598510742188,12.434514045715332,0.24687324245427034,0.6964325682027306,0.5697479248046875,id20,20260328_103916_HDR.jpg,moderate,moderate,no
27.34151840209961,2.8774735927581787,152.75518798828125,46.23870849609375,127.86502075195312,49.060604095458984,121.87320709228516,163.6608428955078,0.0076677316293929714,0.9898550012288031,0.0658245269107889,0.010371098550012288,2.0,75.0,69.0,0.197621037109855,0.002103710985500123,0.217707097530365,0.09556706994771957,0.5174001057942709,0.7901617465288573,7.5528617101867495,0.6171875,0.64404296875,3.0,2.25,1.441379690266697,1.8823529411764706,7.0,50.125558035714285,20904.26171875,102.06527709960938,15.03029727935791,13.75263786315918,0.28445318260014746,0.6170424423295058,0.5174001057942709,id20,20260328_103918.jpg,moderate,moderate,no
27.40637969970703,2.7387654781341553,154.6959228515625,44.180519104003906,126.30774688720703,48.31877517700195,121.75381469726562,163.82418823242188,0.00812620605352379,0.9896442766754053,0.06650880659322073,0.008502917592428867,2.0,74.0,65.0,0.19405257047965374,0.00207575745927287,0.22214668989181519,0.09473613649606705,0.6615854899088541,0.7660114140773621,9.070071124030806,0.75,0.66357421875,3.0,2.0,1.3106145407026217,1.4166666666666667,6.0,65.43684895833333,18235.19140625,95.56944274902344,14.318644523620605,13.056005477905273,0.2819570548845648,0.7823563377401388,0.6615854899088541,id20,20260328_103920.jpg,moderate,moderate,no
27.340696334838867,2.3434979915618896,152.98777770996094,42.12935256958008,133.54876708984375,51.04963302612305,121.55731201171875,165.16981506347656,0.009113294017648245,0.9887836381321252,0.056782831956115984,0.00887669888449776,2.0,85.0,58.0,0.22961995811389865,0.0019716261095873606,0.2183152735233307,0.09296073019504547,0.5804392496744791,0.7286913321196038,7.411386094545366,0.75,0.6005528767903646,3.0,1.5,1.2268078200483092,1.3333333333333333,9.0,52.89539930555556,26612.6796875,116.1307601928711,16.676862716674805,14.974847793579102,0.29162540856474384,0.6861494245962554,0.5804392496744791,id20,20260328_103924.jpg,moderate,moderate,no
27.599157333374023,2.660954713821411,157.20118713378906,42.67312240600586,131.02064514160156,49.40211486816406,121.27297973632812,165.7802734375,0.011913402577900137,0.9864764526759271,0.05830726233679556,0.00916030534351145,3.0,80.0,60.0,0.20118466608267635,0.002285904976431819,0.23012210428714752,0.09872264415025711,0.6096649169921875,0.7208205625662887,8.529430258850814,0.75,0.6273981730143229,1.0,1.0,1.3333333333333333,1.3333333333333333,7.0,80.24665178571429,23591.01953125,107.4319076538086,15.399232864379883,14.421929359436035,0.27632753514370334,0.7613618318671198,0.6096649169921875,id20,20260328_103926.jpg,moderate,moderate,no
27.691726684570312,2.906160593032837,158.27284240722656,43.08007049560547,133.61566162109375,49.35304641723633,121.10174560546875,166.5397186279297,0.014720033536904887,0.9828885564839605,0.0553263655332082,0.008622414466601244,3.0,80.0,61.0,0.21202564811021446,0.0031917224821120626,0.23347558081150055,0.10060955584049225,0.5338490804036459,0.735110946135445,8.317707116203326,0.8767123287671232,0.6358269121004566,2.0,1.5,1.1344464869281046,1.1764705882352942,8.0,58.51611328125,24039.884765625,108.21086120605469,15.444478034973145,14.462810516357422,0.270114997284654,0.6659116719643186,0.5338490804036459,id20,20260328_103928.jpg,moderate,moderate,no
28.19805908203125,3.4548964500427246,151.80870056152344,43.84983825683594,134.24749755859375,48.76966857910156,120.64193725585938,165.2326202392578,0.02959478865324981,0.9684696871943225,0.05215509167724614,0.013184457532935128,3.0,77.0,63.0,0.1971737184957023,0.0035068367707964784,0.2285478115081787,0.10295797139406204,0.4887797037760417,0.8941056439270973,5.411632657812564,0.882051282051282,0.7185301132975551,1.0,1.0,1.1529786597142826,1.1753846153846155,7.0,31.112723214285715,24495.48046875,109.50554656982422,15.725759506225586,14.4904146194458,0.27930862244791776,0.5612741948672422,0.4887797037760417,id20,20260328_103930.jpg,moderate,moderate,no
28.29680061340332,3.8162031173706055,147.63021850585938,44.85380935668945,132.3280029296875,47.33071517944336,120.72087860107422,163.68356323242188,0.03192859233245537,0.964588820602868,0.048658667447078335,0.014925373134328358,4.0,72.0,66.0,0.1925373134328358,0.004516632523656229,0.2220533788204193,0.10401654243469238,0.521392822265625,0.8957385568309071,5.123704205451978,1.010989010989011,0.7643521559961778,1.0,1.0,1.0215948714827792,1.047197640117994,9.0,26.008680555555557,24969.73046875,110.82284545898438,15.71674919128418,14.364297866821289,0.28060677007121254,0.6089968275845681,0.521392822265625,id20,20260328_103933.jpg,moderate,moderate,no
28.296293258666992,3.318232297897339,137.1936492919922,42.93584442138672,134.4368133544922,45.895015716552734,120.65522003173828,161.9320831298828,0.030994643181405483,0.9655665516615217,0.043807880878881426,0.021972035591065916,4.0,69.0,62.0,0.18837388777919012,0.0012938078808788815,0.20415954291820526,0.10072366893291473,0.4481608072916667,0.8146509856855565,5.9975647098555775,1.1327433628318584,0.6861633480825958,1.0,1.0,1.123596839426863,1.1497005988023952,10.0,32.184375,24972.923828125,112.98277282714844,16.198305130004883,14.31463623046875,0.29021018703468315,0.516595041128498,0.4481608072916667,id20,20260328_103935.jpg,moderate,moderate,no
28.49492645263672,3.1593050956726074,122.6727066040039,37.629459381103516,141.2684326171875,44.10509490966797,120.52650451660156,160.51495361328125,0.0415837354486053,0.9548627629930969,0.025544433333009698,0.026796896996999914,3.0,69.0,54.0,0.19308329368816568,0.0025049273279804268,0.17757567763328552,0.0798935517668724,0.5238698323567709,0.8175242956709532,7.018891023763014,0.615234375,0.6454706101190476,2.0,1.5,1.6804945487171536,2.090909090909091,9.0,42.654947916666664,26857.333984375,117.72762298583984,15.964920997619629,14.172311782836914,0.29831936852529684,0.7059569422263652,0.5238698323567709,id20,20260328_103938.jpg,moderate,moderate,no
28.317821502685547,2.959238290786743,131.51878356933594,40.2562255859375,138.4313507080078,43.475303649902344,120.59230041503906,162.04345703125,0.04149982590529248,0.9570421309192201,0.028932364206128134,0.025102280640668523,2.0,68.0,58.0,0.18852280640668523,0.0016321378830083566,0.1914938986301422,0.086296446621418,0.4674479166666667,0.8014673120763418,6.176970036332344,0.56640625,0.6239089439655172,1.0,1.0,1.799809726019753,1.8220640569395017,8.0,29.40380859375,27332.236328125,118.78329467773438,16.133867263793945,14.325299263000488,0.2981698293871866,0.5787332653241143,0.4674479166666667,id20,20260328_103940.jpg,moderate,moderate,no
27.83893585205078,2.7184011936187744,134.744873046875,39.84781265258789,142.169921875,44.493141174316406,120.86968231201172,163.3832244873047,0.026561057677991842,0.9716821010630379,0.027335258910758418,0.018640383527379924,3.0,74.0,57.0,0.22573921329243962,0.001816395199952357,0.19155244529247284,0.08448034524917603,0.5124359130859375,0.699222225711564,7.938590905527638,0.75,0.509613037109375,1.0,1.0,1.3138020833333333,1.3333333333333333,9.0,62.4375,18653.732421875,95.92292022705078,14.106244087219238,12.916406631469727,0.2762111782747223,0.6661663481819925,0.5124359130859375,id20,20260328_103944.jpg,moderate,moderate,no
28.280181884765625,3.239609956741333,123.51334381103516,38.975215911865234,139.10951232910156,42.69088363647461,120.83969116210938,160.2108917236328,0.03372215400806876,0.9640413962462726,0.026190580599894757,0.027484213295913,2.0,67.0,56.0,0.1945711278723031,0.0030477109279073845,0.1766032576560974,0.08100010454654694,0.4639485677083333,0.8207728107941362,7.650542797234718,0.5513078470824949,0.6740736389137746,2.0,1.25,1.6923051237403262,1.8435114503816794,11.0,41.49360795454545,20904.802734375,103.58200073242188,14.800341606140137,13.059067726135254,0.2891159445711279,0.637865204682452,0.4639485677083333,id20,20260328_103947.jpg,moderate,moderate,no
27.847312927246094,2.5880582332611084,127.25819396972656,39.830810546875,141.3677978515625,42.2094612121582,121.02848052978516,161.4649200439453,0.01785899161403872,0.9807433481726887,0.018179935811160574,0.025427062842944406,3.0,67.0,59.0,0.18515374262346,0.0008903613210477275,0.17891721427440643,0.08011085540056229,0.4912821451822917,0.8166144265697977,6.502882751847644,0.556640625,0.6740063048245614,1.0,1.0,1.8663552633880254,1.9248120300751879,10.0,33.3859375,17003.771484375,93.1480484008789,13.94247817993164,12.41469955444336,0.28470856196293615,0.6519303455723542,0.4912821451822917,id20,20260328_103951.jpg,moderate,moderate,no
27.806514739990234,2.8313729763031006,127.12653350830078,42.18745040893555,120.73729705810547,42.92732238769531,122.0547103881836,156.78456115722656,0.015318284247958213,0.9803832176212371,0.05082648395878652,0.023172812650610258,3.0,63.0,59.0,0.15085123288741842,0.002058068802021597,0.17783913016319275,0.08200372755527496,0.3904774983723958,0.7535716368301358,8.476467425208423,0.5336048879837068,0.602742494675145,2.0,1.25,1.753262926215016,1.9362549800796813,11.0,46.51171875,37003.22265625,140.40106201171875,17.66579818725586,15.16862964630127,0.313842466556382,0.6972336251680169,0.3904774983723958,id20,20260328_104001_HDR.jpg,moderate,moderate,no
27.328645706176758,2.3171403408050537,139.32598876953125,44.712425231933594,117.7354736328125,45.02169418334961,122.42184448242188,158.24449157714844,0.006760577862320703,0.9902190118759961,0.08110122872860007,0.018636573955066578,2.0,67.0,64.0,0.16275512827104005,0.0014138090586602232,0.193611741065979,0.08716747164726257,0.3957316080729167,0.772877117754216,7.1855529122728194,0.5232323232323233,0.6171834171834172,1.0,1.0,1.9249908783866083,1.967479674796748,10.0,36.59140625,41377.2265625,148.543212890625,18.639440536499023,15.89724349975586,0.31598632461055987,0.6623477231903429,0.3957316080729167,id20,20260328_104003_HDR.jpg,moderate,moderate,no
27.170272827148438,2.80836820602417,139.6357879638672,44.17319869995117,115.42414093017578,45.59779357910156,122.73839569091797,157.7526397705078,0.00878881112023633,0.9862590554173153,0.09293830671357302,0.018165994533040783,2.0,68.0,62.0,0.16078498670033464,0.0027825106336034125,0.19084753096103668,0.08469700068235397,0.4149424235026042,0.7750187495738733,7.768128799655576,0.591919191919192,0.5878167338918192,5.0,2.75,1.5225885022380687,2.4545454545454546,9.0,49.138454861111114,42304.04296875,149.35227966308594,18.73495101928711,16.12140464782715,0.31269535798776676,0.701699609502675,0.4149424235026042,id20,20260328_104006_HDR.jpg,moderate,moderate,no
27.245695114135742,2.738370418548584,136.80972290039062,43.38939666748047,116.40679931640625,44.297767639160156,122.65777587890625,157.48529052734375,0.011009920739068816,0.9849745420187916,0.08141304918376988,0.01964463807674138,2.0,66.0,62.0,0.15142249750669257,0.0027820061939005827,0.18711090087890625,0.08334557712078094,0.3875935872395833,0.756032438584843,8.230380280208133,0.597165991902834,0.5469601317504975,3.0,1.75,1.6835977120318295,2.9,10.0,51.03671875,43542.39453125,152.09031677246094,18.77467155456543,16.14373207092285,0.3175423862264448,0.6776881553087232,0.3875935872395833,id20,20260328_104010_HDR.jpg,moderate,moderate,no
27.818628311157227,2.620729684829712,124.0277099609375,41.65537643432617,120.5934829711914,44.028663635253906,122.16868591308594,156.12039184570312,0.014478075130172827,0.9804967992416864,0.054094763221793726,0.027177229818342356,3.0,64.0,58.0,0.14305377014270318,0.0010907249425421682,0.1728864163160324,0.08068004250526428,0.3917083740234375,0.8396091074954387,6.494605432173341,0.6030701754385965,0.6697288676236045,3.0,2.25,1.770178139022743,2.75,12.0,26.5859375,41284.265625,149.2753448486328,18.38494873046875,15.59964656829834,0.3202706036643164,0.6983342552207542,0.3917083740234375,id20,20260328_104021_HDR.jpg,moderate,moderate,no
28.25807762145996,3.9829838275909424,119.05095672607422,40.45634841918945,115.52569580078125,40.946754455566406,122.18272399902344,154.216552734375,0.034624944327112335,0.9562231513009497,0.07039926439952301,0.03103314512305504,2.0,59.0,58.0,0.15387267790181458,0.006192261827794779,0.16749589145183563,0.07935452461242676,0.3540191650390625,0.7014229522287935,10.632792884383381,0.6030042918454935,0.5733202999709804,6.0,3.0,1.8111526326634129,4.390243902439025,9.0,67.00520833333333,36570.3359375,137.26890563964844,17.12700653076172,15.116637229919434,0.3046276740945074,0.6977324672200168,0.3540191650390625,id20,20260328_104025_HDR.jpg,moderate,moderate,no
28.430431365966797,4.212651252746582,118.18241119384766,39.159053802490234,108.59104919433594,41.26800537109375,122.36114501953125,152.7078857421875,0.044889234356781965,0.9460521988699214,0.11704385781338754,0.03817752399174863,3.0,60.0,53.0,0.15988519836168497,0.006950880444856348,0.16735593974590302,0.07815571129322052,0.3402608235677083,0.6528793060535947,10.807823654777732,0.610752688172043,0.5363092533696805,6.0,3.75,1.876757953710886,5.384615384615385,6.0,89.37174479166667,37651.70703125,140.09518432617188,17.432523727416992,15.274806022644043,0.3086190917516219,0.7077056533513879,0.3402608235677083,id20,20260328_104029_HDR.jpg,moderate,moderate,no
28.562185287475586,4.259738445281982,116.00396728515625,37.446903228759766,105.98503112792969,39.69096755981445,122.39604187011719,151.85569763183594,0.05166299542266173,0.9412600959210136,0.11993251159956883,0.039055787286560124,3.0,59.0,51.0,0.13677336707753354,0.005186608551655184,0.16471941769123077,0.07471922039985657,0.3255767822265625,0.6508114989847551,10.79397555779004,0.6233766233766234,0.5263460497835498,6.0,3.5,1.6627733081202316,4.571428571428571,8.0,66.505859375,35771.13671875,136.13003540039062,16.883363723754883,14.885679244995117,0.30471325240974206,0.6856068720277623,0.3255767822265625,id20,20260328_104032_HDR.jpg,moderate,moderate,no
28.964216232299805,4.907710075378418,116.06908416748047,38.84788131713867,105.92047882080078,39.9197883605957,122.1543960571289,151.7227783203125,0.057057373105605005,0.9351395236949723,0.1131675487130142,0.04319521289391388,3.0,58.0,54.0,0.1131675487130142,0.006449963916285783,0.1686682254076004,0.0782853215932846,0.3382975260416667,0.7348393658613965,7.688829028363247,0.533203125,0.5634157509157509,7.0,4.25,1.5970695968639106,3.111111111111111,6.0,61.026041666666664,35424.859375,134.2911376953125,16.678178787231445,15.00277328491211,0.29444310801058454,0.6381272186510601,0.3382975260416667,id20,20260328_104035_HDR.jpg,moderate,moderate,no
28.51307487487793,5.067981719970703,119.44966888427734,41.11003494262695,106.59384155273438,39.10651779174805,122.358642578125,152.48951721191406,0.04285561182112906,0.9466280845591191,0.09835758111620181,0.04325750877475015,3.0,56.0,58.0,0.10611419232108887,0.007649438683921443,0.1704249531030655,0.0820322260260582,0.379669189453125,0.5837515979531116,12.223793598753437,0.8347826086956521,0.438182178442029,4.0,3.5,1.6081066027646276,2.242424242424242,7.0,72.09765625,33737.8203125,131.94276428222656,16.81092071533203,14.977622985839844,0.29919888540578193,0.6897679705042553,0.379669189453125,id20,20260328_104038_HDR.jpg,moderate,moderate,no
28.00628089904785,3.3744187355041504,112.44189453125,39.400657653808594,120.13265991210938,43.45390701293945,122.3603744506836,153.64776611328125,0.02253338729259409,0.9711210036422501,0.04509915014164306,0.04323755564548766,3.0,61.0,53.0,0.1268474301902064,0.0035936867664912993,0.15494851768016815,0.07417292147874832,0.3142038981119792,0.6132568729971327,10.349830299838807,0.6343612334801763,0.4866464757709251,3.0,2.25,1.413962609128431,2.2857142857142856,10.0,45.317578125,34802.20703125,136.6917724609375,17.049453735351562,14.519906997680664,0.32035613112100364,0.7443667911796602,0.3142038981119792,id20,20260328_104041_HDR.jpg,moderate,moderate,no
28.903276443481445,4.43881893157959,110.25751495361328,40.11220932006836,121.45794677734375,41.22796630859375,121.712158203125,153.655029296875,0.050575452716297785,0.9413762575452717,0.03272434607645875,0.04938430583501006,3.0,58.0,56.0,0.1230261569416499,0.008466800804828974,0.15858009457588196,0.07776414602994919,0.3159840901692708,0.7143064935064936,8.673592560287563,0.625,0.568198347107438,4.0,2.75,1.5042921549053323,2.0232558139534884,11.0,32.91619318181818,35688.0234375,139.05075073242188,17.33043098449707,14.59085750579834,0.3204989939637827,0.8099950455031422,0.3159840901692708,id20,20260328_104046_HDR.jpg,moderate,moderate,no
28.430631637573242,3.7008659839630127,117.93096160888672,41.12479019165039,115.33490753173828,39.00576400756836,121.92817687988281,154.0770721435547,0.02982422927376254,0.9637536588562524,0.05442048085744659,0.0364210924871485,3.0,57.0,58.0,0.12171431067876334,0.004485284480624445,0.16909416019916534,0.08210528641939163,0.3492685953776042,0.602310362297299,10.285166171089378,0.7898230088495575,0.44574378423935945,4.0,2.75,1.4041050471230798,2.156862745098039,7.0,63.25,36368.328125,140.45753479003906,17.458431243896484,14.882050514221191,0.32059590208099725,0.6659780816603628,0.3492685953776042,id20,20260328_104048_HDR.jpg,moderate,moderate,no
28.549571990966797,3.9365811347961426,122.5701904296875,41.72509765625,112.23869323730469,38.287933349609375,121.86624908447266,154.7267608642578,0.035031120174090366,0.9582578789585013,0.0639447293534004,0.03451371874667113,3.0,56.0,60.0,0.1261546421560422,0.005402279609818453,0.1771841198205948,0.08231696486473083,0.3342336018880208,0.6168021211072033,10.000296416095589,0.7494692144373672,0.40716515400299524,3.0,2.25,1.4770120346496418,1.9722222222222223,8.0,53.3896484375,26143.625,116.5577621459961,15.428240776062012,13.638360023498535,0.3002602224826138,0.6489019236086424,0.3342336018880208,id20,20260328_104051_HDR.jpg,moderate,moderate,no
28.176084518432617,3.229912281036377,127.4047622680664,49.7523078918457,126.7777099609375,40.08348083496094,121.69631958007812,158.21214294433594,0.022903647098187783,0.9744087901650315,0.036783991192565486,0.03406404818184762,2.0,58.0,76.0,0.16722252803592053,0.003302787941585986,0.18248559534549713,0.09112923592329025,0.4712371826171875,0.6755617593124777,9.389815269660769,0.7917525773195876,0.5301331615120275,4.0,2.0,1.6892121752861904,3.0,8.0,68.267578125,17849.572265625,93.46118927001953,13.068160057067871,12.233051300048828,0.28216170708804195,0.7508996304220968,0.4712371826171875,id20,20260328_104056_HDR.jpg,moderate,moderate,no
28.169729232788086,3.423981189727783,133.9498291015625,52.217445373535156,129.4059600830078,39.802459716796875,121.49018859863281,160.19021606445312,0.026230006192384536,0.9706270665622919,0.027047868300833052,0.03423337111077358,2.0,57.0,82.0,0.1542254261645772,0.004451506618841207,0.1940188854932785,0.09611211717128754,0.4353281656901042,0.5951116758058045,9.922129514755214,0.772635814889336,0.46630302649228705,3.0,2.25,1.3519188596491227,2.0,9.0,60.07769097222222,17731.275390625,93.02532196044922,13.287443161010742,12.332111358642578,0.2707590928740843,0.655477694811411,0.4353281656901042,id20,20260328_104059_HDR.jpg,moderate,moderate,no
27.980073928833008,2.539017915725708,115.681396484375,45.07909393310547,129.57192993164062,41.933067321777344,121.85860443115234,156.15708923339844,0.016323694175376893,0.976556849285927,0.0284069152330842,0.044602969749400805,2.0,57.0,61.0,0.13663116393186878,0.002439335706485513,0.16159042716026306,0.08306968957185745,0.3586374918619792,0.5726265971008826,12.062120045320054,0.6328125,0.42375880111882713,6.0,4.25,1.3288480447661648,1.7916666666666667,10.0,66.677734375,28966.869140625,125.94684600830078,16.92835235595703,14.359623908996582,0.3255804058941158,0.5313724603605233,0.3586374918619792,id20,20260328_104113_HDR.jpg,moderate,moderate,no
27.797971725463867,2.4305260181427,119.66376495361328,44.062801361083984,131.6492156982422,42.08823776245117,121.72008514404297,157.4205322265625,0.014314320780311349,0.9793295006782508,0.022001162715586848,0.03878302435243201,2.0,58.0,60.0,0.13820812609004587,0.001123958400620115,0.1667681634426117,0.08403265476226807,0.3937021891276042,0.7406278234680875,8.774890166250604,0.7085308056872038,0.6334146998684398,4.0,2.25,1.3126625729362071,1.9285714285714286,9.0,43.634548611111114,29616.37109375,126.66107177734375,16.943323135375977,14.37508773803711,0.322162650991538,0.577369186588595,0.3937021891276042,id20,20260328_104115_HDR.jpg,moderate,moderate,no
27.553577423095703,2.251833915710449,121.90052795410156,44.93812942504883,134.92335510253906,45.05586624145508,121.8420639038086,158.1026611328125,0.008945025364944612,0.9874728232736308,0.025551299306346413,0.03346102080960762,1.0,66.0,62.0,0.1741484625737654,0.0006418883942437106,0.16809269785881042,0.08582952618598938,0.4912821451822917,0.6968962716042466,8.241472909288886,0.8629213483146068,0.5823618913857678,4.0,2.5,1.4565402280536468,3.111111111111111,5.0,78.20859375,25161.337890625,115.46499633789062,15.930386543273926,13.778924942016602,0.3133554198157159,0.6647717105534832,0.4912821451822917,id20,20260328_104117_HDR.jpg,moderate,moderate,no
28.03608512878418,3.032649278640747,130.50965881347656,44.40273666381836,132.04014587402344,45.9371337890625,121.25862884521484,159.97915649414062,0.017625612671125383,0.9776782480623898,0.03826930970374484,0.02343240698263998,2.0,67.0,61.0,0.18073496390371105,0.0030905183861699302,0.18770794570446014,0.09125109761953354,0.4213155110677083,0.7142598156013674,7.40683066154997,0.7139588100686499,0.6068253828551311,2.0,1.5,1.5334222752275795,2.033333333333333,7.0,49.02232142857143,30648.56640625,128.7108917236328,17.337156295776367,14.600761413574219,0.3194340488205326,0.569110271384404,0.4213155110677083,id20,20260328_104119.jpg,moderate,moderate,no
28.116363525390625,3.0828356742858887,133.9222412109375,44.461029052734375,134.98428344726562,46.21103286743164,120.96721649169922,161.5006561279297,0.019048364070169948,0.9778420980580056,0.045107855983415795,0.01961551248704359,2.0,70.0,63.0,0.20388985586607475,0.003119316292805038,0.19448457658290863,0.09305359423160553,0.5201517740885416,0.6793314687751014,8.717163995752728,0.75,0.535552978515625,3.0,2.0,1.2682704672422163,1.5180722891566265,5.0,93.3859375,25257.6875,113.84809875488281,15.530518531799316,13.904271125793457,0.3025443451391469,0.7053168083976468,0.5201517740885416,id20,20260328_104122.jpg,moderate,moderate,no
28.29457664489746,3.4350507259368896,133.48739624023438,44.657222747802734,138.67019653320312,45.72885513305664,120.6536865234375,162.2423553466797,0.02325344966219651,0.9732529875507168,0.0317008475124539,0.02297618277433248,2.0,69.0,64.0,0.2021090767936857,0.004094307710792152,0.19620293378829956,0.09557640552520752,0.5503285725911459,0.6976819707114912,9.595350719602068,0.75,0.5736923217773438,2.0,1.5,2.811965811965812,6.0,5.0,97.559375,23242.09375,106.98680877685547,14.830525398254395,13.682584762573242,0.27891200473202155,0.7372261779034511,0.5503285725911459,id20,20260328_104124.jpg,moderate,moderate,no
28.634824752807617,3.9379541873931885,114.00725555419922,43.379695892333984,130.95506286621094,38.868896484375,121.25039672851562,156.39503479003906,0.02372090359893492,0.9673604947461849,0.015561027285481147,0.04354797148337962,3.0,55.0,57.0,0.14004924556933032,0.006026856013971999,0.16467033326625824,0.08411981910467148,0.3552958170572917,0.6123895871748005,10.039235965689064,0.65625,0.44209507533482145,7.0,4.5,1.69102447457002,2.8125,7.0,72.53348214285714,20023.72265625,102.76917266845703,14.15513801574707,12.534597396850586,0.3000830303203825,0.6152694347067839,0.3552958170572917,id20,20260328_104130_HDR.jpg,moderate,moderate,no
28.488203048706055,3.1291980743408203,111.40804290771484,37.927066802978516,141.7075958251953,42.07787322998047,120.99482727050781,157.39317321777344,0.049963918345380935,0.9447644907594271,0.01663425433285632,0.04200149219046221,3.0,66.0,53.0,0.18471360951087953,0.0025807556354652088,0.15830202400684357,0.07657832652330399,0.4158477783203125,0.702852165666811,9.759586432728899,0.580168776371308,0.5231031837360951,4.0,3.25,1.6168614565030384,1.8252032520325203,12.0,48.3486328125,31745.802734375,129.36099243164062,16.244144439697266,14.237542152404785,0.3160263701855453,0.7046002964597194,0.4158477783203125,id20,20260328_104135.jpg,moderate,moderate,no
27.785627365112305,2.9682302474975586,129.938720703125,43.404388427734375,111.59402465820312,39.28744888305664,122.34820556640625,155.5511474609375,0.02015814678694732,0.9773598714460726,0.08373506435651441,0.025822156460312155,3.0,54.0,62.0,0.13038359346411468,0.0038820740457893815,0.18207216262817383,0.08391618728637695,0.3196868896484375,0.8019688630672879,7.483610967598533,0.5727272727272728,0.5907106782106782,1.0,1.0,1.7034603879610328,1.7661290322580645,10.0,31.603125,32220.923828125,128.68165588378906,16.21373748779297,14.535518646240234,0.3030881580831464,0.6309465251914834,0.3196868896484375,id20,20260328_104139_HDR.jpg,moderate,moderate,no
27.804241180419922,4.289496898651123,120.2718276977539,37.22633361816406,95.21422576904297,35.998291015625,123.36524963378906,150.4364776611328,0.03363256461848011,0.959681163906516,0.15988237114997678,0.029113140380746014,3.0,48.0,52.0,0.07305370685652376,0.008961461074137131,0.16108925640583038,0.06771622598171234,0.3286234537760417,0.7047798245880247,9.701186873834928,0.6272040302267002,0.5873165204900206,7.0,5.25,1.8203982870111473,3.2142857142857144,10.0,45.57421875,31854.490234375,130.88577270507812,16.434545516967773,14.089269638061523,0.31648351648351647,0.8005501381540635,0.3286234537760417,id20,20260328_104142_HDR.jpg,moderate,moderate,no
28.88797950744629,5.138208389282227,116.95574951171875,36.4049072265625,89.93366241455078,33.859622955322266,122.98722839355469,148.93455505371094,0.0761642492030858,0.9130467585868683,0.19235339608050248,0.030518512929814966,4.0,44.0,51.0,0.04706037686025237,0.014089820246336081,0.16606712341308594,0.07297967374324799,0.2696584065755208,0.7611804836450021,8.692272062303187,0.5913705583756346,0.6806115335177882,4.0,3.25,1.460932980464586,2.130434782608696,8.0,47.36083984375,28711.888671875,123.52328491210938,15.640549659729004,13.680900573730469,0.30337438934681327,0.6915140606250326,0.2696584065755208,id20,20260328_104145_HDR.jpg,moderate,moderate,no
29.313308715820312,5.544740676879883,113.55321502685547,35.08526611328125,87.69319152832031,33.212772369384766,122.92733764648438,148.1101837158203,0.09179513434590515,0.9002597796613383,0.21294347422113508,0.03265259684851243,4.0,44.0,48.0,0.038587708819235074,0.016345260443332007,0.1633465737104416,0.06980305910110474,0.2682342529296875,0.7740310559006212,9.204768571328671,0.6051948051948052,0.6946045370938074,7.0,4.5,1.3939139412932935,1.658008658008658,9.0,43.03862847222222,29487.203125,125.34861755371094,15.642698287963867,13.654393196105957,0.3058194436543603,0.705360725463446,0.2682342529296875,id20,20260328_104149_HDR.jpg,moderate,moderate,no
33.166812896728516,7.697703838348389,113.4708023071289,40.396705627441406,85.7492904663086,28.726404190063477,121.00043487548828,148.49264526367188,0.318134418729817,0.6747510764262648,0.1834970398277718,0.03868406889128095,6.0,36.0,54.0,0.013152583423035522,0.03865043057050592,0.19195273518562317,0.08261539787054062,0.3024088541666667,0.5057954739352478,14.162827883585388,0.9142857142857143,0.3951636904761905,4.0,3.0,1.3906984382016032,3.0,10.0,75.9453125,15024.6669921875,81.28781127929688,11.163297653198242,11.298046112060547,0.24206135629709366,0.9157220305569246,0.3024088541666667,id20,20260328_104158_HDR.jpg,moderate,moderate,no
33.65806198120117,7.637439250946045,108.61206817626953,38.24613952636719,84.61656951904297,27.861160278320312,121.01122283935547,147.4776611328125,0.35964240102171136,0.6350415070242657,0.196455938697318,0.04107598978288633,7.0,36.0,52.0,0.012851213282247765,0.03852171136653895,0.18557089567184448,0.07882832735776901,0.318603515625,0.4887145985139452,15.504727336480594,0.8629213483146068,0.3983819054307116,5.0,4.0,1.524241094703229,2.272727272727273,7.0,105.484375,15144.3876953125,79.55951690673828,10.950861930847168,11.332172393798828,0.23256704980842913,0.9054247430727201,0.318603515625,id20,20260328_104200_HDR.jpg,moderate,moderate,no
33.035091400146484,7.783179759979248,105.54705047607422,37.6234245300293,88.18196868896484,30.549320220947266,121.29833984375,147.54661560058594,0.3007497670841898,0.6946067050176721,0.17762233625648838,0.04750003697076352,7.0,39.0,53.0,0.019712811108975024,0.04426139808639328,0.17514148354530334,0.07696786522865295,0.3439381917317708,0.525153415043821,12.154492534426383,0.8609865470852018,0.4609550168161435,9.0,5.25,1.450906132013135,2.5,8.0,85.046875,15764.3037109375,81.03083038330078,11.263261795043945,11.866355895996094,0.2307862941985478,0.9210160719150096,0.3439381917317708,id20,20260328_104205_HDR.jpg,moderate,moderate,no
32.890262603759766,6.746313571929932,104.63970184326172,37.55898666381836,82.0152816772461,28.61533546447754,121.67709350585938,146.39532470703125,0.31675998375046366,0.6798311461221894,0.22542699189289436,0.05261670522987795,6.0,35.0,50.0,0.006923715491813413,0.03295829874419344,0.1738526076078415,0.07562727481126785,0.2879689534505208,0.5245099343032689,14.958871592780623,0.8992974238875878,0.4209357923497268,9.0,6.0,1.7225223339744602,3.2857142857142856,6.0,100.275390625,17018.484375,84.14540100097656,11.471837043762207,11.921228408813477,0.23219174452902838,0.8895470328530802,0.2879689534505208,id20,20260328_104208_HDR.jpg,moderate,moderate,no
31.86800765991211,8.258096694946289,108.44188690185547,39.2572135925293,86.00553131103516,31.094615936279297,122.09748077392578,147.53860473632812,0.21239375370626606,0.7796666007774923,0.20797917902088686,0.04627067272847071,6.0,39.0,54.0,0.014825064241945048,0.04683073071094419,0.16996754705905914,0.07581502944231033,0.30877685546875,0.524605731597604,12.697537725913781,0.8909512761020881,0.41222870746326373,8.0,5.75,1.5580614305267055,3.272727272727273,8.0,87.67626953125,17953.501953125,88.348388671875,11.834815979003906,12.00291919708252,0.24290044145746853,0.9110390779758689,0.30877685546875,id20,20260328_104211_HDR.jpg,moderate,moderate,no
31.509864807128906,6.911787033081055,112.41674041748047,41.8220100402832,89.68164825439453,31.86294937133789,121.76509857177734,148.94859313964844,0.19166352707469947,0.8033188341267938,0.17217522348186456,0.04289824297016817,6.0,41.0,59.0,0.03034558345035449,0.036373600027400074,0.17830687761306763,0.08049456775188446,0.2970072428385417,0.5037896340745046,13.37679751621217,0.8807339449541285,0.3831171158256881,5.0,3.75,1.4098255771349526,2.727272727272727,8.0,82.4912109375,19072.240234375,89.61780548095703,12.258845329284668,12.802056312561035,0.24406617118197074,0.8216868826161596,0.2970072428385417,id20,20260328_104214_HDR.jpg,moderate,moderate,no
29.599796295166016,5.142204284667969,106.80793762207031,44.36311340332031,128.00721740722656,40.00065994262695,120.87295532226562,153.5703582763672,0.10218346655593619,0.8893906363541991,0.015969410706252813,0.08846326862521195,5.0,58.0,60.0,0.0932212187272916,0.009619710024568325,0.16242806613445282,0.09164092689752579,0.293975830078125,0.5794535799931484,11.583740281512288,0.7204081632653061,0.3911487541192114,13.0,6.5,1.5881948257121494,2.5625,10.0,58.158203125,26453.998046875,114.06307983398438,16.10297966003418,14.460039138793945,0.2775182532267553,0.7194085211784768,0.293975830078125,id21,20260328_104226_HDR.jpg,moderate,moderate,yes
29.406173706054688,4.385952472686768,104.00434875488281,41.36349105834961,129.55239868164062,39.15353012084961,120.9679183959961,153.3379364013672,0.08336834523738071,0.9058429866154493,0.014134805833983554,0.07232459036072264,4.0,56.0,53.0,0.11663465578296621,0.007772642698517496,0.15550920367240906,0.08453702926635742,0.3389689127604167,0.5445072706479676,10.106737937073191,0.75,0.39110565185546875,8.0,4.25,1.6524591651220932,2.5,7.0,64.83816964285714,13672.7607421875,78.92620849609375,12.533686637878418,12.207983016967773,0.2400666226517016,0.7804935177486034,0.3389689127604167,id21,20260328_104229_HDR.jpg,moderate,moderate,yes
30.336732864379883,6.136390686035156,113.1565170288086,41.404544830322266,120.52339935302734,35.74090576171875,120.39166259765625,154.2423858642578,0.12208877837151473,0.8719856092270251,0.018051954923019947,0.055362150150785674,4.0,50.0,56.0,0.10547590074599228,0.012824718268874663,0.17715197801589966,0.08592365682125092,0.4806772867838542,0.6183067025176602,11.145372771808761,0.75,0.49883778889973956,3.0,2.5,1.4125280112044818,2.176470588235294,8.0,70.0595703125,5353.2421875,44.81475067138672,8.028157234191895,9.097482681274414,0.17370509496852019,0.8263888281639399,0.4806772867838542,id21,20260328_104233_HDR.jpg,moderate,moderate,yes
29.853763580322266,3.2447354793548584,112.5750961303711,38.53152084350586,120.79682159423828,38.391910552978516,120.5660171508789,153.97080993652344,0.11337350000834488,0.8827711667807133,0.008929018475557856,0.05142113256671729,4.0,59.0,55.0,0.1119048016422718,0.0015855266451925162,0.1750149130821228,0.08469957858324051,0.3047536214192708,0.622153072357831,9.432453736162774,0.7543859649122807,0.40531925744594044,5.0,3.25,1.378751725215287,2.25,9.0,53.802083333333336,8190.728515625,60.8283805847168,10.485705375671387,10.565350532531738,0.21531451841714372,0.4166139383530688,0.3047536214192708,id21,20260328_104236_HDR.jpg,moderate,moderate,yes
29.52208137512207,3.0952231884002686,119.61406707763672,43.61806869506836,118.93999481201172,36.93190002441406,120.75206756591797,155.20297241210938,0.07245061771480421,0.9238401021049167,0.010539540727298109,0.04713378336607205,3.0,55.0,60.0,0.07728664160575935,0.001844668906859177,0.1843070387840271,0.08869275450706482,0.5100962320963541,0.6083863305269686,11.89573926014562,0.7852760736196319,0.5537768404907976,4.0,2.0,1.2726782252693238,1.7241379310344827,7.0,85.12109375,7450.7373046875,55.33745574951172,9.399425506591797,10.422544479370117,0.1917358832972709,0.7680096184036207,0.5100962320963541,id21,20260328_104239_HDR.jpg,moderate,moderate,yes
29.488372802734375,2.905292510986328,124.04320526123047,48.48276901245117,120.08027648925781,34.086143493652344,120.58051300048828,156.66082763671875,0.06553144523936223,0.9308224442736357,0.009194111038845858,0.03875716904156566,3.0,49.0,65.0,0.07860817122923196,0.002227083702871558,0.19288727641105652,0.0974859818816185,0.516143798828125,0.7567552305390067,7.690042998547841,0.75,0.6134490966796875,4.0,2.25,1.492654466417585,2.2857142857142856,5.0,70.15390625,3653.0185546875,37.53369140625,7.025956153869629,8.044468879699707,0.16044857013342795,0.8262806054733619,0.516143798828125,id21,20260328_104242_HDR.jpg,moderate,moderate,yes
29.422250747680664,3.282862901687622,118.74365997314453,46.68111038208008,125.5033187866211,36.257118225097656,120.4430160522461,156.24044799804688,0.07152066305974444,0.9205364337515828,0.015805226200069068,0.05618740646943709,4.0,50.0,70.0,0.10918614020950847,0.0036261079774375505,0.18370333313941956,0.09601860493421555,0.4418436686197917,0.5954740137266202,12.639862203408972,0.8495575221238938,0.5238667265855457,6.0,4.25,1.6218908719777816,3.625,6.0,108.689453125,6861.11083984375,54.16389846801758,9.441326141357422,9.954805374145508,0.2016921837228042,0.7169384656014789,0.4418436686197917,id21,20260328_104246_HDR.jpg,moderate,moderate,yes
30.076494216918945,3.855497360229492,109.28913879394531,42.025413513183594,130.88243103027344,35.80624008178711,120.05783081054688,155.2342071533203,0.11804191224623445,0.8758752707672157,0.01542743438617702,0.054997229358722484,4.0,50.0,56.0,0.10777794569543096,0.012039695733212433,0.1701928824186325,0.08883098512887955,0.40386962890625,0.5420083326699042,11.619409267818597,0.772635814889336,0.4280788900067069,4.0,1.75,1.2551120448179274,1.2941176470588236,8.0,85.201171875,7249.98828125,55.05569076538086,9.300689697265625,9.985302925109863,0.19705556395143822,0.7635587352873298,0.40386962890625,id21,20260328_104249_HDR.jpg,moderate,moderate,yes
29.869281768798828,4.095059394836426,112.95252990722656,42.3962287902832,132.6455841064453,36.56571578979492,119.99531555175781,156.40562438964844,0.10166286752733805,0.8918768448585565,0.008214544575984537,0.05578957320083616,4.0,55.0,59.0,0.12676870069434962,0.0045379581289326345,0.1750262826681137,0.08722063153982162,0.4841969807942708,0.614143694585547,9.546975689056568,0.75,0.5230051676432291,5.0,2.75,1.6554137649789824,2.6,6.0,82.357421875,4752.08837890625,42.93635177612305,7.842484474182129,8.70956802368164,0.17066714287214932,0.7930505918909687,0.4841969807942708,id21,20260328_104252_HDR.jpg,moderate,moderate,yes
30.29827308654785,3.994605779647827,113.68738555908203,45.49556350708008,119.56891632080078,35.23737335205078,120.24588775634766,153.9064483642578,0.13021812711545694,0.8631601568796002,0.022605168430666737,0.05275882447751572,5.0,51.0,62.0,0.10988287755869554,0.01140332026003331,0.18130874633789062,0.09906954318284988,0.3786824544270833,0.7501420759808018,7.61264384186216,1.13946587537092,0.6069022007912958,2.0,1.25,1.297022716133545,1.8333333333333333,5.0,57.28984375,3446.44970703125,35.25253677368164,6.6331329345703125,7.4885640144348145,0.14094987374415732,0.7512663720207463,0.3786824544270833,id21,20260328_104257_HDR.jpg,moderate,moderate,yes
30.78649139404297,7.937429428100586,112.2935562133789,41.606380462646484,118.61006164550781,35.198265075683594,120.15901947021484,153.58889770507812,0.14868456188090484,0.8405579644723624,0.015729308393626896,0.050939053698358404,5.0,51.0,56.0,0.09231590859962108,0.0166321223757995,0.17909951508045197,0.09052406996488571,0.3999989827473958,0.6687146519103226,10.308290023866627,0.9014084507042254,0.5023413047730829,4.0,2.75,1.530417996425451,4.684210526315789,6.0,80.55338541666667,3321.044189453125,34.353267669677734,6.57907247543335,7.387190818786621,0.14049565759190266,0.7597329829781478,0.3999989827473958,id21,20260328_104300_HDR.jpg,moderate,moderate,yes
30.338441848754883,5.169716835021973,109.30355834960938,44.75468444824219,126.02135467529297,38.61454391479492,120.26421356201172,153.93678283691406,0.1468353355690453,0.8446746190092117,0.02180526665817662,0.06779301269261791,6.0,58.0,59.0,0.119171937569866,0.01917335257743629,0.1722114235162735,0.09641823172569275,0.3594512939453125,0.6629329596265621,9.548884894110925,0.9846153846153847,0.4390625,8.0,5.0,1.350665223188156,2.081967213114754,4.0,74.2568359375,10558.982421875,67.84927368164062,11.126643180847168,11.244427680969238,0.21336899152410466,0.783666001330672,0.3594512939453125,id21,20260328_104333_HDR.jpg,moderate,moderate,yes
30.45688247680664,6.638942718505859,116.54468536376953,51.11955261230469,124.06736755371094,36.99493408203125,119.92549896240234,155.1793670654297,0.14124143343657589,0.8472103485487646,0.02602553501604698,0.06764957324849691,6.0,56.0,69.0,0.126189508499993,0.015696607010216808,0.1895059496164322,0.11406225711107254,0.3629201253255208,0.6887909007412953,10.441195635734886,0.9014084507042254,0.48365977112676056,4.0,2.5,1.396244967539038,2.125,7.0,47.609933035714285,6269.0751953125,51.01164627075195,8.862346649169922,9.480342864990234,0.1877426317043432,0.834811400224635,0.3629201253255208,id21,20260328_104336_HDR.jpg,moderate,moderate,yes
29.393817901611328,3.505448818206787,114.3498306274414,42.43947982788086,132.44070434570312,33.416465759277344,120.31109619140625,156.96273803710938,0.05840594535303615,0.9357152540701759,0.009194099015270091,0.053426835430557436,4.0,49.0,61.0,0.11513575469256461,0.0035371399696816574,0.17354150116443634,0.08626548200845718,0.4126942952473958,0.597618740895623,10.33846923439911,0.8690476190476191,0.39339530332681016,4.0,3.25,1.4602060949996485,2.3,4.0,91.9189453125,5366.6884765625,48.1983757019043,8.791259765625,8.87228775024414,0.1974882608856407,0.7009546023929852,0.4126942952473958,id21,20260328_104340_HDR.jpg,moderate,moderate,yes
29.936214447021484,3.8059561252593994,109.50585174560547,40.98619079589844,130.90029907226562,35.697662353515625,120.13748168945312,155.22726440429688,0.10926428621145681,0.8840815758335073,0.0106076425140948,0.0610426672234983,4.0,52.0,58.0,0.1179787011902276,0.009744553490638267,0.16965962946414948,0.08633649349212646,0.3653717041015625,0.5223100170882232,14.183291428573666,0.8050314465408805,0.40382872554157934,4.0,2.75,1.4224719821582872,2.12,7.0,89.6796875,10713.123046875,69.4691162109375,11.095816612243652,11.089030265808105,0.2299157792162595,0.7177972960820168,0.3653717041015625,id21,20260328_104344_HDR.jpg,moderate,moderate,yes
27.335630416870117,2.2811458110809326,168.3280487060547,43.4887580871582,119.89596557617188,38.40938949584961,121.87149047851562,165.4272003173828,0.0013685143250959928,0.9967017820222507,0.03337599684946342,0.0075415969282268385,2.0,52.0,60.0,0.09403367135965345,0.00015752682878802796,0.24499697983264923,0.08962565660476685,0.5166117350260416,0.7133950239042307,8.0073678840387,0.8421052631578947,0.5884274488304093,2.0,1.75,1.2185110458876933,1.3770491803278688,8.0,49.28466796875,15696.44921875,88.26659393310547,11.935335159301758,11.208742141723633,0.27970857536674215,0.767289896128423,0.5166117350260416,id22,20260328_104618_HDR.jpg,moderate,moderate,yes
27.442455291748047,2.2604548931121826,166.06695556640625,47.43855285644531,113.70894622802734,38.05837631225586,122.12800598144531,163.246826171875,0.006771131437704511,0.9912202075616368,0.041955096707307855,0.015982893983736327,3.0,50.0,65.0,0.0707675028888001,0.0007343491830365339,0.24332505464553833,0.09546663612127304,0.4709828694661458,0.6822111670954072,7.9360544874315915,0.8050314465408805,0.5255694226065688,1.0,1.0,1.228515625,1.2369791666666667,9.0,53.28428819444444,12266.2119140625,73.01515197753906,10.428546905517578,10.790151596069336,0.24098532381559196,0.6969405035186091,0.4709828694661458,id22,20260328_104619_HDR.jpg,moderate,moderate,yes
27.927217483520508,5.479867458343506,162.69418334960938,48.012657165527344,115.82169342041016,39.12250518798828,121.70471954345703,162.77911376953125,0.016352323127933513,0.9773392757180381,0.04458941566550403,0.015857124402531973,3.0,56.0,70.0,0.0846251560952504,0.0028743056452654697,0.2426045686006546,0.10309694707393646,0.47247314453125,0.8168042207764667,5.519978766956057,1.0158730158730158,0.6634114583333334,1.0,1.0,1.0344347861890721,1.0463215258855585,8.0,34.8876953125,16743.994140625,88.78904724121094,12.57348346710205,12.045615196228027,0.2649205529001421,0.7048807138954654,0.47247314453125,id22,20260328_104623_HDR.jpg,moderate,moderate,yes
28.291738510131836,5.906059265136719,160.9568634033203,46.877349853515625,110.43304443359375,37.21237564086914,121.64385986328125,161.4289093017578,0.03040924285204297,0.9633920747736345,0.04639816527656076,0.015393935460141282,3.0,51.0,67.0,0.06734170642261383,0.007031664124449637,0.2421068251132965,0.10081711411476135,0.4701690673828125,0.7978561072622675,6.373933269279284,0.9974025974025974,0.638379329004329,1.0,1.0,1.0557546249125829,1.136094674556213,6.0,51.634114583333336,15104.39453125,85.2033462524414,12.17408275604248,11.451248168945312,0.2694425513041033,0.7221458369138947,0.4701690673828125,id22,20260328_104625_HDR.jpg,moderate,moderate,yes
28.099632263183594,3.8181402683258057,158.35169982910156,45.08705520629883,103.1296157836914,35.000484466552734,122.02609252929688,159.38180541992188,0.03244205331499535,0.962966708466486,0.07821285546701186,0.010810646818494397,3.0,48.0,63.0,0.05723878483880102,0.0037518708790097487,0.235218808054924,0.09425342082977295,0.5029500325520834,0.7880594632800565,7.673326291968008,0.9552238805970149,0.6717098103233831,3.0,2.0,1.6304866861070553,2.578125,5.0,72.44921875,11436.955078125,73.22970581054688,10.782088279724121,10.426273345947266,0.2521034747785284,0.8817434415850766,0.5029500325520834,id22,20260328_104628_HDR.jpg,moderate,moderate,yes
27.628252029418945,3.795292615890503,156.67776489257812,46.80808639526367,121.53256225585938,38.72306442260742,121.6725845336914,163.02542114257812,0.01119786414666705,0.9845381121130926,0.03311340958637049,0.015836430512739252,2.0,56.0,68.0,0.09760196682896848,0.001526981474545507,0.2282843291759491,0.09625395387411118,0.5296173095703125,0.837526079203074,6.6411685796670685,0.9974025974025974,0.7290652056277056,2.0,1.25,1.1782216071682405,1.8461538461538463,8.0,49.3701171875,13841.8955078125,80.40740966796875,11.908342361450195,11.381601333618164,0.2583767898815869,0.755879961671361,0.5296173095703125,id22,20260328_104631_HDR.jpg,moderate,moderate,yes
27.731718063354492,4.472994327545166,163.66102600097656,47.234825134277344,120.46910858154297,38.49342346191406,121.56219482421875,164.2306365966797,0.008867449366864115,0.9884841390888991,0.03529244848011918,0.013289350784473688,3.0,56.0,69.0,0.08419347592191916,0.001359675569585831,0.24283264577388763,0.0991825982928276,0.4301910400390625,0.8361024952091195,6.860379996983154,0.6238738738738738,0.6882134842423651,2.0,1.25,1.5278025915724576,1.6139705882352942,7.0,46.768973214285715,12929.431640625,74.52547454833984,11.029687881469727,11.156265258789062,0.24256612161411226,0.565469703756694,0.4301910400390625,id22,20260328_104636_HDR.jpg,moderate,moderate,yes
27.62026023864746,3.548032760620117,159.29103088378906,40.428321838378906,135.90489196777344,39.14218521118164,120.91253662109375,167.98011779785156,0.0024525525412217486,0.9946232501980908,0.02409161227030902,0.016215145455231485,3.0,55.0,52.0,0.10115835943100782,0.0010753499603818435,0.23177087306976318,0.08562034368515015,0.5392049153645834,0.692971710570275,6.768154345662255,0.75,0.5538736979166666,2.0,1.75,1.1882138631314594,1.3970588235294117,5.0,74.19140625,9266.4853515625,58.9111213684082,8.993227005004883,9.989032745361328,0.2032788740897257,0.6945412615634582,0.5392049153645834,id22,20260328_104639_HDR.jpg,moderate,moderate,yes
27.354524612426758,2.1024255752563477,163.0867919921875,47.155826568603516,119.79237365722656,36.48929977416992,121.8536148071289,164.35057067871094,0.0032844010974706107,0.9945627140368093,0.027817275148699257,0.011485390423167045,2.0,50.0,68.0,0.06775078605331143,8.01073438407466e-05,0.23723658919334412,0.09590116888284683,0.5079447428385416,0.8008752735229759,7.020233016977339,0.8787185354691075,0.632508581235698,2.0,1.5,1.6801463031477566,4.454545454545454,8.0,45.09619140625,6602.28857421875,50.17243194580078,8.306600570678711,9.113866806030273,0.19084573328259868,0.7060911372715382,0.5079447428385416,id22,20260328_104643_HDR.jpg,moderate,moderate,yes
27.245058059692383,2.8896751403808594,166.05709838867188,43.6852912902832,116.23997497558594,37.22951126098633,122.07440948486328,164.02471923828125,0.004725179230936346,0.9920486639148381,0.03346730393221812,0.0063111014555724525,2.0,49.0,62.0,0.06861829241798827,0.000325874429719748,0.23951412737369537,0.09186185151338577,0.4682413736979167,0.7522151424287856,6.819760605346185,0.8930232558139535,0.6077125726744186,1.0,1.0,1.0865885416666667,1.1145833333333333,4.0,76.1484375,6910.81103515625,53.72365951538086,8.535835266113281,8.863484382629395,0.21963936563111014,0.6684965725572208,0.4682413736979167,id22,20260328_104647_HDR.jpg,moderate,moderate,yes
27.517654418945312,2.4408011436462402,156.88449096679688,42.91290283203125,117.85383605957031,39.99871063232422,121.79629516601562,162.7723388671875,0.011206388688878707,0.9838188125940956,0.030202264842573805,0.00840479151665903,3.0,58.0,61.0,0.06260391438109576,0.0005105714472736794,0.22624364495277405,0.08844061940908432,0.3885142008463542,0.6307629457258779,10.163738625132904,0.8774038461538461,0.5185952318229715,2.0,2.0,2.130599336054914,4.222222222222222,5.0,85.525,8973.67578125,62.61459732055664,9.586908340454102,9.549759864807129,0.2302677227204294,0.6298131627116967,0.3885142008463542,id22,20260328_104652_HDR.jpg,moderate,moderate,yes
27.664087295532227,2.104686737060547,154.23007202148438,35.41527557373047,143.44610595703125,36.748077392578125,120.37407684326172,169.1636505126953,0.003761867237044542,0.9944557019025104,0.01440954632443994,0.006219745581447709,1.0,51.0,45.0,0.14556831400803033,0.00032834252692408723,0.22169756889343262,0.07312329113483429,0.54217529296875,0.751972303020451,6.5021143466831015,0.75,0.5529200236002604,2.0,1.25,1.3284332482993197,1.5510204081632653,4.0,86.708984375,8307.4833984375,62.64668655395508,9.381393432617188,8.824524879455566,0.2701883747983039,0.6947487795817012,0.54217529296875,id22,20260328_104655_HDR.jpg,moderate,moderate,yes
27.555727005004883,3.222651481628418,151.50733947753906,39.85953140258789,120.62799072265625,39.863243103027344,121.82815551757812,162.62969970703125,0.010553437349538694,0.9862193709578774,0.040417973375668534,0.010696578916548466,2.0,62.0,55.0,0.11421395760407042,0.004502452925943758,0.21393145620822906,0.07853647321462631,0.3908640543619792,0.6657814630768776,7.874097691157284,0.69140625,0.4350254899364407,2.0,1.75,1.347853582229978,1.4545454545454546,5.0,74.184375,2318.259521484375,31.506656646728516,5.980259418487549,5.932520866394043,0.13530781943341966,0.6126439988838841,0.3908640543619792,id22,20260328_104659_HDR.jpg,moderate,moderate,unknown
26.94561195373535,4.28075647354126,144.43984985351562,41.80973815917969,138.7891845703125,36.219581604003906,122.20193481445312,164.4011688232422,0.014070563193782717,0.984568168599255,0.010296137710841882,0.015716460207655276,1.0,54.0,58.0,0.1452101921863205,0.008959619834915292,0.19149823486804962,0.07592203468084335,0.4110056559244792,0.6541052889474168,7.750465868028734,0.920863309352518,0.5335356714628298,1.0,1.0,1.0709635416666667,1.0807291666666667,6.0,69.99544270833333,5018.9716796875,45.718563079833984,7.865927219390869,7.915741920471191,0.19427772346455133,0.5632405832659548,0.4110056559244792,id22,20260328_104702_HDR.jpg,moderate,moderate,yes
27.280471801757812,3.151538372039795,146.91664123535156,35.02353286743164,132.3787841796875,35.29670715332031,121.81106567382812,164.36558532714844,0.01838991882164406,0.9811459546557144,0.008240435052936694,0.00859071922096801,2.0,54.0,46.0,0.14883574299650593,0.0039144255777499495,0.2007961869239807,0.06874386966228485,0.5808156331380209,0.8366004155560686,5.99706567466897,0.9035294117647059,0.7327481617647059,3.0,1.75,1.150034013605442,1.4285714285714286,5.0,61.2890625,1862.971435546875,27.557661056518555,5.0829033851623535,5.4135050773620605,0.11907034581804489,0.7989379490803254,0.5808156331380209,id22,20260328_104712_HDR.jpg,moderate,moderate,yes
30.609281539916992,5.698055267333984,124.84519958496094,46.06890106201172,142.75233459472656,36.53264617919922,118.16580200195312,161.3992919921875,0.2355572242446008,0.7497184087236162,0.007215266328212997,0.04652377609820598,7.0,54.0,72.0,0.1725460748624692,0.025841100899459672,0.20091938972473145,0.10872027277946472,0.3115793863932292,0.7701275918803187,7.911605568940523,0.7480719794344473,0.6243871412291628,5.0,3.0,1.4788821568224064,1.8846153846153846,8.0,38.9091796875,10067.0380859375,67.8806381225586,9.877927780151367,9.621330261230469,0.2298601021890661,0.9277449644101167,0.3115793863932292,id23,20260328_105132.jpg,moderate,moderate,no
30.903554916381836,5.668405055999756,123.03529357910156,45.701847076416016,137.03672790527344,36.43406677246094,118.30064392089844,159.8314666748047,0.2635871607907991,0.7251747726076825,0.009396376757122453,0.06408328948357514,8.0,57.0,65.0,0.13884086296324138,0.02007066075321356,0.20134671032428741,0.11180806159973145,0.13532511393229166,0.5757269279393173,11.174762902182998,0.9693877551020408,0.35327604726100964,6.0,4.75,1.221685534842085,1.6428571428571428,8.0,48.84228515625,11956.6513671875,75.91971588134766,11.257122039794922,10.318821907043457,0.23791625949034054,0.4234399121480751,0.13532511393229166,id23,20260328_105134.jpg,moderate,moderate,no
30.623525619506836,5.176138401031494,124.7059097290039,45.3242073059082,134.8211669921875,36.40626525878906,118.45130920410156,159.54270935058594,0.25324968066721765,0.733338342475017,0.005672852956645879,0.053347358930047335,8.0,56.0,62.0,0.12773311293109926,0.027124502216545197,0.2056266963481903,0.11587165296077728,0.13538614908854166,0.5389941581410262,10.14159114175579,1.2301587301587302,0.34427803379416283,5.0,3.0,1.3719012806162219,2.75,8.0,47.54150390625,11702.103515625,75.51483917236328,10.74400806427002,9.902788162231445,0.2555413629874521,0.3864906854844564,0.13538614908854166,id23,20260328_105137.jpg,moderate,moderate,no
30.51875877380371,5.20304012298584,129.56394958496094,45.39301300048828,127.26836395263672,35.95991516113281,118.63522338867188,159.02330017089844,0.2618264411027569,0.7273261278195489,0.0057174185463659145,0.033638784461152885,8.0,52.0,67.0,0.0950031328320802,0.017778822055137845,0.21605223417282104,0.12593254446983337,0.1298828125,0.7583812428838503,7.098155963910727,1.7041420118343196,0.5542406311637081,2.0,1.75,1.65864845185931,2.5,7.0,31.717633928571427,11986.40234375,75.67324829101562,10.535283088684082,9.962642669677734,0.2474154135338346,0.35126621456181134,0.1298828125,id23,20260328_105140.jpg,moderate,moderate,no
30.34077262878418,6.664978981018066,125.9021224975586,46.6788330078125,134.5818328857422,38.767051696777344,119.01764678955078,159.3436737060547,0.22068610508511968,0.758649851086517,0.004743170202595875,0.04379159466117587,7.0,60.0,71.0,0.15442879729381917,0.02673088943633489,0.2027420997619629,0.1206621378660202,0.13833109537760416,0.6175344725488537,9.248202308252377,1.331896551724138,0.40731363687088495,2.0,1.75,1.325458706192061,1.4736842105263157,7.0,47.125558035714285,11754.5859375,73.6226806640625,10.551090240478516,10.067577362060547,0.23826157296760672,0.3851229838995171,0.13833109537760416,id23,20260328_105141.jpg,moderate,moderate,no
29.925661087036133,5.347086429595947,130.59544372558594,46.2720832824707,130.46792602539062,35.132667541503906,119.07825469970703,160.02210998535156,0.18515809851580986,0.800129060012906,0.005807700580770058,0.05278554527855453,6.0,54.0,63.0,0.10673263067326307,0.016734781673478166,0.21026602387428284,0.11675131320953369,0.11823018391927083,0.6826884357725959,7.624284118781929,1.4950980392156863,0.44959016393442625,4.0,3.0,1.6397416407299839,3.8333333333333335,6.0,37.705078125,11236.88671875,71.35771179199219,10.289912223815918,9.884353637695312,0.22658636265863627,0.3813906937061101,0.11823018391927083,id23,20260328_105144.jpg,moderate,moderate,no
29.88246726989746,4.6171488761901855,130.62667846679688,46.91570281982422,130.71604919433594,35.39328384399414,119.08387756347656,160.1576385498047,0.1937535147294199,0.7937016048795259,0.006099407362547043,0.06211878703984081,6.0,55.0,62.0,0.10658822511571571,0.01012242072933339,0.21024715900421143,0.11436326801776886,0.11757914225260417,0.5548834308175731,13.366622650768509,1.4642857142857142,0.4190873213396857,4.0,2.5,1.5597609672570785,2.272727272727273,8.0,51.4423828125,11630.3310546875,73.24540710449219,10.800665855407715,10.133322715759277,0.22390448587619502,0.3937221105698811,0.11757914225260417,id23,20260328_105146.jpg,moderate,moderate,no
30.776657104492188,6.096026420593262,128.82492065429688,46.7578239440918,133.82749938964844,35.435516357421875,118.30770874023438,160.61648559570312,0.22654205607476635,0.7586292834890965,0.006687435098650052,0.06371754932502596,7.0,57.0,63.0,0.12847352024922118,0.0194392523364486,0.21287736296653748,0.11462744325399399,0.1224517822265625,0.544146160408611,12.258823029743727,1.1570247933884297,0.3624040731995277,4.0,3.0,1.5492669916764956,2.4375,8.0,37.88330078125,10741.3359375,69.96660614013672,10.257071495056152,9.848257064819336,0.22674974039460022,0.3721250154569061,0.1224517822265625,id23,20260328_105148.jpg,moderate,moderate,no
31.643531799316406,6.072627067565918,117.5928955078125,43.81256866455078,138.31973266601562,42.17365646362305,118.10735321044922,158.7238006591797,0.27817734817597384,0.7123093132988226,0.023378685846045782,0.026066242154931512,8.0,63.0,60.0,0.18492219829889903,0.05846961992456518,0.19294743239879608,0.09859200567007065,0.3330841064453125,0.584608884211869,10.459497559017821,0.74609375,0.374933532395288,10.0,5.75,1.4010887057751769,2.0952380952380953,9.0,56.799479166666664,12392.2744140625,76.3334732055664,11.139203071594238,10.441728591918945,0.24310168430375495,0.6415702487435463,0.3330841064453125,id23,20260328_105158.jpg,moderate,moderate,no
31.826557159423828,6.255700588226318,118.07276916503906,45.98767852783203,132.41993713378906,41.024478912353516,118.24002838134766,157.88235473632812,0.2717522492868115,0.7164115646258503,0.027814351547070442,0.03652348035988589,7.0,62.0,66.0,0.17349681808207154,0.05525839368005266,0.19653573632240295,0.10275427997112274,0.370849609375,0.5726665016093092,12.34165933193263,0.68359375,0.43239676339285715,5.0,3.0,1.5510468003731726,2.5,8.0,83.6630859375,12218.3896484375,77.23921966552734,11.41640567779541,10.593456268310547,0.2546220100943603,0.6822111605973278,0.370849609375,id23,20260328_105200.jpg,moderate,moderate,no
32.250301361083984,5.924534797668457,118.54792785644531,47.66568374633789,133.4196014404297,40.2544059753418,117.98796844482422,158.45779418945312,0.28769471441885236,0.701304753028891,0.014395553188656637,0.04896152309945413,7.0,62.0,73.0,0.17773931567035015,0.04346957795233657,0.20061719417572021,0.09985724836587906,0.3056233723958333,0.6177411050005841,10.527698562983732,0.591796875,0.460138201320132,4.0,2.25,1.5626204406693782,2.8181818181818183,6.0,75.818359375,12891.5986328125,78.0064926147461,11.497320175170898,10.8047456741333,0.23557116229530023,0.6344888757483923,0.3056233723958333,id23,20260328_105204.jpg,moderate,moderate,no
32.793941497802734,6.1548051834106445,119.47924041748047,49.774837493896484,130.7386932373047,39.97888946533203,117.92212677001953,158.0021209716797,0.33094395829454476,0.6614845156085148,0.015251660150189288,0.06203065847452368,7.0,60.0,77.0,0.16070874449202507,0.04020045925650096,0.20542505383491516,0.10029490292072296,0.32781982421875,0.548490851882065,12.239732209883487,0.7933884297520661,0.37985860020661155,8.0,4.25,1.3896372398948822,2.217391304347826,10.0,65.040625,12455.6396484375,76.28619384765625,11.578508377075195,11.11833381652832,0.24045801526717558,0.628787730971103,0.32781982421875,id23,20260328_105205.jpg,moderate,moderate,no
33.322044372558594,6.82010555267334,116.39275360107422,49.45085525512695,131.340087890625,40.623226165771484,117.88777160644531,157.4317626953125,0.3621422576016029,0.6290580239893862,0.019088619933392902,0.0648606936885712,7.0,63.0,74.0,0.17336799068583653,0.0556006823166274,0.20154672861099243,0.09757519513368607,0.375701904296875,0.5647883103059864,12.929656871057983,0.7820773930753564,0.43481097250509165,10.0,6.75,1.4448089140810354,2.4444444444444446,8.0,77.1845703125,12010.34765625,75.21165466308594,11.510722160339355,10.861223220825195,0.24414480275092734,0.7176960970064419,0.375701904296875,id23,20260328_105207.jpg,moderate,moderate,no
31.327411651611328,6.015329360961914,123.9080581665039,45.41796875,139.01316833496094,43.7741584777832,117.5538330078125,159.98878479003906,0.29128474956851047,0.694237310856779,0.018533103205590092,0.02501801364009585,8.0,68.0,67.0,0.19205053873351544,0.045494914288586895,0.20643799006938934,0.11415505409240723,0.3035329182942708,0.664627252346834,9.19628627212465,1.2089041095890412,0.4990152896891614,6.0,4.75,1.4348678689203114,3.0833333333333335,10.0,40.376953125,11060.5849609375,72.26834106445312,10.90810489654541,10.213955879211426,0.24473415218593428,0.5359070377255134,0.3035329182942708,id23,20260328_105213.jpg,moderate,moderate,no
31.433887481689453,6.169654369354248,119.47504425048828,44.91268539428711,142.32940673828125,43.60087203979492,117.85652923583984,159.38706970214844,0.28232992827646164,0.7020348837209303,0.018039556618126493,0.03231634427298413,8.0,66.0,65.0,0.19006737665724843,0.05636003042816779,0.19683122634887695,0.10631434619426727,0.3744303385416667,0.6731783268795546,10.346707085502121,1.271523178807947,0.5014443639624724,6.0,5.0,1.4780441500535157,2.25974025974026,10.0,55.230859375,10805.359375,70.41401672363281,10.348836898803711,10.118023872375488,0.23520702021299716,0.680011454224669,0.3744303385416667,id23,20260328_105215.jpg,moderate,moderate,no
30.935922622680664,5.488400936126709,114.85077667236328,42.58990478515625,143.28463745117188,43.79020309448242,118.54426574707031,158.67098999023438,0.24067338378137323,0.7493903033850356,0.016973953760608722,0.02656186852850593,7.0,67.0,61.0,0.19579971291999387,0.045277812617584345,0.1825341135263443,0.0936545729637146,0.3649749755859375,0.5257051995094264,13.111163093910191,0.6953125,0.40448889571629215,3.0,3.0,1.8311039205507882,2.5555555555555554,10.0,67.679296875,11270.55859375,72.99474334716797,10.705394744873047,10.214890480041504,0.24694454896386414,0.6864333818014846,0.3649749755859375,id23,20260328_105225_HDR.jpg,moderate,moderate,no
30.66936492919922,5.472965240478516,119.37500762939453,44.83636474609375,142.5053253173828,44.19710159301758,118.49018096923828,159.38958740234375,0.23827763019707174,0.7500092666954964,0.01609933897572126,0.023747451658738494,7.0,69.0,65.0,0.1982702168406746,0.04218199789954902,0.19064268469810486,0.10345591604709625,0.4116566975911458,0.7362686438671631,7.711810077753003,1.1888544891640866,0.5516197432920537,6.0,4.5,1.62919665079357,2.861111111111111,8.0,52.64013671875,10828.7021484375,70.83026885986328,10.42326545715332,10.181679725646973,0.23605362327793908,0.7211979718952443,0.4116566975911458,id23,20260328_105228_HDR.jpg,moderate,moderate,no
30.8382568359375,5.503280162811279,122.31450653076172,45.9566535949707,137.43035888671875,43.70606231689453,118.38239288330078,159.3732147216797,0.24410800208403569,0.7449048392534249,0.02033467161114346,0.029620889392871372,7.0,69.0,67.0,0.18929479910509056,0.04534309969658892,0.197737917304039,0.1054329052567482,0.3319193522135417,0.5075508888830262,14.47533664818215,0.8293736501079914,0.37872907667386607,8.0,4.75,1.5916183489183606,4.285714285714286,9.0,81.43793402777777,12342.0341796875,77.63385009765625,11.545557975769043,10.527403831481934,0.2598608599711913,0.5703822184929771,0.3319193522135417,id23,20260328_105231_HDR.jpg,moderate,moderate,no
31.530458450317383,6.16843843460083,123.31777954101562,46.522735595703125,135.1141815185547,42.179176330566406,117.86502075195312,159.2894287109375,0.2728505129457743,0.7136785539814362,0.022239863214460184,0.028993649242794333,8.0,66.0,67.0,0.19103566194430874,0.05426233512457255,0.20492815971374512,0.1084558293223381,0.4164632161458333,0.5704784962008504,12.025293999830222,0.70703125,0.4773906897444751,9.0,3.75,1.4151703402761089,2.3333333333333335,8.0,98.3701171875,10536.64453125,70.08102416992188,10.503358840942383,10.128896713256836,0.23313385442110404,0.6877262533701778,0.4164632161458333,id23,20260328_105235_HDR.jpg,moderate,moderate,no
31.55075454711914,6.122758388519287,127.79348754882812,48.966129302978516,134.73764038085938,40.97057342529297,117.73207092285156,160.2527618408203,0.27703099062667713,0.7096391707542342,0.02024438037468329,0.029904769036831792,8.0,63.0,74.0,0.19368205589046567,0.05575317332534541,0.21442675590515137,0.11167387664318085,0.4075164794921875,0.6282468299455212,11.830814727925487,0.748046875,0.44076370757180156,6.0,3.25,1.57949453314101,3.5,13.0,56.34224759615385,11557.5244140625,73.34339141845703,10.808801651000977,10.426487922668457,0.23650478651040302,0.6779114630926998,0.4075164794921875,id23,20260328_105237.jpg,moderate,moderate,no
32.080997467041016,5.892039775848389,125.44502258300781,50.8723030090332,125.83592224121094,38.974037170410156,118.16912078857422,158.49693298339844,0.27672487367408594,0.7135483696167549,0.031523903707817984,0.0460733977268109,7.0,62.0,82.0,0.17383529539266024,0.0432556186244361,0.2151547521352768,0.10833854228258133,0.3754526774088542,0.5555930522458987,12.579048937083341,0.75,0.4103139241536458,9.0,5.0,1.450310375592379,3.107142857142857,8.0,64.0791015625,9847.9345703125,67.5981674194336,10.425430297851562,10.166741371154785,0.22708861102456074,0.6373424279053704,0.3754526774088542,id23,20260328_105241.jpg,moderate,moderate,no
31.208059310913086,4.725091457366943,134.69906616210938,46.36470031738281,153.11074829101562,40.83959197998047,116.28687286376953,166.60467529296875,0.22506659736209472,0.768695991163667,0.010476902085634461,0.014229094925605874,6.0,63.0,75.0,0.21949515950880386,0.02027158729127412,0.22730010747909546,0.1039186343550682,0.3131306966145833,0.7790908235736795,7.467151666844725,0.8272980501392758,0.6214137662605629,2.0,1.25,1.4191703053445506,2.2,8.0,38.5126953125,7606.06884765625,55.794132232666016,8.842748641967773,9.206493377685547,0.18114482489766748,0.5841208395005503,0.3131306966145833,id23,20260328_105245.jpg,moderate,moderate,no
31.034839630126953,5.766592502593994,116.12913513183594,41.526485443115234,139.7024688720703,39.46720504760742,118.47728729248047,158.85252380371094,0.2769173002909978,0.7066285821566024,0.01332957852248193,0.03677032626624291,8.0,60.0,63.0,0.17728071234125867,0.03234501347708895,0.18579623103141785,0.09539472311735153,0.3792877197265625,0.8079463684445487,7.185508154335187,0.6773255813953488,0.666103154007386,8.0,5.75,1.526083484321056,2.5555555555555554,7.0,35.995535714285715,13628.654296875,82.75409698486328,11.640490531921387,10.483560562133789,0.26393638277614623,0.9468371467025573,0.3792877197265625,id23,20260328_105307.jpg,moderate,moderate,no
30.58673095703125,5.46028470993042,116.93228149414062,42.538265228271484,140.23777770996094,38.99208068847656,118.57102966308594,158.97232055664062,0.2624221086280807,0.7189576182549386,0.011181002607427486,0.04332454370019003,8.0,61.0,64.0,0.20097815358779075,0.028961595686696227,0.18591740727424622,0.10139276832342148,0.3452707926432292,0.7729619996193619,8.232734997794953,0.7300275482093664,0.6333073444565726,5.0,3.75,1.8284783528362467,3.727272727272727,8.0,36.13330078125,10743.826171875,72.48068237304688,10.491050720214844,9.747969627380371,0.2489135718810306,0.9574201009844574,0.3452707926432292,id23,20260328_105310.jpg,moderate,moderate,no
28.33477783203125,3.2178761959075928,133.5685577392578,36.890655517578125,128.4170684814453,39.24564743041992,120.7370376586914,160.26039123535156,0.042929823823739645,0.9441197494008325,0.03674893831728546,0.007147962830593281,2.0,62.0,55.0,0.21708783584913594,0.01059580372535004,0.19285760819911957,0.07542742788791656,0.12096659342447917,0.6452498542900089,8.403724789393017,0.919831223628692,0.4071246080594588,4.0,2.5,2.1285109969892257,4.071428571428571,6.0,32.884765625,3128.641357421875,34.080814361572266,6.238826274871826,7.11667013168335,0.1416978514064668,0.43231599803682763,0.12096659342447917,id23,20260328_105415.jpg,moderate,moderate,no
29.916765213012695,4.7256669998168945,127.67992401123047,46.28734588623047,132.32713317871094,43.579185485839844,119.30982208251953,159.31471252441406,0.11771203155818541,0.8552268244575937,0.02252465483234714,0.029980276134122286,4.0,76.0,71.0,0.22449704142011834,0.04145956607495069,0.20240984857082367,0.10042285919189453,0.128936767578125,0.564017286155678,10.14829105717144,0.8421052631578947,0.3530144942434211,3.0,2.25,1.6891819600513323,4.666666666666667,7.0,42.90513392857143,9820.69140625,61.48615264892578,9.512938499450684,10.366680145263672,0.17865877712031558,0.4930947286520132,0.128936767578125,id23,20260328_105420.jpg,moderate,moderate,no
28.956411361694336,3.8265933990478516,121.48312377929688,43.03818130493164,134.5071563720703,41.856014251708984,120.3463363647461,158.1775665283203,0.07971436021904399,0.9022726816841514,0.011614145588028806,0.02322829117605761,3.0,69.0,62.0,0.18037028864862698,0.020199386195414518,0.18013867735862732,0.08942920714616776,0.2535654703776042,0.5540622540793204,11.42088809187258,0.9974025974025974,0.3952752976190476,5.0,3.5,2.0259329424373136,5.857142857142857,8.0,69.10546875,6822.4736328125,49.211082458496094,7.790544033050537,9.21908950805664,0.14396325196076465,0.8340387800511937,0.2535654703776042,id23,20260328_105423_HDR.jpg,moderate,moderate,no
31.49717140197754,6.307116985321045,104.51136779785156,36.771400451660156,137.68959045410156,34.04888153076172,118.93810272216797,155.56109619140625,0.24688914027149322,0.7427531108597285,0.00823670814479638,0.05806348981900453,6.0,40.0,56.0,0.10599901018099547,0.04091841063348416,0.1669817566871643,0.07709500193595886,0.2877604166666667,0.5163104303364129,13.021532675408281,0.6935064935064935,0.45776059146845666,6.0,5.25,1.3316877198356831,1.7333333333333334,8.0,59.3857421875,14035.60546875,77.98140716552734,10.8754243850708,11.160972595214844,0.22094174208144796,0.7059909904288906,0.2877604166666667,id24,20260328_105458_HDR.jpg,moderate,moderate,yes
31.57166290283203,6.50682258605957,104.37651062011719,34.58051681518555,143.08363342285156,32.0386962890625,118.65373229980469,156.54408264160156,0.23471315235576665,0.7562739489448972,0.00561282314210157,0.052656196592728514,6.0,41.0,51.0,0.08327486642560311,0.033676938852609424,0.16638557612895966,0.07108797132968903,0.2827301025390625,0.5714847662914462,15.497193323553025,1.0212765957446808,0.43267259530141844,9.0,5.5,1.3299868005892153,2.4571428571428573,11.0,66.36257102272727,12423.2119140625,69.98492431640625,9.939373970031738,10.87910270690918,0.183765988450537,0.7254610234524882,0.2827301025390625,id24,20260328_105500_HDR.jpg,moderate,moderate,yes
31.583580017089844,6.425909996032715,107.75347900390625,37.08973693847656,125.6861572265625,33.101341247558594,119.41980743408203,154.2135009765625,0.22441636324694794,0.7669593774541301,0.016177625472977797,0.05010351966873706,6.0,46.0,55.0,0.08332976368958378,0.03188405797101449,0.1743990182876587,0.07829070091247559,0.3562164306640625,0.4878716319694889,17.675133958479258,0.75,0.37671661376953125,7.0,5.5,1.642534286459577,3.125,7.0,101.15457589285714,8796.115234375,58.432212829589844,8.533461570739746,9.357626914978027,0.17185692867851787,0.8430739969423746,0.3562164306640625,id24,20260328_105510_HDR.jpg,moderate,moderate,yes
30.062496185302734,5.6859450340271,126.58423614501953,37.986698150634766,134.2258758544922,36.2778434753418,119.1787109375,160.04026794433594,0.17454101516645537,0.8218997980936282,0.014490303798657088,0.020115509226651642,5.0,54.0,54.0,0.10385500305207306,0.019627177536742264,0.19850924611091614,0.09225330501794815,0.5416107177734375,0.7739076965334698,9.526233704424016,0.75,0.6305516560872396,5.0,2.75,1.3178211031297467,1.8666666666666667,8.0,46.9169921875,5512.771484375,41.257266998291016,6.198234558105469,8.436834335327148,0.1314551345259896,0.8873158456102926,0.5416107177734375,id24,20260328_105519_HDR.jpg,moderate,moderate,yes
29.23160743713379,4.828430652618408,111.32119750976562,37.206298828125,148.27333068847656,35.67759323120117,120.14967346191406,158.81103515625,0.11013195950831525,0.885687816341287,0.0027114967462039045,0.02523951554591468,3.0,56.0,52.0,0.09743311641359363,0.02144342010122921,0.16079306602478027,0.07301043719053268,0.4501953125,0.6308084371546672,11.345206819324929,0.75,0.4979349772135417,2.0,1.5,1.3120869611523815,1.4,6.0,82.783203125,3004.395263671875,32.40290451049805,5.374988555908203,6.84310245513916,0.11779193781634129,0.7614656010461205,0.4501953125,id24,20260328_105522_HDR.jpg,moderate,moderate,yes
27.855510711669922,2.26778507232666,109.7053451538086,35.32481384277344,154.0575714111328,36.40867614746094,121.11510467529297,159.44607543945312,0.017804449867400426,0.9797054172840121,0.001618586351581857,0.020157625409315587,1.0,61.0,48.0,0.17057410012824184,0.002066810264327602,0.14689113199710846,0.059259094297885895,0.4085133870442708,0.6406800770785355,9.474732708210773,0.9721518987341772,0.5392306170886076,3.0,1.75,1.3259485137636096,2.0,6.0,86.84049479166667,1850.076904296875,25.465219497680664,4.569767475128174,5.610731601715088,0.10662748857651556,0.6666085686303803,0.4085133870442708,id24,20260328_105527.jpg,moderate,moderate,yes
30.34105682373047,6.876135349273682,120.22819519042969,41.613407135009766,136.56336975097656,35.72501754760742,119.4942855834961,158.8417510986328,0.1255980861244019,0.868243109652418,0.006129147059986555,0.03244493653367077,5.0,54.0,61.0,0.06643204555340267,0.03188145043299458,0.18603745102882385,0.08753666281700134,0.5145060221354166,0.6436842043768329,11.119641552302394,0.75,0.5604146321614584,5.0,3.25,1.4966560069555646,2.5434782608695654,7.0,61.296316964285715,3677.194091796875,36.024871826171875,6.030813694000244,7.503385543823242,0.12638894380956148,0.8993163289800055,0.5145060221354166,id24,20260328_105529_HDR.jpg,moderate,moderate,yes
29.609106063842773,4.563155651092529,121.30712890625,35.213768005371094,123.59150695800781,35.425174713134766,120.44041442871094,156.8989715576172,0.1032199511702522,0.8937505592412215,0.016233973744423567,0.021577124157942502,4.0,56.0,51.0,0.10288760210146873,0.022126778387084402,0.18262068927288055,0.0736602172255516,0.3979034423828125,0.5393292514755365,13.844728751062812,0.75,0.3978474934895833,5.0,3.75,1.4200050711586296,3.3333333333333335,9.0,85.08072916666667,3720.400146484375,37.4759635925293,6.188365459442139,7.099970817565918,0.14830438061637968,0.7197493835792883,0.3979034423828125,id24,20260328_105532_HDR.jpg,moderate,moderate,yes
28.697696685791016,2.9472341537475586,124.45553588867188,34.24909210205078,122.36563873291016,33.89781951904297,121.03849792480469,157.60595703125,0.046129139439583564,0.9527771624764647,0.020198803854247424,0.012930557093808838,3.0,51.0,48.0,0.1079161590430834,0.007157492524089046,0.1809142529964447,0.07319027930498123,0.3673909505208333,0.6398793653568775,8.408568673966741,1.0158730158730158,0.5042920524691358,3.0,1.75,1.6302365138377835,3.272727272727273,5.0,75.8640625,952.3457641601562,18.61371612548828,3.5119476318359375,4.15665340423584,0.08676209990032119,0.7796811415865202,0.3673909505208333,id24,20260328_105537_HDR.jpg,moderate,moderate,yes
29.36504364013672,3.990325450897217,123.16950225830078,36.50105667114258,119.51485443115234,32.41312789916992,120.74945831298828,156.73382568359375,0.09224827655613144,0.9056760428722387,0.017599255270970664,0.0213732199466613,4.0,48.0,48.0,0.08737986212449052,0.016869622100337142,0.18508745729923248,0.07837306708097458,0.4043172200520833,0.5443862734396583,11.688804465394721,0.75,0.4109395345052083,3.0,1.75,1.3413194444444443,1.7,5.0,102.94609375,1664.6053466796875,24.704925537109375,4.3636088371276855,5.170526027679443,0.0996955668494943,0.9253477678831267,0.4043172200520833,id24,20260328_105540_HDR.jpg,moderate,moderate,yes
29.229955673217773,3.6185944080352783,120.70030975341797,36.20587921142578,135.70289611816406,37.742835998535156,120.02217864990234,158.97532653808594,0.08758639949731202,0.9088412576508645,0.009902487840070749,0.0229002303986595,4.0,59.0,50.0,0.1184458563150178,0.012241383322860667,0.18026240170001984,0.07696574181318283,0.437103271484375,0.5259179513021967,11.561621653447666,0.75,0.4671223958333333,5.0,4.0,1.566368907162775,2.109090909090909,5.0,105.00859375,4559.13818359375,42.6976203918457,6.974307060241699,7.801152229309082,0.16571249040005587,0.9006476765390178,0.437103271484375,id24,20260328_105543.jpg,moderate,moderate,yes
29.207544326782227,4.168811321258545,112.07474517822266,32.173255920410156,142.09487915039062,37.28699493408203,120.0093765258789,158.093017578125,0.09800265964381633,0.8956611300878725,0.007118458449584105,0.024719042528226123,3.0,57.0,44.0,0.18009960626841542,0.024979791921983782,0.1644458919763565,0.07185222953557968,0.3901265462239583,0.6158715225950302,8.640050898856394,0.6819085487077535,0.4818928991647781,4.0,2.25,1.668808598440646,2.5384615384615383,9.0,45.306857638888886,5480.302734375,47.07720947265625,7.6957316398620605,8.484253883361816,0.1784438476180543,0.7930970303581768,0.3901265462239583,id24,20260328_105545.jpg,moderate,moderate,yes
29.2185001373291,4.594295978546143,116.8995361328125,36.720706939697266,137.1995391845703,35.84858703613281,120.14614868164062,158.45193481445312,0.09360881668416009,0.8976977136859399,0.011100716469675535,0.020923652626294892,4.0,52.0,47.0,0.12367088029936567,0.01289189065851321,0.17188279330730438,0.07866189628839493,0.4458211263020833,0.5316238226713446,13.011287746744024,0.75,0.46666208902994794,6.0,4.0,1.5006794585105168,2.5,5.0,79.4953125,6371.18505859375,47.78282165527344,7.377264499664307,9.225192070007324,0.15272897366859856,0.8614616503518496,0.4458211263020833,id24,20260328_105548.jpg,moderate,moderate,yes
29.262405395507812,5.802981853485107,125.00996398925781,42.047916412353516,126.55428314208984,36.17686462402344,120.71704864501953,157.87388610839844,0.08338036763023415,0.906444969872626,0.01743574098085577,0.03679353214857753,4.0,45.0,68.0,0.06310731446876669,0.020822210357714897,0.18514877557754517,0.08124701678752899,0.3334299723307292,0.5969767441860465,12.419864032166522,0.9297820823244553,0.4532132768361582,5.0,3.0,1.2247820408600523,1.619047619047619,8.0,81.55810546875,13422.8212890625,71.90377807617188,10.301105499267578,11.77507209777832,0.18590496529631606,0.6724003528422262,0.3334299723307292,id24,20260328_105555_HDR.jpg,moderate,moderate,yes
29.418962478637695,5.140038967132568,119.01673126220703,40.308834075927734,128.726806640625,34.65534973144531,120.60549926757812,157.0339813232422,0.08645622138378291,0.9048028250332317,0.00969426802905595,0.039918364058702686,4.0,45.0,63.0,0.052271170965532986,0.02406111954026075,0.17586438357830048,0.07601622492074966,0.3788096110026042,0.5941216415602146,13.803510065530158,0.75,0.4249776204427083,5.0,4.5,1.7238149373510672,3.857142857142857,10.0,59.898828125,12151.2783203125,64.81867218017578,9.35954761505127,11.431888580322266,0.17252306081072008,0.7980049073706994,0.3788096110026042,id24,20260328_105557.jpg,moderate,moderate,yes
28.34210968017578,4.934597015380859,145.17739868164062,40.8333625793457,111.26312255859375,34.633785247802734,121.52542877197266,159.08921813964844,0.026959692120721086,0.9641685233947741,0.04945310917561272,0.018877861049220176,2.0,37.0,60.0,0.07248328944703261,0.009742758760380797,0.21126806735992432,0.08230669796466827,0.5022176106770834,0.6586848814572652,9.447432200315635,0.75,0.544677734375,3.0,1.75,1.4521659654323944,1.9583333333333333,7.0,83.79464285714286,11833.1298828125,64.38067626953125,9.556684494018555,11.764538764953613,0.1743163864695159,0.7888975887250124,0.5022176106770834,id24,20260328_105604_HDR.jpg,moderate,moderate,yes
36.96205520629883,7.23572301864624,128.59779357910156,45.57770538330078,112.56999206542969,43.636436462402344,114.90226745605469,155.8590087890625,0.6879393313345594,0.3004837368672999,0.08945352850772216,0.029931218664180796,6.0,62.0,60.0,0.14112771157189288,0.06287319543473331,0.2670004367828369,0.1265685111284256,0.4037577311197917,0.5467663154664485,11.107363380403319,0.75,0.4349924723307292,6.0,3.75,1.4212434659111983,1.8636363636363635,6.0,99.794921875,15943.921875,81.87017059326172,12.610025405883789,13.234115600585938,0.2367287294348845,0.7391729442328644,0.4037577311197917,id25,IMG_3331.JPG,healthy,moderate,no
38.71282958984375,8.041574478149414,124.57563781738281,46.21933364868164,113.08435821533203,43.642696380615234,114.15232849121094,154.92608642578125,0.7667970562885368,0.2203938208579195,0.08595107074189484,0.03732679175230392,7.0,63.0,61.0,0.14583305708413447,0.09072465689849499,0.2694649398326874,0.12866272032260895,0.3835805257161458,0.5337515805855462,11.841495690936839,0.75,0.41866302490234375,7.0,5.5,1.4583375753652212,2.2222222222222223,7.0,82.57924107142857,15331.49609375,80.51480102539062,12.419929504394531,13.045528411865234,0.23531127759729498,0.7508836560959825,0.3835805257161458,id25,IMG_3332.JPG,healthy,moderate,no
38.12837219238281,6.816497325897217,131.6640167236328,46.39217758178711,122.88755798339844,49.306602478027344,112.57169342041016,158.05258178710938,0.7963048386705188,0.1904877515841608,0.08912573745417465,0.0333826992643667,6.0,76.0,56.0,0.22696593750758698,0.05621646556119352,0.28753113746643066,0.1361933797597885,0.4189961751302083,0.595589300819255,12.939243250785438,0.75,0.44945017496744794,3.0,2.0,1.3055303777318836,2.0,8.0,91.27880859375,22657.580078125,99.01177215576172,14.251293182373047,14.87998104095459,0.24627934642744423,0.7396785489808746,0.4189961751302083,id25,IMG_3333.JPG,healthy,moderate,no
37.470664978027344,6.871878147125244,133.4644012451172,49.31340789794922,127.16818237304688,50.426063537597656,112.45578002929688,159.24961853027344,0.7458360720796696,0.23703694517133184,0.0833157640172138,0.03782570411618072,7.0,76.0,59.0,0.22536678531122492,0.05547356541366438,0.2891215682029724,0.14658284187316895,0.4101206461588542,0.7043210154049032,10.49458127488535,0.8240343347639485,0.5253123882331903,5.0,2.75,1.6647517858818168,3.75,9.0,82.59461805555556,24339.359375,102.89849090576172,15.003608703613281,15.486626625061035,0.25425074101174455,0.7099537750385208,0.4101206461588542,id25,IMG_3334.JPG,healthy,moderate,no
34.20930480957031,5.603269100189209,143.66197204589844,51.517364501953125,119.56586456298828,48.39687728881836,115.1093521118164,160.264404296875,0.5232875450494536,0.46679869658833145,0.09759467581664728,0.02333935911754885,7.0,72.0,70.0,0.199369019792974,0.03030547271701459,0.28607362508773804,0.14554336667060852,0.4417368570963542,0.5938935222032623,13.221985240567836,0.75,0.4876963297526042,9.0,5.5,1.5703337061165472,4.076923076923077,8.0,97.4287109375,16982.845703125,86.8415756225586,13.110801696777344,13.595367431640625,0.24795910142891686,0.8959693809125892,0.4417368570963542,id25,IMG_3335.JPG,healthy,moderate,no
34.60847473144531,5.288393974304199,123.49125671386719,40.210548400878906,121.51979064941406,48.27534866333008,115.50909423828125,157.03929138183594,0.5852143219974733,0.40578558682938903,0.06434218581085481,0.02024043658908267,6.0,71.0,52.0,0.1702723471873087,0.026166690545345612,0.23869255185127258,0.11225754767656326,0.3905080159505208,0.6591286042357745,7.764729522441604,0.8847926267281107,0.4959917434715822,2.0,1.25,1.3921875000000001,2.5,4.0,77.052734375,4164.0654296875,38.1537971496582,7.822056293487549,8.540628433227539,0.172499576696146,0.6729275860255579,0.3905080159505208,id25,IMG_3336.JPG,healthy,moderate,no
35.3303108215332,5.994055271148682,122.61004638671875,44.596351623535156,116.61412811279297,42.240684509277344,115.90319061279297,155.94410705566406,0.5958092281642444,0.3970086073091576,0.04365740087484126,0.02407224495555242,7.0,57.0,59.0,0.09839142091152815,0.04381261464653591,0.24072964489459991,0.12032618373632431,0.3604634602864583,0.7323518803895209,7.392969934479456,1.0131926121372032,0.5371591908531222,2.0,1.25,1.2343659890753989,2.0833333333333335,6.0,46.591796875,4364.98974609375,39.9261474609375,8.088132858276367,8.898865699768066,0.17244250035275857,0.5682784059016919,0.3604634602864583,id25,IMG_3337.JPG,healthy,moderate,no
35.18718338012695,5.806683540344238,124.8895492553711,42.6069221496582,124.91853332519531,44.31828689575195,115.06898498535156,158.40267944335938,0.5919879235326204,0.39967779173167917,0.03163730004693585,0.013611396531821238,7.0,64.0,54.0,0.1520594689906255,0.038106836143141656,0.24203966557979584,0.1104070320725441,0.4009552001953125,0.6449453094055635,8.07492768652503,0.8707482993197279,0.49999409486016627,4.0,2.75,1.2630038840803126,1.8275862068965518,5.0,76.52890625,4018.9853515625,37.81324768066406,7.665220737457275,8.529844284057617,0.16903248721949488,0.6379564288488929,0.4009552001953125,id25,IMG_3338.JPG,healthy,moderate,no
34.21522903442383,6.755234241485596,124.30281829833984,42.185752868652344,123.29114532470703,44.32917404174805,115.72052764892578,158.1898193359375,0.528387619907287,0.4467206217584872,0.05550540825849487,0.029925187032418952,7.0,65.0,58.0,0.16523109404403102,0.05001300429906828,0.23425796627998352,0.11353825777769089,0.3324534098307292,0.6721596219294997,8.709981056584269,0.7717842323651453,0.4251717753089725,6.0,3.25,1.420152386191956,2.0357142857142856,9.0,52.68836805555556,20792.623046875,97.72063446044922,14.377659797668457,13.868807792663574,0.26742958554533913,0.7519384303890666,0.3324534098307292,id25,IMG_3339.JPG,healthy,moderate,no
34.30064010620117,7.005678176879883,127.55216979980469,42.710792541503906,127.29524993896484,45.306678771972656,115.27972412109375,159.6044158935547,0.5183405165731295,0.4612570152863477,0.04858764069331183,0.029192893243620354,7.0,68.0,58.0,0.18551362748441907,0.04457226132523023,0.24099624156951904,0.11265307664871216,0.3280741373697917,0.5888319058193225,13.356460169873337,0.7902542372881356,0.379555368746308,5.0,2.5,1.65621411140904,2.6333333333333333,8.0,76.81103515625,20989.439453125,97.980712890625,14.349353790283203,13.918848037719727,0.2668444389321261,0.7364082657837653,0.3280741373697917,id25,IMG_3340.JPG,healthy,moderate,no
33.04206466674805,3.841594696044922,152.40576171875,49.59611129760742,106.79470825195312,48.93644332885742,116.79470825195312,158.57577514648438,0.424198094346431,0.5731784624086915,0.1538176463130382,0.013770638891327033,4.0,73.0,76.0,0.10654690501965144,0.00703160810244107,0.30156710743904114,0.14757215976715088,0.5215301513671875,0.9015192730875105,5.970997806971371,1.0520547945205478,0.7921161529680365,2.0,1.5,1.3280171637268434,2.0,7.0,33.511160714285715,28045.650390625,113.88964080810547,16.102313995361328,15.543758392333984,0.2760857056477174,0.8757109915449655,0.5215301513671875,id28,IMG_3350.JPG,healthy,strong,no
32.32843017578125,4.43693208694458,133.78709411621094,42.27273178100586,111.17730712890625,40.01804733276367,117.35758209228516,157.72445678710938,0.33976464966250525,0.6477360970073472,0.10374230930051968,0.02349023355832985,5.0,53.0,63.0,0.16637297652469984,0.01893554745833582,0.24432076513767242,0.11563114821910858,0.3405965169270833,0.6618636477943025,10.760484336877317,0.9814323607427056,0.5377446411929171,6.0,3.0,1.5785099266584608,3.4705882352941178,8.0,66.59033203125,16551.673828125,84.3412857055664,12.168986320495605,12.72458553314209,0.23759034705214743,0.7978648619666623,0.3405965169270833,id29,IMG_3373.JPG,healthy,strong,no
33.05976104736328,5.476132869720459,127.07342529296875,39.954490661621094,114.6788101196289,42.728885650634766,117.0689697265625,157.13064575195312,0.4205747145108104,0.5649843244911551,0.1044817335650818,0.03242312503045759,4.0,57.0,57.0,0.1807313071587531,0.028297136173876317,0.23333477973937988,0.10780788213014603,0.3131154378255208,0.6287137915244171,11.376126503802405,1.010928961748634,0.5120033968394624,4.0,2.5,1.4437279684663096,2.45,8.0,69.4013671875,19389.69921875,90.67019653320312,12.936452865600586,13.584036827087402,0.2383651987459593,0.8121075404991821,0.3131154378255208,id29,IMG_3374.JPG,healthy,strong,no
36.61082077026367,5.593380451202393,127.3067855834961,42.76565933227539,113.1614990234375,41.78629684448242,114.58458709716797,156.7261962890625,0.7757701701593641,0.22127464342099937,0.09024788481519964,0.02352004533984644,4.0,59.0,61.0,0.13516941719405723,0.02200871712523783,0.2653203010559082,0.11761148273944855,0.3769276936848958,0.7981499361247317,8.667203160188018,1.0185676392572944,0.6538254310344828,4.0,3.25,1.7964250525704761,3.2142857142857144,8.0,49.1376953125,8711.2412109375,59.04413986206055,9.570189476013184,10.50707721710205,0.20223460671731416,0.9622536162256213,0.3769276936848958,id29,IMG_3375.JPG,healthy,strong,no
36.746761322021484,5.498172283172607,165.0223388671875,46.41288757324219,95.20182037353516,49.05105972290039,115.19962310791016,157.58004760742188,0.6299184553378948,0.3666135532852189,0.3061392820320555,0.007292154841128503,7.0,74.0,62.0,0.011360014996719467,0.02390102165151373,0.37821632623672485,0.1582651436328888,0.2713267008463542,0.47709239713813784,13.0473185320241,0.987146529562982,0.364492957369323,2.0,1.25,1.2721333154850845,1.606694560669456,8.0,77.10986328125,5930.55712890625,40.0258674621582,7.79400110244751,10.338738441467285,0.11753678882744399,0.7523446865524293,0.2713267008463542,id30,IMG_3404.JPG,healthy,strong,no
33.19145584106445,6.347314357757568,135.7086181640625,47.31414794921875,98.7466812133789,43.836124420166016,118.63291931152344,153.8914794921875,0.35760237297276476,0.6284910820909896,0.169767710620594,0.03975499826649717,4.0,57.0,67.0,0.06021033167687507,0.019723409992680765,0.2545182406902313,0.1266070008277893,0.1320343017578125,0.5797080606888617,9.29417105961652,0.6666666666666666,0.35831111111111114,4.0,4.0,1.4527868435139073,2.2298850574712645,5.0,32.55,35878.10546875,131.2834930419922,18.107669830322266,16.853830337524414,0.3001656458261104,0.46340461994358956,0.1320343017578125,id30,IMG_3405.JPG,healthy,strong,no
33.06340026855469,7.979702949523926,132.0447540283203,46.69808578491211,91.24490356445312,41.04438400268555,119.56568145751953,151.55088806152344,0.36594563235537875,0.6180590087850157,0.23383888612630532,0.03911818332504558,4.0,52.0,69.0,0.015788165091994034,0.023247140726006962,0.24380075931549072,0.1284392774105072,0.12274169921875,0.675180398711729,8.694236256416177,0.6666666666666666,0.4312890625,3.0,2.75,1.4616221982867301,1.957142857142857,7.0,37.402901785714285,32520.818359375,121.39590454101562,16.455535888671875,16.04815673828125,0.2868804906348417,0.4516479197469634,0.12274169921875,id30,IMG_3406.JPG,healthy,strong,no
33.36368179321289,5.5559868812561035,142.1746826171875,48.203338623046875,96.23992156982422,47.13633728027344,118.359375,154.1034698486328,0.44811044620788343,0.5403766098608039,0.24037335761675557,0.026944841940939247,5.0,64.0,73.0,0.07780993885781189,0.018732925718745935,0.2754303812980652,0.1408911794424057,0.3127848307291667,0.6664064950506605,11.92379947017291,1.8731707317073172,0.5802654979674797,8.0,6.0,2.447487214096653,4.166666666666667,8.0,40.80322265625,33144.8515625,120.56800079345703,16.563142776489258,16.888219833374023,0.2769773643814232,0.9208469348027911,0.3127848307291667,id30,IMG_3407.JPG,healthy,strong,no
